date,open,high,low,close,volume,return_1d,return_2d,return_3d,return_5d,return_10d,return_20d,sma_5,sma_20,sma_60,ema_12,ema_26,macd,macd_signal,macd_hist,macd_pct,macd_hist_pct,rsi_14,bb_mid_20,bb_std_20,bb_upper_20,bb_lower_20,bb_width_20,bb_position_20,atr_14,atr_pct_14,adx_14,plus_di_14,minus_di_14,stoch_k_14,stoch_d_3,obv,obv_sma_20,volatility_20d,return_skew_20d,return_kurtosis_20d,volume_sma_20,volume_z_20,volume_ratio_20,range_pct,close_vs_sma20,close_vs_sma60,day_of_week,month_of_year,next_return,target_next_up,market_open,market_close,market_return_1d,market_return_5d,market_return_20d,market_volatility_20d,excess_return_1d,excess_return_5d,excess_return_20d,relative_strength_20d,beta_60d,corr_60d,target_entry_open_5d,target_exit_close_5d,target_return_5d,target_market_return_5d,target_excess_return_5d,swing_execution_open,swing_execution_close,target_entry_open_10d,target_exit_close_10d,target_return_10d,target_market_return_10d,target_excess_return_10d,target_entry_open_20d,target_exit_close_20d,target_return_20d,target_market_return_20d,target_excess_return_20d,predicted_excess_return_5d,entry_margin,fold
2023-02-28,21.4,21.7,21.0,21.25,1614361,0.007109004739336511,-0.04921700223713654,-0.07407407407407407,-0.11458333333333337,-0.05345211581291753,-0.1795366795366795,22.169999999999998,23.1375,23.336666666666666,22.737937670622756,23.233535859131365,-0.49559818850860893,-0.2216572945815108,-0.27394089392709814,-0.023322267694522773,-0.012891336184804618,36.96142616195854,23.1375,0.9944417899935803,25.12638357998716,21.14861642001284,0.17191862387787446,0.025487560208982987,1.0283408830813388,0.048392512145004174,19.651742469513795,19.806292711814265,39.559885423810876,11.111111111111091,18.93004115226339,723515590.0,728275010.85,0.5172171838272889,-0.09818777303646842,-1.0491666346105721,4359805.9,-1.3974618064733975,0.3702827687810597,0.0329411764705882,-0.08157752566180443,-0.08941579774317954,1.0,2.0,0.05437352245862903,1.0,1027.74,1024.68,0.0033586291309670724,-0.053177235892555186,-0.07784517359923682,0.2191611473927923,0.0037503756083694384,-0.061406097440778185,-0.1016915059374427,-0.11027595695004055,1.555360786119682,0.6709792384418004,21.15,21.8,0.030732860520094718,0.014218843143194881,0.016514017376899837,21.15,22.3,21.15,21.35,0.009456264775413947,0.016456722923120726,-0.007000458147706778,21.15,22.7,0.07328605200945626,0.030294442435673252,0.04299160957378301,-9.8040735e-05,0.0025,1
2023-03-01,21.15,22.3,20.5,22.3,2688118,0.04941176470588249,0.056872037914691864,-0.0022371364653244186,-0.0387931034482758,-0.030434782608695587,-0.08230452674897115,21.990000000000002,23.0375,23.371666666666666,22.670562644373103,23.164385054751264,-0.49382241037816144,-0.2760903177408409,-0.21773209263732052,-0.02214450270754087,-0.009763770970283431,44.57467337490551,23.0375,0.9716880320248888,24.98087606404978,21.094123935950222,0.16871414554962816,0.3102528857787996,1.0834593914326718,0.048585622934200524,19.95566085843502,21.41151294508273,34.86541230993093,41.37931034482759,19.965942954448714,726203708.0,728005376.15,0.5182805162545376,-0.08792572427161259,-0.959112845508763,4018846.85,-0.8433530580571321,0.6688779394517111,0.08071748878923769,-0.03201302224633751,-0.045853241103900655,2.0,3.0,0.0022421524663678305,1.0,1023.29,1040.55,0.015487762033024932,-0.013023105816291736,-0.03291913343308839,0.2033880049728817,0.033924002672857556,-0.025769997631984065,-0.049385393315882764,-0.05106645682195987,1.531664268687799,0.6598542248918696,22.3,22.85,0.024663677130044803,0.009797882579403394,0.014865794550641409,22.3,22.35,22.3,22.5,0.008968609865470878,0.022319538017324447,-0.01335092815185357,22.3,22.7,0.017937219730941534,0.016679499518768015,0.0012577202121735187,-0.00049805443,0.0025,1
2023-03-02,22.3,22.4,22.0,22.35,1597887,0.0022421524663678305,0.051764705882352935,0.05924170616113744,-0.02614379084967311,-0.06680584551148216,-0.02826086956521734,21.869999999999997,23.005,23.391666666666666,22.621245314469547,23.1040602358808,-0.48281492141125426,-0.3174352384749236,-0.16537968293633065,-0.021602457333836877,-0.007399538386413004,44.915831516133856,23.005,0.9838030397666471,24.972606079533293,21.037393920466705,0.17105899409113617,0.3335540820865525,1.0346408634731952,0.04629265608381186,20.12760637873776,21.510608394710413,33.902609976682086,42.528735632183924,31.673052362707548,727801595.0,728270308.8,0.4839878061981326,-0.15946187531704833,-0.654211365631262,3644068.2,-1.7980474330252887,0.4384898723904234,0.017897091722595012,-0.028472071288850098,-0.04453152832205187,3.0,3.0,-0.0358744394618834,0.0,1039.0,1037.61,-0.0028254288597376886,-0.015232617732475529,-0.03710130940339096,0.20309334224156145,0.005067581326105519,-0.010911173117197581,0.00884043983817362,0.009181069539824671,1.5055715462787327,0.6521080109453948,22.3,22.8,0.022421524663677195,0.017194875252865893,0.0052266494108113015,22.3,21.5,22.3,22.2,-0.004484304932735439,0.008958674501493347,-0.013442979434228786,22.3,22.7,0.017937219730941534,0.02055678643675951,-0.0026195667058179772,-0.00016082474,0.0025,1
2023-03-03,22.3,22.6,21.5,21.5,3457601,-0.03803131991051456,-0.0358744394618834,0.0117647058823529,-0.03803131991051456,-0.10416666666666663,-0.10416666666666663,21.7,22.88,23.413333333333338,22.448746035320386,22.98524095914889,-0.5364949238285028,-0.36124717554563945,-0.17524774828286338,-0.024953252271093154,-0.008151058059668065,40.366927455884756,22.88,1.0092206477232684,24.898441295446535,20.861558704553463,0.1764371761753965,0.1581520594348759,1.03930937322511,0.048339970847679534,20.635901096018067,19.88441385191676,34.77593229691107,22.98850574712643,35.632183908045995,724343994.0,728145667.65,0.47096908883878136,-0.02284970364736296,-0.6821674593285828,3600254.5,-0.12659380533531606,0.9603768289158447,0.05116279069767449,-0.06031468531468531,-0.08171981776765391,4.0,3.0,-0.020454545454545392,0.0,1038.1,1024.77,-0.012374591609564223,-0.01422717303474541,-0.04862832474585721,0.20641212690861882,-0.025656728300950338,-0.02380414687576915,-0.05553834192080942,-0.058377123647257334,1.4998183958402083,0.6528276481420517,22.0,22.5,0.022727272727272707,0.01967695704380823,0.0030503156834644773,22.0,21.55,22.0,22.2,0.009090909090909038,0.012065693147925716,-0.0029747840570166773,22.0,24.25,0.10227272727272729,0.030948599759848205,0.07132412751287909,0.00022847926,0.0025,1
2023-03-06,22.0,22.1,21.55,21.55,2335074,0.0023255813953488857,-0.03579418344519014,-0.03363228699551568,0.021327014218009532,-0.11860940695296518,-0.11316872427983538,21.790000000000003,22.7425,23.4125,22.310477414501865,22.878926814026748,-0.5684493995248836,-0.4026876203414883,-0.1657617791833953,-0.026378162390945873,-0.007691961911062427,40.74707560891881,22.7425,0.992773228996464,24.728046457992928,20.75695354200707,0.17461109886713672,0.19970483561350993,1.0079301322804595,0.046771699873803224,21.107889047778354,19.038929489668302,33.29726125543025,24.13793103448277,29.88505747126439,726679068.0,727952712.85,0.4673069729101155,0.022722675207322896,-0.6009385087075129,3531940.85,-1.0306298101501992,0.661130550926412,0.0255220417633411,-0.0524348686380125,-0.07955152162306467,0.0,3.0,0.006928406466512715,1.0,1032.68,1027.18,0.0023517472213276935,0.005806609547123642,-0.0570187920572115,0.20092759935305854,-2.616582597880779e-05,0.01552040467088589,-0.05614993222262388,-0.05954512322161842,1.4829790858012821,0.6208918208429183,21.65,22.2,0.025404157043879882,0.018221207783666538,0.007182949260213345,21.65,21.8,21.65,21.9,0.011547344110854452,-0.01050330767147667,0.02205065178233112,21.65,25.15,0.161662817551963,0.04383148284266314,0.11783133470929985,0.00022847926,0.0025,1
2023-03-07,21.65,21.9,21.4,21.8,1807511,0.011600928074245953,0.013953488372093092,-0.02460850111856827,0.025882352941176467,-0.09166666666666667,-0.06837606837606824,21.900000000000002,22.6625,23.408333333333335,22.231942427655422,22.799006309284024,-0.5670638816286022,-0.43556287259891113,-0.13150100902969108,-0.026012104661862486,-0.006032156377508765,42.7134799624177,22.6625,1.001429898748198,24.665359797496397,20.659640202503606,0.1767554151127541,0.284682881677954,0.971649408546141,0.04457107378652023,21.657403494892346,18.33912793418177,33.17606596676407,29.88505747126437,25.6704980842912,728486579.0,728035009.75,0.4556188306603881,-0.16905890823072445,-0.3711228640528365,3437440.25,-1.333378793192547,0.5258305217087046,0.02293577981651376,-0.038058466629895205,-0.0687077251690994,1.0,3.0,0.06526806526806528,1.0,1033.96,1037.84,0.010377927919157148,0.012843033922785407,-0.026270359528634657,0.19337739936956203,0.0012230001550888048,0.01303931901839106,-0.04210570884743359,-0.04324168341743295,1.4771430802247114,0.6183231998133153,21.45,21.35,-0.004662004662004615,0.011042312664638398,-0.015704317326643014,21.45,22.85,21.45,22.2,0.034965034965035,0.003557646509909862,0.03140738845512514,21.45,25.3,0.17948717948717952,0.04829067721648195,0.13119650227069757,0.00022847926,0.0025,1
2023-03-08,21.45,22.85,21.3,22.85,4577554,0.048165137614679,0.06032482598607891,0.06279069767441858,0.024663677130044803,-0.015086206896551602,-0.02350427350427342,22.009999999999998,22.635,23.420833333333334,22.327028208016127,22.80278361970743,-0.47575541169130275,-0.4436013804173895,-0.03215403127391325,-0.020820805763295525,-0.001407178611549814,50.19021033159755,22.635,0.9875674527270437,24.61013490545409,20.659865094545914,0.1745204246038513,0.5544266620488313,1.0129601650785596,0.04433086061612952,20.99562147825704,23.03359766734218,29.54999598598112,54.02298850574714,36.01532567049811,733064133.0,728346184.35,0.49074655770103226,-0.12825074441990839,-0.6379971002316323,3399118.0,1.0068688930078618,1.3466887586721026,0.0678336980306346,0.009498564170532298,-0.02437288738658605,2.0,3.0,-0.012987012987012991,0.0,1028.77,1049.18,0.010926539736375585,0.008293690836576939,-0.0214881274365335,0.19660104586982471,0.037238597878303414,0.016369986293467864,-0.0020161460677399212,-0.0020604206492232935,1.7678468706998622,0.6767345480689623,23.1,22.5,-0.025974025974025983,0.011022168073785865,-0.03699619404781185,23.1,22.8,23.1,22.2,-0.038961038961039085,-0.009584907815459509,-0.029376131145579576,23.1,26.2,0.1341991341991342,0.02879279656580458,0.10540633763332963,-0.0017965802,0.0025,1
2023-03-09,23.1,23.2,22.65,22.8,2656895,-0.002188183807439903,0.04587155963302747,0.058004640371229765,0.020134228187919323,-0.006535947712418277,-0.029787234042553123,22.1,22.6,23.4325,22.39979309909057,22.802577425655027,-0.40278432656445773,-0.43543796964680315,0.03265364308234542,-0.017665979235283232,0.0014321773281730447,49.85651770687002,22.6,0.96749813001397,24.534996260027942,20.66500373997206,0.1712386070821186,0.5516796864499137,0.9798915818586625,0.04297770095871327,19.99485262707978,24.66143965782349,28.365280532821217,52.8735632183908,45.59386973180079,730407238.0,728346261.5,0.4904081665233382,-0.09390927180200248,-0.6357842918317732,3353710.05,-0.5899276935474511,0.792225612944685,0.02412280701754389,0.008849557522123908,-0.02699242505067745,3.0,3.0,-0.0066225165562913135,0.0,1050.61,1055.95,0.006452658266455691,0.017675234432976028,-0.007593770852325488,0.19666523637745878,-0.008640842073895594,0.002458993754943295,-0.022193463190227636,-0.022363284850890564,1.7680623750367712,0.6761680500641869,22.65,22.2,-0.019867549668874163,-0.0029794484688679956,-0.016888101200006167,22.65,22.5,22.65,22.2,-0.019867549668874163,-0.005168819548228121,-0.014698730120646042,22.65,25.1,0.10816777041942616,0.019399731564067713,0.08876803885535844,-0.0017858704,0.0025,1
2023-03-10,22.65,22.75,22.25,22.5,1882439,-0.013157894736842146,-0.015317286652078876,0.032110091743119185,0.04651162790697683,0.006711409395973034,0.011235955056179803,22.3,22.6125,23.42,22.41520954538433,22.780164283013914,-0.36495473762958497,-0.42134132324335954,0.056386585613774576,-0.01622021056131489,0.0025060704717233145,47.80290829695369,22.6125,0.96434802082274,24.54119604164548,20.68380395835452,0.1705867145733979,0.4708352177920113,0.9491850402973295,0.042186001790992425,19.43700384072355,23.640730068923787,30.201374104155185,45.97701149425286,50.95785440613028,728524799.0,728497726.35,0.4531324118145833,-0.0013383958277349377,-0.3975787642895655,3202322.35,-1.1328324047962586,0.5878355750163627,0.022222222222222223,-0.00497512437810943,-0.03928266438941086,4.0,3.0,-0.008928571428571397,0.0,1050.53,1053.0,-0.002793692883185761,0.02754764483737815,-0.0021794750307968513,0.19471186517880543,-0.010364201853656385,0.018963983069598678,0.013415430086976654,0.013444732545855986,1.7380418007392668,0.6747765201737383,22.4,22.2,-0.008928571428571397,-0.0017288313673049505,-0.007199740061266446,22.4,22.2,22.4,22.6,0.008928571428571619,-0.0001528248722479919,0.00908139630081961,22.4,25.05,0.11830357142857162,0.02173933807727213,0.09656423335129949,-0.00065371883,0.0025,1
2023-03-13,22.4,22.5,22.0,22.2,1513058,-0.01333333333333342,-0.026315789473684292,-0.02844638949671785,0.030162412993039345,0.05213270142180093,0.013698630136986356,22.43,22.6275,23.394166666666663,22.382100384555972,22.73718915093881,-0.35508876638283837,-0.40809081187125534,0.05300204548841697,-0.01599498947670443,0.002387479526505269,45.77249175592136,22.6275,0.9549696881392263,24.537439376278453,20.71756062372155,0.16881576632667786,0.3880854530490405,0.917100394561806,0.04131082858386514,19.146470505992582,22.720098267670156,30.972384329630344,48.571428571428555,49.14066776135741,727011741.0,728806478.45,0.4520409811883325,-0.011006067133296653,-0.370973559982202,3045035.1,-1.3088566498795522,0.4968934512446178,0.022522522522522525,-0.018892940006629222,-0.051045488547714735,0.0,3.0,-0.0339366515837104,0.0,1046.95,1052.8,-0.00018993352326690527,0.024942074417336757,0.008718980549966338,0.19037862788537874,-0.013143399810066514,0.005220338575702588,0.004979649587020019,0.0049366074030896545,1.7361684700044204,0.6756023999681713,22.1,21.9,-0.009049773755656187,-0.024969026970361075,0.015919253214704887,22.1,21.35,22.1,23.05,0.042986425339366585,0.0028113980749071565,0.04017502726445943,22.1,26.4,0.1945701357466061,0.015295911560087694,0.1792742241865184,-0.00065371883,0.0025,1
2023-03-14,22.1,22.2,20.95,21.35,4070509,-0.03828828828828823,-0.051111111111110996,-0.0635964912280701,-0.020642201834862317,0.004705882352941337,-0.0489977728285077,22.34,22.572499999999998,23.381666666666668,22.2233157100089,22.63443439901742,-0.4111186890085179,-0.4086963872987079,-0.002422301709810004,-0.019256144684239713,-0.00011345675455784561,40.52088605712907,22.572499999999998,0.9965037565627614,24.56550751312552,20.579492486874475,0.1765872201240911,0.1933027116182774,0.9408789378073913,0.044069271091681086,19.728516105884086,20.564050214136383,36.00449670003876,29.31034482758627,41.28626163108924,722941232.0,728790244.3,0.4631908892868263,0.1772052250245164,-0.4617623306936813,3127099.75,0.7978114720545763,1.3016882496313078,0.058548009367681494,-0.05415882157492513,-0.08689143916173636,1.0,3.0,0.02505694760820054,1.0,1049.3,1040.13,-0.01203457446808498,0.0022065058197797693,0.0014345682815990468,0.1947170947176334,-0.02625371382020325,-0.022848707654642086,-0.05043234111010675,-0.05036009611356396,1.6857580343538823,0.6663939746369146,21.95,22.2,0.011389521640091216,-0.018658631636978784,0.03004815327707,21.95,22.5,21.95,22.7,0.034168564920273425,0.0021196509704770605,0.032048913949796365,21.95,26.0,0.18451025056947623,0.016538980666501946,0.16797126990297429,-0.0010700466,0.0025,1
2023-03-15,21.95,22.5,21.55,22.5,3876097,0.05386416861826682,0.013513513513513598,0.0,-0.015317286652078876,0.008968609865470878,-0.021739130434782594,22.270000000000003,22.5475,23.381666666666668,22.265882523853687,22.6244762953865,-0.3585937715328136,-0.398675864145529,0.04008209261271545,-0.015937500957013937,0.0017814263383429088,49.0397671696842,22.5475,0.9914735179739813,24.53044703594796,20.564552964052037,0.17589063407898545,0.48802287727839094,0.9558161565354347,0.042480718068241545,19.891136983955594,21.038688878420132,32.910269626443444,74.07407407407409,50.65194915769632,726817329.0,728772205.45,0.49611873995452177,0.2872958091716811,-0.5807420396085484,3125295.05,0.6355930141341624,1.2402339420721253,0.04222222222222219,-0.002106663709945611,-0.03770760567396114,2.0,3.0,-0.0022471910112359383,0.0,1052.06,1062.19,0.021208887350619543,0.012400160125050075,0.01334668956306051,0.20643621347433072,0.032655281267647274,-0.02771744677712895,-0.035085819997843104,-0.034623708114121854,1.7351641027555866,0.6798669968916824,22.25,22.2,-0.0022471910112359383,-0.014780097524026092,0.012532906512790154,22.25,22.2,22.25,22.7,0.020224719101123556,0.00017043033659969176,0.020054288764523864,22.25,26.2,0.17752808988764035,0.012592908204327014,0.16493518168331334,-0.0006644285,0.0025,1
2023-03-16,22.25,22.4,21.9,22.2,2410100,-0.01333333333333342,0.03981264637002324,0.0,-0.026315789473684292,-0.006711409395973256,-0.07306889352818369,22.15,22.46,23.37166666666667,22.25574675095312,22.593033606839352,-0.33728685588623364,-0.38639806249367,0.04911120660743634,-0.015193101616497012,0.002212216513848484,47.142876740547806,22.46,0.9369041966422362,24.333808393284475,20.586191606715527,0.16685738141446782,0.43062257567747764,0.9304007167829038,0.0419099421974281,20.042142085021993,20.069581612566825,31.39432052902171,62.96296296296296,55.449127288207784,724407229.0,728393754.0,0.4721888201915164,0.47179671776142335,-0.0724574054820372,3005892.45,-0.5307725750122784,0.8017918272491752,0.022522522522522525,-0.011576135351736516,-0.05013192612137218,3.0,3.0,-0.017699115044247926,0.0,1056.15,1047.4,-0.013924062550014549,-0.00809697428855527,-0.010290185109941397,0.209892917266752,0.0005907292166811295,-0.018218815185129023,-0.06277870841824229,-0.063431429570309,1.7176251610846427,0.6794654498499259,22.6,22.2,-0.017699115044247926,-0.007850992528741108,-0.009848122515506819,22.6,22.2,22.6,22.7,0.004424778761061843,0.005762457635968499,-0.001337678874906656,22.6,26.5,0.17256637168141586,0.01037622108091174,0.16219015060050412,-0.001043023,0.0025,1
2023-03-17,22.6,22.6,22.0,22.2,3321918,0.0,-0.01333333333333342,0.03981264637002324,-0.01333333333333342,0.032558139534883734,-0.07500000000000007,22.09,22.37,23.361666666666665,22.247170327729563,22.563920006332733,-0.3167496786031698,-0.37246838571556995,0.05571870711240012,-0.014268003540683326,0.002509851671729735,47.142876740547806,22.37,0.8648699324185399,24.09973986483708,20.640260135162922,0.1546481774552596,0.45085966293087265,0.9068006655841251,0.04084687682811374,19.911073640965142,20.69645201958446,29.91056458256073,62.96296296296296,66.66666666666669,724407229.0,727860404.2,0.47192696904002,0.48401024751764915,-0.056530974059147365,3017090.0,0.2710588482378595,1.1010337775803838,0.02702702702702709,-0.007599463567277698,-0.04972533352357844,4.0,3.0,-0.00454545454545463,0.0,1053.37,1045.14,-0.002157723887721952,-0.007464387464387379,-0.013376631958538887,0.20990965570985362,0.002157723887721952,-0.0058689458689460405,-0.06162336804146118,-0.06245885718659727,1.7206687895810482,0.6800787593947137,22.0,22.6,0.027272727272727337,0.004683705886304956,0.02258902138642238,22.0,21.9,22.0,24.25,0.10227272727272729,0.02181570385158027,0.08045702342114702,22.0,24.65,0.12045454545454537,0.010538338244186152,0.10991620721035922,-0.00065371883,0.0025,1
2023-03-20,22.0,22.05,21.4,21.9,2602533,-0.013513513513513598,-0.013513513513513598,-0.026666666666666727,-0.013513513513513598,0.016241299303944245,-0.10429447852760743,22.03,22.2425,23.34333333333333,22.193759508078863,22.51474074660438,-0.3209812385255191,-0.3621709562775598,0.04118971775204072,-0.01465667755824288,0.001880809029773549,45.11882775029261,22.2425,0.7175020630827504,23.677504126165502,20.807495873834498,0.1290326290808589,0.3806623640465756,0.8991720466138305,0.04105808432026624,20.323259021574913,19.381181593226298,32.77602195127425,51.85185185185181,59.25925925925926,721804696.0,726962935.7,0.4656308728870987,0.6596525662190097,0.2672211106249637,2913224.6,-0.2939880844531536,0.893351305628821,0.029680365296803752,-0.015398448915364793,-0.061830644009710056,0.0,3.0,0.013698630136986356,1.0,1041.91,1023.1,-0.021088083893067044,-0.028210486322188366,-0.05851714840478883,0.1972409728565119,0.007574570379553447,0.014696972808674769,-0.045777330122818594,-0.04862258515410589,1.6786559012374218,0.6770718427008268,21.9,23.05,0.05251141552511429,0.022763721897689715,0.029747693627424576,21.9,22.2,21.9,25.15,0.14840182648401834,0.049036283934177805,0.09936554254984054,21.9,25.15,0.14840182648401834,0.024280007387031954,0.12412181909698639,-9.8040735e-05,0.0025,1
2023-03-21,21.9,22.2,21.55,22.2,2435343,0.013698630136986356,0.0,0.0,0.03981264637002324,0.0183486238532109,-0.07500000000000007,22.2,22.1525,23.346666666666668,22.19471958375904,22.491426617226278,-0.29670703346723926,-0.3490781717154957,0.052371138248256455,-0.01336518168771348,0.0023590602814529934,47.54422526706048,22.1525,0.5863524627116605,23.32520492542332,20.97979507457668,0.10587562807117223,0.5202523239095517,0.8813740432842712,0.03970153348127348,20.490437203408973,19.575863974406882,31.049463417012603,55.55555555555556,56.79012345679013,724240039.0,726351926.25,0.46739237093077385,0.49090531550587363,0.06237308733676739,2870299.85,-0.411120858550578,0.848462922784879,0.029279279279279216,0.0021442275138245925,-0.04911479154768705,1.0,3.0,0.0,0.0,1028.83,1032.43,0.009119343172710348,-0.007402920788747602,-0.04601609639355775,0.20173696175649128,0.004579286964276008,0.047215567158770844,-0.02898390360644232,-0.030381962941797624,1.649166308232257,0.6715179352340092,22.2,22.7,0.022522522522522515,0.01781163113994433,0.004710891382578186,22.2,22.2,22.2,25.3,0.13963963963963977,0.04113569663268479,0.09850394300695497,22.2,25.3,0.13963963963963977,0.018516373185047952,0.12112326645459182,-9.8040735e-05,0.0025,1
2023-03-22,22.2,22.45,22.1,22.2,2526068,0.0,0.013698630136986356,0.0,-0.01333333333333342,-0.02844638949671785,-0.0431034482758621,22.139999999999997,22.1025,23.35166666666667,22.195531955488416,22.469839460394702,-0.27430750490628597,-0.3341240383536538,0.059816533447367815,-0.012356193914697567,0.0026944384435751267,47.54422526706048,22.1025,0.5324904249217136,23.167480849843425,21.037519150156573,0.09636745615594852,0.5457754709928985,0.8434187544782517,0.037991835787308637,20.28365523651725,21.112843890339665,30.12911799985918,55.55555555555556,54.32098765432099,724240039.0,725979730.9,0.4539376987863555,0.4079938997360318,0.27745308064556956,2757789.15,-0.24145074890300128,0.9159757554343848,0.01576576576576567,0.004411265693926136,-0.04931839269145688,2.0,3.0,0.006802721088435382,1.0,1035.84,1040.54,0.007855254109237375,-0.020382417458270297,-0.013032590962552604,0.18425692100308183,-0.007855254109237375,0.007049084124936877,-0.030070857313309496,-0.030467933427139715,1.667366509377559,0.6736976288380719,22.05,22.7,0.02947845804988658,0.020283387905305483,0.009195070144581097,22.05,22.2,22.05,26.2,0.1882086167800452,0.04397631672993141,0.14423230005011378,22.05,24.3,0.1020408163265305,0.01318420213844873,0.08885661418808177,-0.00065371883,0.0025,1
2023-03-23,22.05,22.35,21.85,22.2,1627554,0.0,0.0,0.013698630136986356,0.0,-0.026315789473684292,-0.0326797385620915,22.14,22.064999999999998,23.363333333333333,22.196219346951736,22.449851352217316,-0.2536320052655796,-0.318025631736039,0.06439362647045938,-0.011424865102053136,0.0029006138049756476,47.54422526706048,22.064999999999998,0.4947354423290047,23.054470884658006,21.07552911534199,0.08968691453958832,0.5682182781187451,0.8188888434440909,0.036886884839823914,20.34239490738936,20.192047197385108,30.995748877577736,55.55555555555556,55.55555555555556,724240039.0,725825450.95,0.4527259584382995,0.3501259962065557,0.28215202148538654,2621251.45,-1.0882257552533474,0.6209072387923714,0.022522522522522525,0.006118286879673862,-0.04979312312740769,3.0,3.0,0.008928571428571619,1.0,1035.33,1045.1,0.004382339938877822,-0.0021959136910446597,-0.008124062790653697,0.1851009582106375,-0.004382339938877822,0.0021959136910446597,-0.0245556757714378,-0.024756801581985566,1.6592452539557188,0.6722191662202206,22.4,22.7,0.013392857142857206,0.011784929806131439,0.0016079273367257674,22.4,22.6,22.4,25.1,0.12053571428571441,0.022738993410371666,0.09779672087534275,22.4,24.3,0.0848214285714286,0.002053290039155886,0.08276813853227272,-0.00065371883,0.0025,1
2023-03-24,22.4,23.1,22.4,22.6,7329056,0.018018018018018056,0.018018018018018056,0.018018018018018056,0.018018018018018056,0.004444444444444473,0.01118568232662187,22.22,22.0775,23.383333333333333,22.2583394474207,22.460973474275292,-0.20263402685459297,-0.2949473107597498,0.0923132839051568,-0.008966107382946592,0.004084658579874194,51.14010274366267,22.0775,0.5053594343598152,23.088218868719633,21.06678113128037,0.0915609891264529,0.7584793933163128,0.8246824974837988,0.036490375994858354,19.350385159702014,25.114041652891103,28.57956584653813,73.33333333333343,61.48148148148153,731569095.0,726130330.05,0.4476624072700887,0.1594104664665217,0.31791779768354006,2894998.0,3.2249117160417393,2.5316273102779348,0.030973451327433753,0.023666628920847144,-0.03349964362081248,4.0,3.0,0.019911504424778625,1.0,1047.1,1046.79,0.0016170701368289908,0.0015787358631378368,0.006954865520027775,0.17863161892445437,0.016400947881189065,0.01643928215488022,0.004230816806594095,0.004201595276476677,1.6643929150926335,0.6726685791926255,22.6,24.25,0.07300884955752207,0.01609116417568579,0.05691768538183628,22.6,23.05,22.6,25.05,0.1084070796460177,0.02092996621428167,0.08747711343173603,22.6,24.5,0.08407079646017701,-0.004647922273759653,0.08871871873393666,-0.00065371883,0.0025,1
2023-03-27,22.6,23.1,22.6,23.05,3511617,0.019911504424778625,0.03828828828828845,0.03828828828828845,0.05251141552511429,0.03828828828828845,0.09241706161137442,22.45,22.175,23.409166666666668,22.380133378586745,22.50460506877342,-0.12447169018667381,-0.2608521866451346,0.1363804964584608,-0.005400073326970664,0.005916724358284633,54.886830406423464,22.175,0.494841814173317,23.164683628346634,21.185316371653368,0.08926120661525437,0.9420604599986041,0.8014908905206704,0.03477183906814188,18.429233251135194,23.99496460580308,27.306065682898804,93.3333333333334,74.07407407407415,735080712.0,726789304.2,0.39809760386722814,0.4256400832142008,0.23554243918172188,2892064.65,0.45108065138611086,1.2142249309675701,0.021691973969631236,0.03945885005636973,-0.015342992417500256,0.0,3.0,-0.02991452991452992,0.0,1047.78,1052.25,0.005215945891726248,0.028491838529957958,0.030354957160342755,0.16602268488996227,0.014695558533052377,0.024019576995156333,0.06206210445103166,0.06023371268293287,1.671366277684331,0.6741863014366402,23.4,25.15,0.07478632478632474,0.02246179789118674,0.052324526895138,23.4,22.7,23.4,26.4,0.1282051282051282,0.009265136371818139,0.11893999183331005,23.4,24.3,0.03846153846153855,-0.013461921047396186,0.05192345950893473,-0.0013488655,0.0025,1
2023-03-28,23.4,23.4,22.7,22.7,3908683,-0.015184381778741929,0.004424778761061843,0.022522522522522515,0.022522522522522515,0.06323185011709587,0.06823529411764695,22.55,22.2475,23.454166666666666,22.42934362803494,22.519078767382794,-0.08973513934785515,-0.22662877718567873,0.13689363783782357,-0.003953089839112562,0.00603055673294377,51.57420496302424,22.2475,0.4569564645871675,23.161412929174332,21.333587070825665,0.08215870809523172,0.7475618768238718,0.7942415411977652,0.03498861414968129,17.169792589541746,25.18239797921327,25.587063070562543,71.42857142857144,79.36507936507944,731172029.0,727172126.15,0.40414609003894897,0.5248401512443639,0.1393563343887081,3006780.75,0.664695999760703,1.2999561075412631,0.030837004405286313,0.02033936397348013,-0.03215491206253329,1.0,3.0,0.002207505518763808,1.0,1055.57,1054.29,0.0019387027797577172,0.021173348314171392,0.028896826326267666,0.1658937887022542,-0.017123084558499646,0.0013491742083511227,0.039338467791379284,0.03823363702251803,1.618087643382091,0.6366184629455469,22.65,25.3,0.11699779249448139,0.022053109422089046,0.09494468307239234,22.65,22.7,22.65,26.0,0.14790286975717448,0.013533236035557783,0.1343696337216167,22.65,24.6,0.0860927152317883,-0.019266854944180234,0.10535957017596853,-0.00032719888,0.0025,1
2023-03-29,22.65,22.8,22.55,22.7,2161083,0.0,-0.015184381778741929,0.004424778761061843,0.022522522522522515,0.008888888888888946,0.017937219730941534,22.65,22.2675,23.475833333333338,22.470983069875718,22.532480340169254,-0.06149727029353613,-0.1936024758072502,0.13210520551371407,-0.0027091308499355127,0.005819612577696655,51.57420496302424,22.2675,0.46799544532376286,23.203490890647522,21.331509109352474,0.08406789182867624,0.7310385733032054,0.7553671453979249,0.033276085700349116,16.19743457572917,24.587077305101417,26.400596905899096,71.42857142857144,78.73015873015878,731172029.0,727420542.2,0.3661486309404418,0.6061407917162568,1.0238855405014997,2980429.0,-0.5987414434424594,0.7250912536416737,0.011013215859030838,0.019422925788705525,-0.033048170104007846,2.0,3.0,-0.017316017316017396,0.0,1055.18,1056.33,0.0019349514839370752,0.015174813077824867,0.015165056941040866,0.15747461688113293,-0.0019349514839370752,0.007347709444697648,0.0027721627899006673,0.0027307507985487867,1.5352741495327804,0.617552373137708,23.1,26.2,0.1341991341991342,0.018411035314513935,0.11578809888462027,23.1,22.7,23.1,26.2,0.1341991341991342,0.007660272113971356,0.12653886208516285,23.1,24.6,0.06493506493506485,-0.019334413748916424,0.08426947868398127,-0.0006330415,0.0025,1
2023-03-30,23.1,23.35,22.7,22.7,3210216,0.0,0.0,-0.015184381778741929,0.022522522522522515,0.022522522522522515,0.015659955257270708,22.75,22.285000000000004,23.473333333333333,22.506216443740993,22.54488920386042,-0.03867276011942877,-0.16261653266968593,0.12394377255025715,-0.001703645820239153,0.005460078085914412,51.57420496302424,22.285000000000004,0.477686309755673,23.24037261951135,21.329627380488656,0.0857413165368048,0.7171927431896986,0.7478409207266448,0.03294453395271563,15.518539874483054,28.313843889341932,24.7615558140965,71.42857142857144,71.42857142857144,731172029.0,727589063.9,0.3661455985201086,0.6223442359581398,1.0387888146714166,3061045.45,0.11218734935500628,1.048731896483275,0.02863436123348027,0.018622391743324807,-0.03294518602669694,3.0,3.0,0.06828193832599116,1.0,1061.32,1059.44,0.002944155708916929,0.0137211750071764,0.021038733242740637,0.1570441969933868,-0.002944155708916929,0.008801347515346114,-0.005378777985469929,-0.005267947052691513,1.4724004522773444,0.6154435445071104,22.7,25.1,0.10572687224669619,0.010292452830188648,0.09543441941650754,22.7,24.25,22.7,26.5,0.1674008810572687,0.004056603773584966,0.16334427728368373,22.7,24.9,0.09691629955947123,-0.019216981132075373,0.1161332806915466,-0.0006330415,0.0025,1
2023-03-31,22.7,24.25,22.7,24.25,11175745,0.06828193832599116,0.06828193832599116,0.06828193832599116,0.07300884955752207,0.0923423423423424,0.12790697674418605,23.080000000000002,22.422500000000003,23.479166666666668,22.77449083701161,22.671193707278167,0.1032971297334413,-0.10943380018906049,0.21273092992250178,0.004259675452925414,0.00877240948134028,63.69410488830324,22.422500000000003,0.6156885319889359,23.653877063977873,21.191122936022133,0.10983405632537586,1.242055400194152,0.8051379978175988,0.03320156692031335,15.877965752783302,32.40484994726659,21.356601666406178,100.0,80.95238095238098,742347774.0,728489252.9,0.40782832827979,1.0049491055946385,1.0591428570979273,3446952.65,3.4329350294827528,3.2422101881788254,0.0639175257731959,0.08150295462147383,0.032830523513753374,4.0,3.0,0.006000000000000005,1.0,1060.0,1064.64,0.0049082534168995995,0.01705213079987411,0.03890629116777444,0.14917930544829908,0.06337368490909157,0.05595671875764796,0.08900068557641161,0.0856676741040534,1.5496121335720727,0.6301170572683793,25.0,25.05,0.0020000000000000018,-0.004633894425369212,0.006633894425369213,25.0,25.15,25.0,24.65,-0.014000000000000012,-0.020284919372097976,0.0062849193720979635,25.0,25.8,0.03200000000000003,-0.023792907722226975,0.055792907722227,-0.0010537326,0.0025,1
2023-04-03,25.0,25.15,24.65,25.15,7109228,0.03711340206185554,0.10792951541850226,0.10792951541850226,0.09110629067245113,0.14840182648401834,0.1670533642691414,23.5,22.6025,23.495,23.13995378516367,22.854808988220526,0.2851447969431433,-0.030518080762619727,0.31566287770576307,0.011337765286009676,0.012551207861064138,68.6071281084435,22.6025,0.8345302807419702,24.27156056148394,20.933439438516057,0.1476881372842776,1.2631538539665232,0.8119138551163416,0.032282857062279985,16.994220142442828,37.75689866032536,19.665628684249512,100.0,90.4761904761905,749457002.0,729628149.6,0.42174020895129416,0.7812350344419876,0.32365827098207695,3685660.35,1.4403683533959786,1.9288885368940738,0.019880715705765408,0.11270877115363342,0.07044051925941686,0.0,4.0,0.0059642147117298094,1.0,1074.69,1079.28,0.013751127141568897,0.02568781183178892,0.05072139255047792,0.15495991016373328,0.02336227492028664,0.06541847884066221,0.1163319717186635,0.11071628744160633,1.5805965389895005,0.6410295822327013,25.15,26.4,0.0497017892644136,-0.014805430199008596,0.0645072194634222,25.15,25.3,25.15,25.15,0.0,-0.025477176888362818,0.025477176888362818,25.15,26.2,0.041749502982107334,-0.03768402752089961,0.07943353050300694,-0.0010537326,0.0025,1
2023-04-04,25.15,25.4,24.8,25.3,6888466,0.0059642147117298094,0.04329896907216502,0.1145374449339207,0.1145374449339207,0.13963963963963977,0.16055045871559637,24.020000000000003,22.7775,23.505,23.47226858744618,23.03593424835234,0.4363343390938397,0.06285240320867216,0.37348193588516754,0.017246416564973898,0.014762131853168678,69.35154076352443,22.7775,1.006619538226027,24.790739076452056,20.764260923547944,0.1767743673758802,1.1264780048988068,0.7967771511794599,0.03149316803080869,18.224552732005165,37.96719772040512,18.607851542110332,97.50000000000006,99.1666666666667,756345468.0,731021094.05,0.4215911455060507,0.8172737045274672,0.3710327333682103,3939708.1,1.210317019991974,1.748471162114777,0.02371541501976276,0.11074525299089011,0.07636673048287612,1.0,4.0,0.035573122529644285,1.0,1081.36,1078.45,-0.0007690312059891458,0.022915896005842873,0.039129345563863493,0.15249707022883224,0.006733245917718955,0.09162154892807783,0.12142111315173287,0.11684889245991426,1.757674940114539,0.6603031651325475,25.3,26.0,0.027667984189723382,-0.008896632253998726,0.03656461644372211,25.3,26.2,25.3,25.3,0.0,-0.02227864993605544,0.02227864993605544,25.3,25.9,0.02371541501976271,-0.035910885400255776,0.059626300420018485,-0.00071650284,0.0025,1
2023-04-05,25.3,26.25,25.1,26.2,8379346,0.035573122529644285,0.041749502982107334,0.08041237113402055,0.1541850220264318,0.18018018018018012,0.14660831509846828,24.72,22.945,23.508333333333333,23.891919573992922,23.27030948921513,0.6216100847777923,0.1746039395224962,0.44700614525529614,0.023725575754877572,0.017061303254018938,73.42360567649393,22.945,1.2649006617960228,25.474801323592047,20.415198676407954,0.22051003038501168,1.1433311520641962,0.8220073546666412,0.03137432651399394,19.962204617363255,41.55925131482116,16.74837658451834,98.96907216494844,98.82302405498285,764724814.0,732604128.1,0.4077431587620443,0.8320977742056053,0.6839179524801405,4129797.7,1.616165964025133,2.028996723011396,0.043893129770992315,0.14186097188930047,0.11449840482098539,2.0,4.0,-0.03646833013435702,0.0,1079.06,1080.86,0.0022346886735591376,0.02322190981984784,0.030195009435940223,0.14879867448146264,0.03333843385608515,0.13096311220658396,0.11641330566252805,0.11300123238440807,1.7531514822937195,0.6682289786934766,26.05,26.2,0.0057581573896352545,-0.01275766890987462,0.018515826299509874,26.05,25.1,26.05,24.3,-0.06717850287907867,-0.03165415824309725,-0.03552434463598142,26.05,26.1,0.0019193857965451588,-0.027536994470445886,0.029456380266991045,-0.0010537326,0.0025,1
2023-04-06,26.05,26.2,25.1,25.1,8139354,-0.041984732824427384,-0.007905138339920903,-0.001988071570576455,0.10572687224669619,0.13063063063063063,0.10087719298245612,25.2,23.060000000000002,23.493333333333332,24.077778101070933,23.405842119643637,0.6719359814272963,0.27407034790345625,0.39786563352384,0.026770357825788696,0.015851220459117132,62.494541177684816,23.060000000000002,1.3525414674064857,25.765082934812973,20.35491706518703,0.2346125702352967,0.8770679216053396,0.8418639721904524,0.033540397298424396,21.575738510910053,37.68051335473443,15.18524534483136,76.28865979381447,90.91924398625434,756585460.0,733913039.2,0.442820870986167,0.5700139429406071,0.35119002301574886,4403920.65,1.3579710175904036,1.8482063249709095,0.043824701195219036,0.08846487424111005,0.06838819523269013,3.0,4.0,-0.00988142292490124,0.0,1083.27,1070.91,-0.00920563255185669,0.010826474363814897,0.014167337468630192,0.1522688757950732,-0.032779100272570694,0.0949003978828813,0.08670985551382593,0.08549856844162851,1.804442685619701,0.6768014501454732,25.3,26.5,0.04743083003952564,-0.006339336563687459,0.0537701666032131,25.3,25.05,25.3,24.3,-0.03952569169960474,-0.020390443380108092,-0.019135248319496645,25.3,27.5,0.08695652173913038,-0.016170443193382344,0.10312696493251272,-0.00065371883,0.0025,1
2023-04-07,25.3,25.4,24.8,25.05,6235497,-0.0019920318725099584,-0.043893129770992356,-0.00988142292490124,0.03298969072164959,0.1084070796460177,0.11333333333333329,25.36,23.1875,23.495,24.227350700906175,23.527631592262626,0.6997191086435492,0.3592001000514749,0.34051900859207435,0.02793289854864468,0.013593573197288397,62.042478738391694,23.1875,1.415689807684003,26.018879615368007,20.356120384631993,0.24421603151422167,0.828903265018019,0.8245879741768485,0.03291768359987419,22.57208048686779,35.72210601149566,16.994707719397777,74.46808510638299,83.24193902171532,750349963.0,735004297.4,0.4384396468800002,0.5359799181133578,0.43842590967400596,4621573.55,0.5949536550532321,1.349215139073141,0.023952095808383148,0.08032345013477094,0.06618429453075114,4.0,4.0,0.03937007874015741,1.0,1071.09,1069.71,-0.0011205423424938132,0.004762173128944891,0.015868945868945827,0.15186810329243391,-0.0008714895300161452,0.0282275175927047,0.09746438746438746,0.09594189079283177,1.7844501736802545,0.6792789296796292,25.4,24.65,-0.029527559055118058,-0.01952768517311365,-0.009999873882004406,25.4,26.4,25.4,24.5,-0.03543307086614167,-0.028821261616970406,-0.006611809249171263,25.4,27.8,0.09448818897637801,-0.014527033319054583,0.10901522229543259,-0.00065371883,0.0025,1
2023-04-10,25.4,26.5,25.1,26.4,10867764,0.053892215568862145,0.05179282868525892,0.007633587786259444,0.0497017892644136,0.14533622559652914,0.18918918918918926,25.610000000000003,23.3975,23.516666666666666,24.5616044392283,23.740399622465393,0.8212048167629078,0.4516010433937615,0.3696037733691463,0.031106243059201056,0.014000142930649481,68.63874554785514,23.3975,1.5651193833736416,26.527738766747284,20.267261233252718,0.2675703615127499,0.9795960026908711,0.869260261735645,0.03292652506574413,24.24764610278391,40.504739578169115,14.96980650841017,97.84946236559136,82.86873575526296,761217727.0,736714596.7,0.4638535817121311,0.34536871626793747,-0.1501311990629788,5089308.85,1.9621011318115906,2.1354105872352394,0.053030303030302976,0.12832567582006615,0.1226080793763289,0.0,4.0,-0.011406844106463865,0.0,1073.86,1065.35,-0.00407587103046636,-0.01290675264991481,0.011920592705167099,0.1528379223362318,0.057968086599328505,0.06260854191432841,0.17726859648402216,0.17518034296557805,1.7478157826199463,0.648276475462543,26.3,25.15,-0.04372623574144496,-0.00924184874581635,-0.03448438699562861,26.3,26.0,26.3,24.3,-0.07604562737642584,-0.0209469369335491,-0.05509869044287674,26.3,27.6,0.049429657794676896,-0.006129893573013634,0.05555955136769053,-0.0010537326,0.0025,1
2023-04-11,26.3,26.4,25.5,26.0,7029504,-0.015151515151515138,0.03792415169660668,0.03585657370517925,0.027667984189723382,0.14537444933920707,0.2177985948477752,25.75,23.630000000000003,23.534166666666668,24.782896063962408,23.907777428208696,0.8751186357537115,0.5363045618657516,0.3388140738879599,0.03365840906745044,0.013031310534152305,65.03260674809482,23.630000000000003,1.5901340559181698,26.810268111836344,20.44973188816366,0.2691720788689243,0.8726100939696432,0.8714559573259559,0.03351753682022907,25.80352846042031,37.516778920089074,13.865511224153904,89.24731182795699,87.18828643331047,754188223.0,738276946.25,0.4391134698200933,0.5222381840477353,-0.02127235960384508,5237258.6,0.6043828395153751,1.3422105984989934,0.03461538461538456,0.1002962336013542,0.10477674303317874,1.0,4.0,0.007692307692307665,1.0,1063.64,1069.46,0.003857887079363742,-0.008336037832073817,0.028198398277138326,0.145602135561083,-0.01900940223087888,0.0360040220217972,0.18960019657063687,0.18440040063117502,1.7359621229204019,0.643086793382334,26.0,25.3,-0.02692307692307694,-0.015481378486576158,-0.01144169843650078,26.0,26.2,26.0,24.6,-0.053846153846153766,-0.03430352460316721,-0.019542629242986553,26.0,28.0,0.07692307692307687,-0.004395255736695081,0.08131833265977195,-0.00071650284,0.0025,1
2023-04-12,26.0,26.9,25.8,26.2,7835699,0.007692307692307665,-0.007575757575757569,0.04590818363273441,0.0,0.1541850220264318,0.1644444444444444,25.75,23.815,23.554166666666667,25.000912054122036,24.07757169278583,0.923340361336205,0.6137117217598423,0.30962863957636266,0.035241998524282635,0.0118178870067314,65.99460786436083,23.815,1.6652090116957752,27.145418023391553,20.48458197660845,0.27969078508432094,0.8580631595266258,0.8877805318026732,0.03388475312223944,27.553209288016184,38.219296754099595,12.638368945484185,84.44444444444446,90.51373954599762,762023922.0,740037275.9,0.40776732685337697,0.666444928388351,0.8211022590531138,5435238.7,0.7996972561498772,1.4416476317774232,0.0419847328244274,0.10014696619777452,0.11232973642313815,2.0,4.0,0.011450381679389388,1.0,1071.61,1069.45,-9.350513343164835e-06,-0.010556408785596494,0.006834935369378403,0.12546341982543494,0.00770165820565083,0.010556408785596494,0.157609509075066,0.15653957122300644,1.736386153380075,0.6428219920749105,26.2,24.3,-0.0725190839694656,-0.020523642339583148,-0.051995441629882455,26.2,26.5,26.2,24.6,-0.061068702290076216,-0.028161649361320706,-0.03290705292875551,26.2,27.4,0.04580152671755733,-0.004902143870919584,0.05070367058847691,-0.00032719888,0.0025,1
2023-04-13,26.2,26.7,25.95,26.5,6187348,0.011450381679389388,0.019230769230769162,0.0037878787878788955,0.055776892430278835,0.1674008810572687,0.1936936936936937,26.03,24.03,23.572499999999998,25.231540968872494,24.25701082665355,0.9745301422189456,0.6858754058516631,0.28865473636728256,0.03677472234788474,0.01089263156102953,67.44155261051681,24.03,1.722330123011485,27.47466024602297,20.58533975397703,0.2866966496898019,0.8585259247050178,0.8779390652453395,0.03312977604699394,29.177912913640927,35.887173253546266,11.86718162050376,90.80459770114946,88.165451324517,768211270.0,742227477.95,0.40002735551718416,0.5772125657921063,0.9715830843145465,5624101.1,0.19295569113119396,1.1001487864434016,0.02830188679245283,0.10278818143986679,0.12419132463675897,3.0,4.0,-0.07156308851224114,0.0,1070.96,1064.3,-0.004815559399691471,-0.006172320736569925,0.01613519190376156,0.11546710519899946,0.01626594107908086,0.06194921316684876,0.17755850178993215,0.1747390536265856,1.7226056426030498,0.6395066792540662,26.55,24.3,-0.0847457627118644,-0.016828927764919732,-0.06791683494694467,26.55,24.65,26.55,24.9,-0.062146892655367325,-0.025843086177978036,-0.03630380647738929,26.55,27.2,0.024482109227871973,-0.0012181295152781102,0.025700238743150083,-0.00032719888,0.0025,1
2023-04-14,26.55,26.7,24.65,24.65,10985936,-0.06981132075471708,-0.059160305343511466,-0.05192307692307696,-0.015968063872255578,0.016494845360824684,0.11036036036036023,25.95,24.152499999999996,23.566666666666666,25.142073127507494,24.28612113579032,0.8559519917171734,0.7198907230247652,0.1360612686924082,0.03472421873091981,0.005519726924641306,52.58278204093634,24.152499999999996,1.6717053221820128,27.495910644364024,20.80908935563597,0.276858349600582,0.5744000741934939,0.961657703442101,0.039012482898259676,28.61905321001489,30.422747093055573,19.716148885179734,48.27586206896549,74.50830140485316,757225334.0,743868383.2,0.4883083742401656,-0.2917467610783634,1.3646283882709997,6007302.0,1.6068104921203865,1.8287637278765076,0.0831643002028398,0.020598281751371683,0.045968882602545946,4.0,4.0,0.020283975659229236,1.0,1067.21,1052.89,-0.010720661467631176,-0.015723887782669976,0.007415274508678182,0.12220573842736591,-0.0590906592870859,-0.00024417608958560155,0.10294508585168205,0.10218733868402863,1.808425661089815,0.6481181981056705,24.65,24.5,-0.006085192697768749,-0.009572740481865849,0.0034875477840971003,24.65,25.15,24.65,25.8,0.04665314401622722,-0.0036752485778593913,0.05032839259408661,24.65,26.35,0.06896551724137945,0.0070750909315377974,0.06189042630984165,0.00027401157,0.0025,1
2023-04-17,24.65,25.25,24.4,25.15,3823959,0.020283975659229236,-0.050943396226415194,-0.040076335877862634,-0.04734848484848486,0.0,0.14840182648401834,25.7,24.315,23.572499999999998,25.143292646352496,24.350112162768816,0.7931804835836793,0.7345486751365481,0.05863180844713123,0.03153799139497731,0.0023312846301046216,55.44024785210403,24.315,1.5975392261063455,27.510078452212692,21.11992154778731,0.26280719327268687,0.6306697178940527,0.9536821531962367,0.03791976752271319,27.76765006942623,28.48594314529295,20.333401066256208,59.770114942528714,66.28352490421457,761049293.0,745830613.05,0.4854010625167014,-0.4605846947995138,1.5762668250432277,6068373.3,-0.7384668851932552,0.6301456438086959,0.03379721669980125,0.03434094180546987,0.06692120055149009,0.0,4.0,0.003968253968253954,1.0,1052.99,1053.81,0.0008737854856630811,-0.01083212089923491,0.03001661616655249,0.09216601012826471,0.019410190173566155,-0.03651636394924995,0.11838521031746585,0.11493524323720528,1.8274237207619775,0.6514602663476252,25.2,24.3,-0.0357142857142857,-0.013723540275607293,-0.021990745438678405,25.2,25.3,25.2,26.2,0.039682539682539764,-0.014433868447222609,0.05411640812976237,25.2,26.45,0.04960317460317465,0.011800918691101892,0.03780225591207276,-0.00032719888,0.0025,1
2023-04-18,25.2,25.6,24.9,25.3,3420009,0.0059642147117298094,0.026369168356997985,-0.04528301886792452,-0.02692307692307694,0.0,0.13963963963963977,25.56,24.47,23.57333333333333,25.167401469990573,24.42047422478594,0.7469272452046312,0.7370243891501648,0.009902856054466391,0.029522816015993325,0.0003914172353544028,56.29122816853092,24.47,1.5305141894839043,27.531028378967807,21.40897162103219,0.25018621814203584,0.6355753520128881,0.9355619993965058,0.036978735154012086,27.302324375638072,29.635736364159524,19.246706593876368,61.90476190476194,56.65024630541873,764469302.0,747842076.2,0.4848434496705307,-0.4204890296164525,1.5720812076771815,6117606.6,-0.9037699770595095,0.5590436299058524,0.02766798418972343,0.03391908459337967,0.07324660633484181,1.0,4.0,-0.04330708661417315,0.0,1055.85,1055.02,0.0011482145737846672,-0.013502141267555667,0.021880418042869554,0.08765394972562009,0.004816000137945142,-0.013420935655521271,0.11775922159677021,0.1152377709931125,1.8869385807437054,0.6548743625392373,25.4,24.6,-0.03149606299212593,-0.02176995500434853,-0.0097261079877774,25.4,24.3,25.4,25.9,0.019685039370078705,-0.016608689076265892,0.0362937284463446,25.4,27.0,0.06299212598425208,0.008687185692138888,0.05430494029211319,-0.00032719888,0.0025,1
2023-04-19,25.4,25.4,24.3,24.3,5842521,-0.03952569169960474,-0.03379721669980107,-0.014198782961460377,-0.0725190839694656,-0.0725190839694656,0.09459459459459474,25.18,24.575,23.554166666666667,25.033955089992023,24.411550208135132,0.622404881856891,0.71410048769151,-0.091695605834619,0.025613369623740372,-0.0037734817215892592,49.50375239666029,24.575,1.4356824894548694,27.446364978909738,21.70363502109026,0.23368178872103673,0.4521133673322824,0.9473075708681837,0.03898385065301167,26.07629022829645,27.177693998083832,22.174449534636835,38.09523809523814,53.25670498084295,758626781.0,749561413.3,0.5119553854438282,-0.327623371980073,0.7549936942606902,6283429.25,-0.15392180679957562,0.9298299968922225,0.04526748971193407,-0.011190233977619424,0.031664602865735025,2.0,4.0,-0.004098360655737654,0.0,1057.88,1048.98,-0.005725009952417981,-0.019140679788676396,0.008111173044765163,0.08702011059140509,-0.033800681747186756,-0.05337840418078921,0.08648342154982958,0.08578758361404382,1.9241727074673374,0.6560117753996693,24.4,24.6,0.00819672131147553,-0.008780785127902369,0.0169775064393779,24.4,24.3,24.4,26.1,0.069672131147541,0.0032570808175083066,0.0664150503300327,24.4,27.3,0.11885245901639352,0.01963772118626328,0.09921473783013024,-0.00032719888,0.0025,1
2023-04-20,24.4,24.7,24.25,24.3,3088841,0.0,-0.03952569169960474,-0.03379721669980107,-0.08301886792452828,-0.031872509960159334,0.09459459459459474,24.740000000000002,24.68,23.53916666666667,24.921038922300944,24.403287229754753,0.5177516925461916,0.6748307286624464,-0.15707903611625484,0.021306654014246567,-0.006464157864866454,49.50375239666029,24.68,1.3253996418164973,27.330799283632995,22.029200716367004,0.2148135562101293,0.4283235056033367,0.9117856015204563,0.037522041214833594,24.87363809139955,26.219608309742227,21.78443755607799,1.8867924528302165,33.96226415094345,758626781.0,751280750.4,0.5119553854438282,-0.327623371980073,0.7549936942606902,6356493.6,-1.185619335667958,0.4859347298013484,0.01851851851851849,-0.015397082658022643,0.03232201649732702,3.0,4.0,0.004098360655737654,1.0,1050.02,1049.25,0.0002573928959559435,-0.014140749788593365,0.003970911874461969,0.08575047655802119,-0.0002573928959559435,-0.06887811813593492,0.09062368272013277,0.09026524737747033,1.964117972531445,0.6656310459828062,24.4,24.9,0.020491803278688492,-0.009970479001999655,0.030462282280688147,24.4,24.5,24.4,27.5,0.12704918032786883,0.003494905247119373,0.12355427508074945,24.4,26.85,0.10040983606557385,0.014998571564612817,0.08541126450096104,-0.00032719888,0.0025,1
2023-04-21,24.4,25.1,24.15,24.5,5631048,0.008230452674897082,0.008230452674897082,-0.031620553359683834,-0.006085192697768749,-0.021956087824351322,0.08407079646017701,24.71,24.775,23.498333333333335,24.856263703485414,24.41045113866181,0.4458125648236049,0.6290270958946782,-0.18321453107107333,0.018196431217289994,-0.007478144125349932,50.87762445667593,24.775,1.2333629678757472,27.241725935751493,22.308274064248504,0.19913024708387442,0.4442580961236338,0.9145152014118525,0.0373271510780348,24.182695524271207,27.398325895569325,20.168029552117893,12.727272727272778,17.56976775844706,764257829.0,752915187.1,0.509835211621063,-0.28474586771146704,0.8015920721330818,6271593.2,-0.23286760646108495,0.8978656332492994,0.03877551020408175,-0.011099899091826404,0.04262713667635998,4.0,4.0,-0.004098360655737654,0.0,1050.1,1042.91,-0.006042411246128143,-0.009478672985781977,-0.0037065696080397226,0.0883565665001927,0.014272863921025225,0.0033934802880132287,0.08777736606821673,0.08810392941533651,1.8798152518338433,0.6618462702979636,24.4,25.8,0.057377049180328044,0.0036736568192254904,0.05370339236110255,24.4,24.3,24.4,27.8,0.139344262295082,0.012417725394152868,0.12692653690092914,24.4,26.55,0.08811475409836067,0.015794810959742778,0.07231994313861789,-0.00032719888,0.0025,1
2023-04-24,24.4,24.75,24.3,24.3,2269471,-0.008163265306122436,0.0,0.0,-0.03379721669980107,-0.07954545454545447,0.054229934924078016,24.540000000000003,24.8375,23.460833333333333,24.770684672179968,24.40226957283501,0.36841509934495775,0.5769046965847341,-0.20848959723977634,0.015161115199380976,-0.0085798188164517,49.429330895797,24.8375,1.1714672536254378,27.180434507250872,22.494565492749125,0.18866105745351777,0.3852934219167134,0.8813355441681487,0.03626895243490324,23.541105997652032,26.399091856908214,19.432488931935023,5.454545454545532,6.689536878216194,761988358.0,754260569.4,0.5083426771142514,-0.1511639638248417,0.8021708355285602,6209485.9,-1.3926329898785215,0.36548452425022815,0.01851851851851849,-0.021640664318067326,0.03576883458246005,0.0,4.0,0.0020366598778003286,1.0,1045.28,1041.36,-0.0014862260405981154,-0.011814273920346174,-0.010349251603706477,0.08611132567493592,-0.0066770392655243205,-0.021982942779454895,0.0645791865277845,0.0652545219941818,1.8962652952267014,0.6613376793316204,24.55,26.2,0.06720977596741329,-0.005029305745455903,0.07223908171286919,24.55,24.6,24.55,27.6,0.12423625254582493,0.01075659498790471,0.11347965755792022,24.55,26.7,0.08757637474541746,0.017937219730941978,0.06963915501447548,-0.00032719888,0.0025,1
2023-04-25,24.55,25.0,24.2,24.6,5675830,0.012345679012345734,0.004081632653061273,0.012345679012345734,-0.02766798418972327,-0.053846153846153766,0.08370044052863457,24.4,24.932499999999997,23.439166666666665,24.744425491844588,24.416916271143528,0.32750922070106014,0.5270256014079994,-0.19951638070693922,0.013313382955327647,-0.00811042197995688,51.652535435915325,24.932499999999997,1.0608183286108404,27.05413665722168,22.810863342778315,0.1701904467840515,0.4216406827087419,0.8755258624418525,0.03559048221308343,23.220612973110452,26.71569558379381,18.164190659316645,16.363636363636466,11.51515151515161,767664188.0,756085177.35,0.5045653495989394,-0.28642165096686856,0.972026437171778,6297843.25,-0.2236873541849164,0.9012339263921819,0.03252032520325206,-0.013336007219492463,0.04952536708500732,1.0,4.0,0.0,0.0,1045.87,1034.85,-0.0062514404240607835,-0.01911812098348853,-0.018438949435164997,0.08791594979011334,0.018597119436406517,-0.008549863206234742,0.10213938996379957,0.10405811223359351,1.932287231253134,0.673777084298066,24.6,25.9,0.05284552845528445,0.006083054486373474,0.04676247396891098,24.6,24.6,24.6,28.0,0.1382113821138211,0.03179822440571756,0.10641315770810356,24.6,27.0,0.09756097560975596,0.028761532658942768,0.0687994429508132,-0.00065371883,0.0025,1
2023-04-26,24.6,24.7,24.15,24.6,3069207,0.0,0.012345679012345734,0.004081632653061273,0.012345679012345734,-0.061068702290076216,0.08370044052863457,24.46,25.0275,23.444166666666668,24.72220618540696,24.4304780288366,0.2917281565703611,0.4799661124404717,-0.1882379558701106,0.011858868153266712,-0.007651949425614252,51.652535435915325,25.0275,0.9270035201209692,26.88150704024194,23.17349295975806,0.14815758987049757,0.38470917566089396,0.8522740151245773,0.03464528516766574,22.840580978318602,25.484231095819677,17.745956217101266,16.363636363636466,12.72727272727284,767664188.0,757909785.3,0.5045653495989394,-0.28642165096686856,0.972026437171778,6343249.45,-1.2053361851885267,0.4838540600038991,0.0223577235772358,-0.017081210668264846,0.049301532008673155,2.0,4.0,0.00809716599190291,1.0,1034.02,1040.8,0.005749625549596571,-0.007798051440446985,-0.014701845067355834,0.0905594150186225,-0.005749625549596571,0.02014373045279272,0.0984022855959904,0.09987056720177989,1.905252937204506,0.6397513686511047,24.7,26.1,0.05668016194331993,0.011571073277062416,0.04510908866625751,24.7,24.9,24.7,27.4,0.10931174089068829,0.023353402663747413,0.08595833822694088,24.7,28.15,0.13967611336032393,0.03225496691921359,0.10742114644111034,-0.00032719888,0.0025,1
2023-04-27,24.7,25.45,24.7,24.9,8501218,0.012195121951219301,0.012195121951219301,0.024691358024691246,0.024691358024691246,-0.060377358490566135,0.09691629955947123,24.580000000000002,25.1375,23.475833333333334,24.749559079959734,24.46525743410796,0.2843016458517731,0.440833219122732,-0.1565315732709589,0.011417736781195707,-0.006286408565098751,53.99798933890861,25.1375,0.7498903428612982,26.637280685722594,23.637719314277405,0.11932616097245904,0.42082175672052574,0.8521115854728217,0.03422134881416955,23.281634798789863,29.955342666340506,16.481529028917407,27.272727272727273,20.00000000000009,776165406.0,760159454.15,0.5049769520350982,-0.348632958764438,0.9875477400667818,6607799.55,0.7139624332776525,1.2865429611889483,0.030120481927710847,-0.009448035803083066,0.06066522310177125,3.0,4.0,0.023809523809523947,1.0,1041.39,1039.63,-0.0011241352805532179,-0.009168453657374176,-0.018698557728611287,0.08951874116325509,0.013319257231772519,0.03385981168206542,0.11561485728808252,0.11781788175147523,1.9250050973444375,0.6654313750604787,25.2,27.5,0.09126984126984139,0.010161335161095408,0.08110850610874598,25.2,25.8,25.2,27.2,0.0793650793650793,0.021798939770123704,0.0575661395949556,25.2,27.85,0.10515873015873023,0.033436544379152,0.07172218577957823,-0.00032719888,0.0025,1
2023-04-28,25.2,25.85,25.0,25.8,9156550,0.03614457831325302,0.04878048780487809,0.04878048780487809,0.05306122448979589,0.04665314401622722,0.06391752577319587,24.84,25.215,23.505833333333335,24.911165375350546,24.56412725380367,0.34703812154687697,0.42207419960756104,-0.07503607806068407,0.013451089982437091,-0.0029083751186311656,60.231073665059455,25.215,0.7332515903410405,26.681503180682082,23.748496819317918,0.11631990328630434,0.6994540508694679,0.8591036150819061,0.03329858973185683,24.05700826443894,30.915016070135607,15.179719270250782,60.000000000000085,34.545454545454625,785321956.0,762308163.25,0.4627836467357631,-0.7933368513466603,1.1378126826564632,6506839.8,1.058531267206102,1.4072192156936152,0.03294573643410858,0.023200475907198204,0.09759988655298324,4.0,4.0,-0.007575757575757569,0.0,1043.17,1049.12,0.009128247549608837,0.005954492717492155,-0.014577697625488661,0.09429386557344116,0.02701633076364418,0.047106731772303734,0.07849522339868453,0.07965643076023299,1.9512580813260845,0.6840238403216575,26.4,27.8,0.053030303030303205,0.011672482194923894,0.04135782083537931,26.4,26.2,26.4,26.35,-0.0018939393939393367,0.013756512595000325,-0.015650451988939662,26.4,28.05,0.0625,0.027838057454232734,0.034661942545767266,-0.0010537326,0.0025,1
2023-05-04,26.4,26.95,25.85,26.2,12478581,0.015503875968992276,0.052208835341365445,0.06504065040650397,0.07818930041152261,0.041749502982107334,0.041749502982107334,25.220000000000002,25.267500000000002,23.5375,25.109447625296614,24.685303012781176,0.42414461251543756,0.42248828218913637,0.001656330326301192,0.01618872566852815,6.32187147443203e-05,62.65312121743267,25.267500000000002,0.7652441990706846,26.79798839814137,23.737011601858633,0.1211428434266444,0.8046413161747679,0.8798819282903413,0.03358327970573822,25.605254022299373,36.95866231123655,13.762591049527249,73.21428571428572,53.49567099567105,797800537.0,764725340.0,0.44809705593779836,-0.8404353456131177,1.4680514879201247,6775307.45,2.0103958300614853,1.8417733943571815,0.0419847328244274,0.03690511526664686,0.11311736590546984,3.0,5.0,-0.009560229445506718,0.0,1046.05,1040.61,-0.008111560164709486,-0.0007202120304217186,-0.03582944185012238,0.08076575163561348,0.02361543613370176,0.07890951244194433,0.07757894483222971,0.08046184793393185,1.9385164594476738,0.6741234076794019,26.15,27.6,0.05544933078393899,0.016344267969080395,0.03910506281485859,26.15,25.9,26.15,26.45,0.01147227533460815,0.027102642002845956,-0.015630366668237805,26.15,28.5,0.089866156787763,0.03679383148098325,0.053072325306779744,-0.0014658312,0.0025,1
2023-05-05,26.15,26.4,25.85,25.9,6123198,-0.011450381679389388,0.003875968992248069,0.04016064257028118,0.05284552845528445,0.02371541501976271,0.02371541501976271,25.48,25.2975,23.579166666666666,25.231071067558673,24.775280567389977,0.45579050016869616,0.42914872578504837,0.026641774383647787,0.017598088809602168,0.0010286399375925787,59.71565457715132,25.2975,0.7782360283296272,26.853972056659252,23.741027943340747,0.12305342873084318,0.6935466805916132,0.8563189334124596,0.03306250708156215,27.042910797455487,35.26309376628406,13.131198704097898,62.499999999999986,65.23809523809528,791677339.0,766491933.55,0.4505328011071355,-0.7315317990068029,1.2461082263100662,6737044.05,-0.21610927040510441,0.9088849582332774,0.021235521235521127,0.02381658266627129,0.09842728397243317,4.0,5.0,0.0,0.0,1040.12,1040.31,-0.0002882924438549761,0.005276126974923967,-0.035365570958319936,0.08086592688634484,-0.011162089235534411,0.047569401480360485,0.059080985978082645,0.06124702187623221,1.9450554918671523,0.6590501020225197,26.1,28.0,0.07279693486590033,0.022483324388560932,0.0503136104773394,26.1,26.1,26.1,27.0,0.0344827586206895,0.022646247029057598,0.011836511591631904,26.1,28.65,0.09770114942528729,0.045426665644406894,0.0522744837808804,-0.00075000717,0.0025,1
2023-05-08,26.1,26.5,25.85,26.1,6501455,0.007722007722007929,-0.003816793893129722,0.011627906976744207,0.060975609756097615,0.07407407407407418,-0.003816793893129722,25.78,25.2925,23.624166666666664,25.364752441780418,24.873407932768497,0.4913445090119204,0.4415878824304228,0.0497566265814976,0.018825460115399248,0.0019063841602106359,61.02749783044888,25.2925,0.7724320784316727,26.837364156863345,23.747635843136656,0.12215986216177477,0.7613498398589071,0.8415818667401409,0.03224451596705521,28.448517956609606,34.16643354829533,12.40677387857558,69.64285714285722,68.452380952381,798178794.0,768164632.55,0.4331568432392554,-0.7654704552711761,1.6726877460903198,6643149.5,-0.05034957923730747,0.978670583884948,0.024904214559386916,0.031926460413165936,0.10480087481039924,0.0,5.0,0.04761904761904767,1.0,1043.44,1053.44,0.012621237900241278,0.01214450422751745,-0.02536868789667468,0.09490233521383831,-0.004899230178233349,0.048831105528580165,0.021551894003544958,0.022112868462059065,1.91475015997398,0.6564500371654552,26.25,27.4,0.04380952380952374,0.009749673115915902,0.03405985069360784,26.25,27.5,26.25,27.3,0.040000000000000036,0.01442079930264728,0.025579200697352755,26.25,27.9,0.06285714285714272,0.040173580186086966,0.022683562671055757,-0.00075000717,0.0025,1
2023-05-09,26.25,27.7,26.25,27.5,17808041,0.05363984674329503,0.061776061776061875,0.04961832061068705,0.10441767068273089,0.13168724279835398,0.095617529880478,26.3,25.4125,23.69083333333333,25.693252066121893,25.06797030811898,0.6252817580029131,0.4783266575449209,0.1469551004579922,0.0227375184728332,0.00534382183483608,68.70902333661914,25.4125,0.9143411490482479,27.241182298096497,23.583817701903506,0.14391990540847974,1.0707661746857042,0.8957545905444164,0.03257289420161514,30.479136291371454,39.37622354884666,10.823843654536676,94.3661971830986,75.50301810865196,815986835.0,771134701.3,0.4426268596821499,-0.6803578220458589,2.17363639274604,7126583.85,2.8429103170184127,2.4988187011929988,0.0527272727272727,0.08214461387112637,0.16078652080621914,1.0,5.0,0.01090909090909098,1.0,1055.42,1053.77,0.00031325941676785263,0.013600992660850464,-0.01600507979195276,0.09024201100126227,0.053326587326527175,0.09081667802188043,0.11162260967243076,0.11343819706795877,1.9418411109250018,0.6441708374378136,27.5,27.2,-0.01090909090909098,0.00974782592220702,-0.020656916831298,27.5,27.8,27.5,26.85,-0.023636363636363567,0.009690987287092057,-0.03332735092345562,27.5,28.0,0.018181818181818077,0.04991379473674251,-0.031731976554924435,-0.0010537326,0.0025,1
2023-05-10,27.5,28.0,27.35,27.8,9340013,0.01090909090909098,0.06513409961685812,0.07335907335907343,0.07751937984496116,0.13469387755102047,0.1097804391217565,26.7,25.55,23.783333333333335,26.01736713287237,25.270342877887945,0.7470242549844244,0.5320661770328216,0.21495807795160282,0.026871376078576415,0.007732304962287871,70.07036911911794,25.55,1.053190641012592,27.656381282025183,23.443618717974818,0.1648830749139086,1.0340913393031899,0.8782006912198151,0.031589952921576084,32.51506927935242,39.734541799308346,10.25161044717228,94.80519480519483,86.27141637705024,825326848.0,774883545.55,0.4423126456937024,-0.7575167234647596,2.2720004839782386,7281809.65,0.5441356186944473,1.2826499797340898,0.023381294964028725,0.08806262230919759,0.16888577435178687,2.0,5.0,-0.01075268817204289,0.0,1055.62,1058.26,0.0042608918454691835,0.008712063443648166,-0.010703835618999569,0.09198631677974982,0.006648199063621796,0.06880731640131299,0.12048427474075607,0.12178787210414654,1.877392721262424,0.6413473554292235,27.9,26.35,-0.05555555555555547,-0.00029224605232136547,-0.055263309503234104,27.9,27.6,27.9,26.55,-0.048387096774193505,0.0009804383690783514,-0.04936753514327186,27.9,28.3,0.01433691756272415,0.04599575771859521,-0.03165884015587106,-0.00071650284,0.0025,1
2023-05-11,27.9,28.0,27.5,27.6,7167412,-0.007194244604316502,0.0036363636363636598,0.05747126436781613,0.05343511450381677,0.1358024691358024,0.045454545454545636,26.98,25.609999999999996,23.878333333333334,26.260849112430467,25.44291007211847,0.8179390403119982,0.5892407496886569,0.22869829062334124,0.029635472475072394,0.00828616995012106,67.94800703245204,25.609999999999996,1.135155913242374,27.880311826484743,23.33968817351525,0.17729885407924617,0.9382657872776085,0.8511863561326856,0.030840085367126287,34.405578482477594,38.067350157522306,9.82147086386722,89.61038961038965,92.92726053289438,818159436.0,777730631.0,0.40545656650363593,-0.9856027648038123,3.071310029831375,7096792.05,0.019152823246183972,1.0099509679165533,0.018115942028985508,0.07770402186645864,0.15585956585467997,3.0,5.0,0.014492753623188248,1.0,1060.75,1057.12,-0.0010772399977322378,0.01586569416015604,-0.0077251607452949456,0.09106093918902051,-0.006117004606584264,0.03756942034366073,0.05317970619984058,0.05359372635084014,1.8819104560276154,0.6372056506083522,27.6,26.45,-0.04166666666666674,0.010031199773092414,-0.051697866439759155,27.6,28.0,27.6,26.7,-0.03260869565217395,0.0065519523494375065,-0.03916064800161145,27.6,27.5,-0.0036231884057971175,0.041240427342346564,-0.04486361574814368,-0.00032719888,0.0025,1
2023-05-12,27.6,28.3,27.45,28.0,9100088,0.014492753623188248,0.007194244604316502,0.018181818181818077,0.08108108108108114,0.1382113821138211,0.07692307692307687,27.4,25.709999999999997,23.970833333333335,26.528410787441164,25.632324140850436,0.896086646590728,0.6506099290690711,0.2454767175216569,0.03200309452109743,0.00876702562577346,69.91095232143152,25.709999999999997,1.2532694085977658,28.216538817195527,23.203461182804467,0.19498551670132477,0.9568052136854988,0.8511016164089225,0.03039648630031866,36.31803240529424,37.8695185146888,9.120845255048183,92.77108433734938,92.39555625097796,827259524.0,781384196.05,0.4019409087138574,-1.1809588175192745,3.6053752520689826,7200321.25,0.511492446609173,1.2638447208171442,0.03035714285714291,0.08907040062232596,0.16808621588736306,4.0,5.0,-0.028368794326241176,0.0,1057.7,1066.9,0.009251551384894974,0.02555968893887406,-0.0023937314158546386,0.09624887352010959,0.005241202238293274,0.05552139214220708,0.07931680833893151,0.07950712704672758,1.9020349931658458,0.6496658526391915,28.2,27.0,-0.04255319148936165,-0.007210509666734866,-0.03534268182262679,28.2,27.4,28.2,27.0,-0.04255319148936165,-0.010290095085688677,-0.032263096403672975,28.2,27.6,-0.02127659574468077,0.030433002735341663,-0.051709598480022434,-0.00032719888,0.0025,1
2023-05-15,28.2,28.35,27.4,27.4,8935790,-0.021428571428571463,-0.007246376811594346,-0.014388489208633115,0.04980842911877392,0.11382113821138207,0.04580152671755733,27.660000000000004,25.77,24.04416666666667,26.662501435527137,25.763263093380033,0.899238342147104,0.7003356116846777,0.19890273046242624,0.03281891759660963,0.007259223739504607,63.61727910739462,25.77,1.3055952463796279,28.381190492759256,23.158809507240743,0.2026535112735162,0.8121181707194352,0.8581657866654282,0.031319919221366,38.09388247648113,34.87508857153341,8.399639039341759,77.38095238095232,86.58747544289713,818323734.0,784199186.65,0.4115896079123412,-0.9679092670117441,2.7310833457973183,7255325.8,0.45026454348300177,1.2316180205167355,0.03467153284671543,0.06325184322856026,0.13956954216199335,0.0,5.0,-0.003663003663003761,0.0,1074.82,1065.71,-0.0011153810104039819,0.011647554678007266,-0.0034971246902613107,0.0963147432926182,-0.02031319041816748,0.03816087444076666,0.04929865140781864,0.049471659971372706,1.901606113935816,0.6433727006116706,27.3,27.3,0.0,0.0019934301036024227,-0.0019934301036024227,27.3,27.2,27.3,28.15,0.031135531135531025,0.006055160925026559,0.025080370210504466,27.3,27.9,0.0219780219780219,0.04446378601978451,-0.022485764041762613,-0.00032719888,0.0025,1
2023-05-16,27.3,27.4,26.8,27.2,10570325,-0.007299270072992692,-0.02857142857142858,-0.01449275362318847,-0.01090909090909098,0.09236947791164662,0.026415094339622636,27.6,25.805,24.098333333333333,26.745193522369117,25.869688049425957,0.8755054729431606,0.7353695839363743,0.1401358890067863,0.032187701211145614,0.0051520547428965556,61.62575906457398,25.805,1.3352409599219468,28.475481919843894,23.134518080156106,0.20697399107489975,0.761188811958245,0.8397253733321832,0.030872256372506738,38.47023111672926,33.09516539601392,13.074655276946629,72.61904761904758,80.92369477911645,807753409.0,786176293.6,0.4116023731527172,-0.8528160528302711,2.5676945213526814,7474474.65,0.8159161733086016,1.4141896915791934,0.022058823529411686,0.05405929083510941,0.12870876270834763,1.0,5.0,-0.03124999999999989,0.0,1068.51,1065.91,0.0001876683150201508,0.011520540535411072,0.0015127313727334446,0.09472991412535522,-0.007486938388012843,-0.02242963144450205,0.02490236296688919,0.02486474928057736,1.8632508060791575,0.6347716139700562,27.2,26.85,-0.012867647058823484,-0.00039389648025367485,-0.012473750578569809,27.2,26.35,27.2,27.85,0.023897058823529438,0.011047858422350787,0.012849200401178651,27.2,27.9,0.025735294117646967,0.05269772196535594,-0.02696242784770897,-0.00032719888,0.0025,1
2023-05-17,27.2,27.45,26.35,26.35,10929186,-0.03124999999999989,-0.038321167883211604,-0.05892857142857133,-0.05215827338129497,0.02131782945736438,0.06896551724137945,27.310000000000002,25.890000000000004,24.1375,26.684394518927714,25.90526671243144,0.7791278064962732,0.7441212284483542,0.03500657804791907,0.029568417703843386,0.0013285228860690347,53.902632060604354,25.890000000000004,1.3117485317418662,28.513497063483737,23.26650293651627,0.20266489482299976,0.5876692424021936,0.85831641809417,0.03257367810604061,37.98035195997022,30.065589858187934,15.622656602556948,52.380952380952415,67.46031746031746,796824223.0,788156238.05,0.3392313555630707,0.14694110214566297,0.9459200569557915,7471637.15,0.9119018372370032,1.4627565258572546,0.04174573055028455,0.017767477790652686,0.09166235111341292,2.0,5.0,-0.0018867924528301883,0.0,1066.27,1060.44,-0.005131765346042427,0.0020599852588212286,0.007170739583432173,0.08811497640975771,-0.02611823465395746,-0.0542182586401162,0.061794777657947275,0.06135481823420097,1.8881473773031643,0.6367784090679725,26.5,26.55,0.0018867924528302993,-0.0017580805896622032,0.0036448730424925024,26.5,26.45,26.5,28.05,0.05849056603773595,0.010821127051877433,0.047669438985858514,26.5,27.7,0.04528301886792452,0.0505424665776657,-0.005259447709741183,-0.0006330415,0.0025,1
2023-05-18,26.5,26.9,26.2,26.45,7571295,0.003795066413662118,-0.02757352941176472,-0.034671532846715314,-0.04166666666666674,0.009541984732824416,0.05168986083499005,27.080000000000002,25.955000000000002,24.170833333333334,26.648333823708064,25.945617326325408,0.7027164973826565,0.7358402822352147,-0.03312378485255818,0.026567731470043727,-0.0012523170076581542,54.6231274613724,25.955000000000002,1.3053432700374972,28.565686540074996,23.344313459925008,0.20117022077249036,0.5948026491119417,0.847008102516015,0.0320229906433276,37.25676330323548,28.2907786274052,15.965387375070721,54.76190476190474,59.92063492063493,804395518.0,790323549.3,0.3334471575549619,0.2560880237008777,1.2732395246324393,7659003.95,-0.023749090451566705,0.9885482563303809,0.0264650283553875,0.0190714698516663,0.09429408722634025,3.0,5.0,0.015037593984962294,1.0,1063.66,1068.31,0.007421447700954209,0.010585364007870579,0.01375959613213018,0.09160568396211562,-0.003626381287292091,-0.05225203067453732,0.03793026470285987,0.0374154433137579,2.0550363547579242,0.651434117319525,26.6,26.7,0.003759398496240518,-0.005139562483062798,0.008898960979303316,26.6,27.0,26.6,28.5,0.0714285714285714,0.007718688383654415,0.06370988304491698,26.6,27.6,0.03759398496240607,0.043770383037574856,-0.0061763980751687875,-0.0006330415,0.0025,1
2023-05-19,26.6,27.1,26.4,27.0,7889414,0.020793950850661602,0.024667931688804545,-0.007352941176470562,-0.0357142857142857,0.04247104247104261,0.06719367588932812,26.880000000000003,26.040000000000003,24.220833333333335,26.702436312368363,26.0237197465976,0.6787165657707632,0.7244155389423245,-0.04569897317156124,0.02513765058410234,-0.0016925545619096757,58.46802718713301,26.040000000000003,1.3157547363837887,28.671509472767582,23.408490527232424,0.2021128627317649,0.6824048155506652,0.8365075237648713,0.030981760139439676,36.78803199234042,28.30755372721306,15.011099044033644,63.013698630136965,56.718851924331396,812284932.0,792714330.8,0.33945495616859306,0.16213862269200427,0.940539726084977,7882474.2,0.0019516746853181343,1.000880408844218,0.025925925925926033,0.03686635944700445,0.11474281782212281,4.0,5.0,0.005524861878453136,1.0,1070.13,1067.07,-0.0011607117784163679,0.0001593401443433784,0.01142158442493968,0.09182199698335346,0.02195466262907797,-0.03587362585862908,0.05577209146438844,0.05514227926636406,2.039706459710076,0.6460039548719307,27.15,27.0,-0.0055248618784530246,-0.003335457032567546,-0.0021894048458854787,27.15,27.3,27.15,28.65,0.05524861878453047,0.02203650264213164,0.03321211614239883,27.15,27.5,0.012891344383057168,0.04487876175842298,-0.03198741737536581,-0.0006330415,0.0025,1
2023-05-22,27.15,27.45,26.95,27.3,6763226,0.011111111111111072,0.032136105860113506,0.036053130929791344,-0.0036496350364962904,0.04597701149425282,0.1234567901234569,26.860000000000003,26.190000000000005,24.28916666666667,26.794369187388615,26.118259024627406,0.6761101627612085,0.7147544637061013,-0.038644300944892795,0.024765940027883095,-0.0014155421591535821,60.437186592636664,26.190000000000005,1.2773945522452355,28.744789104490476,23.635210895509534,0.1950965333707881,0.7172390664358527,0.8124712720673805,0.0297608524566806,36.69515050091824,30.140253527816373,14.351247183942771,68.65671641791043,62.1441066033174,819048158.0,795735399.65,0.2996346144730466,0.48103287317685334,1.4290585984500843,7928509.45,-0.3297433600274265,0.8530261637009211,0.018315018315018316,0.0423825887743412,0.12395786873434655,0.0,5.0,-0.016483516483516425,0.0,1067.32,1070.64,0.0033456099412412232,0.004626023965243808,0.020648630097809484,0.08916266690927918,0.007765501169869848,-0.008275659001740099,0.10280816002564741,0.10072825945574948,2.156412808577457,0.638966016242487,27.3,28.15,0.031135531135531025,0.001733263754286618,0.029402267381244407,27.3,26.85,27.3,27.9,0.0219780219780219,0.023016997167138786,-0.0010389751891168864,27.3,27.75,0.016483516483516425,0.030080512896973444,-0.013596996413457019,-0.0010223456,0.0025,1
2023-05-23,27.3,27.45,26.6,26.85,8729710,-0.016483516483516425,-0.005555555555555536,0.015122873345935872,-0.012867647058823484,-0.023636363636363567,0.1049382716049383,26.79,26.317500000000003,24.354166666666668,26.802927773944212,26.17246205984019,0.6304657141040231,0.6978967137856856,-0.06743099968166255,0.02348103218264518,-0.0025113966361885493,56.13758715092676,26.317500000000003,1.203970951739321,28.725441903478643,23.909558096521362,0.18299169020451336,0.6105716045787319,0.8151518954911389,0.030359474692407407,35.93807244372901,27.895341905441644,16.34924815422384,40.0,57.22347168268249,810318448.0,798319983.0,0.309564244923301,0.4892013682081621,1.0361867619650054,8210552.9,0.1550876023269667,1.063230467706992,0.031657355679701966,0.020233684810487373,0.1024807527801539,1.0,5.0,-0.016666666666666607,0.0,1073.12,1065.85,-0.004473959500859492,-5.628993066975063e-05,0.01582082439837973,0.09126847509153838,-0.012009556982656933,-0.012811357128153733,0.08911744720655856,0.0877294942829494,2.165388944739927,0.6420477069065397,27.0,27.85,0.031481481481481444,0.00834323234779677,0.023138249133684674,27.0,26.55,27.0,28.0,0.03703703703703698,0.03664661921375312,0.00039041782328386176,27.0,28.75,0.06481481481481488,0.03983612844088169,0.02497868637393319,-0.0006330415,0.0025,1
2023-05-24,27.0,27.25,26.5,26.55,8738363,-0.011173184357541888,-0.027472527472527486,-0.016666666666666607,0.007590132827324458,-0.04496402877697847,0.08367346938775522,26.830000000000002,26.419999999999998,24.424166666666665,26.764015808722025,26.200427833185362,0.5635879755366631,0.6710349661358812,-0.10744699059921814,0.021227419040928928,-0.0040469676308556735,53.409634734447714,26.419999999999998,1.1258213376069066,28.67164267521381,24.168357324786186,0.17044986186327118,0.5288678131372816,0.8104981886703433,0.030527238744645697,35.04698126290113,26.05154590780399,16.149905493545106,27.99999999999997,45.55223880597015,801580085.0,800186095.8,0.3146493512892275,0.59609896652392,0.905372883897221,8365918.65,0.11309653648316446,1.0445192411714401,0.02824858757062147,0.0049205147615443146,0.08703811116039462,2.0,5.0,0.00945179584120992,1.0,1069.13,1061.79,-0.0038091663930196473,0.0012730564671268318,0.018103192029992776,0.08937216654579865,-0.00736401796452224,0.0063170763601976265,0.06557027735776244,0.06440435298805225,2.172979868376594,0.6344335499047122,26.45,28.05,0.060491493383743045,0.012372531849382806,0.04811896153436024,26.45,26.7,26.45,28.3,0.06994328922495274,0.04473508281310323,0.02520820641184951,26.45,29.3,0.1077504725897922,0.05313409225728094,0.05461638033251126,-0.0006330415,0.0025,1
2023-05-25,26.45,27.2,26.45,26.7,7453868,0.005649717514124131,-0.005586592178770999,-0.02197802197802201,0.00945179584120992,-0.03260869565217395,0.09876543209876543,26.880000000000003,26.54,24.5175,26.754167222764792,26.237433178875335,0.516734043889457,0.6401747816865964,-0.12344073779713938,0.01935333497713322,-0.004623248606634434,54.597634131312184,26.54,1.0098983794632754,28.55979675892655,24.52020324107345,0.15220774370207607,0.5396079455254287,0.8061768894796045,0.03019389099174549,34.12147783820732,24.32038919891334,15.519732812996237,33.999999999999915,33.99999999999998,809033953.0,802538375.55,0.3112465621537512,0.5131187096163097,0.9919619590070711,8625138.5,-0.3934566290940879,0.8642027023681996,0.028089887640449437,0.006028636021100153,0.08901804833282356,3.0,5.0,0.00746268656716409,1.0,1062.03,1064.63,0.0026747285244730357,-0.003444693019816203,0.0223457785972192,0.08911104178885042,0.002974988989651095,0.012896488861026123,0.07641965350154623,0.07474932170835902,2.0594883398844845,0.5992674438991865,26.8,28.5,0.06343283582089554,0.010447509463663351,0.05298532635723219,26.8,27.0,26.8,27.5,0.026119402985074647,0.03193283610059594,-0.005813433115521294,26.8,29.1,0.08582089552238803,0.0544020089202053,0.03141888660218273,-0.0006330415,0.0025,1
2023-05-26,26.8,27.15,26.75,27.0,5379580,0.011235955056179803,0.016949152542372836,0.005586592178770999,0.0,-0.0357142857142857,0.09756097560975596,26.880000000000003,26.659999999999997,24.613333333333333,26.791987650031746,26.293919610069754,0.4980680399619928,0.6117534333416756,-0.11368539337968286,0.01844696444303677,-0.00421057012517344,56.96134047262672,26.659999999999997,0.9043171311462707,28.46863426229254,24.851365737707454,0.13568149004445185,0.5939935749002772,0.7807356830882042,0.02891613641067423,33.262081800991645,23.319119739078698,14.880786027920076,37.20930232558139,33.06976744186044,814413533.0,804875842.8,0.31091927626632243,0.522951349693198,1.0176078765800518,8610326.0,-1.079428879954032,0.6247823833847871,0.014814814814814762,0.012753188297074391,0.09696641386782234,4.0,5.0,0.025500910746812266,1.0,1067.24,1063.76,-0.0008171853132075135,-0.0031019520743718054,0.027936415905686962,0.08514807504188143,0.012053140369387316,0.0031019520743718054,0.069624559704069,0.06773236031600716,2.05706832140281,0.5978072566353501,27.45,28.65,0.04371584699453557,0.02201735154683604,0.02169849544769953,27.45,28.15,27.45,27.6,0.005464480874316946,0.03765435568797204,-0.032189874813655095,27.45,29.0,0.0564663023679417,0.05812580808364731,-0.0016595057157056115,-0.0006330415,0.0025,1
2023-05-29,27.45,28.2,27.3,28.15,12172468,0.042592592592592515,0.054307116104868935,0.06026365348399243,0.031135531135531025,0.027372262773722733,0.14430894308943087,27.05,26.8375,24.710833333333333,27.00091262694994,26.43140704636088,0.569505580589059,0.6033038627911523,-0.033798282202093355,0.020231104106183267,-0.0012006494565574904,64.57489484095765,26.8375,0.8234834546002493,28.484466909200496,25.1905330907995,0.12273623915793179,0.8984597360966832,0.8106831342961895,0.028798690383523607,33.65000749239932,30.105024213155325,13.307426608820235,90.69767441860454,53.968992248061966,826586001.0,807821933.45,0.33771887035036546,0.400562909486305,0.16937980440982406,9065489.05,1.113055613223422,1.3427260165296873,0.03197158081705146,0.04890544946436881,0.13917647455569404,0.0,5.0,-0.01590106007067138,0.0,1067.34,1074.98,0.010547491915469775,0.004053650153179378,0.03284012298232142,0.08997112557219956,0.03204510067712274,0.027081880982351647,0.11146882010710946,0.10792456414768603,2.044828622352223,0.5873554674106745,28.3,27.9,-0.014134275618374659,0.017611835153223065,-0.031746110771597724,28.3,27.85,28.3,27.9,-0.014134275618374659,0.03448211935262613,-0.04861639497100079,28.3,30.0,0.060070671378091856,0.0493224078159471,0.010748263562144755,-0.0013595752,0.0025,1
2023-05-30,28.3,28.3,27.45,27.85,8892090,-0.010657193605683735,0.031481481481481444,0.04307116104868913,0.03724394785847296,0.023897058823529438,0.11847389558232946,27.25,26.985000000000003,24.8025,27.13154145357303,26.536488005889705,0.5950534476833234,0.6016537797695866,-0.006600332086263205,0.021366371550568163,-0.00023699576611358006,61.517607543854275,26.985000000000003,0.715265868861512,28.415531737723025,25.55446826227698,0.10602421624776893,0.802335130773407,0.8134914818464618,0.029209748001668288,34.10389038450721,28.736209232204555,12.314237473740521,76.74418604651166,68.21705426356588,817693911.0,809898358.7,0.3427388734806525,0.5271191086542422,0.10348402003411566,9085032.65,-0.0691896841352314,0.9787625804514858,0.030520646319569168,0.032054845284417155,0.12287067835903653,1.0,5.0,0.008992805755395628,1.0,1078.82,1078.05,0.002855867085899133,0.011446263545527025,0.03695545530621458,0.08946172273550872,-0.013513060691582868,0.025797684312945934,0.08151844027611488,0.07861325176407163,2.0367368636764347,0.5827670459667732,27.8,28.0,0.007194244604316502,0.027745064401561548,-0.020550819797245046,27.8,28.05,27.8,27.9,0.003597122302158251,0.040866476877567504,-0.03726935457540925,27.8,30.3,0.08992805755395694,0.05187362642457716,0.038054431129379784,-0.0010223456,0.0025,1
2023-05-31,27.8,28.5,27.65,28.05,11148598,0.007181328545780907,-0.003552397868561208,0.03888888888888897,0.05649717514124286,0.06451612903225801,0.08720930232558133,27.55,27.097499999999997,24.911666666666665,27.272842768407948,26.64860000545343,0.6242427629545162,0.6061715764065725,0.018071186547943707,0.022254643955597724,0.000644249074793002,62.7826677876209,27.097499999999997,0.695753094438925,28.489006188877845,25.70599381112215,0.10270365818823496,0.8422550354476427,0.8160992331431433,0.02909444681437231,34.714085575195845,28.34884581332153,11.398110975919012,80.43478260869568,82.62554769127064,828842509.0,812074386.35,0.32365327231806174,0.6710004463941505,0.882719500754622,9184635.05,0.6948121869862692,1.2138313541374732,0.030303030303030352,0.035150844173816864,0.12597845721549494,2.0,5.0,0.01243339253996445,1.0,1078.39,1075.17,-0.0026714901906218502,0.012601361851213522,0.024830333994204867,0.08645070384363084,0.009852818736402758,0.04389581329002934,0.06237896833137646,0.06086760536083946,1.956726927967639,0.5585761215292125,28.15,28.3,0.005328596802842034,0.030912317541137435,-0.0255837207382954,28.15,28.5,28.15,27.7,-0.01598579040852577,0.038233900415323374,-0.05421969082384914,28.15,29.6,0.051509769094138624,0.05768069350627614,-0.006170924412137513,-0.0006330415,0.0025,1
2023-06-01,28.15,28.6,27.8,28.5,10383951,0.016042780748663166,0.02333931777378817,0.01243339253996445,0.0674157303370786,0.07750472589792068,0.08778625954198471,27.910000000000004,27.2125,25.027499999999996,27.46163618865288,26.785740745790214,0.6758954428626645,0.620116349697791,0.055779093164873506,0.023715629574128577,0.0019571611636797722,65.52851482165192,27.2125,0.7288915521098431,28.670283104219685,25.754716895780312,0.1071406966812815,0.9415951852759218,0.8149492879186331,0.028594711856794144,35.375594473707324,27.237551717338203,10.598894832226398,95.83333333333327,84.33743399618022,839226460.0,814145682.5,0.323904387938453,0.6664829318651305,0.8659870924300537,9079903.55,0.4767170097307326,1.1436190861300504,0.028070175438596516,0.04731281580156188,0.13874737788432734,3.0,6.0,-0.00520833333333337,0.0,1076.27,1078.39,0.0029948752290336333,0.012924678057165462,0.03630562842947915,0.07919938478779255,0.013047905519629532,0.05449105227991313,0.05148063111250556,0.04967707373212327,1.964557392315332,0.5601286148765009,28.8,27.5,-0.04513888888888895,0.015799813685792863,-0.06093870257468181,28.8,28.65,28.8,27.6,-0.04166666666666663,0.03023455298425559,-0.07190121965092222,28.8,29.0,0.00694444444444442,0.038000719431096064,-0.031056274986651644,-0.0006330415,0.0025,1
2023-06-02,28.8,29.0,28.5,28.65,9835297,0.0052631578947368585,0.021390374331550666,0.02872531418312385,0.061111111111111116,0.061111111111111116,0.10617760617760608,28.24,27.35,25.141666666666666,27.64446139039859,26.923834023879827,0.7206273665187624,0.6402185530619853,0.08040881345677708,0.025152787662085948,0.0028065903475314865,66.41792492304918,27.35,0.727649423974719,28.80529884794944,25.894701152050562,0.1064203910749133,0.9466436573600456,0.7924529102101593,0.027659787441890377,36.35294682006699,29.61545093213503,10.121223599757313,87.49999999999996,87.92270531400966,849061757.0,817014903.4,0.31843590704327923,0.5913800458921314,1.0121987867731423,9265508.5,0.21510670648324728,1.061495653476547,0.017452006980802792,0.047531992687385616,0.13954259197878693,4.0,6.0,-0.03460207612456745,0.0,1084.19,1090.84,0.011544988362280684,0.025456869970670093,0.04857206025127114,0.08592137829508263,-0.006281830467543825,0.03565424114044102,0.05760554592633493,0.05493713604435624,1.9292582177661972,0.5525655735599827,28.9,27.6,-0.04498269896193763,0.006662425013633788,-0.051645123975571416,28.9,27.9,28.9,27.5,-0.04844290657439443,0.013652063261225145,-0.06209496983561957,28.9,29.35,0.01557093425605549,0.018160334484639273,-0.0025894002285837825,-0.0006330415,0.0025,1
2023-06-05,28.9,28.9,27.8,27.9,14677953,-0.02617801047120416,-0.021052631578947434,-0.005347593582887722,-0.008880994671403242,0.0219780219780219,0.06896551724137923,28.189999999999998,27.440000000000005,25.225833333333338,27.68377502264496,26.996142614703544,0.6876324079414147,0.6497013240378712,0.037931083903543494,0.02464632286528368,0.0013595370574746772,58.31606120950355,27.440000000000005,0.6742637310040908,28.788527462008187,26.091472537991823,0.09828917361575668,0.6705564079929738,0.8144205594808621,0.029190701056661727,35.70573123459773,26.758292845398916,15.284110211505494,60.71428571428568,81.34920634920633,834383804.0,818825153.9,0.337129067305758,0.5754328924902348,0.604370148216947,9674333.4,1.771233057415274,1.5172056195623773,0.03942652329749097,0.016763848396501135,0.10600905156750651,0.0,6.0,0.0053859964093356805,1.0,1100.2,1097.82,0.006398738586777197,0.021246906919198505,0.04212864520048587,0.0786210740843425,-0.03257674905798136,-0.030127901590601747,0.026836872040893356,0.025751976173469915,1.7672944667058317,0.5071441652315207,27.85,27.9,0.0017953321364452268,0.014572859753270384,-0.012777527616825157,27.85,28.0,27.85,27.75,-0.0035906642728905647,0.004918226529332159,-0.008508890802222724,27.85,29.8,0.07001795332136451,0.02319111991927203,0.04682683340209248,0.00031322593,0.0025,1
2023-06-06,27.85,28.1,27.6,28.0,10377831,0.0035842293906811484,-0.022687609075043635,-0.01754385964912286,0.0053859964093356805,0.04283054003724396,0.018181818181818077,28.22,27.465000000000003,25.3125,27.73242501916112,27.0705024210218,0.66192259813932,0.6521455788581609,0.009777019281159038,0.023640092790689998,0.0003491792600413942,59.03360887774719,27.465000000000003,0.6857765479253367,28.836553095850675,26.09344690414933,0.09987643152016543,0.6950343743959019,0.791961948089372,0.028284355288906143,34.71378255230467,25.551601894889686,16.398697031893324,64.28571428571429,70.83333333333333,844761635.0,820263893.9,0.28057111438001653,0.1426532304643829,0.3730379187094301,9302822.9,0.5137134120446624,1.1155571928602446,0.017857142857142856,0.019479337338430547,0.10617283950617273,1.0,6.0,0.005328596802842034,1.0,1099.99,1108.31,0.009555300504636488,0.028069199016743207,0.05175702477770283,0.08261422277120399,-0.00597107111395534,-0.022683202607407527,-0.033575206595884755,-0.03192296871321698,1.7516863919544565,0.5067090842880224,28.15,27.9,-0.008880994671403242,0.009706117822735116,-0.018587112494138358,28.15,28.3,28.15,28.75,0.02131438721136769,4.4977376379540246e-05,0.02126940983498815,28.15,29.8,0.05861456483126126,0.018287801235978174,0.04032676359528309,-0.000345427,0.0025,1
2023-06-07,28.15,28.35,27.9,28.3,9925966,0.010714285714285676,0.01433691756272415,-0.012216404886561838,0.00891265597147961,0.06591337099811678,0.017985611510791477,28.27,27.49,25.409166666666668,27.819744246982488,27.161576315760925,0.6581679312215627,0.6533500493308413,0.004817881890721409,0.023256817357652393,0.00017024317635057983,61.19190142382805,27.49,0.7074044477042485,28.904808895408497,26.0751911045915,0.1029326224378682,0.7862577421688216,0.7675360946544171,0.027121416772240885,34.09824667346966,26.808106706783796,15.711952812701295,73.07692307692312,66.02564102564105,854687601.0,821731931.55,0.2804811557261087,0.14403759295928306,0.3779118567103005,9332120.55,0.283152056737211,1.063634566958096,0.015901060070671477,0.029465260094579948,0.11377127677019439,2.0,6.0,-0.03169014084507038,0.0,1111.67,1109.54,0.0011097978002545528,0.031967037770771034,0.048456900950617054,0.08250031503373453,0.009604487914031123,-0.023054381799291424,-0.030471289439825577,-0.0290629871501612,1.7390824475204163,0.5036767159008007,28.4,27.7,-0.02464788732394363,0.00500062957566616,-0.02964851689960979,28.4,27.5,28.4,29.3,0.03169014084507049,0.00593599913658216,0.02575414170848833,28.4,29.5,0.03873239436619724,0.020470203083121863,0.01826219128307538,-0.000345427,0.0025,1
2023-06-08,28.4,28.7,27.5,27.5,17349352,-0.028268551236749095,-0.017857142857142905,-0.014336917562723928,-0.03508771929824561,0.029962546816479474,-0.0036231884057971175,28.07,27.485000000000003,25.497500000000002,27.770552824369798,27.186644736815673,0.5839080875541249,0.6394616569754981,-0.05555356942137313,0.021233021365604544,-0.002020129797140841,53.150312933979365,27.485000000000003,0.7069392886909824,28.898878577381968,26.071121422618038,0.10288365125573692,0.50530455735024,0.798426373607673,0.02903368631300629,32.75066398221342,23.930148520931798,17.603678956216402,41.17647058823531,59.51303598362426,837338249.0,822690872.2,0.2981083896325948,0.0898358962163486,-0.044710441802426816,9841217.55,2.7861413985540135,1.762927393064286,0.04363636363636361,0.0005457522284881833,0.07853711148151765,3.0,6.0,0.0036363636363636598,1.0,1111.86,1101.32,-0.007408475584476437,0.021263179369244822,0.041811714847888704,0.08883835253846536,-0.020860075652272658,-0.056350898667490434,-0.04543490325368582,-0.043611434394668525,1.7824396085321876,0.5166408344312611,27.5,27.6,0.0036363636363636598,0.012564476797418234,-0.008928113161054574,27.5,27.6,27.5,29.1,0.058181818181818334,0.020115854266573585,0.03806596391524475,27.5,30.05,0.09272727272727277,0.020949859941438387,0.07177741278583438,0.00031322593,0.0025,1
2023-06-09,27.5,27.75,26.9,27.6,9188892,0.0036363636363636598,-0.02473498233215543,-0.014285714285714235,-0.036649214659685736,0.022222222222222365,-0.014285714285714235,27.860000000000003,27.465000000000003,25.601666666666667,27.744313928312906,27.217263645199697,0.5270502831132085,0.6169793822030402,-0.08992909908983171,0.019096024750478564,-0.003258300691660569,53.96470498132611,27.465000000000003,0.6971936225817059,28.859387245163415,26.070612754836592,0.10153921319231103,0.5484083601841098,0.8021102040642679,0.029061963915372024,30.493738224399777,22.118799074031195,21.614249418534396,45.09803921568635,53.11714429361495,846527141.0,823654253.05,0.2935574698460139,0.164172080287382,0.16654340764781927,9845657.75,-0.2438243433388247,0.9332938675427754,0.030797101449275412,0.004915346805024479,0.07805481413970461,4.0,6.0,0.00540540540540535,1.0,1103.11,1107.53,0.005638688119711022,0.015300135675259563,0.03808229449807854,0.08583698267659347,-0.002002324483347362,-0.0519493503349453,-0.052368008783792774,-0.05044687599561959,1.6809149551773632,0.48772974754551085,27.75,27.5,-0.009009009009009028,0.0044674220452867175,-0.013476431054295746,27.75,27.9,27.75,29.0,0.04504504504504503,0.01722119143263745,0.02782385361240758,27.75,30.6,0.10270270270270276,0.02504818691117383,0.07765451579152893,0.00031322593,0.0025,1
2023-06-12,27.75,27.9,27.0,27.9,9285765,0.01086956521739113,0.014545454545454417,-0.014134275618374659,0.0,-0.008880994671403242,0.018248175182481674,27.860000000000003,27.49,25.691666666666666,27.76826563164938,27.26783670851824,0.5004289231311425,0.5936692903886607,-0.09324036725751816,0.01793652054233486,-0.0033419486472228734,56.41260503395008,27.49,0.7036745659301719,28.89734913186034,26.082650868139655,0.10238989682505224,0.6456639261424884,0.8091023323453915,0.02900008359660902,28.622865358041285,21.685610079047418,19.8969296098122,56.86274509803918,47.71241830065363,855812906.0,825528711.65,0.2853736124015182,-0.01504297330742247,0.43092325453072916,9863156.5,-0.21476247408470933,0.9414597649342784,0.03225806451612898,0.014914514368861376,0.08595523840415176,0.0,6.0,-0.007117437722420017,0.0,1110.26,1116.02,0.0076657065722824935,0.016578309741123398,0.04720796464328947,0.08741175123122713,0.003203858645108637,-0.016578309741123398,-0.028959789460807794,-0.027654286864283284,1.5437648254365874,0.4343076168419369,28.1,27.75,-0.01245551601423489,-0.010765775037362535,-0.001689740976872356,28.1,27.9,28.1,30.0,0.06761565836298922,0.013065695390315213,0.054549962972674004,28.1,30.6,0.08896797153024916,0.02827022721781214,0.06069774431243702,0.00031322593,0.0025,1
2023-06-13,28.1,28.1,27.6,27.9,6180611,0.0,0.01086956521739113,0.014545454545454417,-0.0035714285714286698,0.0017953321364452268,0.025735294117646967,27.839999999999996,27.525,25.786666666666665,27.788532457549476,27.31466361899837,0.4738688385511054,0.5697092000211497,-0.09584036147004427,0.016984546184627435,-0.003435138403944239,56.41260503395008,27.525,0.70589622019414,28.936792440388277,26.11320755961172,0.10258255697644171,0.6328098909131662,0.7870235943207208,0.028208730979237304,27.184529694725036,22.51669743022689,18.994028306662347,56.86274509803918,52.94117647058825,855812906.0,827931686.5,0.2837098115418151,-0.07742133891794709,0.5258007029105031,9643670.8,-1.234854622093686,0.6408981733387249,0.01792114695340502,0.013623978201634968,0.08195449844881075,1.0,6.0,-0.014234875444839923,0.0,1117.43,1122.46,0.005770505904912238,0.012767186076097836,0.05305325965606844,0.08784785622354711,-0.005770505904912238,-0.016338614647526506,-0.027317965538421474,-0.02594167511275136,1.557500832541653,0.4223473054582219,28.1,28.75,0.02313167259786475,-0.011417798961371517,0.03454947155923627,28.1,27.7,28.1,30.3,0.07829181494661919,0.008687842356121411,0.06960397259049778,28.1,30.8,0.09608540925266906,0.024196130041971964,0.0718892792106971,0.00031322593,0.0025,1
2023-06-14,28.1,28.3,27.7,27.7,10766695,-0.007168458781361964,-0.007168458781361964,0.0036231884057971175,-0.021201413427561877,-0.012477718360071388,0.05123339658444004,27.72,27.5925,25.878333333333334,27.77491207946494,27.34320705462812,0.4317050248368197,0.5421083649842837,-0.110403340147464,0.015585018947177608,-0.003985680149727943,54.1848928626977,27.5925,0.6499544518455334,28.892408903691067,26.292591096308936,0.0942219011464032,0.5413490513430418,0.7736647661549552,0.02793013596227275,26.142908934070928,23.11588474030309,17.94185452263842,42.22222222222219,51.9825708061002,845046211.0,830342785.9,0.25870240317266974,0.11383427419512203,1.092388451412268,9635546.25,0.4038749768161286,1.117393318515803,0.021660649819494636,0.003895986228141579,0.07039350808269451,2.0,6.0,-0.0036101083032490378,0.0,1124.56,1117.42,-0.004490137733193178,0.007102042287794985,0.05373241296065778,0.08712516810370957,-0.002678321048168786,-0.028303455715356862,-0.002499016376217744,-0.0023715853716564927,1.5648595595595662,0.425509211088262,27.7,29.3,0.057761732851985714,0.001253289885950748,0.056508442966034966,27.7,27.6,27.7,29.6,0.06859205776173294,0.01905895833706328,0.04953309942466966,27.7,30.95,0.11732851985559578,0.03324799026014724,0.08408052959544854,0.00031322593,0.0025,1
2023-06-15,27.7,27.8,27.35,27.6,4249061,-0.0036101083032490378,-0.01075268817204289,-0.01075268817204289,0.0036363636363636598,-0.03157894736842104,0.04347826086956519,27.74,27.65,25.973333333333336,27.748002528778027,27.362228754285297,0.38577377449272987,0.510841446885973,-0.12506767239324312,0.013977310670026444,-0.004531437405552287,53.05671399845922,27.65,0.5918303455339743,28.833660691067948,26.46633930893205,0.08561740984216631,0.47887908233444626,0.750545854286744,0.027193690372708114,24.54725268266795,22.125924464465708,20.504386208365514,33.33333333333345,44.139433551198294,840797150.0,832162867.5,0.25959283654577425,0.18488735573847886,1.0471563638508716,9469434.55,-1.7288381708532239,0.44871327612692563,0.01630434782608693,-0.0018083182640143969,0.06262833675564683,3.0,6.0,-0.012567324955116699,0.0,1117.06,1116.97,-0.00040271339335262724,0.014210220462717471,0.04554857672398471,0.08584084058022011,-0.0032073949098964105,-0.010573856826353811,-0.0020703158544195244,-0.0019801240234159634,1.7808714708472606,0.43154030016308315,27.85,29.1,0.044883303411131115,0.00301269252709635,0.041870610884034765,27.85,27.5,27.85,29.0,0.04129263913824044,0.0030929121505989254,0.038199726987641514,27.85,31.0,0.11310592459605018,0.038772818026240774,0.0743331065698094,0.00031322593,0.0025,1
2023-06-16,27.85,28.25,27.5,27.5,8994994,-0.0036231884057971175,-0.0072202166064981865,-0.014336917562723928,-0.0036231884057971175,-0.04013961605584637,0.0185185185185186,27.72,27.675,26.061666666666667,27.70984829358141,27.372434031745644,0.3374142618357645,0.4761560098759313,-0.1387417480401668,0.012269609521300528,-0.005045154474187884,51.89313904098438,27.675,0.5731951077766334,28.82139021555327,26.528609784446733,0.08284662804359659,0.42367345881631474,0.7505068646948337,0.02729115871617577,23.736368363223452,24.829388520168603,19.04077632971493,28.57142857142862,34.70899470899477,831802156.0,833138728.7,0.25078689611496535,0.3657001929928469,1.6809116296139759,9524713.55,-0.17662097337414326,0.9443847264047116,0.02727272727272727,-0.006323396567299078,0.05518961437615899,4.0,6.0,0.0018050541516245744,1.0,1121.92,1115.22,-0.0015667385874285067,0.006943378508934339,0.045123562652871874,0.08606620124124921,-0.002056449818368611,-0.010566566914731457,-0.026605044134353273,-0.025456362371948482,1.8020684961946076,0.43087535880750927,27.7,29.0,0.04693140794223827,0.012279506668578799,0.03465190127365947,27.7,27.75,27.7,29.35,0.05956678700361029,0.0040334145991682835,0.055533372404442005,27.7,31.0,0.11913357400722036,0.04725369281514413,0.07187988119207622,0.00031322593,0.0025,1
2023-06-19,27.7,28.0,27.5,27.75,6020184,0.009090909090909038,0.005434782608695565,0.0018050541516245744,-0.005376344086021501,-0.005376344086021501,0.016483516483516425,27.689999999999998,27.6975,26.154166666666665,27.716025479184268,27.400401881245966,0.31562359793830197,0.4440495274884055,-0.1284259295501035,0.011373823349127999,-0.004627961425228955,54.57521800847582,27.6975,0.5664931364847442,28.83048627296949,26.564513727030512,0.08181144673486701,0.5231688596995968,0.7326135172166314,0.026400487106905634,22.983404352310703,23.6189769527035,18.11255468203795,40.47619047619052,34.12698412698421,837822340.0,834077437.8,0.24981108324963605,0.3838942461602368,1.7676118714135864,9487561.45,-1.1407621183883807,0.6345343881804318,0.018018018018018018,0.0018954779312212455,0.06101640911263351,0.0,6.0,0.03417266187050361,1.0,1115.68,1105.4,-0.008805437492154011,-0.00951595849536735,0.03246656205634002,0.09437135125817842,0.01789634658306305,0.004139614409345849,-0.015983045572823595,-0.015480448626820964,1.735386751743665,0.42109200646458406,27.8,30.0,0.07913669064748197,0.02376667420302958,0.055370016444452386,27.8,28.75,27.8,29.8,0.07194244604316546,0.017861180194438164,0.0540812658487273,27.8,30.85,0.10971223021582732,0.06093601627854417,0.04877621393728315,0.00031322593,0.0025,1
2023-06-20,27.8,28.8,27.8,28.75,14364596,0.03603603603603611,0.045454545454545414,0.04166666666666652,0.03046594982078865,0.02678571428571419,0.07076350093109873,27.860000000000003,27.7925,26.263333333333335,27.875098482386687,27.50037211226478,0.37472637012190546,0.4301848960151055,-0.05545852589320005,0.013033960699892363,-0.0019289922049808713,63.371977005249285,27.7925,0.576120190311271,28.94474038062254,26.64025961937746,0.08291736120338512,0.9154948985048913,0.7552839802725864,0.026270747139916048,23.323136887027964,28.839347761322994,16.31397078957597,88.0952380952381,52.38095238095243,852186936.0,836170862.2,0.26998830004413105,0.36202803490488167,1.1081665668348355,9769305.75,1.4265306274976686,1.4703804310761797,0.034782608695652174,0.034451740577494006,0.09468206625206244,1.0,6.0,0.015597920277296229,1.0,1105.75,1111.72,0.005717387371087401,-0.009568269693352116,0.04303607449453506,0.09256563225185312,0.03031864866494871,0.04003421951414077,0.027727426436563674,0.026583382027319358,1.8127400904441389,0.43436589402161724,28.85,30.3,0.05025996533795496,0.019411717128144268,0.03084824820981069,28.85,29.3,28.85,29.8,0.032928942807625594,0.017317768012006463,0.015611174795619132,28.85,30.65,0.06239168110918536,0.0551436556936542,0.007248025415531156,-0.0010719607,0.0025,1
2023-06-21,28.85,29.3,28.75,29.3,10274081,0.019130434782608674,0.05585585585585595,0.06545454545454543,0.057761732851985714,0.035335689045936425,0.10357815442561202,28.18,27.93,26.375,28.094314100481043,27.633677881726648,0.4606362187543951,0.43627516056296345,0.02436105819143164,0.01572137265373362,0.0008314354331546634,67.1410215686033,27.93,0.5919192690330974,29.113838538066194,26.746161461933806,0.08477182513900422,1.0786262044813573,0.7406208388245445,0.025277161734626092,24.16170905700109,32.13179386500137,15.448607621666776,100.0,76.19047619047622,862461017.0,839214908.8,0.26948186325827045,0.1490772287859092,1.021873967709951,9846091.65,0.13317520002640854,1.043467942937541,0.0187713310580205,0.0490511994271392,0.11090047393364921,2.0,6.0,-0.008517887563884163,0.0,1112.73,1118.46,0.006062677652646453,0.0009307153979702942,0.05337213573305455,0.09078727701326438,0.01306775712996222,0.05683101745401542,0.050206018692557475,0.047662186030408504,1.8237193152381492,0.4396459987768099,29.35,29.6,0.008517887563884052,0.010779517141563222,-0.0022616295776791695,29.35,29.1,29.35,29.5,0.005110732538330387,0.007467523818825761,-0.002356791280495374,29.35,30.7,0.04599659284497437,0.041528666944885995,0.004467925900088376,-0.00073473103,0.0025,1
2023-06-22,29.35,29.7,28.75,29.1,10792182,-0.0068259385665528916,0.012173913043478368,0.048648648648648596,0.05434782608695654,0.058181818181818334,0.0898876404494382,28.48,28.05,26.475833333333334,28.249035008099344,27.74229433493208,0.5067406731672648,0.4503682630838237,0.05637241008344107,0.01741376883736305,0.001937196222798662,64.54026025676569,28.05,0.5723911066284824,29.194782213256964,26.905217786743037,0.08162440023222556,0.9586025131420838,0.7555764931942199,0.025964827944818553,25.31286078785554,33.02749554006026,14.061192338409777,78.57142857142865,88.88888888888893,851668835.0,841346652.9,0.2727484777672869,0.24541729386780464,0.8570646695420052,10013007.35,0.24584832840139653,1.077816246684369,0.03264604810996561,0.03743315508021383,0.09911554562336722,3.0,6.0,-0.010238907849829393,0.0,1126.21,1125.3,0.0061155517407862625,0.007457675676159514,0.05698693442792324,0.09163304878276354,-0.012941490307339154,0.04689015041079703,0.03290070602151496,0.03112688052224777,1.7530250913602472,0.42426779759861716,29.3,29.0,-0.010238907849829393,-0.0008966619318181435,-0.00934224591801125,29.3,29.0,29.3,30.05,0.025597269624573427,-0.00015980113636371307,0.02575707076093714,29.3,30.8,0.05119453924914685,0.04120205965909074,0.009992479590056114,-0.000345427,0.0025,1
2023-06-23,29.3,29.6,29.0,29.0,8798047,-0.003436426116838587,-0.010238907849829393,0.008695652173912993,0.05454545454545445,0.050724637681159424,0.07407407407407418,28.78,28.15,26.58083333333333,28.36456808377637,27.835457717529703,0.5291103662466661,0.4661166837163922,0.06299368253027388,0.018245185042988485,0.0021721959493197886,63.221600581532385,28.15,0.5536957173108736,29.257391434621745,27.042608565378252,0.07867789944026618,0.8837847997670026,0.7444638865374901,0.025671168501292762,26.38178739507753,31.12617551612014,13.251720529653822,75.00000000000003,84.52380952380958,842870788.0,842769515.65,0.2728809651690008,0.3781627803124856,0.9147266103121738,10183930.7,-0.4629481943163727,0.8639146572354426,0.02068965517241384,0.030195381882770933,0.09101169388970765,4.0,6.0,0.027397260273972712,1.0,1126.4,1129.38,0.003625699813383232,0.012697046322698746,0.06168684665714075,0.09066487857600265,-0.007062125930221819,0.041848408222755706,0.012387227416933433,0.011667496358211737,1.7460088212996516,0.42527787133666,29.2,29.35,0.005136986301369939,-0.00876044173863788,0.01389742804000782,29.2,30.0,29.2,30.6,0.047945205479452024,0.007070295908254254,0.04087490957119777,29.2,32.55,0.11472602739726012,0.04939473311623965,0.06533129428102047,-0.000345427,0.0025,1
2023-06-26,29.2,30.15,28.8,30.0,15771750,0.034482758620689724,0.030927835051546282,0.023890784982935065,0.08108108108108114,0.07526881720430123,0.06571936056838368,29.23,28.2425,26.702499999999997,28.61617299396462,27.995794182897875,0.6203788110667467,0.49696910918646314,0.1234097018802836,0.02067929370222489,0.004113656729342787,69.85457231297082,28.2425,0.6911613034367424,29.624822606873483,26.860177393126516,0.09788953576159924,1.135705439258889,0.7877164660705264,0.026257215535684213,27.858629045296823,32.30314569441518,11.629506783101546,95.38461538461542,82.98534798534804,858642538.0,844372342.5,0.25870834097185064,0.12642370697678182,0.5629670754551975,10363894.8,1.6799111414399717,1.5217975774898833,0.04499999999999993,0.06222891033017608,0.12349030989607734,0.0,6.0,0.0033112582781458233,1.0,1130.08,1132.03,0.002346420159733631,0.02409082685000885,0.05307075480474044,0.08618852510413944,0.03213633846095609,0.05699025423107229,0.01264860576364324,0.012011164212786918,1.765617511618439,0.424441462448443,30.2,29.8,-0.013245033112582738,-0.007976730862456427,-0.005268302250126311,30.2,30.3,30.2,30.6,0.013245033112582849,0.012753955312678977,0.0004910777999038718,30.2,32.4,0.07284768211920523,0.04950861575073828,0.023339066368466943,-0.0010719607,0.0025,1
2023-06-27,30.2,30.6,30.05,30.3,11450623,0.010000000000000009,0.04482758620689653,0.04123711340206193,0.05391304347826087,0.08602150537634423,0.08797127468581678,29.540000000000003,28.365,26.829166666666666,28.87522330258545,28.16647609527581,0.7087472073096386,0.5393247288110983,0.1694224784985403,0.023390996940912165,0.005591500940545884,71.51434086855849,28.365,0.8225601881672949,30.010120376334587,26.71987962366541,0.11599650106360578,1.0881028609928471,0.7743081470654889,0.025554724325593692,29.57384448756033,34.666371745258104,10.985825794530799,91.89189189189189,87.42550242550244,870093161.0,846992305.0,0.2542665288249982,-0.039037118594318236,0.7957684312710415,10491821.45,0.2988425148189127,1.0913856144587746,0.018151815181518174,0.06821787414066649,0.12936791427240268,1.0,6.0,-0.02310231023102305,0.0,1134.55,1134.33,0.002031748275222345,0.020337854855539073,0.05220537080840404,0.08620608152067916,0.007968251724777664,0.0335751886227218,0.03576590387741274,0.03399137171285682,1.774832250115851,0.42638780407070304,30.3,29.8,-0.01650165016501648,-0.004555127596334807,-0.011946522568681672,30.3,29.6,30.3,30.8,0.01650165016501659,0.012829982940255613,0.003671667224760977,30.3,32.0,0.05610561056105601,0.05163650433528555,0.004469106225770458,-0.00073473103,0.0025,1
2023-06-28,30.3,30.3,29.6,29.6,10076195,-0.02310231023102305,-0.013333333333333308,0.020689655172413834,0.010238907849829282,0.06859205776173294,0.05525846702317283,29.6,28.442500000000003,26.918333333333337,28.986727409879997,28.272663051181308,0.714064358698689,0.5742726547886164,0.13979170391007256,0.024123795901982735,0.004722692699664613,62.82265823184577,28.442500000000003,0.8633281683784493,30.169156336756902,26.715843663243103,0.12141382345130701,0.8351854029546142,0.7690004222750968,0.025979743995780295,30.199002985422098,32.412382622424,14.451356303180916,72.972972972973,86.7498267498268,860016966.0,848551027.85,0.27189943337028166,0.022623168833792635,0.19781390113398764,10438201.3,-0.11292264374819784,0.9653190919013986,0.023648648648648622,0.04069614133778665,0.09962231440777658,2.0,6.0,-0.016949152542372836,0.0,1137.18,1138.35,0.003543942239030873,0.017783380719918362,0.05876280030134762,0.08399669552237327,-0.02664625247005392,-0.007544472870089081,-0.003504333278174787,-0.0033098379327053395,1.6209171574043837,0.4098297303242508,29.5,29.5,0.0,-0.0042126696038337075,0.0042126696038337075,29.5,29.0,29.5,30.95,0.04915254237288136,0.012971511821804116,0.03618103055107724,29.5,32.2,0.09152542372881367,0.05390461813905301,0.037620805589760664,-0.000345427,0.0025,1
2023-06-29,29.5,29.8,29.0,29.0,10577674,-0.020270270270270285,-0.04290429042904298,-0.033333333333333326,-0.003436426116838587,0.050724637681159424,0.01754385964912286,29.580000000000002,28.4675,26.9825,28.988769346821535,28.326539862204914,0.6622294846166206,0.5918640207542173,0.07036546386240328,0.02283549946953864,0.002426395305600113,56.48561755101814,28.4675,0.8722739490006305,30.212047898001263,26.72295210199874,0.12256418006507502,0.6526183375675977,0.7712146778268757,0.02659360958023709,29.65778679516631,30.010799505422465,18.93768494348954,55.555555555555536,73.4734734734735,849439292.0,849061669.45,0.2789600575871723,0.20892395162467625,0.04488316616413176,10447887.45,0.04048352536013326,1.0124222768115674,0.027586206896551748,0.018705541406867532,0.07477068470304826,3.0,6.0,0.006861063464837169,1.0,1139.42,1125.39,-0.01138489919620489,7.997867235420841e-05,0.043583490202987685,0.09805171762770425,-0.008885371074065396,-0.003516404789192795,-0.026039630553864823,-0.024952129655481436,1.5531447003122576,0.3954317026045996,29.15,30.05,0.030874785591766818,0.0017077292537579503,0.029167056338008868,29.15,29.35,29.15,31.0,0.06346483704974282,0.03657386818464836,0.026890968865094456,29.15,32.55,0.11663807890222988,0.06495597260517649,0.05168210629705339,0.00031322593,0.0025,1
2023-06-30,29.15,29.65,29.05,29.35,7509055,0.012068965517241459,-0.008445945945945943,-0.031353135313531344,0.012068965517241459,0.06727272727272737,0.02443280977312412,29.65,28.502500000000005,27.05,29.044343293464376,28.40235172426381,0.6419915692005667,0.6018895304434871,0.04010203875707952,0.021873648013647926,0.0013663386288613123,59.07872672701275,28.502500000000005,0.8937612715519715,30.290022543103948,26.71497745689606,0.12542917590414476,0.7370599473750846,0.7625564865535274,0.025981481654293946,29.155228904214507,28.183579393816697,17.784656055014054,61.53846153846154,63.355663355663374,856948347.0,849455998.95,0.28136994347727684,0.15297332692902377,-0.08319950906849978,10331575.35,-0.8629327846700093,0.7268063916312627,0.020442930153321902,0.02973423383913687,0.08502772643253231,4.0,6.0,0.008460236886632888,1.0,1124.3,1120.18,-0.00462950621562308,-0.00814606244133953,0.02689670345788575,0.09423925221845536,0.01669847173286454,0.02021502795858099,-0.002463893684761631,-0.0023993588415124334,1.5082450264117329,0.38613877295243304,29.55,30.6,0.035532994923857864,0.011123450757407394,0.02440954416645047,29.55,29.8,29.55,31.0,0.04906937394247035,0.03807027675358721,0.010999097188883145,29.55,32.8,0.10998307952622666,0.0729598862778198,0.03702319324840686,-0.000345427,0.0025,1
2023-07-03,29.55,30.1,29.3,29.8,6585131,0.015332197614991383,0.02758620689655178,0.006756756756756799,-0.006666666666666599,0.07387387387387401,0.06810035842293916,29.610000000000003,28.597499999999997,27.11,29.160598171392934,28.505881226170192,0.6547169452227415,0.612455013399338,0.04226193182340343,0.02197036728935374,0.0014181856316578332,62.19785724666669,28.597499999999997,0.9267195964940899,30.450939192988177,26.744060807011817,0.12962246301167446,0.8243969385532662,0.7652310232282755,0.025678893396921997,29.185308791239454,30.27941112897632,16.45660474836524,75.38461538461537,64.15954415954417,863533478.0,850913482.65,0.2656340564520346,0.060739515721125494,0.15269232307107983,9926934.25,-1.0427592962845695,0.6633599895153934,0.02684563758389264,0.04204913016872114,0.09922537808926601,0.0,7.0,0.0,0.0,1125.55,1125.5,0.0047492367298112015,-0.005768398364000893,0.025213605144741358,0.09324258418207826,0.010582960885180182,-0.0008982683026657057,0.0428867532781978,0.041832017311302705,1.4973482103300362,0.3910491219837228,29.8,30.6,0.02684563758389258,0.019439096450213356,0.007406541133679223,29.8,29.8,29.8,30.85,0.03523489932885915,0.04083008756909279,-0.0055951882402336395,29.8,33.0,0.10738255033557054,0.08498726832341141,0.022395282012159123,-0.00073473103,0.0025,1
2023-07-04,29.8,29.85,29.5,29.8,5357936,0.0,0.015332197614991383,0.02758620689655178,-0.01650165016501648,0.03652173913043488,0.06428571428571428,29.51,28.6875,27.188333333333336,29.25896768348633,28.601741876083512,0.657225807402817,0.6214091722000339,0.03581663520278311,0.022054557295396543,0.001201900510160507,62.19785724666669,28.6875,0.9526797385325,30.592859477065,26.782140522935,0.13283551909821362,0.7919396610957858,0.735571664426256,0.02468361290020993,29.213240114905474,29.250299602752893,15.897291307396802,75.38461538461537,70.76923076923077,863533478.0,851852074.8,0.26591135608642186,0.09571028966933745,0.14156058755698422,9675939.5,-1.2849688975909404,0.5537380633684202,0.011744966442953067,0.03877995642701526,0.0960583583644945,1.0,7.0,-0.01666666666666672,0.0,1127.11,1132.0,0.005775211017325699,-0.0020540759743636894,0.02137488608782756,0.08968088505477119,-0.005775211017325699,-0.01444757419065279,0.04291082819788672,0.0420128091872789,1.308792670907881,0.3475038498854993,30.0,30.8,0.026666666666666616,0.013311162725225145,0.013355503941441471,30.0,29.5,30.0,30.65,0.021666666666666723,0.03294798704954949,-0.011281320382882765,30.0,32.05,0.06833333333333313,0.07119228603603589,-0.002858952702702755,-0.000345427,0.0025,1
2023-07-05,30.0,30.25,29.5,29.5,10372086,-0.010067114093959773,-0.010067114093959773,0.005110732538330387,-0.0033783783783783994,0.0068259385665527805,0.042402826855123754,29.49,28.747500000000002,27.2625,29.296049578334586,28.66827951489214,0.6277700634424441,0.622681350448516,0.005088712993928102,0.021280341133642175,0.0001724987455568848,58.73631818141017,28.747500000000002,0.9647027085010603,30.67690541700212,26.818094582997883,0.1342311795461949,0.6950082635222463,0.7366022598243805,0.02496956812964002,29.665721997369694,31.001804575855587,14.741117002478912,64.51612903225804,71.76178660049628,853161392.0,851775764.35,0.2683974698331299,0.26458089330395435,0.08137365637068034,9698245.5,0.20033184766241224,1.0694806601874536,0.025423728813559324,0.026176189233846348,0.08207244383310419,2.0,7.0,0.01520270270270263,1.0,1136.64,1134.62,0.002314487632508744,-0.0032766723766856076,0.022603962002271105,0.08978928498267079,-0.012381601726468516,-0.00010170600169279176,0.01979886485285265,0.019361224470601623,1.2953845536609898,0.342751039484342,29.6,30.95,0.045608108108108114,0.018082385110699484,0.02752572299740863,29.6,30.05,29.6,30.7,0.03716216216216206,0.03464761400723293,0.0025145481549291304,29.6,32.1,0.08445945945945943,0.07650172003175437,0.007957739427705057,-0.000345427,0.0025,1
2023-07-06,29.6,30.45,29.3,30.05,10159050,0.01864406779661021,0.008389261744966348,0.008389261744966348,0.036206896551724155,0.03264604810996552,0.09272727272727277,29.7,28.875,27.323333333333334,29.412041950898494,28.770629180455686,0.641412770442809,0.6264276344473746,0.014985135995434384,0.02134485092987717,0.0004986734108297632,62.821503436897565,28.875,0.9596463164267077,30.794292632853416,26.955707367146584,0.1329380178599769,0.8061023576829777,0.7661306698369247,0.02549519699956488,30.085883745372183,27.677858799102744,13.160606632989975,82.25806451612901,74.05293631100083,863320442.0,853074874.0,0.24866535590189046,0.3280365420771178,-0.0017847417707789824,9338730.4,0.28808783242280045,1.087840591264954,0.03826955074875203,0.04069264069264067,0.09979260705136017,3.0,7.0,0.020000000000000018,1.0,1133.7,1126.22,-0.007403359715146829,0.0007375221034484625,0.022609232557294856,0.08978283155278055,0.026047427511757038,0.03546937444827569,0.07011804016997791,0.06856777539024361,1.3307624832106058,0.37355021103469055,30.0,31.0,0.03333333333333344,0.035947305729879586,-0.002613972396546149,30.0,30.6,30.0,30.8,0.026666666666666616,0.04251631140109158,-0.01584964473442496,30.0,32.05,0.06833333333333313,0.07641913634020159,-0.008085803006868453,-0.000345427,0.0025,1
2023-07-07,30.0,30.8,29.9,30.6,8088863,0.01830282861896837,0.03728813559322042,0.02684563758389258,0.042589437819420706,0.05517241379310356,0.10869565217391308,29.95,29.025,27.4,29.594804727683343,28.90613813005156,0.6886665976317836,0.6388754270842565,0.04979117054752713,0.02250544436705175,0.001627162436193697,66.4034801324012,29.025,0.9840170088387376,30.993034017677473,27.056965982322524,0.13560957916812919,0.9001455223468898,0.7756927648485731,0.025349436759757288,30.84079707524152,28.606975467273852,12.069918365451175,93.33333333333336,80.03584229390682,871409305.0,854318982.2,0.2533489489657698,0.19425737675490776,-0.27797463755088275,9283728.95,-0.4176244484760897,0.8712946105562465,0.029411764705882422,0.054263565891472965,0.11678832116788329,4.0,7.0,-0.0032573289902279035,0.0,1124.98,1138.07,0.01052192289250753,0.015970647574496732,0.02757487381831636,0.09457781621361724,0.0077809057264608406,0.026618790244923973,0.08112077835559672,0.07894390999865908,1.376541557323749,0.39534123953623446,30.7,31.0,0.009771986970684043,0.022571131007080414,-0.01279914403639637,30.7,30.6,30.7,32.55,0.06026058631921827,0.03788694305143503,0.02237364326778324,30.7,32.5,0.05863192182410426,0.07296452857930547,-0.014332606755201205,-0.00073473103,0.0025,1
2023-07-10,30.7,30.85,30.25,30.6,7345434,0.0,0.01830282861896837,0.03728813559322042,0.02684563758389258,0.020000000000000018,0.09677419354838723,30.110000000000003,29.160000000000004,27.473333333333336,29.749450154193596,29.03160937967737,0.7178407745162261,0.6546684965706504,0.06317227794557567,0.023458848840399543,0.002064453527633192,66.4034801324012,29.160000000000004,1.0065051572538677,31.17301031450774,27.14698968549227,0.13806655106363064,0.8576732790741158,0.7631432816451037,0.02493932292957855,31.592836852125824,27.468433861697694,11.392087310518617,88.0952380952381,87.89554531490018,871409305.0,855098802.15,0.25311335835315063,0.30382321037220267,-0.22441928055043464,9186712.4,-0.63629714209142,0.799571563816453,0.019607843137254947,0.04938271604938271,0.11380732831836915,0.0,7.0,0.006535947712418277,1.0,1142.61,1149.02,0.00962155227710082,0.020897378942692058,0.029569362556226553,0.09653695333364314,-0.00962155227710082,0.005948258641200521,0.06720483099216068,0.06527469973009281,1.319688586976645,0.38587764812128683,30.6,30.85,0.008169934640522847,0.019111655503722513,-0.010941720863199667,30.6,30.8,30.6,32.4,0.05882352941176472,0.03439229279056222,0.0244312366212025,30.6,32.6,0.065359477124183,0.07843597161050453,-0.013076494486321533,-0.000345427,0.0025,1
2023-07-11,30.6,31.3,30.55,30.8,8603576,0.006535947712418277,0.006535947712418277,0.024958402662229595,0.033557046979865834,0.01650165016501659,0.10394265232974909,30.310000000000002,29.305,27.545,29.91107320739458,29.162601277479045,0.7484719299155351,0.6734291832396274,0.07504274667590771,0.02430103668556932,0.0024364528141528475,67.71527142785277,29.305,1.0241684688718067,31.353336937743613,27.256663062256386,0.13979436531265063,0.8649301959195366,0.7622044758133106,0.02474689856536723,32.72888903227605,29.754910164313397,10.591396142989437,80.3921568627451,87.27357609710553,880012881.0,856308800.9,0.252549465767455,0.2390196084401165,-0.22301253765572945,9307860.65,-0.25056426848313623,0.9243344226473781,0.024350649350649352,0.05101518512199288,0.11817026683608645,1.0,7.0,0.0032414910858995505,1.0,1151.13,1151.77,0.0023933438930567874,0.017464664310953948,0.026112289079343487,0.09528033745085485,0.00414260381936149,0.016092382668911887,0.0778303632504056,0.07584975258432691,1.3717839651014958,0.39808734932655065,30.85,30.65,-0.006482982171799101,0.01708291102506121,-0.02356589319686031,30.85,30.95,30.85,32.0,0.037277147487844386,0.035976333411298134,0.0013008140765462528,30.85,32.0,0.037277147487844386,0.07611077903964936,-0.03883363155180497,-0.000345427,0.0025,1
2023-07-12,30.85,31.1,30.5,30.95,7267605,0.004870129870129913,0.011437908496731986,0.011437908496731986,0.04915254237288136,0.045608108108108114,0.11732851985559578,30.6,29.4675,27.65,30.070908098564644,29.295001182850967,0.7759069157136764,0.6939247297344373,0.08198218597923912,0.025069690330005702,0.0026488589977137033,68.70229801133134,29.4675,1.0138871264902969,31.495274252980593,27.43972574701941,0.13762784443747125,0.865548580622546,0.7506184418266457,0.02425261524480277,33.65365481298419,28.056030461184623,10.46247029328832,85.99999999999994,84.82913165266108,887280486.0,858420514.65,0.24838916476436798,0.1509584169493707,-0.06316895864595719,9132906.15,-0.6604989636871579,0.7957603944063303,0.019386106623586478,0.05030966318825825,0.11934900542495486,2.0,7.0,-0.0016103059581320522,0.0,1154.37,1154.2,0.002109796226677174,0.01725687895506889,0.03291510801668118,0.09280249577297738,0.0027603336434527392,0.03189566341781247,0.0844134118389146,0.08172347483715114,1.0025502177861372,0.3180007275422929,31.05,30.7,-0.011272141706924366,0.011294271821222779,-0.022566413528147145,31.05,31.0,31.05,32.2,0.0370370370370372,0.035313997999792957,0.001723039037244245,31.05,31.3,0.008051529790660261,0.06389454081456702,-0.05584301102390676,-0.000345427,0.0025,1
2023-07-13,31.05,31.2,30.8,31.0,6341448,0.001615508885298933,0.006493506493506551,0.013071895424836555,0.03161397670549082,0.06896551724137923,0.12318840579710133,30.79,29.6375,27.747500000000002,30.213845314170083,29.421297391528675,0.7925479226414076,0.7136493683158314,0.07889855432557624,0.025566062020690568,0.0025451146556637497,69.04205412120474,29.6375,0.9682967955178153,31.57409359103563,27.700906408964368,0.13068535409772292,0.8517774731639428,0.7255742674104567,0.02340562152936957,34.612927307957605,27.93569108318341,10.050482525678753,87.99999999999997,84.79738562091502,893621934.0,861061753.85,0.24648279844970553,0.10986094873779957,0.02524594255487723,9237525.5,-1.0854536548433085,0.6864877396008271,0.012903225806451568,0.045972163644032005,0.11721776736642942,3.0,7.0,-0.0064102564102563875,0.0,1159.88,1165.42,0.009721018887541177,0.034806698513611956,0.043376276891948784,0.09672626603644888,-0.008105510002242244,-0.003192721808121135,0.07981212890515255,0.07649409965779563,0.9658680641953228,0.31395779509000177,31.2,30.8,-0.012820512820512775,0.0030875812521380386,-0.015908094072650814,31.2,31.0,31.2,32.55,0.043269230769230616,0.02405918576804633,0.019210045001184284,31.2,30.8,-0.012820512820512775,0.043970236058843426,-0.0567907488793562,-0.000345427,0.0025,1
2023-07-14,31.2,31.3,30.55,31.0,8148062,0.0,0.001615508885298933,0.006493506493506551,0.013071895424836555,0.05621805792163537,0.1272727272727272,30.870000000000005,29.8125,27.842500000000005,30.33479218891315,29.538238325489516,0.7965538634236324,0.7302302673373916,0.06632359608624083,0.02569528591689137,0.00213947084149164,69.04205412120474,29.8125,0.8732689644147545,31.559037928829508,28.065962071170492,0.11716816294034432,0.8399582626859519,0.7273189625954242,0.023461902019207233,34.818455158618804,25.878058934949813,11.76540492304145,86.95652173913041,86.9855072463768,893621934.0,864152742.75,0.2449492481331335,0.08338385528696302,0.10031010841884548,9195178.9,-0.39088566929386576,0.8861232705325613,0.024193548387096774,0.0398322851153039,0.11340576456855511,4.0,7.0,-0.008038585209003246,0.0,1169.2,1168.4,0.0025570180707383816,0.0266503817867092,0.04768565843510708,0.09573106463962079,-0.0025570180707383816,-0.013578486361872644,0.07958706883762012,0.07596464473561348,0.9647634081033729,0.3135694387373123,31.1,32.55,0.04662379421221852,0.012075954768508756,0.03454783944370976,31.1,30.85,31.1,32.8,0.05466237942122176,0.030655003200341424,0.02400737622088034,31.1,32.0,0.02893890675241151,0.05159803712395994,-0.02265913037154843,-0.000345427,0.0025,1
2023-07-17,31.1,31.2,30.55,30.85,7431556,-0.004838709677419284,-0.004838709677419284,-0.003231017770597644,0.008169934640522847,0.03523489932885915,0.11171171171171168,30.919999999999998,29.9675,27.951666666666664,30.414054929080358,29.63540585693474,0.778649072145619,0.7399140282990371,0.038735043846581885,0.025239840264039512,0.00125559299340622,66.5292531341976,29.9675,0.7550313691632273,31.477562738326455,28.457437261673547,0.10078002758498064,0.7922064022909545,0.7217961795528938,0.0233969588185703,35.00930244851849,24.213487492581777,11.008611027022406,80.43478260869568,85.1304347826087,886190378.0,866571144.65,0.24768397916779747,0.20888395268195284,-0.01064116102380687,9265747.5,-0.7031713295161234,0.8020460302851983,0.021069692058346794,0.029448569283390347,0.10369089499731698,0.0,7.0,-0.008090614886731351,0.0,1171.75,1173.13,0.004048271140020487,0.02098309864058079,0.06127193776008677,0.08627214050296038,-0.008886980817439771,-0.012813164000057942,0.05043977395162491,0.04752766200346614,0.8066693163179083,0.2725009414310283,30.9,32.4,0.04854368932038833,0.01490756288195838,0.03363612643842995,30.9,30.65,30.9,33.0,0.06796116504854366,0.04233611482829458,0.02562505022024908,30.9,32.45,0.050161812297734754,0.054217843048677494,-0.004056030750942741,-0.000345427,0.0025,1
2023-07-18,30.9,30.9,30.6,30.65,6175576,-0.006482982171799101,-0.011290322580645218,-0.011290322580645218,-0.004870129870129913,0.028523489932885893,0.06608695652173902,30.889999999999997,30.0625,28.0575,30.450354170760303,29.710560978643276,0.7397931921170269,0.7398898610626351,-9.666894560822481e-05,0.024136808878206423,-3.1539623363205486e-06,63.22512047565565,30.0625,0.7120901406566931,31.486680281313387,28.638319718686613,0.09474796050317749,0.7062589995482184,0.6916678810134012,0.022566651909083236,35.18651778913962,23.46332912826769,10.667553108623366,71.73913043478252,79.71014492753622,880014802.0,867962537.95,0.22271031370449948,0.15323912283732719,0.1835701419593205,8856296.5,-1.1167897550307924,0.6973090839946472,0.009787928221859614,0.0195426195426196,0.0923995366657755,1.0,7.0,0.0,0.0,1173.23,1174.09,0.0008183236299470487,0.01937886904503494,0.05610225596373186,0.08597151403190946,-0.00730130580174615,-0.024248998915164854,0.009984700558007154,0.009454293371332412,0.8098028620858426,0.2726626920201851,30.7,32.0,0.04234527687296419,0.015626326963906756,0.026718949909057432,30.7,30.7,30.7,32.05,0.043973941368078195,0.03402123142250524,0.009952709945572957,30.7,32.6,0.061889250814332275,0.04802547770700638,0.013863773107325894,-0.000345427,0.0025,1
2023-07-19,30.7,31.5,30.7,30.7,7338234,0.0016313213703100793,-0.004862236628849326,-0.009677419354838679,-0.008077544426494332,0.04067796610169494,0.04778156996587035,30.839999999999996,30.1325,28.160833333333333,30.488761221412563,29.783852758003032,0.7049084634095308,0.7328935815320142,-0.027985118122483388,0.022961187733209473,-0.0009115673655532048,63.71035560214364,30.1325,0.7019287338240375,31.536357467648074,28.728642532351927,0.0931789574478104,0.7021216587431591,0.7029773180838726,0.022898283976673376,36.08125472618065,27.533382234690908,9.746224851440534,67.34693877551017,73.17361727299614,887353036.0,869207138.9,0.21473008908236452,0.29301369443397945,0.6922112377375421,8709504.15,-0.5716285969130667,0.8425547394681475,0.02605863192182413,0.01883348543930974,0.0901666025508241,2.0,7.0,0.001626016260162677,1.0,1177.5,1172.98,-0.0009454130432929864,0.0162710102235315,0.04874559662392941,0.08598566346697013,0.0025767344136030657,-0.024348554650025833,-0.0009640266580590584,-0.0009192187897258952,0.8569387529319403,0.2843457268081176,30.75,32.2,0.04715447154471564,0.024756150636184415,0.022398320908531222,30.75,30.8,30.75,32.1,0.04390243902439028,0.04147359258595551,0.002428846438434773,30.75,32.35,0.052032520325203224,0.06095594070812327,-0.008923420382920044,-0.000345427,0.0025,1
2023-07-20,30.75,31.2,30.6,30.8,5195398,0.0032573289902280145,0.004893964110930016,-0.0016207455429497752,-0.006451612903225823,0.024958402662229595,0.05841924398625431,30.8,30.2175,28.269166666666667,30.536644110426014,29.859122924076882,0.6775211863491322,0.7218191024954379,-0.04429791614630574,0.021997441115231563,-0.0014382440307242122,64.7131873718655,30.2175,0.6726371900757906,31.56277438015158,28.87222561984842,0.08903942286102949,0.7164985851935893,0.6956217953635959,0.022585123226090777,36.61121795922811,25.8370551448307,10.17259211808814,68.1818181818182,69.08929579737031,892548434.0,871251118.85,0.21193454353577593,0.19827957853583025,0.8545447746007117,8429664.95,-1.3101758869504228,0.6163231908760503,0.01948051948051941,0.019276909075866655,0.08952628010494346,3.0,7.0,0.04494382022471899,1.0,1171.83,1172.81,-0.0001449300073318449,0.00634106159152914,0.04221985248378202,0.08526290776435129,0.0034022589975598594,-0.012792674494754963,0.016199391502472293,0.015543161516129667,0.8380128199762159,0.2787376887846121,31.15,32.55,0.04494382022471899,0.0205589792108829,0.02438484101383609,31.15,32.55,31.15,32.05,0.028892455858748,0.03216815403891893,-0.0032756981801709273,31.15,32.25,0.035313001605136396,0.05137187715754221,-0.016058875552405816,-0.000345427,0.0025,1
2023-07-21,31.15,32.8,31.1,32.55,14796807,0.05681818181818166,0.06026058631921827,0.06199021207177813,0.04999999999999982,0.0637254901960782,0.12241379310344813,31.110000000000003,30.395,28.401666666666667,30.846391170360473,30.05844715192304,0.7879440184374324,0.7350440856838368,0.05289993275359561,0.024207189506526346,0.0016251899463470235,76.79715114206685,30.395,0.7922154146172705,31.97943082923454,28.810569170765458,0.10425601771571257,1.180054932104895,0.7887916671233388,0.024233230940809182,38.43292919428571,35.64644319143209,8.330245772390846,92.85714285714285,76.12863327149041,907345241.0,874474841.5,0.2837091877252319,1.121152034374215,2.631155151104381,8729602.95,2.1284202395263008,1.6950148918284997,0.05222734254992307,0.07089981904918563,0.14605950355026098,4.0,7.0,-0.00613496932515345,0.0,1173.21,1185.9,0.011161228161424397,0.01497774734679913,0.05004515752005534,0.09106873983085204,0.04565695365675726,0.03502225265320069,0.07236863558339279,0.0689195460453429,1.128959383404236,0.34910888981241883,32.6,32.8,0.006134969325153339,0.014218049280279477,-0.008083079955126138,32.6,32.4,32.6,32.5,-0.0030674846625767804,0.029595041738750716,-0.032662526401327496,32.6,30.0,-0.07975460122699396,-0.010707627189814772,-0.06904697403717919,-0.0015021613,0.0025,1
2023-07-24,32.6,32.75,32.05,32.4,6682776,-0.004608294930875556,0.051948051948051965,0.055374592833876246,0.050243111831442366,0.05882352941176472,0.07999999999999985,31.419999999999998,30.514999999999997,28.531666666666663,31.08540791338194,30.231895511039852,0.853512402342087,0.7587377490154869,0.09477465332660018,0.026342975380928613,0.002925143621191364,74.44392250263516,30.514999999999997,0.9032252152552916,32.32145043051058,28.708549569489413,0.11839753763792127,1.0217414129285618,0.7824494051859577,0.024149672999566597,40.12451819826778,33.36856790932612,7.797927278876808,88.5714285714286,83.20346320346323,900662465.0,876575837.85,0.2648543164888122,1.4628428009136591,4.711152682278965,8275154.25,-0.6778384859657267,0.8075711700479783,0.021604938271605027,0.06177289857447166,0.1355803493194696,0.0,7.0,-0.018404907975460127,0.0,1190.74,1190.72,0.0040644236444893345,0.014994075677887242,0.05184491577078343,0.0912442672088868,-0.00867271857536489,0.035249036153555124,0.02815508422921642,0.026767334049986546,1.1344020292201664,0.34933482163647195,32.6,33.0,0.012269938650306678,0.02381849386747037,-0.011548555217163692,32.6,32.0,32.6,32.6,0.0,0.039323538030055616,-0.039323538030055616,32.6,30.0,-0.07975460122699396,-0.012298547448616581,-0.06745605377837738,-0.00073473103,0.0025,1
2023-07-25,32.6,32.6,31.9,32.0,8113021,-0.012345679012345623,-0.016897081413210335,0.03896103896103886,0.04404567699836881,0.03896103896103886,0.05610561056105601,31.689999999999998,30.6,28.65,31.226114388246256,30.362866213925788,0.8632481743204679,0.7796398340764831,0.08360834024398478,0.02697650544751462,0.0026127606326245244,68.42285338857266,30.6,0.9601260882105104,32.520252176421025,28.679747823578982,0.12550667819745237,0.8645354545592355,0.7765601619583895,0.024267505061199672,41.29482017168621,31.22008221923002,8.675556908712544,77.14285714285721,86.19047619047625,892549444.0,877698652.0,0.26995217727484583,1.5464791884184896,4.632167249478983,8108274.15,0.0021313783441302787,1.0005854328445467,0.02187500000000009,0.045751633986928164,0.1169284467713787,1.0,7.0,0.009404388714733702,1.0,1194.45,1195.9,0.004350309056705193,0.01857608871551597,0.05427873722814369,0.09144185013425593,-0.016695988069050816,0.02546958828285284,0.0018268733329123155,0.0017328181517872743,1.1345527091385266,0.34659160553590723,31.9,32.05,0.004702194357366629,0.01845253032204086,-0.013750335964674232,31.9,32.2,31.9,32.0,0.0031347962382446415,0.039088247595148395,-0.035953451356903754,31.9,31.4,-0.01567398119122254,-0.0125554161438729,-0.003118565047349642,-0.000345427,0.0025,1
2023-07-26,31.9,32.4,31.75,32.2,5899826,0.006250000000000089,-0.006172839506172756,-0.01075268817204289,0.04885993485342022,0.04038772213247177,0.08783783783783794,31.99,30.73,28.756666666666664,31.37594294390068,30.498950198079434,0.8769927458212443,0.7991104164254353,0.07788232939580897,0.02723579955966597,0.002418705881857421,69.74067983337532,30.73,0.9930548296725931,32.716109659345186,28.743890340654815,0.12926193682689133,0.8700702005760994,0.767520150389933,0.02383602951521531,41.98012917471698,29.33152748019811,9.546719519192633,79.31034482758639,81.67487684729076,898449270.0,879620267.2,0.2520100366278991,1.8483741753918514,5.787712340264846,7899455.7,-0.8972215571531438,0.7468648757660606,0.020186335403726663,0.04783599088838275,0.1197403500637535,2.0,7.0,0.018779342723004522,1.0,1195.5,1200.84,0.004130780165565451,0.02375147061330951,0.05489524311503491,0.09154058375260272,0.002119219834434638,0.025108464240110706,0.03294259472280303,0.031228309102547147,1.040425434223856,0.32266229065189583,31.95,32.1,0.0046948356807512415,0.01559470412502395,-0.010899868444272709,31.95,32.55,31.95,31.3,-0.020344287949921713,0.026878812339288904,-0.04722310028921062,31.95,31.1,-0.026604068857589924,-0.024240860787724028,-0.0023632080698658964,-0.000345427,0.0025,1
2023-07-27,31.95,32.7,31.75,32.55,7510075,0.01086956521739113,0.01718749999999991,0.004629629629629539,0.05681818181818166,0.04999999999999982,0.12241379310344813,32.339999999999996,30.9075,28.8625,31.556567106377496,30.650879813036514,0.9056872933409821,0.8204257918085447,0.08526150153243739,0.02782449441907779,0.002619400968738476,71.94708875302418,30.9075,0.9847889167357049,32.87707783347141,28.93792216652859,0.1274498314953594,0.916967527783623,0.7805544253620809,0.023980166677790505,42.8683014564769,29.52690590284226,8.71677981328369,90.19607843137254,82.2164268006054,905959345.0,882446269.85,0.23537633430989824,2.1894683432071425,6.944891305891696,7746075.75,-0.11036315268896679,0.9695328631404102,0.029185867895545406,0.053142441155059394,0.1277609354699003,3.0,7.0,0.007680491551459223,1.0,1201.69,1197.33,-0.0029229539322473963,0.020907052293210215,0.06392450617119372,0.07824487557823138,0.013792519149638527,0.03591112952497144,0.058489286932254414,0.05497503497004996,1.1414080835704792,0.34653362451567987,32.55,32.05,-0.015360983102918557,0.011383757057428445,-0.026744740160347003,32.55,32.8,32.55,30.8,-0.053763440860214895,0.019451775632245427,-0.07321521649246032,32.55,31.65,-0.027649769585253448,-0.0066231249791198765,-0.02102664460613357,-0.000345427,0.0025,1
2023-07-28,32.55,33.2,32.2,32.8,8182843,0.007680491551459223,0.01863354037267073,0.02499999999999991,0.007680491551459223,0.05806451612903207,0.11754684838160112,32.39,31.080000000000002,28.977500000000003,31.74786447462711,30.810073900959736,0.9377905736673746,0.8438987481803107,0.09389182548706387,0.02859117602644435,0.002862555655093411,73.43700068020004,31.080000000000002,0.9996578361983663,33.07931567239673,29.08068432760327,0.12865609217482182,0.9301471807946422,0.7962291092647894,0.024275277721487482,44.06467773064596,31.36351781148372,7.934809997968627,85.18518518518499,84.89720281471466,914142188.0,885305961.9,0.23436231518575285,2.2633791329785953,7.2897229970471535,7779765.15,0.18837366439814,1.0518110562759082,0.030487804878048783,0.055341055341055156,0.13191269088085567,4.0,7.0,-0.023668639053254337,0.0,1197.32,1207.67,0.008635881503010978,0.018357365713803864,0.07810351907729118,0.07492996915005277,-0.000955389951551755,-0.01067687416234464,0.03944332930430994,0.036585845984500764,1.1097633542187668,0.3421362143609629,33.8,32.5,-0.038461538461538436,0.005181771969237303,-0.04364331043077574,33.8,33.0,33.8,32.0,-0.053254437869822424,0.010289752881950776,-0.0635441907517732,33.8,31.6,-0.06508875739644959,-0.029754193791712624,-0.03533456360473697,-0.000345427,0.0025,1
2023-07-31,33.8,33.9,32.6,33.0,11150343,0.0060975609756097615,0.01382488479262678,0.024844720496894235,0.0185185185185186,0.06969205834683945,0.10738255033557054,32.51,31.240000000000002,29.092500000000005,31.94050070929986,30.972290649036793,0.9682100602630683,0.8687610105968623,0.09944904966620605,0.029339698795850556,0.0030136075656426076,74.59926169218524,31.240000000000002,1.0393064489051873,33.318612897810375,29.16138710218963,0.1330738090787691,0.9233592512232546,0.8322127443173043,0.02521856800961528,45.59909322274499,33.8720991331854,7.049454912316718,73.52941176470591,82.97022512708783,925292531.0,888393914.55,0.2315904512159484,2.4341910949433183,8.17608712106066,8008025.75,1.3987797989088573,1.3923959972281557,0.03939393939393931,0.05633802816901401,0.13431296725960284,0.0,7.0,-0.03172205438066478,0.0,1219.66,1222.9,0.012611060968642063,0.027025665143778577,0.08653931585961794,0.08121497129455228,-0.006513499993032301,-0.008507146625259976,0.0208432344759526,0.01918313877069644,1.10026739331895,0.33927499554329854,33.1,32.6,-0.015105740181268867,0.009022043045711747,-0.024127783226980615,33.1,32.05,33.1,32.45,-0.01963746223564955,0.005299434293517091,-0.02493689652916664,33.1,32.3,-0.024169184290030343,-0.023245984784446283,-0.0009231995055840603,-0.000345427,0.0025,1
2023-08-01,33.1,33.1,32.05,32.05,12275725,-0.028787878787878918,-0.02286585365853655,-0.015360983102918557,0.0015624999999999112,0.04567699836867867,0.0755033557046978,32.519999999999996,31.3525,29.168333333333337,31.95734675402296,31.052120971330364,0.9052257826925967,0.8760539650160092,0.029171817676587497,0.028244174186976497,0.0009101971193943057,60.955920362019576,31.3525,0.99610755601839,33.34471511203678,29.360284887963218,0.12708492860453116,0.6750563972197999,0.8477689768660686,0.02645145013622679,45.71722853460426,30.875519281466843,11.059819059771028,44.776119402985,67.83023878429198,913016806.0,890868080.95,0.26087541586473734,1.479754983414214,5.636903209493901,8353915.2,1.670799519401,1.4694576981102225,0.03276131045241823,0.022247029742444635,0.09879435460830788,1.0,8.0,-0.0015552099533435726,0.0,1230.32,1217.56,-0.004366669392427913,0.0181118822644033,0.07558303886925799,0.08637289018648832,-0.024421209395451005,-0.01654938226440339,-7.968316456019586e-05,-7.408369384842572e-05,1.2610915352935503,0.4110453849867999,32.15,32.0,-0.004665629860031051,0.020588742739305,-0.02525437259933605,32.15,32.1,32.15,32.6,0.013996889580093486,0.013868235332780143,0.0001286542473133423,32.15,33.2,0.03265940902021791,-0.010466902733389793,0.043126311753607705,0.00031322593,0.0025,1
2023-08-02,32.15,32.5,31.9,32.1,7568068,0.0015600624024962872,-0.027272727272727226,-0.021341463414634054,-0.0031055900621118626,0.0456026058631922,0.08813559322033893,32.5,31.482499999999998,29.24,31.979293407250196,31.129741640120706,0.8495517671294905,0.8707535254387055,-0.021201758309215002,0.02646578713799036,-0.0006604909130596573,61.356504456934225,31.482499999999998,0.9073203751469993,33.297140750294,29.667859249705998,0.11527932980506632,0.6701438700469938,0.8300711928042066,0.02585891566368245,45.49628597574513,29.281395124279747,11.779560126789026,46.26865671641796,54.858062628036315,920584874.0,894239255.05,0.2559121183463425,1.4841165230311149,6.055372497489301,8213714.3,-0.28026323544815646,0.9213941127706378,0.018691588785046773,0.019614071309457692,0.09781121751026012,2.0,8.0,-0.010802469135802517,0.0,1217.17,1220.43,0.002357173363119802,0.0163135804936545,0.07562884489961408,0.08636417829274468,-0.0007971109606235149,-0.019419170555766363,0.012506748320724848,0.01162738279103337,1.25480612396092,0.4094383732001609,32.4,31.3,-0.033950617283950546,0.011691111967402579,-0.045641729251353125,32.4,32.05,32.4,32.35,-0.0015432098765431057,0.019291154599788474,-0.02083436447633158,32.4,33.6,0.0370370370370372,-0.005386437982176306,0.04242347501921351,0.00031322593,0.0025,1
2023-08-03,32.4,32.75,32.0,32.05,5712180,-0.0015576323987540608,0.0,-0.028787878787878918,-0.015360983102918557,0.0405844155844155,0.06655574043261225,32.4,31.5825,29.314166666666665,31.99017134459632,31.19790892603769,0.7922624185586287,0.8550553040626903,-0.06279288550406159,0.0247195762420789,-0.001959216396382577,60.6859846701485,31.5825,0.8495006273031472,33.2815012546063,29.883498745393705,0.10759130876949552,0.6375808283638754,0.8243518218896204,0.025720805675183166,45.51001033577701,29.544714877543083,11.01405218809289,44.776119402985,45.27363184079601,914872694.0,896816867.65,0.2509485706089153,1.7409659732057983,7.3064656971153905,7991370.8,-0.9821512102947596,0.7147935120217422,0.0234009360374415,0.014802501385260847,0.0933280268357164,3.0,8.0,0.009316770186335255,1.0,1219.73,1210.95,-0.0077677539883483915,0.011375310064894562,0.07523396849638608,0.08699103756385218,0.006210121589594331,-0.02673629316781312,-0.00867822806377383,-0.008071013675199912,1.1976457496279878,0.4017352306254036,32.2,30.8,-0.0434782608695653,0.0035682866468793595,-0.04704654751644466,32.2,32.5,32.2,32.25,0.0015527950310558758,0.014149818708017126,-0.01259702367696125,32.2,34.45,0.06987577639751552,0.006396606016756179,0.06347917038075934,0.00031322593,0.0025,1
2023-08-04,32.2,32.5,32.05,32.5,5714422,0.014040561622465031,0.012461059190031154,0.014040561622465031,-0.009146341463414531,-0.001536098310291778,0.06209150326797386,32.339999999999996,31.6775,29.389166666666664,32.068606522350734,31.294360116701565,0.7742464056491691,0.8388935243799861,-0.06464711873081697,0.023822966327666742,-0.001989142114794368,64.45130433181018,31.6775,0.8400305445568109,33.357561089113624,29.997438910886377,0.10607283334313777,0.7447827657367921,0.797612406040362,0.024541920185857293,45.52275438437805,28.354097050584077,10.570198627936595,57.575757575757585,49.540177898386865,920587116.0,899275758.2,0.2480176210624994,1.8163271949817819,7.904347512591828,7872648.75,-0.9085546302732531,0.7258576092322168,0.013846153846153933,0.02596480151527114,0.10584966115632177,4.0,8.0,-0.0060975609756096505,0.0,1216.27,1225.98,0.012411742846525353,0.015161426548643275,0.07724480919451349,0.08920226490986304,0.0016288187759396777,-0.024307768012057807,-0.015153305926539629,-0.01406672447822721,1.1809513857967198,0.4020281046634339,32.8,32.0,-0.024390243902438935,-0.0007217581704646037,-0.02366848573197433,32.8,32.6,32.8,30.0,-0.08536585365853655,-0.044692239072256834,-0.040673614586279716,32.8,34.2,0.04268292682926855,0.00152461276457716,0.04115831406469139,-0.000345427,0.0025,1
2023-08-07,32.8,33.0,32.45,32.6,7788434,0.0030769230769231992,0.01716068642745716,0.015576323987538832,-0.012121212121212088,0.006172839506172867,0.065359477124183,32.260000000000005,31.777499999999996,29.475833333333334,32.15035936506601,31.391074182131078,0.7592851829349314,0.8229718560909752,-0.06368667315604382,0.02329095653174636,-0.0019535789311669882,65.24784572717851,31.777499999999996,0.8238987865783177,33.425297573156634,30.129702426843362,0.10370844611165987,0.7495755587333355,0.7799258056089073,0.0239241044665309,45.96220713177569,31.505060383501718,10.037766183396357,60.60606060606066,54.31931252826777,928375550.0,902124070.45,0.2477428890900168,1.7899875011067357,7.867085793827226,7894798.75,-0.04483538690492392,0.9865272373155807,0.016871165644171692,0.025883093383683553,0.10599078341013835,0.0,8.0,-0.018404907975460127,0.0,1233.1,1241.42,0.012594006427511184,0.015144329053888184,0.08041635480670495,0.09236853922882977,-0.009517083350587985,-0.027265541175100272,-0.015056877682521952,-0.013936180820972255,1.0848651773424727,0.3850212259315448,32.6,32.45,-0.004601226993865004,-0.006035279463173504,0.0014340524693085,32.6,32.0,32.6,30.0,-0.07975460122699396,-0.05190661791296658,-0.02784798331402738,32.6,34.4,0.05521472392638027,0.0009241772813115556,0.054290546645068716,-0.000345427,0.0025,1
2023-08-08,32.6,32.85,31.95,32.0,8173804,-0.018404907975460127,-0.01538461538461533,-0.0015600624024960652,-0.0015600624024960652,0.0,0.03896103896103886,32.25,31.8375,29.555833333333336,32.127227155055856,31.436179798269517,0.6910473567863384,0.7965869562300479,-0.1055395994437095,0.021595229899573076,-0.003298112482615922,56.99576943028636,31.8375,0.7920451542145055,33.42159030842901,30.253409691570987,0.09951097343880719,0.5512912676554272,0.7885025337796998,0.02464070418061562,45.220669504163816,28.936488662292987,13.748779752965318,42.424242424242415,53.53535353535357,920201746.0,904133513.7,0.25896515012421406,1.6846533796172314,6.828525979817283,7873310.15,0.1269233158659679,1.0381661390539785,0.028125000000000067,0.005104043973301886,0.0826965911974511,1.0,8.0,-0.018808777429467072,0.0,1244.35,1242.23,0.0006524786132009464,0.020261835145701346,0.07853998628198333,0.0929477536434207,-0.019057386588661074,-0.02182189754819741,-0.03957894732094447,-0.03669678252484987,1.094294567759093,0.3839175345489959,31.9,32.6,0.021943573667711602,-0.005343843698616957,0.02728741736632856,31.9,31.3,31.9,31.4,-0.01567398119122254,-0.04851371828352202,0.03283973709229948,31.9,34.25,0.07366771159874608,0.0019827836347809935,0.07168492796396508,0.00031322593,0.0025,1
2023-08-09,31.9,32.15,31.15,31.3,9404754,-0.021874999999999978,-0.039877300613496924,-0.03692307692307695,-0.024922118380062308,-0.02795031055900632,0.011308562197092087,32.089999999999996,31.854999999999997,29.638333333333332,31.99996143889342,31.426092405805107,0.5738690330883109,0.7520433716017005,-0.1781743385133896,0.018334473900585013,-0.005692470879022032,49.18084913062379,31.854999999999997,0.7750891289997698,33.40517825799954,30.304821742000456,0.09732715479513676,0.3209883292015051,0.8036094956525784,0.025674424781232538,43.03513892320264,26.364478178982054,19.637498145724585,7.142857142857125,36.724386724386754,910796992.0,905309339.0,0.2721504097484222,1.5530835499094622,5.78246316489248,7980167.6,0.5968363449612716,1.1785158497172417,0.03194888178913738,-0.017422696593941134,0.05606478097058987,2.0,8.0,-0.020667726550079424,0.0,1240.68,1233.99,-0.006633232171176062,0.011110837983333788,0.06913013342574947,0.0999765337036386,-0.015241767828823916,-0.036032956363396096,-0.05782157122865739,-0.054082818752272166,1.0630791115511953,0.38196657210475543,31.45,32.35,0.02861685214626397,0.005458912584613174,0.023157939561650798,31.45,30.8,31.45,31.1,-0.0111287758346581,-0.05171814219052018,0.04058936635586208,31.45,35.4,0.12559618441971376,0.004019377117855827,0.12157680730185794,0.00031322593,0.0025,1
2023-08-10,31.45,31.55,30.8,30.8,7626656,-0.015974440894568676,-0.03749999999999998,-0.05521472392638038,-0.03900156006240241,-0.053763440860214895,-0.006451612903225823,31.839999999999996,31.845,29.71083333333333,31.81535198675597,31.379715190560283,0.43563679619568774,0.688762056520498,-0.2531252603248103,0.014144051824535316,-0.008218352607948386,44.488538849310736,31.845,0.7878852441146647,33.42077048822933,30.269229511770668,0.09896501731696224,0.1684161786865775,0.7997802459631086,0.02596689110269833,40.44991917106528,24.59851463247371,21.447984436269365,0.0,16.522366522366532,903170336.0,905786759.1,0.27845485904884,1.5670034240743262,5.392995224562618,8044428.0,-0.17720400272784825,0.9480669104130213,0.024350649350649352,-0.032815198618307395,0.03665890668386962,3.0,8.0,0.03392568659127626,1.0,1236.51,1220.61,-0.010842875550045039,0.0079772079772078,0.047356317893977984,0.1088912362304573,-0.0051315653445236364,-0.04697876803961021,-0.05380793079720381,-0.05137499996696515,1.1024186484815444,0.4060544394434414,30.95,32.25,0.042003231017770704,0.0037105751391466324,0.03829265587862407,30.95,32.0,30.95,31.65,0.022617124394184174,-0.03216645509878591,0.05478357949297008,30.95,34.1,0.10177705977382878,-0.00430459265045724,0.10608165242428602,0.00031322593,0.0025,1
2023-08-11,30.95,32.05,30.8,32.0,9299954,0.03896103896103886,0.022364217252396124,0.0,-0.01538461538461533,-0.024390243902438935,0.032258064516129004,31.74,31.895,29.794166666666666,31.843759373408897,31.425662213481743,0.4180971599271537,0.6346290772018293,-0.21653191727467558,0.013065536247723553,-0.006766622414833612,55.469577909174596,31.895,0.7627685031990747,33.42053700639815,30.36946299360185,0.09565994710131052,0.5344141110833848,0.8319387998228863,0.025998087494465198,38.678588485225205,26.25143985052256,19.14613409488743,38.70967741935484,15.284178187404008,912470290.0,906729176.9,0.3112059303059388,1.2555547061969494,2.6358802275300697,8102022.6,0.5045509340639791,1.1478558452799181,0.03906249999999989,0.0032920520457753177,0.07403574525214673,4.0,8.0,0.010903426791277315,1.0,1228.92,1232.21,0.009503444998812283,0.005081648966541064,0.0546131461828141,0.11182827208047598,0.02945759396222658,-0.020466264351156394,-0.022355081666685095,-0.021197423669143123,1.229395474636183,0.44341774440865456,32.1,30.0,-0.06542056074766356,-0.04781188871105946,-0.0176086720366041,32.1,32.45,32.1,31.6,-0.015576323987538943,-0.04346314887563263,0.027886824888093686,32.1,35.0,0.09034267912772576,0.006709022422684452,0.0836336567050413,-2.4003755e-05,0.0025,1
2023-08-14,32.1,32.7,32.0,32.45,10673381,0.014062500000000089,0.0535714285714286,0.036741214057508076,-0.004601226993865004,-0.016666666666666607,0.051863857374392364,31.71,31.975,29.88,31.93702716211522,31.50153908655717,0.4354880755580517,0.5948008768730738,-0.15931280131502212,0.013420279678214226,-0.004909485402620096,58.763817495336525,31.975,0.7306269838108451,33.43625396762169,30.51374603237831,0.09139977905374128,0.6625316373898731,0.8225145998355375,0.025347137128984204,37.73815237934004,30.30034688633316,17.982256025202357,53.22580645161301,30.645161290322637,923143671.0,908576841.55,0.3131100388698562,1.0893049354158357,2.2202205579591205,8264113.85,0.9890544262537239,1.2915336349099305,0.021571648690292843,0.014855355746677068,0.08601070950468559,0.0,8.0,-0.003058103975535187,0.0,1237.14,1236.84,0.0037574764041843345,-0.0036893235166182148,0.0543077067332689,0.1117860363806788,0.010305023595815754,-0.0009119034772467893,-0.0024438493588765375,-0.002317965944163225,1.2321906589586529,0.4437763319012769,32.7,30.0,-0.0825688073394496,-0.04813541817947109,-0.03443338915997851,32.7,32.6,32.7,32.3,-0.012232415902140858,-0.03041745332494239,0.01818503742280153,32.7,34.55,0.05657492354740046,-0.0008310338706813969,0.057405957418081854,-7.607809e-05,0.0025,1
2023-08-15,32.7,33.2,32.5,32.6,10023175,0.0046224961479197635,0.018750000000000044,0.05844155844155852,0.018750000000000044,0.01716068642745716,0.06362153344208821,31.830000000000002,32.0725,29.975833333333334,32.039022983328266,31.58290656162701,0.45611642170125677,0.5670639858387104,-0.11094756413745366,0.013991301279179654,-0.0034032995134188238,59.83055515697491,32.0725,0.6722849881277856,33.41706997625557,30.727930023744428,0.08384566069097019,0.696159370399231,0.8173349855615706,0.025071625323974556,37.33467753037403,32.68394203022549,16.803626502148987,58.06451612903231,50.00000000000008,933166846.0,911234443.75,0.3112599011597972,1.0205083504653887,2.2054873903380496,8456493.8,0.6489601882464711,1.1852636845781166,0.021472392638036897,0.01644711201184834,0.08754274276500507,1.0,8.0,-0.004615384615384577,0.0,1239.42,1234.05,-0.0022557485204229843,-0.006584931936919891,0.0510693388070762,0.11298796200533114,0.006878244668342748,0.025334931936919936,0.012552194635012004,0.011942308819756997,1.1809819640925436,0.4277271854411297,32.5,31.4,-0.03384615384615386,-0.04795354651397232,0.014107392667818464,32.5,32.35,32.5,33.2,0.02153846153846173,-0.028646316383725168,0.050184777922186896,32.5,34.9,0.0738461538461539,-0.01301665389733464,0.08686280774348853,-0.000345427,0.0025,1
2023-08-16,32.5,32.65,32.25,32.35,4564994,-0.0076687116564416735,-0.0030816640986133237,0.010937500000000044,0.033546325878594185,0.007788161993769416,0.05374592833876224,32.04,32.155,30.0725,32.086865601277765,31.639728297802787,0.44713730347497815,0.543078649365964,-0.0959413458909858,0.01382186409505342,-0.0029657293938480924,57.17579775062704,32.155,0.5913632777866605,33.33772655557332,30.97227344442668,0.07356408369294476,0.5824366372265468,0.787525343735744,0.02434390552506164,36.531801040751205,31.49816823567108,18.461491460721383,50.00000000000005,53.763440860215134,928601852.0,913296884.55,0.3136501942909407,1.0659317640814874,2.1585347649979205,8317831.8,-1.4675810991515328,0.5488201865298599,0.012364760432766572,0.006064375680298495,0.07573364369440516,2.0,8.0,-0.010736196319018454,0.0,1239.95,1243.26,0.007463230825331291,0.007512216468528843,0.05991577008985649,0.11351104572835512,-0.015131942481772964,0.026034109410065343,-0.006169841751094252,-0.005821067980308681,1.12167855900593,0.40580912004524067,32.6,31.1,-0.04601226993865026,-0.05635049654750601,0.01033822660885575,32.6,32.25,32.6,33.6,0.030674846625766916,-0.023676543964975982,0.0543513905907429,32.6,35.6,0.09202453987730053,-0.012248708332662672,0.1042732482099632,0.00031322593,0.0025,1
2023-08-17,32.6,32.8,32.25,32.25,8271947,-0.0030911901081916993,-0.010736196319018454,-0.006163328197226536,0.04707792207792205,0.006240249609984483,0.04707792207792205,32.33,32.2275,30.165000000000003,32.11196320108119,31.684933609076655,0.4270295920045335,0.5198688378936779,-0.09283924588914438,0.013241227659055303,-0.002878736306640136,56.103449015277654,32.2275,0.4980157997904051,33.22353159958081,31.23146840041919,0.06181252654290964,0.5112948223778594,0.7705592477546193,0.02389331000789517,35.93667705326624,31.28274097698191,17.520262241907297,46.77419354838711,51.61290322580651,920329905.0,914685958.1,0.31433720734341525,1.1108541165747654,2.1953272033549296,8471659.25,-0.0815245302010733,0.9764258400737731,0.017054263565891386,0.0006981615080288162,0.0691198408751863,3.0,8.0,-0.0625,0.0,1242.58,1233.48,-0.007866415713527308,0.01054390837368202,0.051730459324187184,0.11944635012349746,0.004775225605335609,0.03653401370424003,-0.0046525372462651315,-0.004423697350416922,1.0973842291567115,0.40647356731302586,32.0,31.65,-0.010937500000000044,-0.03066779677592857,0.019730296775928524,32.0,30.0,32.0,34.45,0.07656250000000009,-0.002420498443383212,0.0789829984433833,32.0,35.25,0.1015625,-0.012395885967628972,0.11395838596762897,0.00031322593,0.0025,1
2023-08-18,32.0,32.05,30.0,30.0,15209908,-0.06976744186046513,-0.07264296754250388,-0.07975460122699396,-0.0625,-0.07692307692307687,-0.07834101382488468,31.929999999999996,32.1,30.215,31.787045785530236,31.560123712108012,0.22692207342222304,0.4612794849993869,-0.2343574115771639,0.007564069114074101,-0.007811913719238796,38.57351647540072,32.1,0.6975521108614272,33.495104221722855,30.704895778277148,0.08692238141575409,-0.25263194222387647,0.8762335872007179,0.029207786240023927,34.2416507949837,25.545020528074943,32.64827414800307,0.0,32.258064516129075,905119997.0,914574695.9,0.3439053536511852,-1.240736410364717,4.03922709578832,8492314.3,2.679608308602693,1.7910203818056991,0.06833333333333323,-0.06542056074766356,-0.007115671024325643,4.0,8.0,-0.0033222591362126463,0.0,1227.02,1177.99,-0.04498654214093456,-0.04400223987794294,-0.0066700396323468025,0.20289684856618417,-0.02478089971953057,-0.01849776012205706,-0.07167097419253787,-0.07215223244249158,1.323151555258885,0.601279062947902,30.1,31.6,0.04983388704318936,0.005403522484940471,0.04443036455824889,30.1,30.0,30.1,34.2,0.13621262458471772,0.049251917995599026,0.0869607065891187,30.1,35.15,0.16777408637873736,0.029303064544906166,0.1384710218338312,-0.0006330415,0.0025,1
2023-08-21,30.1,30.6,29.5,30.0,7350689,0.0,-0.06976744186046513,-0.07264296754250388,-0.07550077041602477,-0.07975460122699396,-0.07407407407407407,31.439999999999998,31.98,30.245833333333334,31.51211566467943,31.444558992692606,0.06755667198682502,0.3825349223968746,-0.31497825041004957,0.002251889066227501,-0.010499275013668319,38.57351647540072,31.98,0.8359362856600141,33.65187257132003,30.308127428679974,0.10455738407254699,-0.09215039290844161,0.8922169024006668,0.02974056341335556,33.107530683052616,23.295445620474737,33.77603470546499,13.513513513513503,20.09590235396689,905119997.0,914797572.5,0.34415827763529633,-1.2731027907141643,4.082971732776826,8525709.95,-0.47267089246390126,0.8621791080284171,0.036666666666666715,-0.06191369606003749,-0.00812784130045463,0.0,8.0,0.02614379084967311,1.0,1177.01,1179.76,0.0015025594444775248,-0.04614986578700553,-0.009204514915345352,0.2023765251615928,-0.0015025594444775248,-0.029350904629019237,-0.06486955915872872,-0.06547219899088075,1.2640353939453373,0.5927746553853379,30.6,32.3,0.05555555555555536,0.015034799648624864,0.040520755906930495,30.6,31.4,30.6,34.4,0.12418300653594772,0.05201364957091692,0.0721693569650308,30.6,36.15,0.18137254901960764,0.035635853773903436,0.1457366952457042,-0.0006330415,0.0025,1
2023-08-22,30.6,31.4,29.5,31.4,9025746,0.046666666666666634,0.046666666666666634,-0.02635658914728689,-0.036809815950920366,-0.018750000000000044,-0.018750000000000044,31.2,31.95,30.305,31.494867100882594,31.441258326567226,0.053608774315367924,0.3167496927805733,-0.2631409184652054,0.0017072858062219085,-0.008380284027554311,49.87552021583549,31.95,0.8458878860631199,33.64177577212624,30.25822422787376,0.10590145678411508,0.33744890751427536,0.9642014093720476,0.030707051253886865,31.1428283820975,25.94298474113368,29.021954925288732,51.351351351351276,21.621621621621614,914145743.0,915877387.45,0.38555578644783856,-0.7909951848426564,2.97835611459003,8571346.2,0.1827599307549786,1.0530138194628051,0.06050955414012735,-0.017214397496087663,0.03613265137766031,1.0,8.0,-0.023547880690737877,0.0,1183.92,1180.49,0.0006187699193056506,-0.04340180705806085,-0.012885692783677682,0.20165099494396604,0.046047896747360983,0.006591991107140482,-0.005864307216322362,-0.005940859304187196,1.258134983784133,0.5641576853299333,31.85,33.2,0.042386185243328045,0.00961473980686689,0.032771445436461155,31.85,31.1,31.85,34.25,0.07535321821036112,0.04206343884120178,0.033289779369159334,31.85,35.7,0.1208791208791209,0.01658060622317592,0.10429851465594497,-0.0013595752,0.0025,1
2023-08-23,31.85,31.85,31.1,31.1,4038051,-0.009554140127388422,0.036666666666666625,0.036666666666666625,-0.03863987635239563,-0.006389776357827448,-0.03416149068322982,30.95,31.895,30.355833333333337,31.434118316131425,31.415979932006692,0.018138384124732454,0.2570274310494051,-0.23888904692467267,0.0005832277853611721,-0.0076813198368061945,47.84407166675412,31.895,0.8643372879653511,33.6236745759307,30.166325424069296,0.10839784141280465,0.2700550435954738,0.9489013087026156,0.030511296099762556,28.98068584707398,27.865716792995805,27.38348359953089,43.24324324324325,36.03603603603603,910107692.0,916460308.55,0.3858791307907403,-0.6848155217714047,2.8386548218108594,8478257.45,-1.6929782514110425,0.4762831305624012,0.024115755627009645,-0.024925536918012137,0.024514782990638695,2.0,8.0,0.004761904761904745,1.0,1192.96,1172.56,-0.00671754949216008,-0.056866624841143465,-0.023550181539588988,0.20197324888544066,-0.002836590635228342,0.018226748488747835,-0.010611309143640835,-0.010867234488682542,1.270244236830881,0.5714251878977148,31.5,33.6,0.06666666666666665,0.03230088495575223,0.03436578171091442,31.5,31.65,31.5,35.4,0.12380952380952381,0.05639891082368953,0.06741061298583428,31.5,34.0,0.0793650793650793,0.015188904016337545,0.06417617534874176,-0.0004666674,0.0025,1
2023-08-24,31.5,31.7,31.0,31.65,3851132,0.01768488745980701,0.0079617834394905,0.05499999999999994,-0.018604651162790753,0.02759740259740262,-0.027649769585253448,30.830000000000002,31.85,30.408333333333335,31.467330882880436,31.43331475185805,0.034016131022386986,0.2124251710440015,-0.1784090400216145,0.0010747592740090676,-0.005636936493573918,51.726085046786565,31.85,0.8517783254981108,33.55355665099622,30.14644334900378,0.10697373004685846,0.44129928115890854,0.9311226437952859,0.02941935683397428,26.952482558187995,26.36936628650322,26.68015147668457,58.10810810810803,50.900900900900865,913958824.0,916860282.5,0.38950679912162944,-0.6918165975341672,2.672375874453464,8295310.3,-1.5790756778218906,0.46425412199468896,0.02211690363349129,-0.006279434850863463,0.040833104960263045,3.0,8.0,-0.0015797788309636074,0.0,1175.2,1189.39,0.014353210070273681,-0.035744397963485386,-0.006631421579681329,0.20910338269259654,0.0033316773895333274,0.017139746800694633,-0.02101834800557212,-0.02115866000009392,1.2651722707457795,0.5787312421487684,31.65,34.45,0.08846761453396534,0.029487211835255156,0.05898040269871019,31.65,31.6,31.65,34.1,0.07740916271721976,0.029133970849208213,0.04827519186801155,31.65,31.7,0.0015797788309637184,-0.03010117831100345,0.03168095714196717,-0.0006330415,0.0025,1
2023-08-25,31.65,32.35,31.55,31.6,7902678,-0.0015797788309636074,0.016077170418006492,0.006369426751592355,0.053333333333333455,-0.012499999999999956,-0.03658536585365846,31.15,31.79,30.4575,31.487741516283446,31.44566180727597,0.042079709007474264,0.17835607863669606,-0.1362763696292218,0.001331636360996021,-0.004312543342696892,51.35188679728674,31.79,0.8231198672054912,33.43623973441098,30.143760265589016,0.1035696592897756,0.44229273050927215,0.9217567406670513,0.02916951710971681,25.64587157749182,29.771604723002596,25.026157513723497,56.75675675675675,52.7027027027027,906056146.0,916455980.4,0.38811902780401664,-0.6388500598613651,2.697753051969718,8281302.05,-0.13446871017881537,0.9542796473653561,0.025316455696202552,-0.005976722239697918,0.037511286218501194,4.0,8.0,0.020537124802527673,1.0,1188.99,1183.37,-0.0050614180378179,0.00456710158829865,-0.020121390777282033,0.2070266664202853,0.0034816392068542923,0.048766231745034805,-0.016463975076376425,-0.016802055807133454,1.2785038652182528,0.5812105810513651,31.65,34.2,0.08056872037914697,0.0382956542209294,0.042273066158217576,31.65,32.3,31.65,35.0,0.10584518167456558,0.04708978250086182,0.05875539917370376,31.65,31.65,0.0,-0.04327282816138822,0.04327282816138822,-0.0006330415,0.0025,1
2023-08-28,31.65,32.3,31.65,32.3,6263798,0.02215189873417711,0.020537124802527673,0.03858520900321527,0.07666666666666666,-0.0046224961479200966,-0.02121212121212135,31.610000000000003,31.754999999999995,30.53083333333333,31.612704359932145,31.508946117848122,0.10375824208402307,0.16343651132616147,-0.0596782692421384,0.0032123294762855443,-0.001847624434741127,56.13611567990567,31.754999999999995,0.7828591323166351,33.320718264633264,30.189281735366727,0.09861239267096639,0.6740415285145999,0.9059169734765473,0.028046965123112923,24.43258995255966,28.128429597982535,23.644896413289374,75.67567567567554,63.51351351351346,912319944.0,915807351.05,0.39642292435640775,-0.6582656203606682,2.345624275004508,8036974.8,-0.6412465883928598,0.7793726067176421,0.020123839009287884,0.01716265155093688,0.057946884297295,0.0,8.0,0.015290519877675823,1.0,1189.43,1201.72,0.01550656176850862,0.018613955380755387,-0.017319486466595868,0.20977608645606705,0.006645336965668491,0.058052711285911274,-0.0038926347455254806,-0.003961241412561267,1.3206376179162096,0.6174308158374849,32.7,34.4,0.05198776758409762,0.03382444490558201,0.018163322678515614,32.7,33.2,32.7,34.55,0.05657492354740046,0.027922805561319874,0.028652117986080583,32.7,32.6,-0.003058103975535187,-0.04224942934218723,0.03919132536665204,0.00040863018,0.005,2
2023-08-29,32.7,33.7,32.7,33.2,16828767,0.02786377708978338,0.05063291139240511,0.048973143759873716,0.05732484076433142,0.01840490797546024,0.03588143525741039,31.97,31.8125,30.6175,31.856903689173354,31.634209368377892,0.22269432079546192,0.17528807322002157,0.04740624757544035,0.006707660264923551,0.0014278990233566368,61.39313568458155,31.8125,0.8454016485477928,33.503303297095584,30.121696702904416,0.10629804618282652,0.9103079294863609,0.9412086182282229,0.028349657175548878,24.524276933897735,35.7645231281621,21.13271197772824,88.0952380952381,73.50922350922347,929148711.0,916613946.3,0.39431982469836035,-0.8772048948044169,2.8698010682659487,8264626.9,2.616380033168983,2.0362403776509255,0.03012048192771084,0.0436149312377212,0.08434718706622046,1.0,8.0,0.0,0.0,1204.75,1204.43,0.002255101021868766,0.020279714355903034,-0.010783862807582256,0.2095949568471909,0.025608676067914615,0.037045126408428386,0.046665298064992644,0.04717401618359918,1.3417553044964199,0.6141577296040397,33.6,34.25,0.019345238095238138,0.03071055468037498,-0.011365316585136842,33.6,33.6,33.6,34.9,0.03869047619047605,0.014683691236215823,0.02400678495426023,33.6,32.55,-0.03125000000000011,-0.04449879777796195,0.01324879777796184,0.00040863018,0.005,2
2023-08-30,33.6,33.8,33.2,33.6,7579202,0.012048192771084265,0.040247678018576094,0.06329113924050622,0.08038585209003224,0.03863987635239563,0.04672897196261672,32.47,31.8875,30.70583333333333,32.12507235237745,31.77982348923879,0.34524886313866077,0.20928023120374942,0.13596863193491135,0.010275263783888712,0.004046685474253314,63.48760968075279,31.8875,0.9341299075660766,33.75575981513215,30.019240184867847,0.11717819303063283,0.9583141986273648,0.9168365740690637,0.027286802799674513,24.684551478948883,34.87180180160877,20.14487217966176,95.34883720930242,86.3732503267387,936727913.0,917421098.25,0.39589746458851083,-0.9331056618759416,2.86341732441587,8265183.6,-0.20957812471281065,0.9170034649925987,0.017857142857142686,0.0537044296354372,0.09425462045756783,2.0,8.0,0.022255192878338326,1.0,1206.1,1213.16,0.007248241906960162,0.034625093811830654,-0.005956916824397918,0.21117928168248545,0.004799950864124103,0.045760758278201585,0.052685888787014634,0.05300161499912326,1.3439540987753233,0.617042905427207,33.7,35.4,0.05044510385756662,0.020953947368421044,0.029491156489145576,33.7,34.45,33.7,35.6,0.05637982195845703,0.009342105263157707,0.047037716695299325,33.7,32.1,-0.04747774480712175,-0.05086348684210518,0.00338574203498343,0.00040863018,0.005,2
2023-08-31,33.7,34.7,33.45,34.45,12974847,0.02529761904761907,0.03765060240963858,0.06656346749226016,0.08846761453396534,0.06821705426356606,0.0748829953198129,33.03,32.00750000000001,30.821666666666665,32.482753528934765,31.97761434188777,0.5051391870469963,0.2684520223723988,0.23668716467459755,0.01466296624229307,0.0068704547075354875,67.52006209862577,32.00750000000001,1.0961985749800607,34.19989714996013,29.815102850039885,0.13699271420511577,1.0570386734092458,0.9406339616355592,0.02730432399522668,25.464668015609888,38.396039530088046,18.232705093297948,95.1923076923077,92.87879433228277,949702760.0,919162601.55,0.40357240475627393,-1.0151543022200837,2.6780057703388755,8628316.95,1.287381432075143,1.5037517832489917,0.036284470246734396,0.0763102397875497,0.11772021846103953,3.0,8.0,-0.01724137931034464,0.0,1216.0,1224.05,0.008976557090573323,0.029140988237667864,0.010817952846938317,0.21159849676522693,0.016321061957045746,0.05932662629629748,0.06406504247287459,0.06337940703609135,1.3246290153587803,0.6137044106138586,34.8,34.1,-0.02011494252873547,-0.006334099380395086,-0.013780843148340383,34.8,34.2,34.8,35.25,0.012931034482758674,-0.015932696133763247,0.02886373061652192,34.8,32.3,-0.07183908045977017,-0.06186303728185938,-0.009976043177910787,0.0007204345,0.005,2
2023-09-05,34.8,34.8,34.0,34.2,10909681,-0.007256894049346929,0.017857142857142794,0.030120481927710774,0.08227848101265822,0.14000000000000012,0.05230769230769239,33.55,32.0925,30.93166666666667,32.746945293714035,32.14223550174793,0.6047097919661013,0.3357035762911393,0.269006215674962,0.017681572864505883,0.007865678820905322,65.23795972471851,32.0925,1.197615503713799,34.4877310074276,29.697268992572404,0.1492704530608458,0.9399366895019012,0.9305886786615906,0.027210195282502646,26.254538882247292,36.80589157174204,17.113124674618646,88.67924528301897,93.07346339487638,938793079.0,920072899.7,0.4035750486041202,-0.8840874172097775,2.4813096661492082,8888079.9,0.6052826902659825,1.227450824333836,0.02339181286549699,0.0656695489600374,0.10566302063688782,1.0,9.0,-0.0028985507246377384,0.0,1231.43,1234.98,0.008929373800089957,0.043612733126579206,0.00734106592277195,0.20937486699816626,-0.016186267849436886,0.038665747886079016,0.04496662638492044,0.04463892906394018,1.2978741834014236,0.6019127730545057,34.5,35.0,0.01449275362318847,0.006765987373390514,0.007726766249797956,34.5,34.4,34.5,35.15,0.018840579710144967,-0.020669808499114817,0.039510388209259784,34.5,30.25,-0.12318840579710144,-0.09617079065857226,-0.027017615138529183,0.0007204345,0.005,2
2023-09-06,34.5,34.6,33.95,34.4,12180104,0.005847953216374213,-0.0014513788098694524,0.023809523809523725,0.06501547987616108,0.14666666666666672,0.05521472392638027,33.97,32.1825,31.040000000000003,33.001261402373416,32.309477316433274,0.6917840859401423,0.40691967822093994,0.28486440771920235,0.020110002498259952,0.008280942084860533,66.22155539384659,32.1825,1.300938426472394,34.78437685294479,29.58062314705521,0.1616951357380433,0.9261346953239247,0.9105466301857625,0.02646937878446984,26.913810204081166,34.929167295158585,16.632759298833875,92.45283018867927,92.10812772133534,950973183.0,921202781.35,0.4037143568625809,-0.9012382192977545,2.4970342393747345,9107663.4,0.9016676511090242,1.3373467447204954,0.018895348837209263,0.06890390740309171,0.10824742268041221,2.0,9.0,-0.011544011544011523,0.0,1237.07,1245.5,0.008518356572576158,0.03643111540125821,0.003286558940567952,0.2067225315586409,-0.0026704033562019447,0.028584364474902868,0.05192816498581232,0.051758059074016094,1.2891384775779495,0.5991770353449126,34.65,34.55,-0.0028860028860029363,-0.008423345156976847,0.005537342270973911,34.65,34.25,34.65,36.15,0.04329004329004338,-0.018255919161508927,0.061545962451552305,34.65,30.6,-0.11688311688311681,-0.096275952630694,-0.020607164252422816,0.0007204345,0.005,2
2023-09-07,34.65,34.75,34.0,34.25,13103237,-0.0043604651162790775,0.0014619883040933868,-0.005805515239477588,0.031626506024096335,0.09076433121019112,0.0703125,34.18,32.295,31.145833333333332,33.1933750327775,32.45321973743822,0.7401552953392851,0.473566801644609,0.26658849369467613,0.02161037358654847,0.007783605655319011,64.74195943823753,32.295,1.3792541844279125,35.05350836885583,29.536491631144177,0.17083191632486927,0.8543581781502607,0.8990790137439224,0.026250482153107223,27.636528156067506,34.039616090917825,15.641699933525375,89.622641509434,90.25157232704412,937869946.0,922086191.35,0.3968571555675087,-1.0072020248270652,3.020170658717415,9354135.05,1.0671931249881497,1.400796217925034,0.021897810218978103,0.06053568663879849,0.0996655518394649,3.0,9.0,0.0350877192982455,1.0,1248.91,1243.14,-0.0018948213568846795,0.032139684332007645,0.0007325535528848182,0.20685381922110943,-0.002465643759394398,-0.0005131783079113106,0.06957994644711518,0.06952901272181733,1.299055611990574,0.6029553208649394,34.2,34.9,0.020467836257309857,-0.014867823679041825,0.03533565993635168,34.2,35.4,34.2,35.7,0.04385964912280693,-0.02377885822841863,0.06763850735122556,34.2,30.8,-0.09941520467836262,-0.10335029139968432,0.003935086721321701,0.00040863018,0.005,2
2023-09-08,34.2,35.9,34.0,35.4,17856414,0.033576642335766405,0.029069767441860517,0.0350877192982455,0.05357142857142838,0.13826366559485526,0.1309904153354633,34.540000000000006,32.50000000000001,31.274166666666666,33.53285579696558,32.671499756887236,0.8613560400783413,0.5511246493313555,0.3102313907469858,0.02433209152763676,0.008763598608671916,70.23316480251586,32.50000000000001,1.5209934426651095,35.541986885330225,29.45801311466979,0.18719919294339796,0.9766621470304575,0.9705733699050707,0.027417326833476575,29.05112734877126,37.7432243311376,13.454536964029097,92.1875,91.42099056603779,955726360.0,924332659.75,0.3982641871015489,-1.2058197202516723,3.55277521932246,9776718.05,2.022575580125549,1.8264221090021102,0.053672316384180754,0.089230769230769,0.13192464494124545,4.0,9.0,-0.0527777777777777,0.0,1242.28,1241.48,-0.001335328281609538,0.023343994196973084,0.006069741245877225,0.20541002770813918,0.03491197061737594,0.030227434374455298,0.12492067408958607,0.12416701245272432,1.2726995323121855,0.578945229450865,36.0,35.6,-0.011111111111111072,-0.018488900262299324,0.007377789151188252,36.0,34.1,36.0,34.0,-0.05555555555555558,-0.04592636427611807,-0.00962919127943751,36.0,31.65,-0.12083333333333335,-0.09751455441110612,-0.023318778922227223,0.00040863018,0.005,2
2023-09-11,36.0,36.1,34.05,34.1,19338388,-0.03672316384180785,-0.004379562043795526,-0.008720930232558044,-0.010159651669085723,0.07740916271721976,0.1071428571428572,34.47,32.665,31.382499999999997,33.620108751278565,32.77731458971041,0.8427941615681576,0.609458551778716,0.23333560978944157,0.02471537130698409,0.0068426865040891955,59.039281567710695,32.665,1.5057870821735513,35.6765741643471,29.653425835652897,0.18439149942428304,0.7382474947800438,1.047675272054709,0.030723615016267122,30.47742556158962,33.83159722619706,11.57406056124843,69.6969696969697,83.83570373546792,936387972.0,925993541.55,0.4199946538243735,-1.1162340396980155,2.4421366718487576,10362304.65,1.998850964064171,1.8662246144249386,0.060117302052786044,0.043930812796571406,0.0865928463315544,0.0,9.0,0.020408163265306145,1.0,1250.48,1223.63,-0.014378000451074402,-0.00034312323842966563,0.0024741727496908617,0.2083350513643442,-0.022345163390733447,-0.009816528430656057,0.10466868439316634,0.10441035513769914,1.3367391659552594,0.6033319127567149,34.3,35.25,0.0276967930029155,-0.012508556341471522,0.04020534934438702,34.3,35.0,34.3,31.7,-0.07580174927113692,-0.06026923954496566,-0.015532509726171262,34.3,31.65,-0.07725947521865884,-0.07317709182176746,-0.004082383396891376,0.0007204345,0.005,2
2023-09-12,34.3,35.0,33.75,35.0,11096550,0.02639296187683282,-0.011299435028248594,0.021897810218978186,0.023391812865497075,0.10759493670886067,0.09375,34.63,32.815,31.507499999999997,33.83239971262032,32.94195795343556,0.8904417591847604,0.665655193259925,0.22478656592483548,0.025441193119564585,0.006422473312138156,63.38965193467644,32.815,1.5834755245474081,35.98195104909482,29.64804895090518,0.19301850063049328,0.8449690200649802,1.0621270383365153,0.030346486809614725,31.309372030736707,30.98760755759911,12.618623818198897,83.33333333333331,81.73926767676768,947484522.0,927744253.15,0.40891326186789284,-1.2255352336447192,2.7891524881712635,10452134.45,0.14364334599025147,1.0616539667646545,0.03571428571428571,0.06658540301691307,0.11084662381972565,1.0,9.0,-0.018465909090909283,0.0,1227.16,1245.44,0.017824015429500628,0.008469772789842844,0.010736806226211426,0.2152387144792688,0.008568946447332193,0.01492204007565423,0.08301319377378857,0.08213136522032372,1.3374650210115686,0.6130805267208209,35.2,35.15,-0.0014204545454546968,-0.02997742085288324,0.028556966307428544,35.2,34.55,35.2,31.65,-0.10085227272727282,-0.088859352731116,-0.011992919996156814,35.2,31.6,-0.10227272727272729,-0.08427146219994552,-0.01800126507278177,0.0007204345,0.005,2
2023-09-13,35.2,35.4,34.0,34.55,12295085,-0.0128571428571429,0.013196480938416189,-0.024011299435028333,0.0043604651162789665,0.06965944272445812,0.06471494607087802,34.660000000000004,32.92,31.620833333333334,33.94279975683258,33.061072179107,0.8817275777255773,0.7088696701530555,0.17285790757252184,0.025520335100595582,0.005003123229305987,59.960560703299166,32.92,1.6270250539909763,36.174050107981955,29.665949892018048,0.19769441725285258,0.7504571143513926,1.0862608213124785,0.031440255320187516,32.33942086525844,30.765176725264453,11.456966914937635,69.60784313725483,74.21271538918596,935189437.0,928346541.45,0.41198827616243117,-1.0463587413669184,2.326366805825986,10533219.65,0.39108720693242244,1.1672675030563897,0.04052098408104193,0.04951397326852969,0.09263407563578863,2.0,9.0,0.011594202898550732,1.0,1248.94,1238.39,-0.005660650051387384,-0.005708550782818067,0.0012531936224573492,0.2160144160860461,-0.007196492805755517,0.010069015899097034,0.06346175244842067,0.06338232212655504,1.3880660076066262,0.6294113289657502,34.5,36.15,0.047826086956521685,-0.009756176354194568,0.05758226331071625,34.5,34.9,34.5,32.6,-0.05507246376811592,-0.06811555577092376,0.013043092002807843,34.5,32.0,-0.07246376811594202,-0.07057075246933031,-0.0018930156466117065,0.0007204345,0.005,2
2023-09-14,34.5,35.1,34.0,34.9,12436498,0.01013024602026058,-0.0028571428571428914,0.02346041055718473,0.01897810218978102,0.051204819277108404,0.07055214723926362,34.79,33.035000000000004,31.723333333333333,34.09006133270449,33.19728905472871,0.8927722779757801,0.7456501917176004,0.14712208625817969,0.025580867563775936,0.004215532557540966,61.6961360509329,33.035000000000004,1.6835191837647043,36.402038367529414,29.667961632470593,0.20384673028784078,0.7769496210654191,1.0872421912187302,0.03115307138162551,33.29589478302862,28.541878268784487,10.629009478340011,76.47058823529407,76.47058823529409,947625935.0,929069495.9,0.41265690075906686,-1.0756143527173738,2.3441354166023243,10653885.8,0.39412610985976243,1.167320378072759,0.03151862464183385,0.0564552747086422,0.10013659766733207,3.0,9.0,0.01569186875891604,1.0,1238.19,1223.81,-0.011773350883001465,-0.01554933474910325,-0.008297880961063209,0.22002605861597696,0.021903596903262046,0.03452743693888427,0.07885002820032683,0.07950979098112732,1.3031271740163515,0.6130772646682402,35.05,35.7,0.018544935805991702,-0.013125879873379542,0.031670815679371245,35.05,35.6,35.05,32.55,-0.07132667617689015,-0.062203487757044984,-0.009123188419845163,35.05,32.4,-0.07560627674750353,-0.062870767453026,-0.012735509294477532,0.0007204345,0.005,2
2023-09-15,35.05,36.35,34.85,35.6,18288986,0.02005730659025806,0.03039073806078152,0.017142857142857126,0.005649717514124353,0.059523809523809534,0.10046367851622873,34.83,33.197500000000005,31.828333333333333,34.32235958921149,33.37526764326732,0.947091945944166,0.7859385425629135,0.1611534033812525,0.026603706346746234,0.004526780993855407,64.96689677075929,33.197500000000005,1.7686208572898168,36.73474171457964,29.660258285420372,0.21310289718078976,0.8396007671878182,1.1167248918459638,0.03136867673724617,34.8980476813974,33.798780022739464,9.609221657343769,84.375,76.81781045751632,965914921.0,930935149.35,0.4142232688927966,-1.2215389192831958,2.5614704014673944,11340085.4,1.5135566803059048,1.6127732159759571,0.042134831460674156,0.07236990737254301,0.11850028800335144,4.0,9.0,-0.012605042016806789,0.0,1228.87,1227.36,0.002900777081409567,-0.011373521925443941,-0.012788958061869637,0.21847496212297543,0.017156529508848495,0.017023239439568294,0.11325263657809836,0.1147197830726816,1.298413428584322,0.6094316002345175,35.7,34.0,-0.04761904761904767,-0.02655842036553524,-0.02106062725351243,35.7,35.25,35.7,32.1,-0.10084033613445387,-0.058297976501305304,-0.04254235963314856,35.7,33.3,-0.06722689075630273,-0.057824738903394124,-0.009402151852908602,0.0007204345,0.005,2
2023-09-18,35.7,36.05,34.9,35.25,8241271,-0.0098314606741573,0.01002865329512903,0.02026049204052116,0.03372434017595305,0.023222060957909907,0.09302325581395343,35.06,33.347500000000004,31.930833333333336,34.46507349856357,33.514136706729005,0.9509367918345646,0.8189381924172437,0.13199859941732084,0.026976930264810343,0.0037446411182218676,62.111082412515934,33.347500000000004,1.8107482460366293,36.96899649207326,29.726003507926745,0.2171974805951425,0.7626676574399832,1.1191016852855378,0.03174756554001525,36.38576108702555,31.31792560574128,8.903897974758266,76.59574468085104,79.1471109720484,957673650.0,932802336.6,0.41668046500422484,-1.1662825983208354,2.3504089469352625,11338551.6,-0.674466864548761,0.7268363094982961,0.03262411347517726,0.057050753429792156,0.1039486389853066,0.0,9.0,-0.007062146892655385,0.0,1225.6,1211.81,-0.012669469430321989,-0.009659782777473702,-0.017568181081168754,0.22125525790854894,0.0028380087561646894,0.04338412295342675,0.11059143689512219,0.11256907071355693,1.299331264173966,0.6191149068145014,35.4,31.7,-0.10451977401129942,-0.051613539919076246,-0.05290623409222317,35.4,35.15,35.4,32.3,-0.08757062146892658,-0.04992762919832894,-0.03764299227059764,35.4,33.0,-0.06779661016949146,-0.06130135859732222,-0.006495251572169236,0.0007204345,0.005,2
2023-09-19,35.4,35.5,34.5,35.15,9976544,-0.0028368794326241176,-0.012640449438202306,0.007163323782235054,0.004285714285714226,0.02777777777777768,0.17166666666666663,35.089999999999996,33.605000000000004,32.03333333333333,34.570446806476866,33.63531176548982,0.9351350409870491,0.8421775621312049,0.09295747885584427,0.02660412634387053,0.002644593993053891,61.282207697514984,33.605000000000004,1.6704002041737165,36.94580040834744,30.26419959165257,0.19882757972607848,0.7312320119662951,1.1105944220508566,0.031595858379825224,37.05550104170087,29.303693729811744,10.903863129056873,67.12328767123279,76.0313441173613,947697106.0,934931192.05,0.31256529207505235,-0.16374049252336037,0.11064384256013347,11076883.4,-0.2440684994585777,0.9006634483486573,0.02844950213371266,0.045975301294450155,0.09729448491155046,1.0,9.0,0.026988636363636243,1.0,1215.96,1211.5,-0.00025581568067600813,-0.027251413155190196,0.028446761008158017,0.1473974479819247,-0.0025810637519481094,0.03153712744090442,0.14321990565850862,0.139258453707525,1.3048538079123042,0.6216546593831632,35.2,31.65,-0.10085227272727282,-0.0616310711635194,-0.039221201563753416,35.2,36.15,35.2,30.25,-0.1406250000000001,-0.07800775129875492,-0.06261724870124519,35.2,30.7,-0.12784090909090917,-0.07508039910942521,-0.05276050998148396,0.00040863018,0.005,2
2023-09-20,35.2,36.2,34.85,36.15,10702286,0.028449502133712556,0.025531914893617058,0.015449438202247201,0.04630969609261948,0.05087209302325579,0.20499999999999985,35.41,33.9125,32.13583333333334,34.813454990095806,33.821584968046125,0.9918700220496817,0.8721160541149003,0.11975396793478132,0.02743762163346284,0.003312696208431019,66.14736567801017,33.9125,1.5321875486404262,36.97687509728085,30.84812490271915,0.1807224532122876,0.8650825908984551,1.1276948204757955,0.031194877468210112,38.094292514436,31.231774480538714,9.971479716899315,93.65079365079355,79.12327533429249,958399392.0,937595161.8,0.31899110588207935,-0.32612757025310035,-0.028413136865666582,11244463.25,-0.12255283989835059,0.9517827362724495,0.037344398340249,0.06597862145226685,0.12491248087545026,2.0,9.0,-0.019230769230769162,0.0,1212.7,1226.11,0.012059430458109643,-0.009916100743707745,0.03928765172577475,0.15213988787748983,0.016390071675602913,0.056225796836327224,0.1657123482742251,0.15944801037427303,1.3206281603105265,0.6403104191926533,36.4,32.6,-0.10439560439560436,-0.05945597861084628,-0.044939625784758075,36.4,35.7,36.4,30.6,-0.15934065934065922,-0.07998108885791366,-0.07935957048274556,36.4,30.35,-0.16620879120879117,-0.10057956129410894,-0.06562922991468223,0.00040863018,0.005,2
2023-09-21,36.4,36.6,35.7,35.7,10258862,-0.012448132780082832,0.015647226173542084,0.01276595744680864,0.02292263610315204,0.04233576642335768,0.13694267515923575,35.57000000000001,34.127500000000005,32.225833333333334,34.94984653008107,33.96072682226493,0.9891197078161369,0.8955167848551477,0.09360292296098915,0.027706434392608875,0.0026219306151537575,62.3505142918827,34.127500000000005,1.4611166421964492,37.0497332843929,31.205266715607106,0.17125387352679783,0.7690579168334077,1.1114309047275244,0.031132518339706563,39.27360657112875,31.99600185863138,9.394724388826504,71.42857142857146,77.40088425019928,948140530.0,939294901.15,0.2959685144176268,-0.4324526236772388,-0.34190578798909527,11306119.05,-0.23801257729732833,0.9073725435431356,0.025210084033613404,0.04607721046077207,0.1078068837113082,3.0,9.0,-0.02857142857142858,0.0,1226.79,1212.74,-0.010904404988133165,-0.00904552177217044,0.027319164075934488,0.15884998467150094,-0.0015437277919496672,0.03196815787532248,0.10962351108330126,0.10670832874212643,1.3187626440190883,0.6451861949774697,35.0,32.55,-0.07000000000000006,-0.037628706711538285,-0.03237129328846178,35.0,34.0,35.0,30.8,-0.12,-0.06981269154648462,-0.05018730845351538,35.0,29.35,-0.16142857142857137,-0.09155817585115544,-0.06987039557741592,0.00040863018,0.005,2
2023-09-22,35.0,35.35,33.5,34.0,15337201,-0.04761904761904767,-0.05947441217150762,-0.03271692745376953,-0.0449438202247191,-0.039548022598870025,0.09324758842443726,35.25,34.2725,32.299166666666665,34.80371629468398,33.9636359465416,0.8400803481423793,0.8844294975125941,-0.044349149370214835,0.02470824553359939,-0.0013043867461827892,50.546643245802564,34.2725,1.2771756463294563,36.826851292658915,31.718148707341086,0.14906127610526893,0.44665964685766735,1.18918584010413,0.034976054120709706,37.39877064913566,27.7679468485135,21.367598099220768,16.12903225806451,60.40279911247652,932803329.0,940429683.0,0.3495251478463418,-0.8239209743121754,0.3268997428692698,11871076.55,0.8382196026813488,1.2919806333824035,0.054411764705882396,-0.007950981107301747,0.05265873732552451,4.0,9.0,-0.0676470588235294,0.0,1197.49,1193.05,-0.016235961541633093,-0.027954308434363195,0.017474585522275987,0.16859260723826597,-0.03138308607741458,-0.016989511790355905,0.07577300290216127,0.07447164182805266,1.4105634689079423,0.6812617408148994,34.0,32.1,-0.05588235294117638,-0.030598531808026186,-0.025283821133150197,34.0,31.7,34.0,31.65,-0.06911764705882362,-0.052109056090308914,-0.017008590968514703,34.0,30.4,-0.10588235294117654,-0.0693359539048195,-0.036546399036357036,0.00040863018,0.005,2
2023-09-25,34.0,35.0,31.7,31.7,13209136,-0.0676470588235294,-0.11204481792717091,-0.12309820193637622,-0.10070921985815606,-0.0703812316715543,0.0015797788309637184,34.54,34.275,32.344166666666666,34.32622148011721,33.79595920976074,0.5302622703564737,0.8135960520813701,-0.2833337817248964,0.016727516415030716,-0.00893797418690525,39.6185066305933,34.275,1.2718097341969496,36.8186194683939,31.7313805316061,0.1484241848807527,-0.00616847999396592,1.3399582800966923,0.04226997729011648,35.34360210322054,22.883241216725246,27.203969910133246,0.0,29.185867895545343,919594193.0,940711451.45,0.4295602990630911,-1.0377574124142062,0.8285465314820583,12338976.75,0.23614945137370943,1.0705211840195743,0.10410094637223977,-0.07512764405543393,-0.01991600752325251,0.0,9.0,-0.0031496062992126816,0.0,1190.58,1153.2,-0.033401785340094636,-0.048365667885229446,-0.03042736192502038,0.20035396225079583,-0.03424527348343476,-0.052343551972926616,0.0320071407559841,0.03301159655199437,1.5068870958888343,0.72757231422778,31.75,32.3,0.017322834645669305,0.0037447651484872058,0.0135780694971821,31.75,31.65,31.75,31.65,-0.0031496062992126816,-0.011799051210315215,0.008649444911102533,31.75,30.4,-0.04251968503937009,-0.04988096686186949,0.007361281822499399,0.0007204345,0.005,2
2023-09-26,31.75,32.85,31.5,31.65,9476619,-0.001577287066246047,-0.06911764705882362,-0.11344537815126066,-0.09957325746799428,-0.09571428571428575,0.0015822784810126667,33.84,34.2775,32.3825,33.91449509856072,33.63699926829698,0.2774958302637387,0.7063760077178438,-0.4288801774541051,0.008767640766626816,-0.013550716507238708,39.41898678292663,34.2775,1.2663119886622312,36.810123977324466,31.74487602267554,0.14777180233823717,-0.018730775576043527,1.3406755458040716,0.0423594169290386,33.581488857846296,21.23735585162685,26.312875468388906,2.9411764705882066,6.356736242884257,910117574.0,940914522.85,0.4295601443139843,-1.0377737920199683,0.8285764238101809,12417673.8,-0.8167553185093258,0.7631557369464802,0.042654028436019,-0.07665378163518355,-0.022620242414884584,1.0,9.0,0.018750000000000044,1.0,1150.94,1137.96,-0.013215400624349671,-0.06070160957490711,-0.03837345885057075,0.2043447350326546,0.011638113558103624,-0.03887164789308717,0.03995573733158342,0.04155016071397566,1.4866590052522888,0.727146474719892,32.0,30.25,-0.0546875,-0.01900400084228271,-0.03568349915771729,32.0,32.6,32.0,31.6,-0.012499999999999956,0.003448094335649632,-0.015948094335649587,32.0,31.25,-0.0234375,-0.029708008703586586,0.006270508703586586,0.0007204345,0.005,2
2023-09-27,32.0,32.6,30.5,32.6,10382925,0.03001579778830976,0.028391167192429068,-0.04117647058823526,-0.09820193637621011,-0.056439942112879726,0.009287925696594534,33.13,34.2925,32.42916666666667,33.71226508339753,33.56018450768239,0.15208057571513933,0.5955169213173029,-0.4434363456021636,0.004665048334820225,-0.01360234188963692,45.07837712390404,34.2925,1.2432210922473268,36.77894218449465,31.806057815505344,0.14501376012216402,0.15965426211106903,1.3949130068180666,0.04278874254043149,32.63223713815958,18.953626785962246,28.604004597573113,34.426229508196734,12.455801992928334,920500499.0,941323550.6,0.43569679376929343,-0.9980458740943118,0.725781531210104,12623630.15,-0.671141401688084,0.8224991445903538,0.06441717791411047,-0.04935481519282625,0.0052678915585249175,2.0,9.0,0.004629629629629539,1.0,1139.76,1153.85,0.01396358395725672,-0.058934353361443925,-0.039834570449023166,0.2026705114105203,0.01605221383105304,-0.03926758301476618,0.0491224961456177,0.051160450724194506,1.4975664667617254,0.7333434692920741,32.4,30.6,-0.05555555555555547,-0.021729332431916992,-0.03382622312363848,32.4,32.55,32.4,32.0,-0.012345679012345623,-0.002539566973495,-0.009806112038850623,32.4,30.65,-0.054012345679012363,-0.04514015289406614,-0.00887219278494622,0.0007204345,0.005,2
2023-09-28,32.4,32.75,31.8,32.55,6136198,-0.0015337423312884457,0.02843601895734582,0.0268138801261828,-0.08823529411764719,-0.06733524355300868,-0.01957831325301218,32.5,34.260000000000005,32.475,33.53345507056714,33.485356025631845,0.04809904493529871,0.4860333460409021,-0.4379343011056034,0.0014776972330352908,-0.01345420279894327,44.84094528379145,34.260000000000005,1.281200095304651,36.82240019060931,31.697599809390702,0.1495855336024111,0.16632846690637462,1.363133506331062,0.04187814151554722,31.603896383389227,18.796114416080478,27.18008975926198,33.60655737704913,23.65798778527804,914364301.0,940584330.1,0.42383560352071226,-0.9612711117596988,0.8611943002783126,12089001.7,-1.7091860441859936,0.5075851714041864,0.029185867895545295,-0.04991243432574455,0.002309468822170757,3.0,9.0,-0.01834862385321101,0.0,1153.74,1152.43,-0.0012306625644580294,-0.04973036264986719,-0.0431739495030844,0.2020875592203203,-0.0003030797668304164,-0.03850493146778,0.023595636250072216,0.024660319645162465,1.5049056140805757,0.7355386321673639,32.7,30.8,-0.05810397553516822,-0.0378921365395245,-0.020211838995643716,32.7,32.1,32.7,32.4,-0.009174311926605672,-0.005311981757877393,-0.0038623301687282785,32.7,28.55,-0.12691131498470953,-0.08836891929242674,-0.038542395692282794,0.0007204345,0.005,2
2023-09-29,32.7,32.95,32.1,32.1,4476458,-0.013824884792626557,-0.015337423312883458,0.014218009478673022,-0.05588235294117638,-0.098314606741573,-0.044642857142857095,32.12,34.185,32.51833333333333,33.31292352124912,33.382737060770225,-0.0698135395211068,0.3748639689285003,-0.44467750844960713,-0.0021748766205952276,-0.01385288188316533,42.66298900244693,34.185,1.3631523064296438,36.91130461285929,31.458695387140715,0.15950297574136535,0.11761426251388335,1.3264811130217005,0.04132339915955453,30.446658830348877,19.01276187888565,25.936031536959366,26.22950819672133,31.420765027322417,909887843.0,939242326.6,0.4235098096905857,-0.8150730316699016,0.660692172587376,11933864.5,-1.987096862216681,0.37510548238586083,0.026479750778816244,-0.06099166301009218,-0.012864537952949506,4.0,9.0,-0.0030864197530864335,0.0,1157.76,1154.15,0.0014924984597763924,-0.032605506894094805,-0.048641564179498165,0.1995631179585489,-0.01531738325240295,-0.02327684604708158,0.003998707036641069,0.004203155073925879,1.506168167599548,0.734797031027572,32.4,31.65,-0.02314814814814814,-0.022968304951215046,-0.0001798431969330938,32.4,32.3,32.4,33.3,0.02777777777777768,-0.0002943544547082677,0.028072132232485947,32.4,28.5,-0.12037037037037035,-0.08176993602119353,-0.038600434349176815,0.0007204345,0.005,2
2023-10-02,32.4,32.8,32.05,32.3,4327838,0.006230529595015355,-0.007680491551459334,-0.00920245398773023,0.018927444794952564,-0.08368794326241147,-0.06240928882438335,32.239999999999995,34.0775,32.55583333333333,33.157089133364636,33.302534315527986,-0.14544518216334978,0.2708021387101303,-0.4162473208734801,-0.00450294681620278,-0.012886913958931273,43.96564851067821,34.0775,1.424547481242364,36.92659496248473,31.228405037515273,0.16721267478451926,0.18805883562936318,1.2853038906630077,0.03979269011340581,29.410810805216514,18.220310519841757,25.132884972738537,29.50819672131142,29.78142076502731,914215681.0,937467972.65,0.4125123231238364,-0.8251751574070849,0.8796639898559133,11501514.05,-1.7462834752440886,0.37628419886162723,0.02321981424148607,-0.05216051646981157,-0.007858294724447767,0.0,10.0,-0.0546875,0.0,1155.07,1155.25,0.0009530823549797063,0.0017776621574747686,-0.056206854295167696,0.195479336056512,0.005277447240035649,0.017149782637477795,-0.00620243452921565,-0.0065718156117605675,1.5375945319071873,0.7503048887992553,32.0,31.65,-0.010937500000000044,-0.00740934677313787,-0.003528153226862174,32.0,30.25,32.0,33.0,0.03125,-0.0038661255836277553,0.035116125583627755,32.0,26.55,-0.17031249999999998,-0.09028232316620832,-0.08003017683379166,0.0007204345,0.005,2
2023-10-03,32.0,32.0,30.2,30.25,11100419,-0.06346749226006188,-0.05763239875389414,-0.07066052227342545,-0.04423380726698256,-0.13940256045519195,-0.11549707602339188,31.959999999999997,33.88,32.55,32.709844651308536,33.07642066252591,-0.3665760112173757,0.14332650872462913,-0.5099025199420049,-0.012118215246855395,-0.016856281650975368,35.150397974688076,33.88,1.6608811865355413,37.201762373071084,30.55823762692892,0.1960898685402055,-0.046396700352160536,1.343496469901364,0.0444131064430203,29.67035748582256,16.186031577391756,32.16256698527728,0.7812500000000109,18.83965163934427,903115262.0,935684081.8,0.4652826436220408,-0.7704581670320695,0.06809127902262808,11511050.95,-0.09998969753417154,0.9643271538121374,0.05950413223140498,-0.1071428571428572,-0.07066052227342545,1.0,10.0,0.03728813559322042,1.0,1145.85,1118.1,-0.032157541657649946,-0.017452283032795668,-0.09464120876451454,0.21605986251935907,-0.03130995060241193,-0.026781524234186893,-0.020855867258877336,-0.02303602445878572,1.593264173085127,0.7786483556098183,29.5,31.6,0.07118644067796609,0.03350773985414923,0.03767870082381686,29.5,30.6,29.5,30.7,0.04067796610169494,0.013591057373419924,0.027086908728275017,29.5,25.5,-0.13559322033898302,-0.07086507441646095,-0.06472814592252207,0.0007204345,0.005,2
2023-10-04,29.5,31.65,29.5,30.6,7600785,0.011570247933884392,-0.05263157894736825,-0.04672897196261683,-0.06134969325153372,-0.15352697095435675,-0.11046511627906974,31.560000000000002,33.690000000000005,32.55,32.385253166491836,32.8929820949314,-0.5077289284395619,0.013115421291790927,-0.5208443497313527,-0.016592448641815746,-0.01702105718076316,37.45610932180215,33.690000000000005,1.809012525049997,37.3080250501,30.07197494990001,0.21478332146631013,0.07297144751463201,1.4011038649084093,0.04578770800354279,30.277470335644335,14.411921852553622,32.205924685636404,15.49295774647889,15.260801489263459,910716047.0,933671225.0,0.46760410287738763,-0.7831545757314131,0.04062952460428049,11282085.0,-0.8777114998884212,0.6737039297257554,0.07026143790849668,-0.09171861086375788,-0.05990783410138234,2.0,10.0,-0.008051529790660261,0.0,1106.61,1128.67,0.0094535372506932,-0.021822593924686773,-0.0938016860698514,0.21685250535062287,0.002116710683191192,-0.03952709932684695,-0.016663430209218344,-0.01838828207144816,1.6076058434248366,0.7840202209892227,31.05,32.0,0.03059581320450877,0.017254638510019626,0.013341174694489144,31.05,30.8,31.05,30.35,-0.02254428341384862,-0.024653271928506304,0.0021089885146576837,31.05,26.7,-0.140096618357488,-0.08099603107956399,-0.059100587277924,0.0007204345,0.005,2
2023-10-05,31.05,31.85,30.8,30.8,6785405,0.006535947712418277,0.0181818181818183,-0.046439628482972006,-0.053763440860214895,-0.13725490196078438,-0.10072992700729921,31.21,33.5175,32.55,32.14136806395463,32.73794638419574,-0.5965783202411075,-0.10882332701478875,-0.4877549932263187,-0.01936942598185414,-0.01583620107877658,38.79525960207522,33.5175,1.9142316721690686,37.34596334433814,29.689036655661862,0.22844563850753416,0.14509259256473317,1.3903107317006658,0.045139958821450187,30.614106608963013,14.513908184460059,30.13766114985003,18.309859154929583,11.528022300469514,917501452.0,932652800.3,0.4695257962322321,-0.8311306201519447,0.05715991058005053,10966193.4,-0.9752887225223272,0.618756641662001,0.034090909090909116,-0.08107704930260307,-0.053763440860214895,3.0,10.0,0.030944625407166138,1.0,1131.29,1113.89,-0.013095058786004699,-0.03344237827894103,-0.10397059060121949,0.21848469528721262,0.019631006498422976,-0.020321062581273863,0.003240663593920279,0.0036166933360979314,1.5661518631765805,0.7709931531257262,30.7,32.4,0.055374592833876246,0.03262107367986866,0.022753519154007584,30.7,31.65,30.7,29.35,-0.043973941368078084,-0.024550989481990304,-0.01942295188608778,30.7,28.5,-0.07166123778501632,-0.035651838634183086,-0.03600939915083323,0.0007204345,0.005,2
2023-10-06,30.7,31.7,30.6,31.65,5418237,0.02759740259740262,0.034313725490195957,0.046280991735537125,-0.014018691588785104,-0.06911764705882362,-0.10593220338983056,31.119999999999997,33.33,32.56166666666666,32.06577297719238,32.6573577631442,-0.5915847859518166,-0.20537561880219435,-0.3862091671496223,-0.01869146243133702,-0.012202501331741621,44.2578856798145,33.33,1.9037635854990214,37.13752717099804,29.522472829001956,0.22847447770765333,0.2793843714633779,1.3695742508649038,0.04327248817898591,31.038991321366268,13.681256358911055,29.45176357169339,30.281690140845043,21.361502347417854,922919689.0,931012466.75,0.4634727274289548,-0.8831059746972435,0.09645189037442771,10344284.55,-1.191587468059912,0.5237904055916559,0.03475513428120056,-0.05040504050405037,-0.027998157342478236,4.0,10.0,0.0,0.0,1115.23,1128.54,0.013152106581439726,-0.02218949010094018,-0.09097206559912363,0.22789418818658058,0.014445296015962894,0.008170798512155075,-0.014960137790706929,-0.016457291601898794,1.5754093104413152,0.7757194032551809,31.65,33.3,0.05213270142180093,0.02165892501658928,0.03047377640521165,31.65,31.65,31.65,30.4,-0.03949447077409163,-0.019659367396593685,-0.019835103377497942,31.65,28.45,-0.10110584518167454,-0.047308117673081185,-0.05379772750859335,0.0007204345,0.005,2
2023-10-09,31.65,32.05,31.4,31.65,5310105,0.0,0.02759740259740262,0.034313725490195957,-0.020123839009287936,-0.001577287066246047,-0.07184750733137835,30.99,33.2075,32.5725,32.00180790377817,32.582738669577964,-0.580930765799792,-0.2804866482017139,-0.3004441175980781,-0.01835484252132044,-0.009492705137380035,44.25788567981449,33.2075,1.9302491658083178,37.067998331616636,29.347001668383367,0.23250761614795656,0.298277338025972,1.3181760900888393,0.04164853365209603,31.00834270742587,15.095937467094412,28.414418622890977,30.281690140845043,26.291079812206576,922919689.0,930339052.6,0.44839899280989715,-1.1103200393194022,0.819936697522888,9642870.4,-1.1727957681836134,0.5506767984769348,0.020537124802527604,-0.04690205525860136,-0.028321436794842225,0.0,10.0,-0.012499999999999956,0.0,1130.25,1137.36,0.00781540751767773,-0.01548582557887912,-0.07050333842746603,0.22895450187186991,-0.00781540751767773,-0.004638013430408816,-0.0013441689039123128,-0.0014461255854735233,1.5800811436562885,0.7764402693071153,32.0,33.0,0.03125,-0.0019062609303951428,0.03315626093039514,32.0,31.6,32.0,30.4,-0.050000000000000044,-0.04378279118572925,-0.0062172088142707915,32.0,28.6,-0.10624999999999996,-0.047166841552990446,-0.05908315844700951,0.0007204345,0.005,2
2023-10-10,32.0,32.45,31.6,31.6,8421529,-0.0015797788309636074,-0.0015797788309636074,0.025974025974025983,0.044628099173553704,-0.0015797788309636074,-0.09714285714285709,31.259999999999998,33.0375,32.582499999999996,31.939991303196916,32.50994321257219,-0.5699519093752734,-0.3383797004364258,-0.2315722089388476,-0.018036452828331436,-0.007328234460090114,43.99003597263873,33.0375,1.9137229492051053,36.86494589841021,29.21005410158979,0.2317031190865054,0.31221158467620824,1.2847349407967794,0.04065616901255631,30.504872711728023,16.606446549564915,27.071603793237795,29.57746478873241,30.04694835680752,914498160.0,928689734.5,0.4345844465611062,-1.124004588114893,0.9955317154785033,9509119.35,-0.294947108314238,0.8856265959055399,0.026898734177215233,-0.04351116155883461,-0.030154223893194,1.0,10.0,0.007874015748031482,1.0,1143.6,1143.69,0.005565520151930903,0.022887040515159773,-0.08169803442959922,0.21763171016856764,-0.00714529898289451,0.02174105865839393,-0.015444822713257866,-0.016818893231557386,1.5738781573865186,0.7745418665951455,31.75,30.7,-0.03307086614173227,-0.021418600593264614,-0.011652265548467655,31.75,32.0,31.75,31.25,-0.015748031496062964,-0.035159658000348926,0.01941162650428596,31.75,28.5,-0.10236220472440949,-0.057503053568312756,-0.04485915115609673,0.0007204345,0.005,2
2023-10-11,31.75,32.2,31.45,32.0,6268394,0.012658227848101111,0.011058451816745807,0.011058451816745807,0.045751633986928164,-0.018404907975460127,-0.07380607814761209,31.54,32.91,32.60166666666667,31.94922341039739,32.47216964127055,-0.5229462308731563,-0.3752930065237719,-0.14765322434938438,-0.016342069714786134,-0.004614163260918262,46.76569899390779,32.91,1.892478185926872,36.69495637185374,29.12504362814625,0.23001861876959864,0.3797872537227808,1.2465395878827241,0.03895436212133513,30.146797540804155,15.892765994367844,26.767693736006205,42.735042735042725,34.19806588820675,920766554.0,927968590.35,0.4376839076525728,-1.2384779418932177,1.1448460452565743,9207784.8,-0.7957200723737933,0.6807711231478824,0.02343750000000011,-0.027651169857186186,-0.018455089208118225,2.0,10.0,0.003095975232198178,1.0,1146.2,1150.81,0.006225463193697545,0.01961600822206666,-0.07072085530406425,0.22061558042857574,0.006432764654403567,0.026135625764861503,-0.0030852228435478413,-0.0033200173071326056,1.5814290673212545,0.7781139413443017,32.3,30.35,-0.0603715170278637,-0.04477456887596076,-0.015596948151902934,32.3,32.4,32.3,30.65,-0.051083591331269274,-0.04628090587990841,-0.004802685451360866,32.3,30.45,-0.05727554179566552,-0.03609148833021658,-0.021184053465448938,0.0007204345,0.005,2
2023-10-12,32.3,32.75,32.1,32.4,8167546,0.012499999999999956,0.025316455696202445,0.023696682464454888,0.051948051948051965,-0.004608294930875556,-0.07163323782234954,31.860000000000003,32.785000000000004,32.630833333333335,32.01857365495164,32.466823741917175,-0.4482500869655368,-0.3898844226121249,-0.058365664353411895,-0.013834879227331384,-0.001801409393623824,49.46280055679652,32.785000000000004,1.8358348165569771,36.45666963311396,29.11333036688605,0.22398472674173892,0.4475715357765607,1.2110724744625296,0.037378780076004,29.15371395438998,18.433632305170043,25.583632812124065,52.727272727272705,41.6799267503493,928934100.0,927033998.6,0.43873910913464026,-1.2395481001520539,1.1298594642175819,8994337.2,-0.2283816260604031,0.9080764728278145,0.020061728395061686,-0.011743175232576064,-0.007074086370253196,3.0,10.0,0.03738317757009324,1.0,1155.12,1151.61,0.0006951625376907522,0.033863307867024295,-0.05899608599374084,0.21889764251168317,0.011804837462309203,0.01808474408102767,-0.012637151828608695,-0.013429435989067096,1.5836873859248157,0.7783988146487236,32.1,29.35,-0.08566978193146413,-0.049937556221234414,-0.035732225710229715,32.1,33.3,32.1,28.55,-0.11059190031152655,-0.07823375806747412,-0.032358142244052424,32.1,30.7,-0.04361370716510915,-0.02719579399666372,-0.01641791316844543,0.0007204345,0.005,2
2023-10-13,32.1,33.3,32.0,33.3,13165628,0.02777777777777768,0.04062499999999991,0.05379746835443022,0.05213270142180093,0.03738317757009324,-0.06460674157303381,32.19,32.67,32.674166666666665,32.21571616957446,32.52854050177516,-0.31282433220069805,-0.37447240452983954,0.06164807232914149,-0.009394124090111054,0.0018512934633375824,54.98860395544852,32.67,1.7185060831703076,36.10701216634062,29.232987833659386,0.21040784611818886,0.5916493700792971,1.2174244405723489,0.03655929250968015,27.621045963681443,20.254588847813437,23.632281280423882,100.0,65.15410515410515,942099728.0,925843238.95,0.4450103373976732,-1.1878050544053924,1.0260417753873914,8738169.3,1.4436321890908772,1.5066803523708334,0.03903903903903896,0.01928374655647369,0.019153765717054627,4.0,10.0,-0.014925373134328401,0.0,1145.03,1154.73,0.0027092505275223555,0.02320697538412464,-0.05917579194368394,0.21883085550380907,0.025068527250255324,0.02892572603767629,-0.005430949629349868,-0.005772544523030332,1.591250169754224,0.7749063603846711,33.5,30.4,-0.09253731343283589,-0.03874415497661998,-0.053793158456215906,33.5,33.0,33.5,28.5,-0.14925373134328357,-0.07987403378184954,-0.06937969756143403,33.5,30.6,-0.08656716417910448,-0.04425300818086386,-0.04231415599824062,0.0007204345,0.005,2
2023-10-16,33.5,34.25,33.0,33.0,11177182,-0.009009009009008917,0.0185185185185186,0.03125,0.042654028436019065,0.021671826625387025,-0.06382978723404253,32.459999999999994,32.5575,32.71083333333333,32.33637522040916,32.563463427569594,-0.22708820716043476,-0.34499556505595863,0.11790735789552387,-0.006881460823043478,0.003572950239258299,52.91177828093277,32.5575,1.6110045084711713,35.77950901694234,29.335490983057653,0.19792729889840097,0.5686683366919828,1.2197512662457526,0.036962159583204625,26.023929497712565,24.33514936093613,21.9023998097385,73.6842105263158,75.47049441786285,930922546.0,924505683.75,0.4448512406326093,-1.1936967292888592,1.0411091533115184,8884964.85,0.7366240053512598,1.257988319447319,0.03787878787878788,0.01359133840129001,0.008840088655644118,0.0,10.0,-0.07669172932330826,0.0,1152.69,1141.42,-0.011526504031245333,0.003569670113244827,-0.05808666375091798,0.21819451221190816,0.0025174950222364156,0.03908435832277424,-0.005743123483124557,-0.006097295008047121,1.5817179079552928,0.7747775566569137,33.25,30.4,-0.08571428571428574,-0.045235475928545155,-0.04047880978574059,33.25,30.7,33.25,26.55,-0.20150375939849619,-0.08987724169242306,-0.11162651770607313,33.25,30.8,-0.0736842105263158,-0.039525381109539515,-0.03415882941677628,0.0007204345,0.005,2
2023-10-17,33.25,33.45,30.7,30.7,11246808,-0.0696969696969697,-0.07807807807807798,-0.05246913580246915,-0.02848101265822789,0.014876033057851235,-0.12660028449502136,32.28,32.335,32.68,32.084625186500055,32.42542909960147,-0.3408039131014178,-0.3441572346650505,0.0033533215636327163,-0.011101104661283967,0.00010922871542777578,40.33430965033505,32.335,1.5398308177741933,35.414661635548384,29.255338364451614,0.19048471535787134,0.23454875997946106,1.329054747228199,0.043291685577465766,25.58466705524857,20.738519023142487,31.026413962185593,25.26315789473683,66.31578947368422,919675738.0,923104615.35,0.5040710936734646,-1.01229556125523,0.03480884965462385,8948478.05,0.730093898868397,1.256840318225958,0.08957654723127048,-0.050564403896706356,-0.0605875152998776,1.0,10.0,-0.024115755627009627,0.0,1145.34,1121.65,-0.017320530567188186,-0.01927095629060316,-0.0741642591828311,0.2237911880840197,-0.052376439129781516,-0.00921005636762473,-0.05243602531219027,-0.05663642372016098,1.6140548942384507,0.7785458122826806,31.1,31.25,0.004823151125401992,-0.01586680074395086,0.02068995186935285,31.1,30.35,31.1,25.5,-0.18006430868167211,-0.08502042305536028,-0.09504388562631183,31.1,30.75,-0.0112540192926045,-0.012458508716506667,0.0012044894239021664,0.0007204345,0.005,2
2023-10-18,31.1,31.4,29.0,30.35,11398505,-0.01140065146579794,-0.08030303030303021,-0.08858858858858842,-0.051562499999999956,-0.008169934640522847,-0.16044260027662505,31.95,32.045,32.645833333333336,31.817759773192353,32.271693610742105,-0.4539338375497515,-0.3661125552419907,-0.08782128230776076,-0.01495663385666397,-0.002893617209481409,38.82199008382247,32.045,1.3129817411641282,34.67096348232826,29.419036517671746,0.163892244177142,0.17726131543589396,1.405550836711899,0.04631139494932122,26.09088622223643,18.209137234292765,35.88148084595064,25.71428571428574,41.553884711779475,908277233.0,920598507.4,0.4872506960634593,-0.9888809833238342,0.08456920912848756,8983289.0,0.7613781555234586,1.2688565401825544,0.07907742998352549,-0.052894367295990063,-0.0703254626675176,2.0,10.0,-0.02491694352159468,0.0,1123.73,1103.4,-0.016270672669727593,-0.04119706988990346,-0.1000807431633376,0.21980537684181362,0.004870021203929653,-0.010365430110096496,-0.060361857113287454,-0.06707474771177535,1.5973280237865775,0.77845166440089,30.1,30.65,0.018272425249169277,-0.0011514783349804159,0.019423903584149693,30.1,29.35,30.1,26.7,-0.11295681063122931,-0.05736538130253055,-0.05559142932869876,30.1,30.7,0.019933554817275656,0.01774364646895088,0.002189908348324776,0.0007204345,0.005,2
2023-10-19,30.1,30.3,29.2,29.35,8897481,-0.0329489291598023,-0.043973941368078084,-0.1106060606060606,-0.09413580246913567,-0.04707792207792205,-0.1778711484593838,31.340000000000003,31.7275,32.60166666666667,31.438104423470453,32.055271861798246,-0.6171674383277939,-0.4163235318591514,-0.20084390646864247,-0.021027851391066228,-0.006843063252764649,34.80643883106143,31.7275,1.1388446361387754,34.00518927227755,29.449810727722447,0.14357823794988891,-0.02191052329597201,1.387297205518192,0.0472673664571786,26.56094687729659,17.130961229481674,33.75691276963698,6.666666666666694,19.214703425229775,899379752.0,918160468.5,0.49496870365729373,-0.8626543327532632,-0.256814246395041,8915219.95,-0.00561727888458854,0.9980102622145627,0.03747870528109034,-0.07493499330234021,-0.09973927713307085,3.0,10.0,0.04288164665523153,1.0,1102.93,1087.85,-0.014092804060177766,-0.05536596590859755,-0.10298167785345591,0.2211962327635203,-0.018856125099624532,-0.03876983656053812,-0.07488947060592788,-0.08348711364860317,1.62637179296753,0.7890535779003482,29.15,28.55,-0.020583190394511064,-0.027978597017949247,0.007395406623438183,29.15,30.4,29.15,28.5,-0.022298456260720356,-0.00954108838400114,-0.012757367876719217,29.15,31.2,0.07032590051457976,0.0365618927456417,0.033764007768938065,0.0007204345,0.005,2
2023-10-20,29.15,30.4,28.7,30.4,6993878,0.035775127768313375,0.0016474464579900872,-0.009771986970684043,-0.08708708708708701,-0.03949447077409163,-0.10588235294117654,30.76,31.547499999999996,32.571666666666665,31.278396050628846,31.932659131294674,-0.6542630806658281,-0.46391144162048675,-0.1903516390453413,-0.021521811864007503,-0.006261567073859911,41.63309495137552,31.547499999999996,1.041061578642336,33.62962315728467,29.465376842715322,0.13199924921370465,0.22443993142642232,1.4096331194097498,0.046369510506899664,27.245901551012135,15.655266511011076,33.3826131630498,30.630630630630616,21.003861003861036,906373630.0,916838983.55,0.49778555036015454,-1.0137689579783602,0.3355961232400607,8498053.8,-0.5381338428306116,0.8229976138771914,0.05592105263157893,-0.03637372216498924,-0.06667348922887995,4.0,10.0,-0.003278688524590234,0.0,1085.83,1108.03,0.018550351610975735,-0.04044235448979416,-0.07126272997778804,0.23261070604500902,0.01722477615733764,-0.04664473259729285,-0.0346196229633885,-0.03727601344410403,1.6363059243293039,0.7965087167649506,30.5,28.5,-0.06557377049180324,-0.041516049739733996,-0.024057720752069245,30.5,30.4,30.5,28.45,-0.06721311475409841,-0.02691223250433772,-0.040300882249760694,30.5,31.45,0.031147540983606614,-0.004852877385772003,0.03600041836937862,0.0007204345,0.005,2
2023-10-23,30.5,30.8,30.25,30.4,6478303,0.0,0.035775127768313375,0.0016474464579900872,-0.07878787878787885,-0.03949447077409163,-0.041009463722397554,30.240000000000002,31.482500000000005,32.535833333333336,31.143258196685945,31.819128825272845,-0.6758706285868996,-0.5063032790137694,-0.16956734957313024,-0.02223258646667433,-0.00557787334122139,41.63309495137552,31.482500000000005,1.0711866268175037,33.624873253635016,29.340126746364998,0.1360993093709209,0.2473596166860027,1.3482307537376248,0.0443496958466324,27.46749633683323,17.31827154461448,32.409886647801265,30.630630630630616,22.64264264264266,906373630.0,916177955.4,0.4395630755406395,-1.207294134727891,1.5586785854323157,8161512.15,-0.6483315667228104,0.7937625872431004,0.01809210526315792,-0.03438418168823976,-0.06564557026867823,0.0,10.0,0.024590163934426146,1.0,1106.56,1093.53,-0.013086288277393221,-0.0419565103117171,-0.05174297606659739,0.20794427867961823,0.013086288277393221,-0.03683136847616175,0.010733512344199836,0.011319201517408173,1.6143533769310694,0.7927220940735793,30.5,26.55,-0.12950819672131142,-0.04840152635518791,-0.08110667036612351,30.5,31.25,30.5,28.6,-0.06229508196721312,-0.005258257106863118,-0.05703682486035,30.5,32.05,0.05081967213114735,0.007522228916762463,0.04329744321438489,0.0007204345,0.005,2
2023-10-24,30.5,31.25,30.1,31.25,5712612,0.027960526315789602,0.027960526315789602,0.06473594548551964,0.01791530944625408,-0.011075949367088667,-0.012638230647709303,30.35,31.4625,32.51,31.159680012580417,31.776971134511893,-0.6172911219314763,-0.5285008475973108,-0.08879027433416553,-0.01975331590180724,-0.002841288778693297,46.85758166469652,31.4625,1.0716287406997447,33.605757481399486,29.31924251860051,0.13624203298526738,0.45042592832541006,1.3340714141849372,0.04269028525391799,27.21615719145029,18.661313146274086,30.4143108033454,45.94594594594595,35.735735735735744,912086242.0,916276388.8,0.45201761186684203,-1.2170557764318515,1.3946369977372575,7973311.8,-0.8589133867262755,0.7164666506582622,0.03679999999999996,-0.006754072308303494,-0.03875730544447853,1.0,10.0,-0.019199999999999995,0.0,1095.42,1105.9,0.01131198961162494,-0.014041813399901959,-0.028173222257372843,0.2095122983621568,0.016648536704164663,0.03195712284615604,0.01553499160966354,0.015985350440485435,1.6331034436614391,0.7970323587820354,31.25,25.5,-0.18400000000000005,-0.07069711951265811,-0.11330288048734194,31.25,30.65,31.25,28.5,-0.08799999999999997,-0.023607884961271197,-0.06439211503872877,31.25,32.1,0.027200000000000113,0.003660487522708644,0.02353951247729147,0.0007204345,0.005,2
2023-10-25,31.25,31.4,30.5,30.65,7187279,-0.019199999999999995,0.008223684210526327,0.008223684210526327,0.009884678747940523,-0.042187500000000044,-0.0598159509202455,30.410000000000004,31.365000000000002,32.47083333333333,31.08126770295266,31.693491791214715,-0.6122240882620567,-0.5452454957302599,-0.06697859253179672,-0.019974684772008373,-0.00218527218700805,43.87230604185552,31.365000000000002,1.0512023191510222,33.46740463830205,29.262595361697958,0.1340605540125647,0.3299566156357377,1.3030663131717273,0.042514398472160764,26.8294399040331,18.56290888826135,28.91384557395757,35.13513513513512,37.23723723723725,904898963.0,915496312.0,0.44197014748312774,-1.100061909355598,1.2287248361834622,7813529.5,-0.24325736093874803,0.9198504977808044,0.029363784665579075,-0.022796110314044382,-0.056075965610162926,2.0,10.0,-0.03872053872053871,0.0,1106.41,1101.66,-0.003833981372637685,-0.0015769439912995953,-0.045231182562724626,0.2016418611597367,-0.01536601862736231,0.011461622739240118,-0.014584768357520872,-0.015275706633013364,1.660946860586524,0.7995412331903757,29.7,26.7,-0.101010101010101,-0.039841152567417715,-0.06116894844268328,29.7,28.55,29.7,30.45,0.025252525252525304,0.02828777244181757,-0.0030352471892922672,29.7,32.4,0.09090909090909083,0.02864794975988172,0.06226114114920911,0.0007204345,0.005,2
2023-10-26,29.7,29.9,28.55,28.55,12676341,-0.06851549755301789,-0.08640000000000003,-0.06085526315789469,-0.027257240204429323,-0.11882716049382713,-0.12288786482334857,30.25,31.165,32.4125,30.691841902498403,31.460640547421033,-0.7687986449226294,-0.5899561255687339,-0.1788425193538955,-0.026928148683804883,-0.006264186317124185,35.37701160448732,31.165,1.1857819982473579,33.53656399649471,28.793436003505285,0.15219406362873186,-0.05132393725513926,1.3599901479451753,0.04763538171436691,27.56034796379179,16.515514399818745,35.96646621754804,0.0,27.027027027027046,892222622.0,914389228.05,0.49979103929026947,-0.9388995744660269,0.16895695294534915,8140536.65,1.6440486502270169,1.5571873876398554,0.04728546409807348,-0.08390823038665163,-0.1191669880447358,3.0,10.0,-0.017241379310344862,0.0,1082.8,1055.45,-0.04194579089737305,-0.029783517948246407,-0.08415261664482876,0.24589140693711015,-0.026569706655644842,0.0025262777438170847,-0.03873524817851981,-0.04229443560412294,1.6591212601849104,0.8258586866461899,29.0,28.5,-0.017241379310344862,0.01515938116498794,-0.0324007604753328,29.0,28.5,29.0,30.7,0.05862068965517242,0.051424849680482554,0.007195839974689866,29.0,30.4,0.04827586206896539,0.027449240615059267,0.020826621453906125,0.0007204345,0.005,2
2023-10-27,29.0,29.1,27.5,28.5,6036551,-0.0017513134851138146,-0.07014681892332786,-0.08799999999999997,-0.0625,-0.14414414414414412,-0.11214953271028039,29.870000000000005,30.984999999999996,32.3525,30.35463545596019,31.24133384020466,-0.8866983842444718,-0.6493045773038815,-0.2373938069405903,-0.03111222400857796,-0.008329607261073345,35.20223087289581,30.984999999999996,1.3037496530752632,33.59249930615052,28.37750069384947,0.1683072006551897,0.023489806087691155,1.3771337088062343,0.04832048101074506,28.69605810149725,15.144923187135808,38.42777167853536,14.814814814814815,16.64998331665,886186071.0,913204139.45,0.4991376128436003,-1.0055646266367997,0.2805274908272432,8218541.3,-0.8170680049794167,0.7345039441488236,0.05614035087719303,-0.08020009682104234,-0.11907889653040726,4.0,10.0,-0.04496402877697847,0.0,1059.41,1060.62,0.004898384575299453,-0.042787650153876755,-0.08103799332842365,0.24724356998908953,-0.006649698060413267,-0.019712349846123245,-0.031111539381856734,-0.0338550877576983,1.653239984190392,0.824130779611049,27.8,28.45,0.02338129496402863,0.021583825887308672,0.0017974690767199597,27.8,26.55,27.8,30.6,0.1007194244604317,0.04520744191341808,0.055511982547013616,27.8,31.35,0.1276978417266188,0.03944859254480426,0.08824924918181454,0.0007204345,0.005,2
2023-10-30,27.8,28.4,26.55,26.55,5481084,-0.06842105263157894,-0.07005253940455336,-0.13376835236541595,-0.1266447368421052,-0.19545454545454544,-0.17801857585139313,29.1,30.6975,32.26083333333334,29.769306924274005,30.893827629819132,-1.1245207055451267,-0.7443478029521305,-0.3801729025929962,-0.042354828834091404,-0.014319130041167465,29.15294472395898,30.6975,1.5990519395136542,33.89560387902731,27.499396120972694,0.20836249720839217,-0.14843109493701756,1.418052729605789,0.05341064894937058,30.11461826317527,13.657339968344706,39.43850606741778,0.0,4.938271604938293,880704987.0,911528604.75,0.5442699729273508,-0.7758399584445959,-0.5314006150217795,8276203.6,-1.077773665715388,0.6622703192077102,0.06967984934086621,-0.1351087222086489,-0.17702063906181398,0.0,10.0,-0.039548022598870136,0.0,1054.03,1042.4,-0.01717863136655895,-0.04675683337448433,-0.09768448387794837,0.2506818784515604,-0.05124242126501999,-0.07988790346762087,-0.08033409197344477,-0.08903104350759983,1.712608612372402,0.8216802776998392,26.55,28.6,0.07721280602636527,0.042138485080336796,0.03507432094602847,26.55,25.5,26.55,30.8,0.16007532956685488,0.052094491201224224,0.10798083836563066,26.55,31.0,0.16760828625235402,0.040608263198163685,0.12700002305419034,0.0007204345,0.005,2
2023-10-31,26.55,26.95,25.2,25.5,9484701,-0.039548022598870136,-0.10526315789473684,-0.10683012259194402,-0.18400000000000005,-0.16938110749185664,-0.15702479338842978,27.95,30.46,32.14416666666667,29.112490474385698,30.494284842425124,-1.3817943680394258,-0.8718371159695897,-0.5099572520698361,-0.05418801443291866,-0.01999832361058181,26.511134450187498,30.46,1.977079185379901,34.4141583707598,26.505841629240198,0.25962957129086023,-0.1271878279684234,1.4417632489196612,0.05653973525175142,31.877234076055064,12.47325686917964,42.707450457532794,3.3149171270718307,6.043243980628904,871220286.0,909933855.95,0.5186464168134354,-0.7973699590450919,-0.25501518939991613,8195417.7,0.5105912871333058,1.1573175824827087,0.06862745098039216,-0.16283650689428764,-0.20669898633759376,1.0,10.0,0.045009784735812186,1.0,1045.6,1028.19,-0.013632003069838916,-0.07026855954426259,-0.08041320096592419,0.2319984357782675,-0.02591601952903122,-0.11373144045573746,-0.07661159242250559,-0.08331088756708727,1.741262678190506,0.8230010814930745,25.55,28.5,0.1154598825831703,0.049844509232264356,0.06561537335090595,25.55,26.7,25.55,30.75,0.2035225048923679,0.07845481049562686,0.12506769439674104,25.55,31.0,0.2133072407045009,0.06455782312925185,0.14874941757524907,0.0007204345,0.005,2
2023-11-01,25.55,26.8,25.4,26.7,6781531,0.04705882352941182,0.005649717514124131,-0.06315789473684208,-0.12887438825448616,-0.12026359143327847,-0.12745098039215697,27.160000000000004,30.264999999999997,32.045833333333334,28.741338093710976,30.21322670594919,-1.4718886122382138,-0.9918474152233145,-0.4800411970148992,-0.05512691431603797,-0.01797907104924716,33.885009371764625,30.264999999999997,2.1475261165005626,34.56005223300112,25.96994776699887,0.283829653593334,0.08498758494620348,1.4387801597111143,0.05388689736745746,33.513948759443444,11.606324086920248,39.739140798181644,16.574585635359114,6.6298342541436694,878001817.0,908298144.45,0.5507011796224629,-0.6136066952233413,-0.3713614977264382,8154455.0,-0.540133689735777,0.8316351000771971,0.05243445692883903,-0.11779283000165197,-0.16681835912105059,2.0,11.0,0.04395604395604402,1.0,1029.0,1039.66,0.01115552572968026,-0.05627870667901169,-0.07886273224237372,0.233389781455782,0.03590329779973156,-0.07259568157547447,-0.04858824814978324,-0.05274810807303909,1.8021781291794208,0.8298461760839065,27.3,30.45,0.11538461538461542,0.06180503900364309,0.05357957638097233,27.3,28.5,27.3,30.7,0.12454212454212454,0.07045450210753201,0.05408762243459253,27.3,31.0,0.1355311355311355,0.05166790639125707,0.08386322913987843,0.0016477664,0.005,2
2023-11-02,27.3,28.5,27.05,28.5,7279260,0.0674157303370786,0.11764705882352944,0.0734463276836157,-0.0017513134851138146,-0.028960817717206155,-0.07467532467532467,27.15,30.15,31.9875,28.70420915621698,30.08632102402703,-1.3821118678100497,-1.0699003057406615,-0.31221156206938816,-0.04849515325649297,-0.01095479165155748,43.10671356884935,30.15,2.1787248805809667,34.50744976116193,25.792550238838064,0.2890513937752526,0.310669073605106,1.4645815768746062,0.05138882725875811,33.370934106440686,18.878445792333927,36.25055526406168,36.46408839779006,18.784530386740354,885281077.0,906687125.7,0.6087331181946544,-0.30772851832251175,-0.36772681244554656,8179147.75,-0.35565944128927973,0.8899778097296261,0.05087719298245612,-0.05472636815920395,-0.10902696365767883,3.0,11.0,-0.00698080279232105,0.0,1048.62,1075.47,0.03444395283073298,0.01896821261073467,-0.03449173616784429,0.2673405332114373,0.03297177750634561,-0.020719526095848484,-0.04018358850748038,-0.04161910365012256,1.8163088612382212,0.8496671739875549,28.65,30.7,0.07155322862129143,0.03009201461136568,0.04146121400992575,28.65,28.45,28.65,31.2,0.08900523560209428,0.040856336986174746,0.04814889861591953,28.65,31.1,0.08551483420593375,0.011818560133167066,0.07369627407276669,0.0016477664,0.005,2
2023-11-03,28.65,28.65,27.9,28.45,8449792,-0.0017543859649122862,0.06554307116104874,0.11568627450980395,-0.0017543859649122862,-0.0641447368421052,-0.10110584518167454,27.139999999999997,29.990000000000002,31.94,28.66510005526052,29.965112059284287,-1.3000120040237668,-1.1159226453972826,-0.18408935862648423,-0.04569462228554541,-0.006470627719735825,42.92759936319985,29.990000000000002,2.1802703840046673,34.35054076800934,25.629459231990666,0.29079965108431716,0.32341639696410407,1.4135400356692773,0.04968506276517671,33.1057834699502,18.920951317192664,34.87670381097297,39.39393939393938,30.81087114236287,876831285.0,904382705.5,0.5978785275643159,-0.22670470607034424,-0.219377604916886,8330725.5,0.048688422606835494,1.0142924526801418,0.026362038664323375,-0.05135045015005013,-0.10926737633062,4.0,11.0,0.0,0.0,1081.35,1076.78,0.0012180720987102767,0.015236371179121688,-0.04586456838038522,0.2618963339099679,-0.002972458063622563,-0.016990757144033974,-0.05524127680128932,-0.05789668318628416,1.810023030690542,0.8496246851301216,28.6,30.6,0.06993006993007,0.017990962936953014,0.05193910699311699,28.6,28.6,28.6,31.45,0.09965034965034958,0.017538185749531143,0.08211216390081844,28.6,31.55,0.10314685314685312,0.018434499773611446,0.08471235337324168,0.0016477664,0.005,2
2023-11-06,28.6,28.85,27.9,28.6,6722743,0.005272407732864748,0.0035087719298245723,0.07116104868913875,0.07721280602636527,-0.05921052631578938,-0.09636650868878349,27.55,29.8375,31.903333333333332,28.65508466214352,29.86399264748545,-1.2089079853419307,-1.1345197133862122,-0.07438827195571851,-0.04226950997699058,-0.0026009885299202273,43.68360649175722,29.8375,2.164660846171255,34.16682169234251,25.508178307657488,0.29019332667566056,0.35707922765489736,1.380430033121472,0.048266784374876644,32.67592223880249,19.025737310381007,33.16228626274276,54.838709677419395,43.56557915638297,883554028.0,902414422.45,0.5987128592007682,-0.2481065165163852,-0.22935028522464915,8401357.4,-0.7073900029308641,0.8001972395555984,0.03321678321678331,-0.041474654377880116,-0.103541949639536,0.0,11.0,0.010638297872340496,1.0,1082.21,1089.66,0.011961589182562848,0.04533768227168067,-0.04193922768516545,0.26440396616019,-0.006689181449698101,0.0318751237546846,-0.054427281003618044,-0.05680984189772498,1.7897633114470484,0.8453783946296611,28.2,30.8,0.09219858156028371,0.01232193470018772,0.07987664686009599,28.2,28.5,28.2,32.05,0.1365248226950353,0.01562557514631724,0.12089924754871806,28.2,32.85,0.1648936170212767,0.03111311517650095,0.13378050184477575,0.0016477664,0.005,2
2023-11-07,28.2,29.3,28.1,28.5,5792133,-0.0034965034965035446,0.0017574692442883233,0.0,0.11764705882352944,-0.08799999999999997,-0.09810126582278489,28.15,29.682500000000005,31.845000000000002,28.63122548335221,29.76295615507912,-1.1317306717269098,-1.1339619050543517,0.002231233327441906,-0.03970984813076876,7.828888868217214e-05,43.27207704541365,29.682500000000005,2.142691064992696,33.9678821299854,25.39711787001461,0.28874805895631384,0.3620309736527469,1.3675421736127955,0.04798393591623844,31.86058853154556,20.18366008679925,31.08375315823576,53.22580645161292,49.15281850765725,877761895.0,900577609.2,0.5986330222223681,-0.239757485517495,-0.2306503092885224,8269887.6,-1.0139853988223595,0.7003883583617267,0.042105263157894715,-0.039838288553861845,-0.10504003768252479,1.0,11.0,0.07029876977152894,1.0,1086.68,1080.29,-0.008599012536020467,0.05067156848442389,-0.05543460203376793,0.26380291212919266,0.005102509039516923,0.06697549033910555,-0.042666663789016956,-0.04517068260269075,1.7668383996844579,0.8436919233028143,28.45,30.75,0.08084358523725843,0.028346646403617726,0.052496938833640705,28.45,30.45,28.45,32.1,0.1282952548330405,0.0290231109957928,0.0992721438372477,28.45,32.85,0.1546572934973638,0.03412902867097878,0.12052826482638501,0.0016477664,0.005,2
2023-11-08,28.45,30.45,28.4,30.45,11638416,0.06842105263157894,0.06468531468531458,0.07029876977152894,0.1404494382022472,-0.006525285481239762,-0.04843750000000002,28.9,29.605,31.811666666666667,28.91103694745187,29.813848291739927,-0.9028113442880574,-1.087731792901093,0.18492044861303558,-0.029648976823909934,0.006072921136717096,52.641262594304614,29.605,2.0816175390659364,33.76823507813187,25.441764921868128,0.28125215863076325,0.6014835799734815,1.4162891612118815,0.04651195931730317,30.133071052737264,23.89675861611086,27.870038265646897,84.67741935483872,64.24731182795703,889400311.0,899009297.05,0.6502855002208348,-0.0891429549134951,-0.4494717457426366,8538388.7,1.2368913992943467,1.3630693575709432,0.0673234811165846,0.028542475933119427,-0.04280400272436746,2.0,11.0,-0.0032467532467532756,0.0,1079.14,1113.43,0.03067694785659425,0.070955889425389,-0.03248146957360454,0.28796630234412895,0.03774410477498469,0.0694935487768582,-0.015956030426395484,-0.016491705248646293,1.7933237281183028,0.8557009178239431,30.8,30.7,-0.0032467532467532756,0.005445979111803778,-0.008692732358557054,30.8,30.7,30.8,32.4,0.051948051948051965,-0.0023288726464951726,0.05427692459454714,30.8,33.05,0.07305194805194803,0.008966159689005826,0.06408578836294221,0.0040208446,0.005,2
2023-11-09,30.8,31.5,30.1,30.7,13144720,0.008210180623973828,0.07719298245614037,0.07342657342657333,0.07719298245614037,0.0753064798598948,-0.05246913580246915,29.340000000000003,29.52,31.780000000000005,29.186262032459275,29.87948915901845,-0.6932271265591758,-1.0088308596327096,0.31560373307353373,-0.022580688161536674,0.01028025189164605,53.69711470468248,29.52,1.9943604699778095,33.508720939955616,25.53127906004438,0.2702385460674538,0.6479170914389828,1.415125649696747,0.04609529803572466,28.195679042517952,27.507974439584935,25.9005991369293,87.30158730158729,75.068271036013,902545031.0,897689843.6,0.6492224120071337,-0.07370924452616402,-0.4321176578948639,8787247.4,1.6099207178845496,1.4958859585539834,0.04560260586319214,0.0399728997289972,-0.033983637507866704,3.0,11.0,0.0049261083743843415,1.0,1116.42,1113.89,0.0004131377814502457,0.035723916055306226,-0.0327541441981225,0.2879396148199123,0.007797042842523583,0.04146906640083414,-0.019714991604346643,-0.020382606434640405,1.7943826677980705,0.8559653681566496,30.45,31.2,0.024630541871921263,0.017888311101062593,0.00674223077085867,30.45,30.6,30.45,30.4,-0.0016420361247947435,-0.01560931494460771,0.013967278819812967,30.45,32.2,0.05747126436781613,0.01423468234230163,0.0432365820255145,0.0016477664,0.005,2
2023-11-10,30.45,31.35,30.4,30.6,9960149,-0.0032573289902279035,0.0049261083743843415,0.0736842105263158,0.07557117750439368,0.0736842105263158,-0.08108108108108092,29.770000000000003,29.385,31.750833333333333,29.403760181311693,29.932860332424493,-0.5291001511128002,-0.9128847179287277,0.38378456681592754,-0.017290854611529415,0.01254197930771005,53.186318593462126,29.385,1.8076664224177166,33.000332844835434,25.76966715516457,0.24606655401296118,0.6680343210633634,1.3819023890041224,0.04516020879098439,26.396672175885733,26.157218723327187,24.628772219409612,85.71428571428574,85.8977641235706,892584882.0,895214101.3,0.6396872545200588,0.028027599876446256,-0.27079126878733006,8626973.45,0.5285430986246703,1.1545357195923678,0.03104575163398702,0.04134762633996947,-0.036245767827616016,4.0,11.0,0.0,0.0,1105.75,1101.68,-0.010961585075725644,0.023124500826538386,-0.045941475496436346,0.2893699405963813,0.0077042560854977404,0.0524466766778553,-0.03513960558464457,-0.03683170862388041,1.8011499020010484,0.8595157164171892,30.8,31.45,0.02110389610389607,-0.0022380080821992054,0.023341904186095275,30.8,30.8,30.8,31.35,0.017857142857142794,-0.007293912980447015,0.02515105583758981,30.8,32.55,0.05681818181818166,0.018828262327166057,0.0379899194910156,0.0016477664,0.005,2
2023-11-13,30.8,31.3,30.15,30.8,6363184,0.006535947712418277,0.0032573289902280145,0.011494252873563315,0.07692307692307687,0.16007532956685488,-0.06666666666666665,30.21,29.275,31.726666666666667,29.61856630726374,29.99709290039305,-0.37852659312930825,-0.8060130929688438,0.42748649983953557,-0.012289824452250268,0.013879431812971934,54.126206297433164,29.275,1.6347782724270765,32.54455654485415,26.005443455145844,0.22336850861514293,0.7332120547662876,1.3653379326466852,0.04432915365735991,24.529927068090412,24.58352137744033,24.454922634897944,88.8888888888889,87.30158730158733,898948066.0,893615377.3,0.6402733050713464,-0.035253294518884856,-0.2821983542639512,8386273.55,-0.8106156437131774,0.758761798319827,0.037337662337662406,0.052092228864218715,-0.02920781676822859,0.0,11.0,-0.014423076923076872,0.0,1103.66,1100.07,-0.00146140440055198,0.009553438687296856,-0.03622680520754862,0.28726104162159344,0.007997352112970257,0.06736963823578002,-0.030439861459118034,-0.03158405071192427,1.804923627039213,0.8598845425679099,31.2,32.05,0.027243589743589647,-0.004886933314098063,0.03213052305768771,31.2,30.75,31.2,31.0,-0.0064102564102563875,-0.01895264543585673,0.012542389025600342,31.2,32.45,0.040064102564102644,0.014805063656363915,0.02525903890773873,0.0016477664,0.005,2
2023-11-14,31.2,31.2,30.55,30.75,5582103,-0.0016233766233766378,0.004901960784313708,0.0016286644951140072,0.07894736842105265,0.2058823529411764,0.0016286644951140072,30.660000000000004,29.277499999999996,31.739166666666666,29.792633029223165,30.05286379666023,-0.26023076743706497,-0.6968566278624881,0.4366258604254232,-0.008462789184945202,0.014199214973184493,53.83520545937909,29.277499999999996,1.6371087318805848,32.551717463761165,26.003282536238828,0.22366783118511954,0.7248628895755307,1.3142423660290647,0.04273958913915658,22.796520896566186,23.715053119422656,23.59099741708204,88.0952380952381,87.56613756613761,893365963.0,892299888.55,0.5893214347839554,-0.0074917926177843625,0.16514742635392538,8103038.3,-1.0184045474256702,0.6888901166862311,0.021138211382113775,0.0502945948253779,-0.0311654895371124,1.0,11.0,-0.025396825396825418,0.0,1109.08,1109.73,0.008781259374403438,0.027251941608271935,-0.010627200998528985,0.28333612438429445,-0.010404635997780076,0.05169542681278072,0.012255865493642992,0.012387510052845885,1.8198280260261823,0.8426372265030716,31.5,32.1,0.019047619047619202,-0.012538237177207034,0.031585856224826236,31.5,30.7,31.5,31.0,-0.015873015873015928,-0.025903464466102144,0.010030448593086216,31.5,32.2,0.022222222222222365,0.0027299566052501056,0.01949226561697226,0.0016477664,0.005,2
2023-11-15,31.5,31.5,30.5,30.7,7476776,-0.001626016260162677,-0.0032467532467532756,0.0032679738562091387,0.008210180623973828,0.14981273408239693,0.011532125205930832,30.71,29.295000000000005,31.750833333333333,29.932227947804215,30.100799811722435,-0.16857186391822054,-0.5911996750736347,0.42262781115541415,-0.005490940192775914,0.013766378213531405,53.52529913602521,29.295000000000005,1.6509885396011652,32.59697707920233,25.993022920797674,0.2254293960882286,0.7127513253876685,1.2917964827412745,0.042078061327077344,21.44189946422994,24.06257285893414,22.286557231193427,87.30158730158729,88.09523809523813,885889187.0,891180486.25,0.5876704722982298,-0.049518437744382,0.20791170508568954,7906951.85,-0.18282896090706696,0.9455952359188833,0.03257328990228013,0.04796040279911229,-0.03309624419306578,2.0,11.0,0.02127659574468077,1.0,1124.56,1122.5,0.01150730357834795,0.008145999299461915,0.01731013231828893,0.2798117184286282,-0.013133319838510626,6.418132451191383e-05,-0.005778007112358097,-0.005679690911158941,1.7950114919774847,0.8362698495392413,30.55,32.4,0.06055646481178378,-0.005500098216039695,0.06605656302782348,30.55,31.2,30.55,31.0,0.014729950900163713,-0.01533955963499356,0.030069510535157273,30.55,31.45,0.029459901800327204,-0.005160806442972121,0.034620708243299325,0.0016477664,0.005,2
2023-11-16,30.55,31.2,30.55,31.2,5622784,0.016286644951140072,0.014634146341463428,0.01298701298701288,0.016286644951140072,0.09473684210526323,0.0630323679727427,30.810000000000002,29.3875,31.747500000000002,30.12726980198818,30.182222047891145,-0.05495224590296388,-0.48395018923950056,0.4289979433365367,-0.0017612899327873039,0.013749934081299252,56.23825881718091,29.3875,1.7051682275394853,32.79783645507897,25.97716354492103,0.23209435678972154,0.7657362438976754,1.2459538768311833,0.0399344191292046,20.184036705632,23.165917771205244,21.456082657819145,95.23809523809523,90.21164021164024,891511971.0,890787097.2,0.5755587073264226,-0.2262424689746199,0.5164582827414077,7743217.0,-0.8857603678729652,0.7261560666580829,0.020833333333333287,0.0616758826031476,-0.01724545239782671,3.0,11.0,0.0,0.0,1119.98,1125.53,0.002699331848552422,0.010449864887915217,0.03463712828055354,0.27408360745519106,0.01358731310258765,0.005836780063224856,0.028395239692189156,0.027444636303917136,1.7928698349443135,0.8503077880734059,31.45,30.4,-0.03338632750397463,-0.03514634708458175,0.0017600195806071195,31.45,31.45,31.45,31.1,-0.0111287758346581,-0.030146967574946393,0.019018191740288293,31.45,31.0,-0.014308426073131986,-0.015964330668179483,0.001655904595047497,0.0016477664,0.005,2
2023-11-17,31.45,32.5,31.05,31.45,17953525,0.008012820512820484,0.02442996742671011,0.02276422764227637,0.02777777777777768,0.1054481546572934,0.03453947368421062,30.98,29.440000000000005,31.753333333333334,30.33076675552846,30.276131525825132,0.05463522970332946,-0.3762331054509346,0.43086833515426404,0.001737209211552606,0.01370010604624051,57.57188812046648,29.440000000000005,1.7534627395376772,32.94692547907536,25.93307452092465,0.23824222004588014,0.7865758072124697,1.2605285999146703,0.04008040063321686,20.06319728985433,28.629012451047085,19.693141989461907,85.61643835616438,89.385373631949,909465496.0,890941690.5,0.5633370344932995,-0.15395996507101542,0.789394753051437,8291199.35,2.930395109469901,2.1653712861215912,0.046104928457869614,0.06827445652173902,-0.009552802855343323,4.0,11.0,0.04738562091503251,1.0,1128.14,1101.19,-0.021625367604595103,-0.000444775252341878,-0.006173118056370219,0.2786704761440856,0.029638188117415587,0.028222553030119557,0.04071259174058084,0.04096547646302251,1.7172872548150515,0.828317496885446,30.6,31.35,0.02450980392156854,0.009406670351943758,0.015103133569624783,30.6,32.05,30.6,31.55,0.031045751633986818,0.01544131195872489,0.015604439675261927,30.6,30.7,0.0032679738562091387,0.015570296664823902,-0.012302322808614763,0.0016477664,0.005,2
2023-11-20,30.6,32.45,30.6,32.05,12527014,0.019077901430842648,0.027243589743589647,0.043973941368078195,0.0405844155844155,0.1206293706293704,0.05427631578947367,31.23,29.522499999999997,31.76,30.595264177754853,30.407529190578828,0.18773498717602521,-0.26343948692554264,0.45117447410156786,0.005857565902528088,0.014077206680236128,60.669757390962886,29.522499999999997,1.837795805048051,33.1980916100961,25.846908389903895,0.24900273419230096,0.8438222017181495,1.3026336999207653,0.04064379718941546,19.4958676304008,25.72480422835953,20.162942260801014,93.66197183098588,91.50550180841519,921992510.0,891722634.5,0.5663666014596799,-0.23454785693935878,0.7261489345572377,8593634.9,1.1575221889185832,1.4577084255697201,0.057722308892355745,0.08561266830383607,0.009130982367758111,0.0,11.0,-0.01078582434514641,0.0,1085.4,1103.66,0.0022430279969851696,0.003263428690901682,0.009263577588177752,0.27452324521794697,0.016834873433857478,0.03732098689351382,0.04501273820129592,0.04459958647161555,1.7327586700450845,0.8276694551760788,32.45,31.0,-0.044684129429892194,-0.02206523399933491,-0.022618895430557284,32.45,32.1,32.45,32.85,0.01232665639445285,0.007082445780641988,0.005244210613810862,32.45,30.15,-0.07087827426810489,-0.018631865613287446,-0.052246408654817444,0.0016477664,0.005,2
2023-11-21,32.45,32.5,31.9,32.1,5782014,0.0015600624024962872,0.020667726550079646,0.028846153846153966,0.04390243902439028,0.12631578947368416,0.027200000000000113,31.5,29.564999999999998,31.76833333333333,30.8267619965618,30.5328973986841,0.29386459787770036,-0.15197866996489406,0.4458432678425944,0.009154660370021817,0.013889198375158705,60.92579453513116,29.564999999999998,1.8889637928043739,33.34292758560875,25.78707241439125,0.2555675687880094,0.8355014015695499,1.2524455784978537,0.039016996214886406,19.00919263788101,25.129689545981112,19.472991246779404,92.66055045871562,90.64632021528864,927774524.0,892507048.6,0.5587935450679843,-0.13938172258630863,0.9071733864246991,8597105.0,-0.8291776396336757,0.6725536096162603,0.018691588785046773,0.0857432775240996,0.010440165783537125,1.0,11.0,0.009345794392523255,1.0,1112.61,1110.46,0.00616131779714757,0.0006578176673606162,0.0041233384573649,0.27245957201657633,-0.004601255394651282,0.04324462135702967,0.023076661542635213,0.022981899393044625,1.7273892425956574,0.826365994392375,32.1,31.0,-0.034267912772585674,-0.01432492014216935,-0.019942992630416323,32.1,32.4,32.1,32.85,0.02336448598130847,0.004157106222162366,0.019207379759146104,32.1,30.9,-0.03738317757009357,-0.013542088450983036,-0.023841089119110537,0.0016477664,0.005,2
2023-11-22,32.1,32.4,31.65,32.4,7207659,0.009345794392523255,0.010920436817472678,0.030206677265500748,0.055374592833876246,0.0640394088669951,0.057096247960848334,31.839999999999996,29.652499999999996,31.77,31.06879861247537,30.67120129507787,0.3975973173974978,-0.042063472492415696,0.43966078988991353,0.012271522141898082,0.013569777465738073,62.50307155826081,29.652499999999996,1.9801963618738647,33.61289272374773,25.692107276252266,0.2671203253518409,0.8468721654200035,1.2165566086051498,0.037548043475467585,18.289421388964957,24.023096265395324,20.083335492836916,97.8260869565217,94.71620308207441,934982183.0,894011209.6,0.5536382803117655,-0.2662354308293542,1.1055621206249462,8598124.0,-0.40961117806692054,0.8382827463293155,0.02314814814814815,0.0926566056824889,0.019830028328611915,2.0,11.0,-0.07033639143730896,0.0,1111.35,1113.82,0.0030257731030383095,-0.007732739420935442,0.011037888277689811,0.2721516155390895,0.006320021289484945,0.06310733225481169,0.04605835968315852,0.045555522910836865,1.7378537444165194,0.8255062818729315,32.7,31.0,-0.051987767584097955,-0.013339775075824734,-0.03864799250827322,32.7,30.4,32.7,33.05,0.010703363914372988,0.007801665906183253,0.0029016980081897348,32.7,31.5,-0.03669724770642213,-0.015164935448372163,-0.021532312258049968,0.0016477664,0.005,2
2023-11-23,32.7,32.75,30.4,30.4,9276025,-0.06172839506172845,-0.052959501557632516,-0.05148205928237126,-0.02564102564102566,-0.009771986970684043,0.06479859894921192,31.68,29.744999999999997,31.723333333333333,30.96590651824839,30.65111231025729,0.31479420799109903,0.02930806360428725,0.2854861443868118,0.010355072631286153,0.00939099159167144,48.45918403862334,29.744999999999997,1.9691635948182182,33.68332718963644,25.806672810363562,0.26480599694983614,0.583157133531669,1.2975168508476393,0.04268147535683024,17.527434207491098,20.91527666439588,24.366470706126684,51.54639175257731,80.67767638927158,925706158.0,895685386.4,0.5423610331495432,-0.17616293021584672,1.048518124579148,8428108.2,0.2599249287670986,1.1006058275331587,0.07730263157894741,0.0220205076483444,-0.04171482610066202,3.0,11.0,0.019512195121951237,1.0,1117.71,1088.49,-0.022741556086261605,-0.032908940676836695,0.031304183049883916,0.23873511623704227,-0.03898683897546684,0.0072679150358110345,0.033494415899328,0.03247772718256092,1.7737234467453509,0.8347391096859698,30.75,31.1,0.011382113821138296,0.002896504945140599,0.008485608875997697,30.75,31.35,30.75,32.2,0.04715447154471564,0.027975104723319655,0.019179366821395982,30.75,31.1,0.011382113821138296,0.010504413503579446,0.0008777003175588494,0.0016477664,0.005,2
2023-11-24,30.75,31.35,29.9,31.35,9950213,0.03125,-0.03240740740740733,-0.02336448598130836,-0.0031796502384736636,0.02450980392156854,0.10000000000000009,31.660000000000004,29.8875,31.685833333333335,31.02499782313325,30.70288176875675,0.3221160543765009,0.08786966175872998,0.23424639261777094,0.010274834270382805,0.007471974246180891,53.77248946708321,29.8875,1.977430217013325,33.84236043402665,25.93263956597335,0.2646497990147487,0.6848990658958541,1.3084085043585225,0.041735518480335645,17.22528502582371,19.259658349563704,25.16725913547494,69.8924731182796,73.08831727579289,935656371.0,898158901.4,0.5505508879087464,-0.2975935256288574,0.8616007889412555,8623791.3,0.41086582135997946,1.1538095779289093,0.04625199362041476,0.04893350062735258,-0.010598848065644484,4.0,11.0,-0.01273885350318471,0.0,1090.97,1095.61,0.006541171714944394,-0.0050672454344846685,0.03299013784390259,0.23910258359809305,0.024708828285055606,0.001887595196011005,0.0670098621560975,0.06486979855970665,1.7874235961684521,0.8343111937824629,31.4,31.55,0.004777070063694433,0.005996768864265034,-0.001219698800570601,31.4,31.0,31.4,32.55,0.03662420382165599,0.026332843490721958,0.01029136033093403,31.4,31.1,-0.009554140127388422,0.006818244051150613,-0.016372384178539034,0.0016477664,0.005,2
2023-11-27,31.4,31.75,30.85,31.0,3501202,-0.011164274322169154,0.019736842105263275,-0.043209876543209846,-0.032761310452418035,0.006493506493506551,0.16760828625235402,31.45,30.109999999999996,31.628333333333334,31.021152004189673,30.72489052662662,0.29626147756305343,0.1295480249195947,0.16671345264345874,0.009556821856872691,0.005377853311079314,51.65952112508053,30.109999999999996,1.8267457403808023,33.7634914807616,26.45650851923839,0.24267628566998378,0.6218012967440224,1.2792364683329136,0.04126569252686818,16.5378831870042,20.525274209743344,23.90252406092997,59.77011494252874,60.40299327112857,932155169.0,900731410.5,0.48204732007868856,0.07047491610941636,1.3327005940310819,8524797.2,-1.4962010903037664,0.41070795209063743,0.029032258064516082,0.029558286283626778,-0.01986615376508405,0.0,11.0,0.001615508885298933,1.0,1095.59,1088.06,-0.00689113827000476,-0.014134787887574163,0.043802762854949995,0.23096142212534496,-0.004273136052164395,-0.018626522564843873,0.12380552339740403,0.1186100744347316,1.7815513672702938,0.8329374825577953,30.95,32.85,0.06138933764135701,0.029294506705860757,0.032094830935496255,30.95,31.0,30.95,32.45,0.048465266558966213,0.03389674811684751,0.014568518442118705,30.95,31.6,0.021001615508885463,0.026694837405842442,-0.005693221896956979,0.0016477664,0.005,2
2023-11-28,30.95,31.1,29.95,31.0,7294210,0.0,-0.011164274322169154,0.019736842105263275,-0.034267912772585674,0.008130081300812941,0.21568627450980382,31.230000000000008,30.384999999999998,31.575,31.017897849698954,30.74526900613576,0.2726288435631936,0.1581641886483145,0.11446465491487912,0.008794478824619149,0.0036924082230606167,51.65952112508053,30.384999999999998,1.4766694388312742,33.338338877662544,27.43166112233745,0.1943945287255256,0.6041194433614663,1.27000529202342,0.040967912645916774,16.6162349588053,19.197717011503077,27.418375402121406,38.59649122807021,56.08635976295954,932155169.0,903778154.65,0.44941387997944515,0.13310233814705885,2.238707775588023,8415272.65,-0.3336165757077492,0.8667823733554253,0.037096774193548454,0.020240250123416237,-0.0182106096595408,1.0,11.0,-0.0048154093097912964,0.0,1088.6,1095.43,0.006773523518923685,-0.013534931469841305,0.06539647341444677,0.22359614218141155,-0.006773523518923685,-0.02073298130274437,0.15028980109535706,0.14106466920591476,1.7939359482252584,0.8375457796367066,31.15,32.85,0.054574638844301804,0.017033027121609923,0.03754161172269188,31.15,31.0,31.15,32.2,0.03370786516853941,0.02765930300379127,0.006048562164748139,31.15,31.7,0.017656500802568198,0.022756270049577143,-0.005099769247008945,0.0006502158,0.005,2
2023-11-29,31.15,31.2,30.8,31.0,5769251,0.0,0.0,-0.011164274322169154,-0.043209876543209846,0.009771986970684043,0.16104868913857673,30.95,30.6,31.51833333333333,31.015144334360652,30.764137968644224,0.2510063657164281,0.17673262406193724,0.07427374165449085,0.008096979539239615,0.002395927150144866,51.65952112508053,30.6,1.198793252882729,32.99758650576546,28.202413494234545,0.15670500037682733,0.5834172195743761,1.2078620568788898,0.03896329215738354,16.581215544517207,19.33496738128903,26.769806180259614,38.59649122807021,45.65436579955641,932155169.0,906485822.25,0.4287802678738821,0.29253808677730664,3.247799013120568,8364658.65,-0.7647737447392876,0.6897174459115555,0.012903225806451568,0.013071895424836555,-0.016445455026175115,2.0,11.0,0.0016103059581320522,1.0,1097.28,1102.8,0.006727951580657754,-0.009893878723671645,0.06073139295538921,0.22207126297818716,-0.006727951580657754,-0.0333159978195382,0.10031729618318752,0.09457370343653682,1.7937775107124103,0.8366580281428146,31.05,33.05,0.06441223832528165,0.022400726117540293,0.04201151220774135,31.05,31.1,31.05,31.45,0.012882447665056418,0.01130020422055833,0.0015822434444980882,31.05,31.5,0.01449275362318847,0.018370773769003756,-0.0038780201458152863,0.0006502158,0.005,2
2023-11-30,31.05,31.9,31.05,31.1,8286247,0.003225806451612856,0.003225806451612856,0.003225806451612856,0.023026315789473673,-0.0032051282051280827,0.09122807017543866,31.090000000000003,30.73,31.46583333333333,31.028199052151322,30.78901663763354,0.23918241451778144,0.18922258215310608,0.049959832364675355,0.007690752878385255,0.0016064254779638376,52.32799170879764,30.73,1.0956132625392287,32.92122652507846,28.53877347492154,0.14261155386127297,0.5844276015659204,1.185871909958969,0.03813092958067424,15.817376603442268,22.503132323599566,25.318624060895935,42.10526315789482,39.7660818713451,940441416.0,909243839.2,0.3665006242895921,-0.07046744066841575,5.764244164540284,8415008.0,-0.038047698898631285,0.9846986479394909,0.027331189710610864,0.012040351448096454,-0.011626367223708023,3.0,11.0,0.0031796502384737746,1.0,1101.75,1094.13,-0.007861806311207697,0.005181489953973051,0.017350553711400707,0.19138995345922188,0.011087612762820553,0.017844825835500622,0.07387751646403795,0.07261756156176946,1.7865390436507662,0.8344006568054204,31.45,32.2,0.02384737678855342,0.02029694863443643,0.0035504281541169913,31.45,31.55,31.45,31.0,-0.014308426073131986,0.009961971651594848,-0.024270397724726833,31.45,31.5,0.0015898251192369983,0.027065630742917346,-0.025475805623680348,0.0006502158,0.005,2
2023-12-01,31.45,31.65,31.0,31.55,5520029,0.014469453376205754,0.01774193548387104,0.01774193548387104,0.006379585326953707,0.0031796502384737746,0.10896309314587005,31.130000000000003,30.884999999999998,31.401666666666664,31.10847612105112,30.84538577558661,0.2630903454645086,0.2039961348153866,0.059094210649122014,0.008338838208066834,0.0018730336180387327,55.322059923950434,30.884999999999998,0.9679196356370745,32.820839271274146,28.94916072872585,0.12535789355830648,0.6717601274723358,1.1475953449618996,0.036373861963927084,15.153381847101002,21.592717087916014,24.605511471049418,57.89473684210532,46.19883040935681,945961445.0,912700347.2,0.36727745185645827,-0.1812140922335514,5.70899855730185,8268519.85,-0.797711766573609,0.6675957849940942,0.02060221870047539,0.021531487777238123,0.004723740778090457,4.0,12.0,0.02336448598130847,1.0,1099.18,1102.16,0.007339164450293811,0.005978404724308994,0.02357027433644765,0.19274095450397405,0.007130288925911943,0.0004011806026447129,0.0853928188094224,0.08342643485302492,1.7842054604982704,0.843609254756852,32.1,32.55,0.014018691588784993,0.015075739794536691,-0.0010570482057516983,32.1,32.85,32.1,30.7,-0.04361370716510915,-0.004910899669597568,-0.03870280749551158,32.1,31.75,-0.010903426791277315,0.020031776409626945,-0.03093520320090426,0.0006502158,0.005,2
2023-12-04,32.1,33.1,32.05,32.85,13661086,0.04120443740095081,0.0562700964630225,0.059677419354838834,0.059677419354838834,0.02496099843993771,0.14860139860139854,31.5,31.097499999999997,31.380833333333335,31.37640287165864,30.99387571813575,0.38252715352289,0.23970233855688727,0.14282481496600274,0.011644662207698326,0.00434778736578395,62.62496102116375,31.097499999999997,0.904298943351413,32.906097886702824,29.28890211329717,0.11631789608186044,0.9844913324528174,1.1763385346074784,0.035809392225494015,14.927682930818797,28.365019765887777,22.289697148040005,92.1875,64.06250000000007,959622531.0,916503772.35,0.38859015490371834,-0.21570773427174558,4.2040187574751595,8615437.0,1.3914427359340127,1.5856521265259091,0.03196347031963483,0.056355012460808984,0.04681732480016998,0.0,12.0,0.0,0.0,1107.74,1120.49,0.016630979168178683,0.029805341617190395,0.02829322908063059,0.1968561657063077,0.024573458232772127,0.02987207773764844,0.12030816952076795,0.11699792055261549,1.784571611982107,0.8459756240499207,32.85,32.45,-0.0121765601217656,0.0028691592116050213,-0.015045719333370622,32.85,32.85,32.85,30.15,-0.08219178082191791,-0.027087714295897514,-0.0551040665260204,32.85,31.55,-0.0395738203957382,0.00841144812346295,-0.04798526851920115,0.0006502158,0.005,2
2023-12-05,32.85,32.9,32.5,32.85,5981076,0.0,0.04120443740095081,0.0562700964630225,0.059677419354838834,0.02336448598130847,0.15263157894736845,31.870000000000005,31.314999999999998,31.344999999999995,31.603110122172698,31.131366405681252,0.47174371649144575,0.28611061414379896,0.1856331023476468,0.01436053931480809,0.005650931578314971,62.62496102116375,31.314999999999998,0.757957782464862,32.830915564929725,29.799084435070274,0.0968172163455038,1.0062946893322389,1.1208857821355156,0.03412133278951341,14.718105365699605,27.641994147145258,21.72153177374944,92.1875,80.75657894736845,959622531.0,920596804.15,0.38750611698768195,-0.2379500465871109,4.29688607918179,8624884.15,-0.7305970494594927,0.6934674015302571,0.012176560121765557,0.049018042471659085,0.04801403732652765,1.0,12.0,-0.0015105740181270422,0.0,1122.28,1115.97,-0.004033949432837414,0.01875062760742363,0.03302816836219913,0.19441131248486973,0.004033949432837414,0.0409267917474152,0.11960341058516932,0.11577942813969244,1.7961166090833944,0.8441895770274018,33.1,32.2,-0.027190332326283984,0.008559469080371418,-0.0357498014066554,33.1,33.05,33.1,30.9,-0.0664652567975832,-0.01946228288285068,-0.047002973914732515,33.1,31.9,-0.03625377643504535,0.02335295064665588,-0.05960672708170123,0.0006502158,0.005,2
2023-12-06,33.1,33.3,32.6,33.05,8943347,0.006088280060882578,0.006088280060882578,0.047543581616481756,0.06612903225806432,0.020061728395061706,0.08538587848932666,32.28,31.445,31.319999999999997,31.82570856491536,31.273487412667826,0.5522211522475331,0.3393327217645458,0.21288843048298728,0.016708658161801306,0.00644140485576361,63.684105090026094,31.445,0.8220481481602827,33.08909629632056,29.800903703679435,0.10456964835875744,0.9881100953733484,1.0908225119829784,0.033005219727170305,14.85465318187228,28.994224352867864,20.725882548731967,92.64705882352942,92.34068627450984,968565878.0,924555082.5,0.3134286301149693,-1.6444226389422698,6.694392962695525,8490130.7,0.12766295395115365,1.053381545704591,0.021180030257185956,0.05104150103355054,0.05523627075351212,2.0,12.0,-0.02571860816944005,0.0,1118.06,1126.43,0.00937301181931427,0.021427276024664543,0.01167563295402485,0.16473457237427638,-0.0032847317584316915,0.04470175623339978,0.07371024553530181,0.07285956400874549,1.7824870548414335,0.8422559181161339,33.05,31.45,-0.04841149773071096,-0.012820399230953239,-0.03559109849975772,33.05,32.2,33.05,31.5,-0.04689863842662623,-0.024728219940283735,-0.02217041848634249,33.05,31.7,-0.0408472012102874,0.019536268351245223,-0.06038346956153262,0.0006502158,0.005,2
2023-12-07,33.05,33.05,31.5,32.2,12711106,-0.02571860816944005,-0.019786910197869045,-0.019786910197869045,0.03536977491961424,0.0592105263157896,0.04885993485342022,32.50000000000001,31.52,31.275,31.88329186262069,31.34211797469243,0.5411738879282595,0.37970095499728856,0.16147293293097092,0.01680664248224408,0.005014687358104687,56.372476655413344,31.52,0.8189209845561173,33.15784196911223,29.882158030887766,0.10392398281168996,0.707590235451283,1.123620903984194,0.03489505912994391,13.857149301859188,26.137322325070897,25.676388146516825,67.64705882352956,84.16053921568634,955854772.0,927220569.55,0.3304799969382424,-1.3061321797075254,4.471524468477947,8468450.0,1.2048254923732573,1.5009955777031216,0.04813664596273283,0.021573604060913798,0.029576338928857027,3.0,12.0,0.01086956521739113,1.0,1128.67,1121.49,-0.004385536606802076,0.025006169285185287,0.006822935837470512,0.1656969618556221,-0.021333071562637973,0.010363605634428952,0.042036999015949705,0.041752126932809164,1.812467620186538,0.8489156355330973,32.2,31.0,-0.037267080745341685,-0.010658681567431993,-0.026608399177909692,32.2,32.55,32.2,31.1,-0.03416149068322982,-0.017520876222049786,-0.016640614461180037,32.2,31.95,-0.007763975155279601,0.02904401607714191,-0.03680799123242151,0.0006502158,0.005,2
2023-12-08,32.2,32.6,32.1,32.55,6363370,0.01086956521739113,-0.015128593040847238,-0.009132420091324311,0.031695721077654504,0.038277511961722244,0.0637254901960782,32.7,31.617499999999996,31.224166666666665,31.985862345294432,31.431590717307806,0.5542716279866262,0.41461508959515614,0.13965653839147008,0.017028314223859486,0.004290523452886946,58.48602036018145,31.617499999999996,0.8197038939050948,33.256907787810185,29.978092212189807,0.10370255635709269,0.7844014792822145,1.0790765536996088,0.033151353416270624,12.930895698989888,25.27225321192638,24.826574609903854,77.94117647058823,79.41176470588243,962218142.0,930702232.55,0.3309649478195182,-1.4084276869262071,4.652339457747316,8288611.05,-0.5449278102109613,0.7677245272596065,0.015360983102918589,0.02949316043330441,0.042461768395206656,4.0,12.0,-0.0121765601217656,0.0,1122.09,1124.44,0.00263042916120515,0.020214850838353726,0.020659356618981883,0.16028014900411947,0.00823913605618598,0.011480870239300778,0.04306613357709632,0.04219442392587913,1.8092905611151284,0.849686560901991,32.85,30.7,-0.06544901065449016,-0.022714376906163625,-0.042734633748326534,32.85,32.45,32.85,31.1,-0.05327245053272456,-0.0220405702532096,-0.031231880279514956,32.85,32.3,-0.016742770167427867,0.028610185119511966,-0.04535295528693983,0.0006502158,0.005,2
2023-12-11,32.85,32.85,32.1,32.45,4040840,-0.003072196620583556,0.007763975155279601,-0.018154311649016486,-0.0121765601217656,0.04677419354838719,0.0535714285714286,32.620000000000005,31.7,31.1775,32.05726813832606,31.50702844195167,0.550239696374387,0.44174001095100235,0.10849968542338462,0.016956539179488042,0.0033435958528007584,57.62701974998184,31.7,0.816120476141782,33.33224095228356,30.067759047716436,0.10298050172136047,0.7297454916048781,1.0555710855782081,0.03252915517960579,12.313982836173372,25.681362161415997,23.56659781955896,75.00000000000016,73.52941176470601,958177302.0,933663694.35,0.3314771239868113,-1.3270870568802786,4.447191228857895,8172493.85,-1.1362288213312086,0.4944439328027148,0.023112480739599383,0.023659305993690927,0.040814690080988036,0.0,12.0,-0.01378254211332297,0.0,1127.92,1125.5,0.0009426914730887859,0.004471258110291032,0.023116710754770287,0.1600031596219574,-0.004014888093672342,-0.016647818232056633,0.030454717816658317,0.029766611664656883,1.8195054476890655,0.8505879469662823,32.65,30.15,-0.07656967840735074,-0.031634960755620445,-0.044934717651730294,32.65,32.2,32.65,31.6,-0.03215926493108723,-0.008771229657221324,-0.023388035273865904,32.65,32.25,-0.01225114854517606,0.02752871269566759,-0.03977986124084365,0.0006502158,0.005,2
2023-12-12,32.65,32.85,32.15,32.2,4902235,-0.007704160246533087,-0.01075268817204289,0.0,-0.019786910197869045,0.03870967741935494,0.04715447154471564,32.49,31.7725,31.128333333333334,32.0792268862759,31.55835966847377,0.5208672178021274,0.45756545232122736,0.06330176548090005,0.0161760005528611,0.0019658933379161506,55.43497241026051,31.7725,0.7913138641385404,33.35512772827708,30.18987227172292,0.09962248663322569,0.6350601889382405,1.0301731508940506,0.03199295499670964,11.741135177843748,24.43490363455922,22.422780501125334,67.64705882352956,73.52941176470601,953275067.0,936659149.55,0.3332569092178207,-1.2644769688097184,4.190151512621791,8138500.45,-0.8830570549052601,0.6023511370574416,0.021739130434782695,0.013455031867180889,0.03442737056272427,1.0,12.0,-0.02782071097372496,0.0,1127.55,1127.63,0.0018924922256775556,0.010448309542371303,0.01613004965171716,0.15751860409741836,-0.009596652472210643,-0.03023521974024035,0.031024421892998477,0.030531940181901085,1.8166745572603078,0.8492334117589054,32.35,30.9,-0.04482225656877903,-0.029771492291626234,-0.015050764277152795,32.35,31.45,32.35,31.7,-0.020092735703245768,-0.006805671097580457,-0.01328706460566531,32.35,31.65,-0.021638330757341673,0.027966086694868775,-0.04960441745221045,0.0006502158,0.005,2
2023-12-13,32.35,32.45,31.25,31.45,10238867,-0.02329192546583858,-0.03081664098613257,-0.03379416282642078,-0.04841149773071096,0.014516129032257963,0.02442996742671011,32.17,31.809999999999995,31.05,31.98242274992576,31.5503330263646,0.43208972356115893,0.4524703065692137,-0.020380583008054787,0.013738941925633035,-0.0006480312562179583,49.36795993541898,31.809999999999995,0.7547394112846358,33.319478822569266,30.300521177430724,0.09490593037216417,0.3807535439989668,1.0423036401159043,0.033141610178566115,11.530163278366716,22.425488881579223,26.746490637730165,45.58823529411768,62.745098039215826,943036200.0,939516500.2,0.34548065265419564,-1.0660338890334164,3.0131479470424725,8276605.0,0.5316994967823113,1.2370853749816502,0.03815580286168531,-0.011317195850361395,0.012882447665056418,2.0,12.0,-0.02515723270440251,0.0,1129.94,1114.2,-0.011909934996408467,-0.010857310263398534,-0.007394209354120274,0.15842952994453036,-0.011381990469430114,-0.03755418746731243,0.03182417678083038,0.03206124433358659,1.8126538104145826,0.8482485872785194,31.8,31.5,-0.009433962264150941,-0.0168450009824761,0.007411038718325158,31.8,31.0,31.8,31.5,-0.009433962264150941,0.002116789625051352,-0.011550751889202293,31.8,31.7,-0.0031446540880503138,0.038048623640163814,-0.04119327772821413,0.0006502158,0.005,2
2023-12-14,31.8,31.85,31.0,31.0,6189849,-0.014308426073131986,-0.037267080745341685,-0.044684129429892194,-0.037267080745341685,-0.003215434083601365,-0.0064102564102563875,31.930000000000007,31.8,30.971666666666668,31.83128078839872,31.50956761700426,0.32171317139445677,0.42631887953426234,-0.10460570813980558,0.010377844238530864,-0.003374377681929212,46.10736191708208,31.8,0.7645087862212177,33.32901757244244,30.270982427557566,0.09616462719763749,0.23839411187338708,1.0285676658219112,0.03317960212328746,11.569881601672726,21.101757264806352,26.90381641867561,31.343283582089594,48.192859233245635,936846351.0,941783219.2,0.3451064401218407,-0.8753967762272331,2.7005687882016547,8304958.25,-0.5761335967248362,0.7453197010352219,0.027419354838709723,-0.02515723270440251,0.0009148146155086856,3.0,12.0,-0.011272141706924366,0.0,1119.62,1110.13,-0.0036528450906478938,-0.010129381447895103,-0.013682442937993589,0.15842662161701326,-0.010655580982484092,-0.027137699297446582,0.007272186527737201,0.0073730681114501095,1.819542319560409,0.8480891381239833,31.05,31.1,0.0016103059581320522,-0.006381195302430753,0.007991501260562806,31.05,30.7,31.05,31.5,0.01449275362318847,0.017503222143108177,-0.0030104685199197068,31.05,30.9,-0.004830917874396157,0.040729691485430486,-0.04556060935982664,0.0006502158,0.005,2
2023-12-15,31.05,31.3,30.7,30.7,6586900,-0.009677419354838679,-0.02384737678855331,-0.04658385093167716,-0.05683563748079867,-0.02694136291600635,-0.02384737678855331,31.560000000000002,31.7625,30.916666666666668,31.65723759018353,31.449599645374317,0.20763794480921405,0.3825826925892527,-0.17494474778003866,0.006763450970984171,-0.005698525986320478,44.0200101588194,31.7625,0.8001439015307303,33.36278780306146,30.16221219693854,0.1007658593033583,0.16802846401523353,0.9979556896917748,0.03250669998996009,11.887141620735905,20.195543657352616,27.895680535914458,22.38805970149255,33.10652619256663,930259451.0,942822916.95,0.34530752200427556,-0.7462748428263334,2.523810684435875,7736627.0,-0.3968487009009475,0.8513916982168069,0.019543973941368125,-0.03345139708776068,-0.00700808625336935,4.0,12.0,-0.02110389610389618,0.0,1109.51,1102.3,-0.007053228000324374,-0.01968980114545915,0.001008000435891887,0.1402254446844647,-0.0026241913545143047,-0.03714583633533952,-0.024855377224445196,-0.02483034822261343,1.7940443827055577,0.8456085926212801,30.8,31.1,0.009740259740259827,-0.00033531805370534684,0.010075577793965174,30.8,30.15,30.8,31.75,0.030844155844155896,0.024016022765376954,0.006828133078778942,30.8,30.45,-0.011363636363636465,0.04593857335762097,-0.057302209721257436,0.0006502158,0.005,2
2023-12-18,30.8,30.8,30.1,30.15,6443206,-0.01791530944625408,-0.02741935483870972,-0.04133545310015896,-0.07087827426810489,-0.08219178082191791,-0.05928237129485181,31.100000000000005,31.6675,30.890833333333333,31.42535488400145,31.353333004976218,0.0720218790252325,0.3204705298764487,-0.2484486508512162,0.0023887853739712273,-0.008240419597055263,40.40822995797211,31.6675,0.8736305072265091,33.41476101445302,29.92023898554698,0.11035042327010468,0.06574891002331008,0.9766731404280766,0.03239380233592294,12.708054720749006,19.161648958021534,30.855657768063434,1.5624999999999132,18.431281094527375,923816245.0,942914103.7,0.3417585924694716,-0.5583951195303789,2.454935406935139,7432436.6,-0.36927275771546897,0.8669035939035121,0.02321724709784409,-0.04791979158443205,-0.023982303272276018,0.0,12.0,0.02487562189054726,1.0,1103.43,1091.88,-0.009452961988569264,-0.029871168369613454,-0.010673577007411672,0.1439377478578141,-0.008462347457684816,-0.041007105898491436,-0.04860879428744014,-0.04913322151085853,1.7690057067476137,0.8318190144838056,30.15,31.6,0.04809286898839149,0.0241922181698222,0.02390065081856929,30.15,30.9,30.15,31.55,0.046434494195688236,0.03707640708905302,0.009358087106635216,30.15,30.95,0.026533996683250516,0.0658504847607353,-0.03931648807748478,0.0006502158,0.005,2
2023-12-19,30.15,30.9,30.1,30.9,6085199,0.02487562189054726,0.006514657980456029,-0.003225806451612967,-0.04037267080745355,-0.05936073059360736,-0.03738317757009357,30.839999999999996,31.607499999999998,30.878333333333334,31.344531055693533,31.319752782385386,0.024778273308147192,0.2613320785627884,-0.2365538052546412,0.000801885867577579,-0.007655462953224635,46.816375451737585,31.607499999999998,0.8835149598108101,33.374529919621615,29.840470080378378,0.11181079931165824,0.29980531394977805,0.9640536303974996,0.031199146614805814,13.333709942630412,18.76678954072216,29.02673416019077,24.999999999999943,16.316853233830827,929901444.0,943020449.7,0.35547521084355105,-0.5596171897657329,1.8727023165048748,7447595.85,-0.5102852070438354,0.8170689068741559,0.02588996763754036,-0.02238392786522181,0.0007016786311868639,1.0,12.0,0.01941747572815533,1.0,1091.26,1096.3,0.0040480638898046095,-0.027783936220214245,-0.012751472362804717,0.14283237775469024,0.020827558000742652,-0.012588734587239303,-0.024631705207288856,-0.024949852562698105,1.801468086171346,0.8362313781421727,30.9,31.7,0.025889967637540368,0.02199253255623357,0.0038974350813067993,30.9,31.5,30.9,31.9,0.032362459546925626,0.04195428467352724,-0.009591825126601616,30.9,30.95,0.0016181229773462036,0.058674073399508364,-0.05705595042216216,0.0006502158,0.005,2
2023-12-20,30.9,31.5,30.9,31.5,4385210,0.01941747572815533,0.044776119402985204,0.026058631921824116,0.0015898251192369983,-0.04689863842662623,-0.02777777777777779,30.85,31.5625,30.86,31.368449354817606,31.333104428134618,0.03534492668298839,0.2161346481868284,-0.18078972150384,0.001122061164539314,-0.005739356238217143,51.325785234193106,31.5625,0.8637243407714582,33.28994868154292,29.835051318457083,0.10946209467202643,0.4819097375604303,0.9380497996548212,0.02977935871920067,13.124708522194599,22.478131205822145,27.700575471134638,43.750000000000014,23.437499999999982,934286654.0,942985673.25,0.3613610438095045,-0.5666422258899381,1.635710478295733,7306473.4,-1.0598056476795166,0.6001814774279476,0.019047619047619094,-0.001980198019801982,0.020738820479585307,2.0,12.0,0.0016103059581320522,1.0,1098.1,1100.76,0.004068229499224696,-0.012062466343564893,-0.011725413442028265,0.14323101033991162,0.015349246228930635,0.013652291462801891,-0.016052364335749525,-0.016242818093357814,1.8010755789536914,0.8329212572197452,31.05,31.5,0.01449275362318847,0.0235080549524731,-0.00901530132928463,31.05,31.1,31.05,31.7,0.020933977455716457,0.04971629782342957,-0.02878232036771311,31.05,31.4,0.011272141706924144,0.06644651621024966,-0.05517437450332552,0.0006502158,0.005,2
2023-12-21,31.05,31.35,30.9,31.1,4383667,-0.012698412698412653,0.006472491909385258,0.03150912106136006,0.003225806451612856,-0.03416149068322982,0.023026315789473673,30.870000000000005,31.597500000000004,30.83583333333333,31.327149454076437,31.31583743345798,0.011312020618458263,0.17517012267315438,-0.16385810205469611,0.000363730566509912,-0.005268749262208878,48.380639436614686,31.597500000000004,0.8275637994162366,33.252627598832476,29.942372401167532,0.10476319954632307,0.34970947244462025,0.9139033853937626,0.029385960945137058,12.930635774647056,21.42402800886938,26.401567786990885,31.250000000000043,33.33333333333336,929902987.0,943195514.7,0.2865236606395996,0.6022836405696241,-0.15218862794223595,7061855.5,-0.9601593079887512,0.6207528602079156,0.014469453376205879,-0.01574491652820642,0.008566872956246918,3.0,12.0,0.0,0.0,1096.22,1102.43,0.001517133616773858,-0.006936124598020066,0.012806732262124587,0.11683486607773258,-0.014215546315186511,0.010161931049632922,0.010219583527349085,0.01009035900119204,1.7975674032081055,0.8301602561833566,31.1,31.5,0.012861736334405016,0.02343438372556861,-0.010572647391163592,31.1,31.1,31.1,31.95,0.02733118971061077,0.0467781121949451,-0.019446922484334328,31.1,31.55,0.014469453376205754,0.07109185190557366,-0.0566223985293679,0.0006502158,0.005,2
2023-12-22,31.1,31.45,31.0,31.1,3658862,0.0,-0.012698412698412653,0.006472491909385258,0.013029315960912058,-0.04454685099846378,-0.00797448165869219,30.95,31.585,30.819166666666668,31.292203384218524,31.299849475424054,-0.007646091205529615,0.13860687989741757,-0.1462529711029472,-0.0002458550226858397,-0.004702667881123703,48.380639436614686,31.585,0.8333666659994133,33.25173333199883,29.918266668001174,0.10553954927964714,0.3545058196507164,0.8807674292942081,0.028320496118784826,12.614032878400485,21.45315742682776,25.438065058007435,31.250000000000043,35.41666666666672,929902987.0,942907845.5,0.26375613925069813,0.7437390330947723,0.6868080088799781,6747287.95,-1.102549802085828,0.5422715062872039,0.014469453376205765,-0.015355390216875042,0.009112294838169,4.0,12.0,0.017713365539452575,1.0,1103.08,1103.06,0.0005714648549113299,0.0006894674770934195,0.006799864915435272,0.1147538762985353,-0.0005714648549113299,0.012339848483818638,-0.014774346574127462,-0.014674561537975972,1.8009853992976466,0.8332081972413575,31.05,31.75,0.02254428341384851,0.02323707064395486,-0.0006927872301063509,31.05,31.6,31.05,32.3,0.040257648953301084,0.05063978918199363,-0.010382140228692549,31.05,30.75,-0.009661835748792313,0.07116918869479383,-0.08083102444358614,0.0006502158,0.005,2
2023-12-25,31.05,31.6,31.05,31.6,4015019,0.016077170418006492,0.016077170418006492,0.0031746031746031633,0.04809286898839149,-0.026194144838212696,0.019354838709677358,31.240000000000002,31.615000000000002,30.8075,31.339556709723368,31.322082847614865,0.017473862108502658,0.1143802763396346,-0.09690641423113194,0.0005529703198893246,-0.0030666586782003777,52.344881204458545,31.615000000000002,0.8219200883163253,33.25884017663265,29.97115982336735,0.10399115461854504,0.49543751265687896,0.8571411843446219,0.027124721023563985,12.109413290983623,21.719888231982797,24.2721514674542,46.875000000000064,36.45833333333341,933918006.0,942995987.35,0.26654333607623815,0.5195639342314723,0.3023862929341088,6772978.8,-0.9949230624661071,0.5927995817733845,0.017405063291139264,-0.0004744583267436431,0.02572425545727497,0.0,12.0,-0.0015748031496063408,0.0,1104.27,1117.66,0.013235907384911094,0.02361065318533173,0.027204382111280845,0.11999734073433045,0.002841263033095398,0.02448221580305976,-0.007849543401603487,-0.007641656848727418,1.7889554027962797,0.8332710573151011,31.75,31.55,-0.006299212598425141,0.010365053432252358,-0.0166642660306775,31.75,31.7,31.75,32.25,0.015748031496062964,0.034353768826276054,-0.01860573733021309,31.75,30.35,-0.04409448818897632,0.05123603931756704,-0.09533052750654336,0.0006502158,0.005,2
2023-12-26,31.75,32.15,31.7,31.7,5129530,0.0031645569620253333,0.019292604501607746,0.019292604501607746,0.025889967637540368,-0.015527950310559091,0.022580645161290214,31.400000000000006,31.65,30.831666666666667,31.39500952361208,31.350076710754504,0.044932812857577886,0.10049078364322327,-0.05555797078564538,0.0014174388914062425,-0.0017526173749414947,53.12031877928745,31.65,0.8091581069878873,33.26831621397577,30.031683786024225,0.10226326786576771,0.5154481551776473,0.835202528320006,0.02634708291230303,11.578771197379766,25.401977307261312,23.130453765020242,54.237288135593225,44.12076271186447,939047536.0,943340605.7,0.26660806278688526,0.4879063333309141,0.27522838039700515,6664744.8,-0.5497059310128543,0.7696513750984134,0.014195583596214489,0.0015797788309637184,0.02816368452348783,1.0,12.0,-0.007874015748031482,0.0,1120.11,1122.25,0.004106794552905191,0.023670528140107727,0.02448353614562304,0.1187717626785039,-0.0009422375908798575,0.0022194394974326404,-0.0019028909843328279,-0.0018574148995034179,1.7636061363176472,0.8164539012248286,31.75,31.9,0.0047244094488188,0.01859732212805354,-0.013872912679234739,31.75,31.5,31.75,31.65,-0.0031496062992126816,0.034060964318780806,-0.03721057061799349,31.75,30.5,-0.03937007874015752,0.044236521615269586,-0.08360660035542711,0.0006502158,0.005,2
2023-12-27,31.75,31.85,31.5,31.5,4206501,-0.006309148264984188,-0.0031645569620253333,0.012861736334405016,0.0,0.0015898251192369983,0.016129032258064502,31.400000000000006,31.675,30.846666666666668,31.411161904594838,31.361182139587502,0.04997976500733614,0.09038857991604585,-0.040408814908709706,0.0015866592065820998,-0.0012828195209114192,51.32164448530372,31.675,0.7956295091237028,33.2662590182474,30.083740981752594,0.10047412901325363,0.44501209482767234,0.800545204868577,0.025414133487891333,10.812617363384767,24.60870613554055,24.192617499528538,50.90909090909086,50.673793014894734,934841035.0,943474899.0,0.26793778027694937,0.5377555000919052,0.24975856986595044,6586607.3,-0.8378832988728773,0.6386445719938397,0.011111111111111157,-0.0055248618784530246,0.021180030257186067,2.0,12.0,0.0,0.0,1123.28,1121.99,-0.00023167743372687344,0.01928667466114331,0.017401160681900674,0.11706097986860528,-0.0060774708312573145,-0.01928667466114331,-0.0012721284238361719,-0.0012503705254115483,1.7698257976801859,0.8160475874035097,31.5,31.7,0.006349206349206327,0.024893789467121508,-0.01854458311791518,31.5,31.5,31.5,31.7,0.006349206349206327,0.03513631465037359,-0.028787108301167263,31.5,30.3,-0.03809523809523807,0.04239514771502617,-0.08049038581026424,0.0006502158,0.005,2
2023-12-28,31.5,31.7,31.35,31.5,4088340,0.0,-0.006309148264984188,-0.0031645569620253333,0.012861736334405016,0.016129032258064502,0.012861736334405016,31.480000000000008,31.695,30.858333333333334,31.42482930388794,31.371464944062502,0.05336435982543719,0.08298373589792413,-0.029619376072486936,0.0016941066611249902,-0.0009402976530948233,51.32164448530372,31.695,0.7853762088786678,33.265752417757334,30.124247582242663,0.09911673246615145,0.43792783706855193,0.7683634045208214,0.02439248903240703,10.1860426029546,23.808020353567134,24.799899328927157,50.90909090909086,52.01848998459167,934841035.0,943194879.95,0.2678166017954072,0.5701980528172091,0.28277982470197627,6376711.95,-0.7991738145457137,0.6411360638612507,0.011111111111111044,-0.00615238996687173,0.020793950850661602,3.0,12.0,0.006339144215530945,1.0,1122.77,1128.93,0.006185438372890983,0.024037807389131194,0.03180609251185862,0.11370546646064997,-0.006185438372890983,-0.011176071054726178,-0.018944356177453603,-0.018360384102147465,1.8040711833339964,0.8259695251528953,31.55,31.95,0.012678288431061668,0.02026065827258683,-0.007582369841525161,31.55,31.75,31.55,30.9,-0.020602218700475516,0.020278330019880775,-0.04088054872035629,31.55,30.2,-0.0427892234548336,0.03880715705765403,-0.08159638051248763,0.0006502158,0.005,2
2023-12-29,31.55,31.9,31.5,31.75,4637025,0.007936507936507908,0.007936507936507908,0.001577287066246047,0.020900321543408262,0.03420195439739415,0.006339144215530945,31.610000000000003,31.705000000000002,30.860000000000003,31.474855564828257,31.39950457783565,0.075350986992607,0.0814571861168607,-0.006106199124253697,0.002373259432838016,-0.00019232123225995898,53.59933863257553,31.705000000000002,0.7847057779153143,33.27441155583063,30.13558844416937,0.09900088666334206,0.5143365836172212,0.7420517327693341,0.023371708118719185,9.601067727310916,24.81649758307181,23.845021763166766,59.99999999999995,53.93939393939391,939478060.0,942870710.7,0.2643672837694121,0.6303245961034961,0.513535073546669,6332561.75,-0.5878994211316805,0.7322510514800744,0.012598425196850348,0.0014193344898281168,0.02883992222942311,4.0,12.0,-0.014062499999999978,0.0,1131.75,1129.93,0.0008857945133888823,0.024359509002230162,0.025195978805255148,0.11166777619016195,0.007050713423119026,-0.0034591874588218996,-0.018856834589724203,-0.018393394999168478,1.7993271375439048,0.8226346461088178,32.0,32.3,0.009374999999999911,0.020943514110472572,-0.01156851411047266,32.0,31.55,32.0,30.45,-0.04843750000000002,0.015602038032717536,-0.06403953803271756,32.0,30.4,-0.050000000000000044,0.0345831976698141,-0.08458319766981415,0.0006502158,0.005,2
2024-01-02,32.0,32.2,31.5,31.55,5369795,-0.006299212598425141,0.0015873015873015817,0.0015873015873015817,-0.0015822784810126667,0.046434494195688236,-0.0395738203957382,31.600000000000005,31.640000000000004,30.858333333333334,31.48641624716237,31.410652386884863,0.07576386027750814,0.0803185209489902,-0.0045546606714820526,0.0024013901831222866,-0.00014436325424665777,51.52236966675191,31.640000000000004,0.7372780665172277,33.11455613303446,30.16544386696555,0.0932083522777785,0.46948234184384824,0.7390480375715247,0.02342466046185498,9.478378541402375,26.037030238388255,22.231796333225812,61.70212765957441,57.53707285622176,934108265.0,941594997.4,0.21671349108182297,0.1671062815945541,-0.40616672395800735,5917997.2,-0.23680992177370971,0.9073669382608022,0.022187004754358253,-0.002844500632111391,0.0224142587091547,1.0,1.0,0.012698412698412653,1.0,1136.39,1131.72,0.0015841689308186968,0.012579854338528706,0.010022400913885843,0.09586790331913851,-0.007883381529243838,-0.014162132819541373,-0.049596221309624045,-0.04910408052806403,1.8100834429111679,0.8244817320702708,31.5,32.25,0.023809523809523725,0.02482021706633164,-0.0010106932568079152,31.5,31.9,31.5,30.95,-0.01746031746031751,0.028827187248458674,-0.046287504708776184,31.5,30.95,-0.01746031746031751,0.0434486479792664,-0.060908965439583906,0.00040863018,0.005,2
2024-01-03,31.5,31.9,31.45,31.9,3814432,0.011093502377178988,0.0047244094488188,0.012698412698412653,0.006309148264984188,0.032362459546925626,-0.028919330289193357,31.640000000000004,31.5925,30.863333333333337,31.550044516829697,31.446900358226724,0.10314415860297288,0.08488364847978674,0.018260510123186136,0.0032333592038549493,0.0005724297844258977,54.82168154671415,31.5925,0.6838888413824248,32.960277682764854,30.224722317235152,0.08658875889941291,0.6124086186939421,0.7184017491735586,0.022520431008575505,9.282255760607251,24.872076861897273,21.734232683309436,85.71428571428552,69.13880445795331,937922697.0,940510005.7,0.22154638634210405,0.07120177536022244,-0.6430020593733741,5809665.0,-0.8447019801380335,0.6565666006559758,0.014106583072100292,0.009733322782305764,0.03358894049033356,2.0,1.0,-0.007824726134585291,0.0,1130.53,1144.17,0.01100095429965009,0.019532189797282218,0.02526949649184118,0.1011148882135824,9.254807752889782e-05,-0.01322304153229803,-0.05418882678103454,-0.052853251722061456,1.8063307916740023,0.825808302117405,31.95,31.65,-0.009389671361502372,0.014011471073514414,-0.023401142435016786,31.95,31.7,31.95,30.95,-0.031298904538341166,0.014875730036927326,-0.04617463457526849,31.95,30.25,-0.05320813771517996,0.01642965019336695,-0.06963778790854691,0.00040863018,0.005,2
2024-01-04,31.95,32.35,31.7,31.7,12753677,-0.006269592476489061,0.004754358161648042,-0.0015748031496063408,0.006349206349206327,0.006349206349206327,-0.0408472012102874,31.68,31.525,30.858333333333334,31.57311459116359,31.465648479839558,0.10746611132403316,0.08940014104863603,0.018065970275397136,0.0033900981490231283,0.0005699044250913923,52.617931209830154,31.525,0.5930518748935746,32.71110374978715,30.338896250212848,0.0752484535947439,0.5737709496455958,0.713515909946876,0.022508388326399873,9.724352997792007,27.75850264219915,20.319983385550458,71.11111111111101,72.84250816165701,925169020.0,938340162.8,0.22036552188960887,0.20917829314201217,-0.5556508471012632,6000181.5,2.4558786662488,2.1255485354901347,0.020504731861198805,0.0055511498810467685,0.027275182284633992,3.0,1.0,0.007886435331230235,1.0,1145.49,1150.72,0.00572467378099395,0.025606288826103718,0.021563701250854495,0.09801803588845555,-0.01199426625748301,-0.01925708247689739,-0.06241090246114189,-0.06109350046866657,1.7950815954397368,0.8214094755549546,31.7,31.7,0.0,0.008547601898695856,-0.008547601898695856,31.7,31.95,31.7,31.4,-0.009463722397476393,0.014483195501444834,-0.023946917898921227,31.7,31.35,-0.011041009463722329,0.01791959179777347,-0.0289606012614958,0.00040863018,0.005,2
2024-01-05,31.7,32.4,31.65,31.95,6352212,0.007886435331230235,0.0015673981191222097,0.012678288431061668,0.014285714285714235,0.02733118971061077,-0.007763975155279601,31.770000000000003,31.5125,30.850833333333334,31.63109696175381,31.501526370221814,0.12957059153199424,0.09743423114530768,0.03213636038668656,0.004055417575336283,0.001005832875952631,55.050311214968524,31.5125,0.5805793386093331,32.67365867721867,30.351341322781334,0.07369511636453263,0.6883894116211341,0.7161219163792419,0.022413831498567825,10.043423205303998,25.68195309451171,19.298610258099046,80.43478260869566,79.08672647803076,931521232.0,937123485.8,0.2040572450576856,0.21943224228916364,-0.5775621527114869,5682236.8,0.29690622646851317,1.1179069481933595,0.023474178403755867,0.0138833796112654,0.03562842710893821,4.0,1.0,0.0031055900621115295,1.0,1152.37,1154.68,0.0034413236929922153,0.02280920871976111,0.029594557240813613,0.09614335088432856,0.00444511163823802,-0.008523494434046874,-0.037358532396093214,-0.03628470268550121,1.7949725001163834,0.822723998554175,32.2,30.9,-0.04037267080745355,-0.004071001017750264,-0.036301669789703284,32.2,32.3,32.2,31.55,-0.02018633540372672,0.01904400476100121,-0.03923034016472793,32.2,30.95,-0.03881987577639767,0.011324627831156953,-0.050144503607554625,0.00040863018,0.005,2
2024-01-08,32.2,32.5,32.0,32.3,7234532,0.010954616588419341,0.018927444794952564,0.012539184952978122,0.017322834645669305,0.03858520900321527,-0.007680491551459334,31.880000000000003,31.5,30.834166666666665,31.734005121483992,31.560672565020198,0.17333255646379442,0.11261389620900503,0.06071866025478939,0.005366333017454936,0.0018798346828108172,58.279404721382406,31.5,0.559369946315591,32.61873989263118,30.381260107368817,0.07103110429404336,0.8575451296898262,0.7042560652092962,0.02180359335013301,10.482657434650807,25.26357095789949,18.222070450826358,91.66666666666654,81.07085346215776,938755764.0,935950366.9,0.20411926766926708,0.21901395860451187,-0.5802479476540242,5725794.9,0.6621157101288239,1.2634982786407525,0.015479876160990714,0.025396825396825307,0.04753925569579187,0.0,1.0,-0.004629629629629539,0.0,1159.42,1160.19,0.004771884851214159,0.026780420026019325,0.03179360392728814,0.09678254140142162,0.006182731737205183,-0.00945758538035002,-0.03947409547874747,-0.038257743921360166,1.7897856114713688,0.8272578675388114,32.4,30.45,-0.06018518518518512,-0.006533472209071189,-0.05365171297611393,32.4,32.25,32.4,30.75,-0.05092592592592593,0.018205920582589297,-0.06913184650851523,32.4,31.05,-0.04166666666666663,0.020960480670735304,-0.06262714733740193,0.00040863018,0.005,2
2024-01-09,32.4,32.75,32.15,32.25,9102600,-0.001547987616098978,0.009389671361502261,0.01735015772870674,0.022187004754358197,0.020569620253164445,-0.006163328197226536,32.019999999999996,31.49,30.821666666666665,31.813388948947992,31.611733856500184,0.20165509244780822,0.13042213545676568,0.07123295699104254,0.0062528710836529675,0.0022087738601873656,57.642341998851634,31.49,0.543042113321895,32.576084226643786,30.403915773356207,0.06897962697007239,0.8498807833479685,0.6968092034086323,0.02160648692739945,11.24420940813387,26.272440835982543,17.101324811067617,72.972972972973,81.69147408277841,929653164.0,934524160.0,0.2039170083360922,0.20042060137102685,-0.5748048672986918,5978882.9,1.3228973630025833,1.5224583174224735,0.018604651162790743,0.024134645919339448,0.04634185908181476,1.0,1.0,-0.015552099533437058,0.0,1161.71,1158.59,-0.001379084460303992,0.02374262184992748,0.029400266548200715,0.09733585289158332,-0.00016890315579498605,-0.0015556170955692838,-0.03556359474542725,-0.03454787792573588,1.8054140837366428,0.8289995924464939,32.15,30.95,-0.03732503888024885,0.003736656339802691,-0.04106169522005154,32.15,31.65,32.15,30.35,-0.055987558320373165,0.016146152452126916,-0.07213371077250008,32.15,31.15,-0.031104199066874005,0.02562155351703077,-0.056725752583904776,0.00040863018,0.005,2
2024-01-10,32.15,32.2,31.45,31.65,10598024,-0.018604651162790753,-0.020123839009287936,-0.009389671361502372,-0.00783699059561127,-0.001577287066246047,-0.017080745341615078,31.97,31.4625,30.8375,31.788252187571377,31.61456838564832,0.1736838019230582,0.1390744687500242,0.034609333173034024,0.005487639871186674,0.0010935018380105537,50.50743481958736,31.4625,0.518569642076378,32.49963928415276,30.425360715847244,0.06592859970776362,0.5903928733897915,0.70417997459373,0.022248972341034127,10.642833451698968,24.14048254740601,22.814042560089753,40.54054054054051,68.39339339339337,919055140.0,932813163.65,0.21269746701303102,0.17162195543671374,-0.7654843394105149,6263672.35,1.6932892560942079,1.6919824996912556,0.02369668246445509,0.005959475566150285,0.026347790839075902,2.0,1.0,0.0015797788309637184,1.0,1158.79,1161.54,0.0025461983963266377,0.01518131046959792,0.030071920754147996,0.09740132544586658,-0.02115084955911739,-0.02301830106520919,-0.047152666095763074,-0.045776091111425665,1.7221333371981733,0.8219990046033175,31.65,30.95,-0.02211690363349128,3.4408898140991795e-05,-0.022151312531632272,31.65,31.7,31.65,30.5,-0.0363349131121643,0.009015131312957614,-0.045350044425121916,31.65,31.2,-0.01421800947867291,0.031002417225094447,-0.04522042670376736,0.00040863018,0.005,2
2024-01-11,31.65,31.8,31.5,31.7,7230331,0.0015797788309637184,-0.01705426356589146,-0.018575851393188736,0.0,0.006349206349206327,0.007949125596184325,31.97,31.475,30.860000000000003,31.77467492794501,31.62089665337807,0.15377827456693893,0.14201522991340715,0.011763044653531785,0.0048510496708813544,0.00037107396383381027,51.051176227486216,31.475,0.5212585983125824,32.517517196625164,30.432482803374835,0.06624414275616612,0.6079118889973084,0.6753099764084637,0.021303153829919992,10.084412920723702,23.374469793768874,22.09011968370438,39.99999999999996,51.17117117117118,926285471.0,931975627.2,0.19539570337546172,0.24176147677643875,-0.6583957210284738,6113245.55,0.4660250233810121,1.1827319777789722,0.009463722397476363,0.007148530579825119,0.02721970187945555,3.0,1.0,-0.012779552715655007,0.0,1162.49,1162.22,0.0005854296881726562,0.00999374304783096,0.04309818704002866,0.08372196569061435,0.0009943491427910622,-0.00999374304783096,-0.03514906144384433,-0.03369679084917776,1.7568238612128764,0.8260104975395104,31.3,31.4,0.0031948881789136685,0.008462367910286872,-0.005267479731373204,31.3,30.9,31.3,30.3,-0.03194888178913735,0.00959240888505497,-0.04154129067419232,31.3,31.05,-0.007987220447284393,0.037308604701315584,-0.04529582514859998,0.00040863018,0.005,2
2024-01-12,31.3,31.5,30.65,30.9,10420747,-0.025236593059936974,-0.023696682464455,-0.041860465116279166,-0.032863849765258246,-0.01904761904761909,-0.003225806451612967,31.76,31.47,30.88583333333333,31.64010955441501,31.56749690127599,0.07261265313901788,0.1281347145585293,-0.05552206141951141,0.002349924049806404,-0.0017968304666508548,42.92529613203419,31.47,0.5265078596894823,32.52301571937896,30.416984280621033,0.0669218760329815,0.2293487696764076,0.702073549522145,0.022720826845376862,10.451820515774125,20.877458995219527,28.378164003498977,11.904761904761896,30.81510081510081,915864724.0,930926545.85,0.20968456855911036,-0.015484444053570738,-0.46140419928569815,6324790.45,1.5853676440663629,1.6476035186272455,0.02750809061488678,-0.018112488083889433,0.0004586784663951349,4.0,1.0,-0.024038461538461564,0.0,1159.25,1154.7,-0.006470375660374117,1.732081615690717e-05,0.04014845108230558,0.0868402828272019,-0.018766217399562857,-0.03288117058141515,-0.04337425753391855,-0.04170006453289077,1.7549896248681376,0.8217031259891614,31.2,31.55,0.011217948717948678,0.019087952939958797,-0.007870004222010119,31.2,30.45,31.2,30.2,-0.03205128205128205,0.014059359824732498,-0.046110641876014546,31.2,31.45,0.008012820512820484,0.0434115079741586,-0.03539868746133812,0.00040863018,0.005,2
2024-01-15,31.2,31.2,30.45,30.45,4326422,-0.014563106796116498,-0.039432176656151396,-0.03791469194312791,-0.05727554179566552,-0.04094488188976375,-0.008143322475570036,31.389999999999997,31.4575,30.886666666666667,31.4570157768127,31.484719353033324,-0.027703576220623916,0.09696705640269865,-0.12467063262332256,-0.0009098054588053831,-0.004094273649370199,39.15037570708396,31.4575,0.5482688065260872,32.554037613052174,30.360962386947826,0.0697154963396439,0.04059943406972637,0.7054968674134203,0.023169026844447303,11.050894791279731,19.292143234122133,28.24820260811183,0.0,17.301587301587308,911538302.0,929990488.4,0.21333629656162442,-0.006013850153452062,-0.5913692003608708,6211766.55,-0.7194026899074528,0.6964881833815857,0.024630541871921183,-0.032027338472542355,-0.014137707748758888,0.0,1.0,0.018092105263157965,1.0,1159.37,1154.12,-0.0005022949683901601,-0.005231901671278072,0.047010795609180756,0.08069379592038634,-0.014060811827726338,-0.05204364012438745,-0.05515411808475079,-0.05267769760927876,1.7482228264720148,0.8138155556391462,30.4,30.75,0.011513157894736947,0.028296720014604704,-0.016783562119867756,30.4,30.95,30.4,30.4,0.0,0.022063617633507615,-0.022063617633507615,30.4,31.95,0.050986842105263275,0.0649042432040059,-0.013917401098742621,0.00040863018,0.005,2
2024-01-16,30.4,30.95,30.4,30.95,4030776,0.016420361247947435,0.0016181229773462036,-0.023659305993690816,-0.04031007751937987,-0.019017432646592725,0.026533996683250516,31.130000000000003,31.497499999999995,30.895833333333332,31.379013349610744,31.44511051206789,-0.06609716245714736,0.06435421263072945,-0.1304513750878768,-0.002135611064851288,-0.004214907111078411,44.94389139292881,31.497499999999995,0.47169208287995873,32.44088416575991,30.55411583424008,0.05990216148963671,0.20982129026992255,0.6943899483124618,0.022435862627220093,11.672904075219535,18.200673478696245,27.164362092514775,23.40425531914895,11.769672407970306,915569078.0,929578130.05,0.21057983629352367,-0.18618998442711263,-0.49335887491256886,6091145.05,-0.7732247121939412,0.6617435583807022,0.017770597738287583,-0.0173823319311055,0.001753202966958911,1.0,1.0,0.0,0.0,1150.31,1163.12,0.007798149239247154,0.003909924995036951,0.06524526504744088,0.06983967844998328,0.00862221200870028,-0.04422000251441682,-0.038711268364190365,-0.03634023978737555,1.7950851460187023,0.8248535803038527,30.95,30.35,-0.019386106623586308,0.013382675674512567,-0.032768782298098875,30.95,30.95,30.95,30.95,0.0,0.015233013468737955,-0.015233013468737955,30.95,31.95,0.03231017770597733,0.058616980076595215,-0.026306802370617888,0.00040863018,0.005,2
2024-01-17,30.95,31.3,30.9,30.95,4610815,0.0,0.016420361247947435,0.0016181229773462036,-0.02211690363349128,-0.029780564263322873,0.0016181229773462036,30.990000000000002,31.5,30.890833333333333,31.313011295824477,31.408435659322123,-0.09542436349764571,0.03239849740505442,-0.12782286090270012,-0.0030831781420887147,-0.00412997935065267,44.94389139292881,31.5,0.46848018550364295,32.43696037100729,30.563039628992716,0.05948954736554198,0.20649772550747217,0.6733620948615718,0.021756448945446587,11.576943990570665,21.14111335920152,26.011750983072588,23.40425531914895,15.602836879432658,915569078.0,928861511.75,0.19143162132818256,-0.3346139072727311,-0.37622523278089576,6017425.85,-0.523851287914534,0.7662437585333935,0.012924071082391022,-0.01746031746031751,0.0019153470554911234,2.0,1.0,0.009646302250803762,1.0,1161.95,1162.53,-0.0005072563450030376,0.000852316751898341,0.06041229590440578,0.07094697809104551,0.0005072563450030376,-0.02296922038538962,-0.058794172927059574,-0.05544463521796028,1.7823996204117054,0.822065164766733,31.1,30.5,-0.019292604501607746,0.007429229077916766,-0.026721833579524512,31.1,31.4,31.1,30.25,-0.027331189710610992,-8.58870413633639e-06,-0.027322601006474656,31.1,31.75,0.020900321543408262,0.05644496358389439,-0.03554464204048613,0.00040863018,0.005,2
2024-01-18,31.1,31.4,31.0,31.4,3864106,0.01453957996768973,0.01453957996768973,0.031198686371100237,-0.009463722397476393,-0.009463722397476393,-0.0031746031746032743,30.93,31.494999999999997,30.90333333333333,31.326394173389943,31.40781079566863,-0.08141662227868807,0.009635473468305924,-0.091052095746994,-0.0025928860598308304,-0.002899748272197261,49.92073619696407,31.494999999999997,0.4690135224164962,32.43302704483299,30.556972955167005,0.0595667277239557,0.4493618011744465,0.6574076595143167,0.020936549666061042,11.301429082626168,21.193972383943652,24.739949561558625,42.55319148936167,29.787234042553212,919433184.0,928118838.25,0.18561468295450984,-0.4501941526641421,-0.37760641137313156,5991370.65,-0.7866329735552264,0.6449452430388362,0.012738853503184669,-0.003016351801873318,0.01607162118433836,3.0,1.0,0.0,0.0,1164.32,1169.06,0.005617059344705133,0.005885288499595465,0.06204803953632032,0.07148272251591566,0.008922520622984598,-0.015349010897071858,-0.0652226427109236,-0.061412139830698376,1.7789989977604272,0.8225378461990582,31.55,30.3,-0.03961965134706813,-0.0009645753307726546,-0.038655076016295475,31.55,31.55,31.55,31.35,-0.006339144215530834,0.001297481860862204,-0.007636626076393038,31.55,31.75,0.006339144215530945,0.04763977806231323,-0.041300633846782286,0.00040863018,0.005,2
2024-01-19,31.55,32.2,31.5,31.55,5408045,0.004777070063694433,0.01938610662358653,0.01938610662358653,0.021035598705501757,-0.012519561815336422,0.014469453376205754,31.060000000000002,31.517500000000002,30.953333333333333,31.36079506979149,31.418343329322806,-0.05754825953131615,-0.003801273131618491,-0.05374698639969766,-0.0018240335826090696,-0.0017035494896893077,51.494722708909876,31.517500000000002,0.45976967918049283,32.43703935836099,30.597960641639016,0.05835103408334972,0.5176718917491069,0.6675928266918658,0.02115983602826833,11.24532814357712,27.93940372773921,22.622324346016644,48.936170212766015,38.29787234042558,924841229.0,927865750.35,0.1801603842704651,-0.6647651848832312,0.11956518810512799,6042589.55,-0.23660958895274886,0.8949879774640659,0.022187004754358253,0.0010311731577694605,0.01927632995907813,4.0,1.0,-0.023809523809523836,0.0,1171.5,1181.5,0.01064102783432852,0.02320949164285091,0.07172337472674006,0.07611803367124167,-0.005863957770634087,-0.0021738929373491533,-0.05725392135053431,-0.053422294129893855,1.814294776241543,0.7889215101811025,31.5,30.2,-0.041269841269841345,-0.008952279796676899,-0.03231756147316445,31.5,30.75,31.5,30.95,-0.01746031746031751,-0.011582328098525663,-0.005877989361791847,31.5,30.6,-0.02857142857142858,0.02167260956427186,-0.05024403813570044,0.00040863018,0.005,2
2024-01-22,31.5,31.7,29.35,30.75,17836750,-0.02535657686212367,-0.0207006369426751,-0.006462035541195399,0.009852216748768461,-0.047987616099071095,-0.0112540192926045,31.120000000000005,31.5,30.990833333333335,31.266826597515877,31.368836416039635,-0.1020098185237579,-0.023442982210046374,-0.07856683631371153,-0.00331739247231733,-0.0025550190671125702,43.62035520820004,31.5,0.48259168749690123,32.4651833749938,30.534816625006197,0.06128148412659054,0.11147279396269379,0.7877647676424467,0.025618366427396642,12.28682164566882,21.986067560007545,37.29653243763788,41.17647058823527,44.221944096787674,907004479.0,926720824.95,0.20269096305411594,-0.636258603037163,-0.3807138465877243,6751483.95,2.9965331637730306,2.6419006742954636,0.0764227642276422,-0.023809523809523836,-0.007771115114684535,0.0,1.0,-0.01300813008130075,0.0,1186.29,1182.86,0.001151079136690658,0.024902089903996227,0.07234420611752768,0.07585159816701571,-0.026507655998814328,-0.015049873155227766,-0.08359822541013218,-0.07795838773895503,1.822176233296456,0.7826962002967525,30.75,30.4,-0.011382113821138296,-0.006985033278151254,-0.004397080542987042,30.75,30.35,30.75,31.05,0.009756097560975618,0.0017737085712354883,0.00798238898974013,30.75,30.6,-0.004878048780487809,0.033962296023514416,-0.038840344804002225,0.00040863018,0.005,2
2024-01-23,30.75,30.75,30.2,30.35,6126601,-0.01300813008130075,-0.03803486529318545,-0.03343949044585981,-0.019386106623586308,-0.058914728682170514,-0.039556962025316444,31.0,31.437499999999993,31.054166666666667,31.125776351744204,31.293367051888552,-0.1675907001443484,-0.05227252579690678,-0.11531817434744163,-0.005521934106897806,-0.0037996103574115857,40.30191973488339,31.437499999999993,0.5457672050465125,32.52903441009302,30.345965589906967,0.06944155292838335,0.0018480453093046502,0.7707815699537006,0.025396427346085687,13.253922754753969,20.86546685794256,35.39557764796779,29.411764705882366,39.841468502294575,900877878.0,925068818.55,0.19738871019975895,-0.49516457965976335,-0.5797727758634572,6857063.05,-0.20029585892515367,0.8934730445565905,0.018121911037891292,-0.03459244532803152,-0.022675432711659727,1.0,1.0,0.008264462809917328,1.0,1183.96,1177.5,-0.004531390020796944,0.01236329871380426,0.053540432689726636,0.07174130719151361,-0.008476740060503807,-0.03174940533739057,-0.09309739471504308,-0.08836622860060728,1.7024921494817422,0.7706549984625449,30.25,30.95,0.023140495867768562,0.0034621208254650426,0.01967837504230352,30.25,30.5,30.25,31.15,0.02975206611570247,0.010973306793242488,0.01877875932245998,30.25,31.05,0.026446280991735627,0.05263784685006567,-0.026191565858330046,0.00040863018,0.005,2
2024-01-24,30.25,30.8,30.25,30.5,5006415,0.0049423393739702615,-0.008130081300813052,-0.033280507131537296,-0.014539579967689842,-0.0363349131121643,-0.03785488958990535,30.910000000000004,31.377499999999998,31.1375,31.02950306686048,31.23459912211903,-0.20509605525854724,-0.08283723168923487,-0.12225882356931236,-0.00672446082814909,-0.004008486018665979,42.08134041259272,31.377499999999998,0.5802619644328386,32.53802392886568,30.21697607113432,0.0739717268020511,0.12193799792750286,0.7550114578141507,0.024754474026693465,14.072932709727104,20.252798126244752,33.55383003465122,33.82352941176468,34.803921568627466,905884293.0,923410656.4,0.19809832546901052,-0.50779482830623,-0.5998294748983656,6850907.3,-0.5053282635342455,0.7307667117317439,0.018032786885245924,-0.027965899131543237,-0.020473705339221215,2.0,1.0,-0.006557377049180357,0.0,1175.58,1172.97,-0.0038471337579617515,0.008980413408686383,0.045194920917799086,0.07503629945408635,0.008789473131932013,-0.023519993376376225,-0.08304981050770444,-0.07945868167324932,1.6423400974711215,0.7544465366338972,30.5,30.25,-0.008196721311475419,-0.00789890761601253,-0.0002978136954628896,30.5,30.3,30.5,31.2,0.022950819672131084,0.021259735169311123,0.0016910845028199617,30.5,31.2,0.022950819672131084,0.06899401830297047,-0.04604319863083939,0.00040863018,0.005,2
2024-01-25,30.5,30.65,30.3,30.3,4095325,-0.006557377049180357,-0.0016474464579900872,-0.014634146341463428,-0.03503184713375784,-0.04416403785488954,-0.03809523809523807,30.690000000000005,31.317500000000003,31.197499999999998,30.917271825805024,31.165369557517618,-0.24809773171259408,-0.11588933169390672,-0.13220840001868736,-0.008188043950910696,-0.00436331353196988,40.35418938541046,31.317500000000003,0.6270807469193638,32.57166149383873,30.063338506161276,0.08009333400422945,0.09435048636135075,0.7260820679702826,0.023963104553474675,14.833441953630729,19.555466549703407,32.39852571318351,27.941176470588225,30.39215686274511,901788968.0,921758053.05,0.19817432549129765,-0.504366475595873,-0.6065378313344351,6845348.5,-0.7525221669057693,0.5982639160007704,0.011551155115511481,-0.032489821984513556,-0.028768330795736707,3.0,1.0,-0.006578947368421018,0.0,1173.58,1170.37,-0.002216595479850425,0.0011205583973448174,0.043119813902084525,0.0762190558810229,-0.004340781569329932,-0.03615240553110266,-0.0812150519973226,-0.07785783657345624,1.593314800147474,0.7564092963486898,30.4,31.35,0.03125,-0.00034940303213659707,0.0315994030321366,30.4,30.2,30.4,31.05,0.021381578947368585,0.024773527180999233,-0.0033919482336306483,30.4,31.0,0.019736842105263275,0.06757965963031443,-0.04784281752505115,0.00040863018,0.005,2
2024-01-26,30.4,30.7,30.15,30.2,6070911,-0.0033003300330033403,-0.00983606557377048,-0.0049423393739703725,-0.0427892234548336,-0.02265372168284785,-0.041269841269841345,30.420000000000005,31.252499999999998,31.225833333333334,30.806922314142714,31.0938607014052,-0.286938387262488,-0.150099142807623,-0.136839244454865,-0.009501271101406887,-0.004531100809763742,39.48163881018768,31.252499999999998,0.6728718889554229,32.598243777910845,29.90675622208915,0.0861207121293239,0.10895230679278524,0.7135047774009768,0.023625986006654862,15.699220564758825,18.478738690369468,32.1162982363733,24.999999999999947,28.921568627450977,895718057.0,919801904.15,0.19810849333361258,-0.461074866642287,-0.6342260771463512,6944477.05,-0.24250882844639032,0.8742070794229208,0.018211920529801348,-0.03367730581553474,-0.0328520722692216,4.0,1.0,0.0,0.0,1173.43,1175.67,0.004528482445722348,-0.00493440541684298,0.041402035555791805,0.07526900816543386,-0.007828812478725689,-0.03785481803799062,-0.08267187682563315,-0.07938516922670646,1.4803614117106643,0.6951116275513347,30.4,30.95,0.018092105263157965,-0.003975433857445032,0.022067539120602997,30.4,30.4,30.4,31.45,0.03453947368421062,0.0275816960152222,0.0069577776689884185,30.4,31.2,0.026315789473684292,0.06884805857818765,-0.04253226910450336,0.00040863018,0.005,2
2024-01-29,30.4,30.75,30.2,30.4,2946705,0.0066225165562914245,0.0033003300330032292,-0.003278688524590234,-0.011382113821138296,-0.0016420361247947435,-0.04251968503937009,30.350000000000005,31.185000000000002,31.258333333333333,30.74431888119768,31.042463612412224,-0.298144731214542,-0.1797082604890068,-0.1184364707255352,-0.009807392474162567,-0.0038959365370241847,42.17463087724152,31.185000000000002,0.6878838641263546,32.56076772825271,29.809232271747295,0.0882326585379323,0.2147047485272122,0.7018258647294786,0.023086377129259168,16.40756205385012,17.953241398317505,30.318542154933798,36.84210526315778,29.92776057791534,898664762.0,917761239.25,0.1972848715331982,-0.45967914404331367,-0.6105570790578457,6859961.05,-1.0638999862168383,0.4295512727437425,0.01809210526315792,-0.025172358505691994,-0.027459344174886713,0.0,1.0,0.011437908496731986,1.0,1177.23,1175.69,1.701157637779005e-05,-0.006061579561401853,0.04049808395210319,0.07550866636539223,0.0066055049799136345,-0.0053205342597364425,-0.08301776899147328,-0.07978656594556,1.4774544997976953,0.6935443309141116,30.6,31.05,0.014705882352941124,0.008537269774323564,0.0061686125786175605,30.6,30.95,30.6,31.95,0.04411764705882337,0.0416234417782011,0.0024942052806222748,30.6,33.35,0.08986928104575154,0.07260930936548715,0.017259971680264385,0.00040863018,0.005,2
2024-01-30,30.6,31.0,30.35,30.95,5926620,0.018092105263157965,0.024834437086092676,0.021452145214521323,0.019769357495881268,0.0,-0.019017432646592725,30.470000000000006,31.154999999999994,31.2975,30.775962130244192,31.035614455937242,-0.2596523256930503,-0.1956970735298155,-0.0639552521632348,-0.008389412784912773,-0.002066405562624711,48.90780510501206,31.154999999999994,0.6842014169427494,32.52340283388549,29.786597166114497,0.08784482965081031,0.4250951565856124,0.6981240172488015,0.022556511058119594,16.5833457093693,19.31714080809641,28.302214732769166,56.14035087719287,39.32748538011689,904591382.0,916285395.1,0.20904121335030276,-0.4834153348805249,-0.6670476984990146,6887802.3,-0.2620139585965843,0.860451526025943,0.021001615508885255,-0.00658000320975749,-0.011103123252655944,1.0,1.0,-0.024193548387096753,0.0,1176.02,1179.65,0.0033682348238055493,0.0018259023354565418,0.04235146502668519,0.07564452735769235,0.014723870439352416,0.017943455160424726,-0.06136889767327791,-0.058875436675964954,1.5142183489670193,0.6967856239396941,31.0,31.15,0.004838709677419395,0.005805588937221939,-0.0009668792598025444,31.0,30.25,31.0,31.95,0.030645161290322465,0.04099456678119884,-0.010349405490876373,31.0,33.3,0.07419354838709658,0.07477869365785961,-0.0005851452707630322,0.00040863018,0.005,2
2024-01-31,31.0,31.15,30.25,30.25,5734422,-0.022617124394184174,-0.004934210526315708,0.0016556291390728006,-0.008196721311475419,-0.022617124394184174,-0.051724137931034475,30.420000000000005,31.072499999999998,31.326666666666664,30.695044879437393,30.977420792534485,-0.2823759130970913,-0.21303284144327067,-0.06934307165382064,-0.009334740928829464,-0.0022923329472337405,42.17659712103918,31.072499999999998,0.6891022000432041,32.45070440008641,29.69429559991359,0.08870894843262749,0.20160449351764081,0.7125437303024584,0.0235551646380978,16.46176498515118,19.078014960612904,25.74878816736886,31.578947368420987,41.52046783625724,898856960.0,914332108.25,0.21751523764941402,-0.2894404163919036,-0.9742911207656264,6983801.8,-0.3462410722840412,0.821103199119998,0.02975206611570243,-0.02647035159707134,-0.03436901468397524,2.0,1.0,0.034653465346534684,1.0,1181.62,1164.31,-0.013003857076251513,-0.007382968021347636,0.017602279381560226,0.08547794331793886,-0.009613267317932661,-0.0008137532901277833,-0.0693264173125947,-0.06812722290159112,1.5461453091789548,0.7106608398879204,30.3,31.2,0.02970297029702973,0.030745282856602385,-0.0010423125595726557,30.3,31.35,30.3,31.75,0.04785478547854782,0.057844132166015916,-0.009989346687468093,30.3,32.75,0.08085808580858078,0.08595779081167554,-0.005099705003094757,0.00040863018,0.005,2
2024-02-01,30.3,31.6,30.3,31.35,9325775,0.036363636363636376,0.01292407108239102,0.03125,0.034653465346534684,-0.0015923566878980333,-0.011041009463722329,30.630000000000003,31.055,31.341666666666665,30.795807205677797,31.005019252346745,-0.20921204666894866,-0.21226868248840627,0.003056635819457615,-0.006673430515755938,9.750034511826522e-05,53.10018475817312,31.055,0.6766597527943844,32.40831950558877,29.70168049441123,0.08715630369272387,0.6089912614063958,0.7580763209951401,0.024181062870658375,15.546534888904747,20.89131521531078,22.473499399957003,70.17543859649119,52.63157894736838,908182735.0,913482794.0,0.2569474493455353,0.19682828036393557,-0.07722377980992123,6812406.7,0.7403092081248994,1.3689398491138234,0.04146730462519938,0.009499275478988878,0.0002658867322522518,3.0,2.0,-0.01746031746031751,0.0,1162.78,1173.02,0.007480825553332071,0.002264241222861285,0.019379171301445952,0.08700985413307936,0.028882810810304305,0.0323892241236734,-0.03042018076516828,-0.029841870053447073,1.4022820050777678,0.631730699712856,31.5,31.05,-0.014285714285714235,0.024337055872155844,-0.03862277015787008,31.5,30.95,31.5,31.75,0.007936507936507908,0.045471195045701185,-0.03753468710919328,31.5,32.95,0.04603174603174609,0.08052439242544263,-0.034492646393696536,0.00040863018,0.005,2
2024-02-02,31.5,31.55,30.95,30.95,4479429,-0.012759170653907526,0.023140495867768562,0.0,0.024834437086092676,-0.019017432646592725,-0.031298904538341166,30.78,31.005000000000003,31.345833333333335,30.819529174035058,31.000943752172912,-0.18141457813785422,-0.20609786161829588,0.02468328348044166,-0.005861537258088989,0.0007975212756200859,49.442438907814996,31.005000000000003,0.6431624170736205,32.29132483414725,29.718675165852762,0.08297531586177986,0.4786212632532797,0.7467851552097731,0.02412876107301367,14.696678370961628,19.692386615284345,21.18377106569021,56.14035087719287,52.63157894736838,903703306.0,912091897.7,0.2585299782367142,0.3716591947335747,-0.05911381631925403,6718767.55,-0.652109970374773,0.6667039701351181,0.019386106623586478,-0.0017739074342848493,-0.012627940980991736,4.0,2.0,0.001612903225806539,1.0,1173.93,1172.55,-0.0004006751803038444,-0.0026538059149252557,0.015476149236151926,0.0866330893437555,-0.012358495473603681,0.02748824300101793,-0.04677505377449309,-0.0460621884715634,1.407884711729522,0.6322034197657985,31.0,31.45,0.014516129032257963,0.030215802830815264,-0.0156996737985573,31.0,31.05,31.0,30.6,-0.012903225806451535,0.032174549913985384,-0.04507777572043692,31.0,33.1,0.06774193548387109,0.0622796409531432,0.005462294530727885,0.00040863018,0.005,2
2024-02-05,31.0,31.25,30.85,31.05,4654698,0.003231017770597866,-0.009569377990430672,0.026446280991735627,0.021381578947368585,0.009756097560975618,-0.03869969040247667,30.910000000000004,30.942500000000003,31.353333333333335,30.85498622418351,31.00457754830825,-0.1495913241247422,-0.19479655411958516,0.04520522999484297,-0.004817756010458685,0.0014558850239885014,50.362989794858656,30.942500000000003,0.5669110670060112,32.076322134012024,29.80867786598798,0.07328574834043929,0.547406024620286,0.7220147869805035,0.02325329426668288,14.07669177794958,18.913123326325216,21.33478613404473,59.64912280701749,61.988304093567216,908358004.0,910572009.7,0.25503979181953734,0.4417239996518675,0.15778290780260362,6589775.85,-0.5589583924022036,0.7063514914547511,0.012882447665056314,0.0034741859901430416,-0.009674675738890137,0.0,2.0,0.001607717041800516,1.0,1174.22,1186.06,0.011521896720822156,0.008820352303753554,0.022298071867538738,0.09377484825664159,-0.00829087895022429,0.012561226643615031,-0.06099776227001541,-0.05966729660223702,1.4191444616091855,0.6339473047541965,31.1,31.95,0.02733118971061077,0.030182998620782442,-0.0028518089101716715,31.1,31.15,31.1,30.6,-0.01607717041800638,0.02951020957378825,-0.04558737999179463,31.1,32.1,0.03215434083601276,0.03903017458875779,-0.006875833752745031,0.00040863018,0.005,2
2024-02-06,31.1,31.2,31.0,31.15,3793669,0.0032206119162641045,0.00646203554119551,-0.006379585326953818,0.00646203554119551,0.02635914332784184,-0.03410852713178303,30.95,30.8875,31.359166666666667,30.900372958924507,31.0153495817669,-0.11497662284239141,-0.17883256786414642,0.06385594502175501,-0.0036910633336241223,0.002049950080955217,51.31758334978923,30.8875,0.48009730373311194,31.847694607466224,29.927305392533775,0.06217366944338159,0.6366910405239039,0.6847280164818961,0.021981637768279168,13.50098994158125,18.518532379866546,20.88967120998519,63.157894736841975,59.64912280701748,912151673.0,909696935.15,0.25567539267344447,0.39091166466786764,0.09146720851188865,6324329.3,-0.7308438786157659,0.5998531733633794,0.00642054574638842,0.008498583569405138,-0.006670032685817562,1.0,2.0,0.0,0.0,1189.08,1188.48,0.0020403689526669044,0.007485271054973763,0.025798600022441054,0.0933508640358537,0.0011802429635972,-0.0010232355137782534,-0.05990712715422408,-0.05840047661686565,1.4279472224114158,0.6377825328956785,31.2,31.95,0.024038461538461453,0.03322105652199481,-0.009182594983533354,31.2,31.2,31.2,31.05,-0.004807692307692291,0.03943687999260814,-0.04424457230030043,31.2,32.0,0.025641025641025772,0.045770300123476604,-0.020129274482450832,0.00040863018,0.005,2
2024-02-07,31.2,31.3,31.0,31.2,3917062,0.0016051364365972098,0.004830917874396157,0.008077544426494443,0.03140495867768589,0.022950819672131084,-0.01421800947867291,31.140000000000004,30.865,31.366666666666667,30.946469426782276,31.029027390524906,-0.08255796374263014,-0.15957764703984317,0.07701968329721304,-0.0026460885814945556,0.0024685795928593925,51.81654311396696,30.865,0.4522167621828923,31.769433524365784,29.960566475634213,0.05860576862891855,0.6851987962492392,0.6572474438760464,0.021065623201155334,12.756519748259201,19.001546841755136,20.208594675091945,64.91228070175427,62.57309941520461,916068735.0,909547614.9,0.2478021130763247,0.28923778120780835,0.3469620495202442,5990281.2,-0.6190444059150824,0.6539028585168923,0.009615384615384638,0.010853717803337215,-0.005313496280552665,2.0,2.0,-0.014285714285714235,0.0,1190.51,1198.53,0.008456179321486124,0.029390797983354977,0.031845653184565226,0.09670202901507903,-0.006851042884888914,0.002014160694330913,-0.046063662663238136,-0.04464200873558244,1.4371910311973075,0.6414949170312394,31.5,31.75,0.007936507936507908,0.022409149848721555,-0.014472641912213646,31.5,31.05,31.5,31.2,-0.009523809523809601,0.042781859892941476,-0.05230566941675108,31.5,32.9,0.04444444444444451,0.05604781061941022,-0.011603366174965712,0.00040863018,0.005,2
2024-02-15,31.5,31.5,30.9,31.05,5966753,-0.004807692307692291,-0.0032102728731941976,0.0,-0.009569377990430672,0.024752475247524774,-0.02050473186119872,31.080000000000005,30.8325,31.3725,30.96239720727731,31.03058091715269,-0.06818370987538103,-0.14129885960695074,0.07311514973156971,-0.0021959326851974563,0.002354755224849266,50.1557332377874,30.8325,0.4104795013783507,31.6534590027567,30.011540997243298,0.05325283403919252,0.632467028968351,0.6531583407420432,0.02103569535401105,12.040232670845342,19.941930486507843,18.882602836805734,72.34042553191493,66.80353365683709,910101982.0,908738440.45,0.24809392444532638,0.3550465266963161,0.36147396186525343,5927102.3,0.011884512455719623,1.0066897276262636,0.019323671497584585,0.007054244709316482,-0.01027970356203678,3.0,2.0,0.012882447665056418,1.0,1203.08,1202.5,0.00331239101232339,0.025131711309270166,0.03465781005317403,0.09681208721018103,-0.00812008332001568,-0.03470108929970084,-0.055162541914372754,-0.05331476878480024,1.4856510616890395,0.6524360440939438,31.05,31.75,0.02254428341384851,0.018599053863391113,0.003945229550457396,31.05,31.45,31.05,31.0,-0.0016103059581320522,0.03969624035189634,-0.04130654631002839,31.05,33.95,0.09339774557165859,0.049265499211552655,0.04413224636010593,0.00040863018,0.005,2
2024-02-16,31.05,31.95,31.05,31.45,7948085,0.012882447665056418,0.008012820512820484,0.009630818619582593,0.016155088852988664,0.041390728476821126,0.017799352750809128,31.18,30.860000000000003,31.376666666666665,31.03741302154234,31.0616489973636,-0.02423597582126291,-0.11788628284981317,0.09365030702855026,-0.0007706192629972309,0.0029777522107647145,54.35698956325453,30.860000000000003,0.43304308768141503,31.726086175362834,29.993913824637172,0.0561300178459385,0.8406127570116372,0.6707898878318971,0.021328772268104836,12.209618213308087,22.822570913229267,17.0729726784547,72.22222222222223,69.82497615196384,918050067.0,908847707.6,0.23509750827047124,0.2919759629262282,0.5051573143606677,5803469.2,0.6693034892993897,1.3695403087518754,0.028616852146263867,0.019118600129617525,0.0023371932433868814,4.0,2.0,0.015898251192368873,1.0,1204.9,1209.7,0.0059875259875259434,0.031683083877020346,0.04763141941629856,0.09284720737412427,0.0068949216775304745,-0.015527995024031682,-0.029832066665489432,-0.028475727352765712,1.4873879945220487,0.6572372379486727,31.45,30.6,-0.027027027027026973,-0.0010220566417197263,-0.026004970385307247,31.45,31.95,31.45,31.2,-0.007949125596184436,0.03712373479278619,-0.045072860388970626,31.45,33.6,0.06836248012718604,0.04165705054234947,0.02670542958483657,0.00040863018,0.005,2
2024-02-19,31.45,32.3,31.25,31.95,10860656,0.015898251192368873,0.02898550724637672,0.024038461538461453,0.02898550724637672,0.050986842105263275,0.049261083743842304,31.360000000000003,30.934999999999995,31.384999999999998,31.177811018228134,31.127452775336668,0.050358242891466176,-0.08423737770155731,0.1345956205930235,0.001576157836978597,0.004212695480219827,59.00810058751847,30.934999999999995,0.48506646316084273,31.90513292632168,29.96486707367831,0.06272073226582743,1.0231241886864075,0.6978763244153328,0.021842764457443906,12.925721727779848,23.95215097480855,15.238159107501634,83.72093023255822,76.09452599556515,928910723.0,909716328.65,0.23323358243936554,0.08264589422143563,0.4910268854263958,6130180.9,1.4019009972340484,1.7716697397951175,0.03286384976525813,0.03281073218037833,0.018002230364823957,0.0,2.0,-0.004672897196261738,0.0,1213.24,1224.97,0.012622964371331813,0.032806097499283426,0.0613887637334074,0.09899351879142639,0.00327528682103706,-0.003820590252906708,-0.012127679989565099,-0.011426237401370498,1.8308364837995743,0.7512457869272916,32.1,30.6,-0.04672897196261683,-0.0029159030747301085,-0.04381306888788672,32.1,31.95,32.1,33.35,0.0389408099688473,0.027416004886988476,0.011524805081858824,32.1,32.1,0.0,0.012877214416615823,-0.012877214416615823,0.00040863018,0.005,2
2024-02-20,32.1,32.1,31.55,31.95,5410822,0.0,0.015898251192368873,0.02898550724637672,0.025682182985553803,0.03231017770597733,0.03231017770597733,31.520000000000003,30.985000000000003,31.383333333333333,31.29660932311611,31.188382199385803,0.10822712373030896,-0.045744477415184066,0.15397160114549302,0.0033873904140941775,0.004819142445868326,59.00810058751847,30.985000000000003,0.5356009905253875,32.056201981050776,29.91379801894923,0.06914326164600763,0.9504285919324942,0.6873137298142377,0.021512166817347033,13.590674991217911,22.583085700964908,14.367171174379212,83.72093023255822,79.88802756244625,928910723.0,910383410.9,0.2274555206457243,0.2264963452000824,0.8893784110889354,6199183.2,-0.23581711795764682,0.8728282138846937,0.01721439749608766,0.031144101984831307,0.018056293149229852,1.0,2.0,-0.0031397174254317317,0.0,1227.75,1230.06,0.0041552038009093906,0.03498586429725359,0.05755210124492738,0.09748560596817314,-0.0041552038009093906,-0.009303681311699785,-0.02524192353895005,-0.0238682552937447,1.8243293453293539,0.7573860205557192,31.85,31.05,-0.025117739403453743,0.004611213041289863,-0.029728952444743606,31.85,31.75,31.85,33.3,0.04552590266875978,0.031012031369238136,0.014513871299521641,31.85,32.4,0.017268445839874413,0.008670379450876009,0.008598066388998404,0.00040863018,0.005,2
2024-02-21,31.85,32.4,31.6,31.75,6851448,-0.006259780907668211,-0.006259780907668211,0.009538950715421324,0.017628205128205066,0.04958677685950419,0.02584814216478204,31.630000000000003,31.025,31.3775,31.3663617349444,31.22998351794982,0.13637821699458286,-0.009319938533230683,0.14569815552781354,0.004295376913215208,0.004588918284340584,56.34453390345849,31.025,0.5620685479821053,32.14913709596421,29.900862904035787,0.07246653318060983,0.8224695647011571,0.6953627491132205,0.021901188948447888,14.67082088116745,23.808913664698984,13.186519477101067,71.11111111111117,79.5176571920759,922059275.0,910707920.75,0.2291508294974708,0.2841245388930546,0.7929653379342645,6311214.85,0.16249732971411623,1.085598916031198,0.025196850393700697,0.023368251410153196,0.011871564018803182,2.0,2.0,-0.0031397174254317317,0.0,1231.78,1230.04,-1.62593694615909e-05,0.026290539243907007,0.05807161965712715,0.09727872310350456,-0.00624352153820662,-0.008662334115701942,-0.03222347749234511,-0.030454911457494016,1.8363713793953755,0.7593552793165677,31.85,31.2,-0.020408163265306145,0.020083750050819305,-0.04049191331612545,31.85,31.75,31.85,32.75,0.028257456828885363,0.026734967678985422,0.0015224891498999416,31.85,32.9,0.03296703296703285,0.02458023336179216,0.008386799605240691,0.00040863018,0.005,2
2024-02-22,31.85,32.05,31.75,31.75,5786376,0.0,-0.006259780907668211,-0.006259780907668211,0.02254428341384851,0.012759170653907415,0.011146496815286566,31.770000000000003,31.0425,31.366666666666667,31.425383006491415,31.268503257360944,0.15687974913047142,0.023919998999509737,0.13295975013096167,0.00494109446080225,0.0041877086655421,56.34453390345849,31.0425,0.5795358850877067,32.20157177017541,29.883428229824588,0.07467644488526454,0.8052011179139181,0.6671225527479903,0.021011733944818593,15.673813493263449,23.04415012163014,12.762956709892315,70.45454545454551,75.09552893273833,922059275.0,910839225.3,0.22382261861606992,0.42928125333321115,1.253025967745073,6407328.35,-0.18945621112236868,0.903087165807571,0.009448818897637705,0.022791334460819934,0.01222104144527103,3.0,2.0,-0.03622047244094484,0.0,1229.85,1227.31,-0.0022194400182108387,0.020632016632016636,0.04982635621781606,0.09828796846942754,0.0022194400182108387,0.0019122667818318728,-0.03867985940252949,-0.03684405442237182,1.8228814561914575,0.7576704360103178,31.75,31.0,-0.023622047244094446,0.01823132569292052,-0.041853372937014965,31.75,30.6,31.75,32.95,0.03779527559055129,0.031016825164594142,0.00677845042595715,31.75,34.5,0.08661417322834652,0.037486791839388856,0.04912738138895767,0.00040863018,0.005,2
2024-02-23,31.75,31.8,30.6,30.6,11073318,-0.03622047244094484,-0.03622047244094484,-0.04225352112676051,-0.027027027027026973,-0.011308562197091976,-0.030110935023771712,31.6,30.994999999999997,31.37,31.298401005492735,31.21898449755643,0.07941650793630473,0.03501930078686874,0.044397207149435985,0.0025953107168727035,0.0014508891225305876,43.30811213537216,30.994999999999997,0.5746623722712361,32.14432474454247,29.845675255457525,0.07416194512292137,0.3281599687661643,0.7051852275517052,0.02304526887423873,14.98791217727916,20.243165656277778,22.86004569885991,16.279069767441936,52.61490877769956,910985957.0,910146461.7,0.2584273433075785,0.02068915478754524,0.9394016026654409,6690592.0,1.2785079624095814,1.6550580277500107,0.039215686274509776,-0.012743990966284757,-0.024545744341727738,4.0,2.0,0.003278688524590123,1.0,1230.3,1212.0,-0.012474435961574493,0.0019012978424401972,0.025814642403723997,0.10663960498034752,-0.023746036479370347,-0.02892832486946717,-0.05592557742749571,-0.05451820934866847,1.7098962488666987,0.7158786544537774,30.5,31.2,0.022950819672131084,0.03738880232165087,-0.014437982649519787,30.5,30.6,30.5,33.1,0.08524590163934431,0.028377565069707122,0.05686833656963719,30.5,35.7,0.17049180327868863,0.05677986363598886,0.11371193964269977,0.00040863018,0.005,2
2024-02-26,30.5,30.75,30.4,30.6,5613759,0.0,-0.03622047244094484,-0.03622047244094484,-0.04225352112676051,-0.01449275362318836,-0.004878048780487809,31.330000000000005,30.9875,31.3575,31.19095469695539,31.17313379403373,0.01782090292165961,0.03157962121382692,-0.013758718292167307,0.0005823824484202486,-0.0004496313167374937,43.30811213537216,30.9875,0.5789907280406469,32.14548145608129,29.829518543918706,0.07473861757684828,0.3326829855672602,0.679814854155155,0.022216171704416827,14.674226051993497,19.498728934553185,24.120786444463477,16.279069767441936,34.337561663143155,910985957.0,910345535.6,0.24243206962282043,-0.026589625282154677,1.7603310728693902,6079442.45,-0.21079905507496405,0.9234003029340297,0.011437908496732072,-0.012505042355788643,-0.024156900263094916,0.0,2.0,0.013050570962479746,1.0,1212.93,1224.17,0.01004125412541268,-0.0006530772182175015,0.0349238286864042,0.11105641502167747,-0.01004125412541268,-0.041600443908543006,-0.03980187746689201,-0.03845875064777593,1.618729717233123,0.7097476479949134,30.65,33.35,0.0880913539967374,0.026429495577453554,0.061661858419283844,30.65,31.05,30.65,32.1,0.04730831973898875,0.005337976939288502,0.041970342799700244,30.65,35.0,0.1419249592169658,0.03167796375708942,0.11024699545987637,0.00040863018,0.005,2
2024-02-27,30.65,31.25,30.65,31.05,4980824,0.014705882352941124,0.014705882352941124,-0.022047244094488216,-0.028169014084507005,-0.0032102728731941976,0.023064250411861664,31.150000000000006,31.0225,31.358333333333334,31.169269358962254,31.164012772253454,0.005256586708799915,0.026315014312821516,-0.0210584276040216,0.00016929425793236441,-0.0006782102287929662,48.69513929489467,31.0225,0.5592464384745802,32.14099287694916,29.90400712305084,0.07210849396078085,0.5122933281770241,0.6776852217155009,0.02182561100533014,13.77617881573924,23.43290125658677,22.468258662442242,35.71428571428575,22.757475083056573,915966781.0,911099980.75,0.24287080425054527,-0.24101176950747863,1.790060277873953,6022153.6,-0.4685055506305354,0.8270835204203361,0.019323671497584585,0.0008864533806107744,-0.009832580387988288,1.0,2.0,0.0016051364365972098,1.0,1228.93,1237.46,0.010856335312905863,0.006015966700811504,0.050921443736730465,0.11294541844536483,0.0038495470400352616,-0.03418498078531851,-0.0278571933248688,-0.026507398332093923,1.6325939740018611,0.7129675356112221,31.15,33.3,0.0690208667736758,0.022717572497322314,0.04630329427635349,31.15,31.2,31.15,32.0,0.027287319422151013,0.0026011258123486147,0.024686193609802398,31.15,36.1,0.158908507223114,0.032566417291446825,0.12634208993166718,0.00040863018,0.005,2
2024-02-28,31.15,31.45,31.0,31.2,5522904,0.004830917874396157,0.019607843137254832,0.019607843137254832,-0.017322834645669305,0.0,0.022950819672131084,31.040000000000003,31.057500000000005,31.361666666666668,31.173997149891136,31.166678492827273,0.007318657063862588,0.022515742863029733,-0.015197085799167145,0.00023457234179046757,-0.0004870860833066393,50.387461765180646,31.057500000000005,0.5465862959739227,32.15067259194785,29.96432740805216,0.07039668949193247,0.5651772652596798,0.6614219915929651,0.021199422807466832,13.271825062818277,24.453990726883518,21.376377779110385,40.000000000000036,30.6644518272426,921489685.0,911880250.35,0.24284867120141268,-0.23993590444856888,1.7915422998667916,6047978.05,-0.23724440408119468,0.9131818856386227,0.014423076923076901,0.0045882637044190044,-0.005154913110485215,2.0,2.0,-0.0064102564102563875,0.0,1241.77,1254.55,0.013810547411633456,0.01992618126239787,0.06954994586391794,0.11707855969391724,-0.0089796295372373,-0.03724901590806717,-0.046599126191786855,-0.04356891080401759,1.581741603454296,0.7059587551082386,31.2,32.75,0.049679487179487225,0.002492874665565914,0.04718661251392131,31.2,31.0,31.2,32.9,0.054487179487179516,0.00866948769043896,0.045817691796740556,31.2,35.55,0.13942307692307687,0.018656864535285367,0.1207662123877915,0.00040863018,0.005,2
2024-02-29,31.2,31.35,30.8,31.0,7928383,-0.0064102564102563875,-0.0016103059581320522,0.013071895424836555,-0.023622047244094446,-0.0016103059581320522,0.02310231023102305,30.890000000000004,31.0925,31.361666666666668,31.14722835760019,31.154331937803033,-0.0071035802028411865,0.01659187824985555,-0.023695458452696737,-0.00022914774847874794,-0.0007643696275063463,48.10883663349354,31.0925,0.5171467774943578,32.126793554988716,30.058206445011287,0.0665300992193432,0.45528348815776465,0.6534632779077534,0.021079460577669466,12.435322914045999,22.983835439936435,22.277400343932943,30.00000000000007,35.23809523809531,913561302.0,912468867.05,0.2427865205226406,-0.24129229449345443,1.7972154389841275,6239630.95,0.7672102073971987,1.270649348259932,0.017741935483870992,-0.002974993969606876,-0.011532125205930832,3.0,2.0,0.0,0.0,1259.59,1252.73,-0.0014507193814514707,0.020711963562588087,0.07037090834522419,0.11662250199078353,-0.004959537028804917,-0.04433401080668253,-0.047268598114201144,-0.044160951821156647,1.5956996766506164,0.7100425882109301,31.2,32.95,0.05608974358974361,0.00934177859825569,0.04674796499148792,31.2,31.2,31.2,33.95,0.08814102564102577,0.005999745368896692,0.08214128027212908,31.2,35.55,0.13942307692307687,0.02662486472722647,0.1127982121958504,0.00040863018,0.005,2
2024-03-01,31.2,31.25,30.85,31.2,5970385,0.006451612903225712,0.0,0.004830917874396157,0.019607843137254832,-0.007949125596184436,0.0331125827814569,31.01,31.142500000000002,31.363333333333333,31.155347071815545,31.15771475722503,-0.0023676854094851763,0.012799965517987406,-0.015167650927472583,-7.588735286811462e-05,-0.00048614265793181353,50.51861410443101,31.142500000000002,0.47275090803903486,32.08800181607807,30.19699818392193,0.06072099645680785,0.5304071335571351,0.6353587580571994,0.02036406275824357,11.658570918757457,21.950276046535443,21.275608608772043,40.000000000000036,36.66666666666674,919531687.0,913659548.55,0.24282804817155207,-0.34362184452389744,1.839714156065504,6234604.65,-0.12000821048389206,0.9576204643545441,0.012820512820512775,0.0018463514489843735,-0.00520777978531195,4.0,3.0,0.058730158730158744,1.0,1256.72,1258.28,0.004430324172008282,0.03818481848184807,0.07026631622819313,0.11661077811812993,0.00202128873121743,-0.01857697534459324,-0.037153733446736226,-0.0347144751576155,1.6771274466708173,0.7310756369034285,31.5,33.1,0.050793650793650835,-0.01322711558695333,0.06402076638060417,31.5,33.35,31.5,33.6,0.06666666666666665,-0.00022941767465411989,0.06689608434132077,31.5,34.95,0.10952380952380958,0.015837730505430914,0.09368607901837867,-0.007471624,0.0025,3
2024-03-04,31.5,33.35,31.4,33.35,35652303,0.06891025641025639,0.07580645161290334,0.06891025641025639,0.08986928104575154,0.04381846635367759,0.09703947368421062,31.560000000000002,31.29,31.393333333333334,31.492985983843923,31.320106256689844,0.17287972715407918,0.04481591784520576,0.1280638093088734,0.005183799914665043,0.0038399942821251394,67.81952916768806,31.29,0.6542573129725082,32.598514625945015,29.981485374054984,0.08363787957462547,1.2871520727222518,0.743547418195971,0.02229527490842492,13.541369335233316,37.59025335721096,16.881368876620133,100.0,56.66666666666672,955183990.0,916485509.95,0.3404632548998868,1.1833897490408645,3.778765700053082,7869884.55,4.052009521155083,4.5302193156060975,0.05847076461769124,0.06583573026526057,0.062327458059035834,0.0,3.0,-0.0029940119760479833,0.0,1264.07,1261.41,0.002487522649966767,0.03042061151637432,0.0729103760344989,0.11598069764116642,0.06642273376028962,0.05944866952937722,0.024129097649711717,0.022489387919700565,1.670825880300138,0.6248048211535128,33.4,32.1,-0.03892215568862267,-0.021696268083522763,-0.01722588760509991,33.4,33.3,33.4,32.1,-0.03892215568862267,-0.01530616284870423,-0.023615992839918443,33.4,34.4,0.029940119760478945,0.014751878627592196,0.015188241132886748,-0.015773201,0.0025,3
2024-03-05,33.4,33.7,33.15,33.3,7779480,-0.0014992503748126884,0.06730769230769229,0.07419354838709658,0.0724637681159419,0.04225352112676051,0.07592891760904674,32.010000000000005,31.4075,31.40083333333333,31.770988140175625,31.466765052490597,0.3042230876850276,0.09669735181317013,0.20752573587185746,0.00913582845900984,0.00623200408023596,67.23080514272924,31.4075,0.787446740052988,32.982393480105976,29.83260651989402,0.10028773255470684,1.1008342862250748,0.7297226026105449,0.021913591669986333,15.565635157875697,38.99248489426409,15.972534982663577,87.87878787878773,75.95959595959596,947404510.0,918626166.35,0.33745026613331447,1.3534103951765886,4.324036921030859,7962527.55,-0.026756188059882207,0.9770113762432131,0.016516516516516647,0.06025630820663852,0.06048140972904115,1.0,3.0,-0.016516516516516422,0.0,1262.89,1269.98,0.006793984509398054,0.026279637321610316,0.07657355995422366,0.11654547284679172,-0.008293234884210743,0.04618413079433159,-0.0006446423451769157,-0.0005987908018141308,1.5456066944032922,0.5833478779912828,33.3,32.0,-0.039039039039038936,-0.019530634745629216,-0.01950840429340972,33.3,32.75,33.3,32.4,-0.027027027027026973,-0.021530949755867,-0.0054960772711599715,33.3,35.5,0.06606606606606613,0.013576941250590613,0.05248912481547552,-0.012253365,0.0025,3
2024-03-06,33.3,33.5,32.55,32.75,10555586,-0.016516516516516422,-0.01799100449775115,0.049679487179487225,0.049679487179487225,0.03149606299212593,0.0826446280991735,32.32000000000001,31.5325,31.399166666666666,31.921605349379373,31.561819493046848,0.35978585633252536,0.14931505271704118,0.21047080361548418,0.010985827674275583,0.006426589423373563,60.96188490840482,31.5325,0.7924437552673049,33.117387510534606,29.94761248946539,0.10052406314339862,0.8840966604593029,0.7454567024240776,0.02276203671523901,16.399488266990527,35.44309214050514,20.2677055635882,71.21212121212116,86.36363636363632,936848924.0,920525764.55,0.3317442979564903,1.440609567855983,4.652392225444466,8203585.75,0.3436781131306563,1.2867039269992393,0.029007633587786345,0.03861095694917949,0.043021311605934365,2.0,3.0,0.007645259938837912,1.0,1269.8,1262.73,-0.005708751318918459,0.0065202662309196135,0.08453075211928107,0.1049610427332605,-0.010807765197597963,0.04315922094856761,-0.0018861240201075713,-0.0017391152961055978,1.5865740998673004,0.5966419663959025,32.7,32.9,0.006116207951070152,0.005763004361834412,0.0003532035892357399,32.7,32.95,32.7,32.9,0.006116207951070152,-0.002493607656563035,0.008609815607633187,32.7,34.35,0.050458715596330306,0.006522960980977377,0.04393575461535293,-0.0070538265,0.0025,3
2024-03-07,32.7,33.4,32.45,32.95,15646392,0.006106870229007688,-0.01051051051051033,-0.01199400299850073,0.06290322580645169,0.03779527559055129,0.0510366826156301,32.71,31.6125,31.3975,32.07981991101332,31.66464767874708,0.41517223226623656,0.20248648862688026,0.2126857436393563,0.0126000677470785,0.006454802538371966,62.33715972235577,31.6125,0.8516045227433113,33.31570904548662,29.909290954513377,0.10775541608456286,0.8926411744771672,0.7600669379652146,0.023067281880583143,17.00850112913968,32.278809040498494,19.398015218552448,77.27272727272731,78.78787878787875,952495316.0,922741393.6,0.30945062632683706,1.7710918784102205,7.373423951946585,8519616.6,1.012146529702573,1.8365136290287993,0.028831562974203206,0.042309213127718515,0.049446611991400546,3.0,3.0,-0.008982035928143617,0.0,1263.23,1268.46,0.004537787175405761,0.012556576437061429,0.08136263661318655,0.10421590781572548,0.0015690830536019273,0.05034664936939026,-0.030325953997556443,-0.028044203647110355,1.6074184750369165,0.5981268729284197,33.4,33.95,0.01646706586826352,-0.006569125111973606,0.023036190980237126,33.4,33.1,33.4,34.5,0.03293413173652704,0.002985965959988235,0.029948165776538804,33.4,33.7,0.008982035928143839,-0.003433860853986226,0.012415896782130065,-0.00744793,0.0025,3
2024-03-08,33.4,34.35,32.8,33.1,19715588,0.004552352048558417,0.010687022900763399,-0.006006006006005871,0.0608974358974359,0.08169934640522869,0.06946688206785145,33.09000000000001,31.72,31.4125,32.236770693934346,31.770970072913965,0.46580062102038156,0.25514931510558053,0.21065130591480102,0.014072526314815152,0.006364087791987946,63.37917647846505,31.72,0.898009494732944,33.516018989465884,29.92398101053411,0.11324205482130437,0.8841830203617164,0.8164907281105568,0.024667393598506247,18.415200121613303,36.21270429307601,16.767688473548574,68.35443037974686,72.2797596215318,972210904.0,926166773.5,0.30405791806371585,1.7468790257219629,7.731149116231051,9281424.55,1.410710971563287,2.1241984884744873,0.04682779456193366,0.04350567465321564,0.05372065260644643,4.0,3.0,-0.030211480362537735,0.0,1272.62,1247.35,-0.01664222758305356,-0.008686460883110314,0.0637925888021833,0.12670606443512417,0.021194579631611976,0.06958389678054622,0.005674293265668151,0.005334022181953113,1.318654895255621,0.5342125408790852,33.1,33.6,0.015105740181268867,0.012384644962829983,0.002721095218438885,33.1,32.1,33.1,35.7,0.0785498489425982,0.02682004614201494,0.05172980280058326,33.1,33.0,-0.0030211480362538623,0.005439310433222211,-0.008460458469476073,-0.0058625964,0.0025,3
2024-03-11,33.1,33.5,31.85,32.1,13360320,-0.030211480362537735,-0.025796661608497806,-0.01984732824427482,-0.03748125937031488,0.0490196078431373,0.033816425120772875,32.84,31.7725,31.405000000000005,32.215729048713676,31.795342660105522,0.42038638860815425,0.2881967298060953,0.13218965880205896,0.01309614917782412,0.004118057906606198,52.87614144351957,31.7725,0.8874082606396874,33.54731652127938,29.997683478720624,0.11172029404544033,0.5922630582016225,0.8760271046740884,0.02729056400853858,18.31027430418838,31.34079354928648,22.25784100905999,43.03797468354434,62.88837744533953,958850584.0,928691402.5,0.32682090679009396,1.420532201158558,5.941447755661769,9716705.65,0.4946616038555479,1.3749845350105876,0.051401869158878455,0.010307655991816933,0.022130234039165586,0.0,3.0,0.0,0.0,1248.32,1235.49,-0.009508157293462105,-0.02054843389540284,0.04167580054971931,0.13016881043631645,-0.02070332306907563,-0.01693282547491204,-0.007859375428946436,-0.007544934253823299,1.3814971724688851,0.5587163405343799,32.0,32.1,0.0031250000000000444,0.00660514813016011,-0.0034801481301600656,32.0,32.0,32.0,35.0,0.09375,0.026274890723652078,0.06747510927634792,32.0,33.0,0.03125,0.012101343694349787,0.019148656305650213,-0.005306718,0.0025,3
2024-03-12,32.0,32.9,31.55,32.0,10769428,-0.0031152647975077885,-0.0332326283987916,-0.028831562974203417,-0.039039039039038936,0.03059581320450877,0.027287319422151013,32.580000000000005,31.815000000000005,31.3975,32.18253996429619,31.81050246306067,0.37203750123552126,0.30496488409198047,0.06707261714354079,0.01162617191361004,0.0020960192857356497,51.949033341569645,31.815000000000005,0.8763110478765463,33.567622095753094,30.06237790424691,0.11017583503084023,0.5527780633509882,0.909882311483082,0.02843382223384631,17.821526777166877,28.019322287283966,22.254066159623502,40.50632911392406,50.632911392405106,948081156.0,930487876.65,0.32724511199892264,1.465404577180338,6.001957113146982,10065493.6,0.0973006408082223,1.0699354078373267,0.04218749999999993,0.005814867201005658,0.01918942590970607,1.0,3.0,0.012307692307692353,1.0,1235.4,1245.0,0.0076973508486510855,-0.01966960109608029,0.047556542810985425,0.13168844934133805,-0.010812615646158874,-0.019369437942958645,-0.020269223388834412,-0.019349049488483483,1.3554235737102232,0.5518777536201355,32.5,32.4,-0.003076923076923088,-0.006191009438489825,0.003114086361566737,32.5,32.9,32.5,36.1,0.11076923076923073,0.025603903375459813,0.08516532739377092,32.5,33.7,0.03692307692307706,0.010094384898416076,0.026828692024660983,-0.004461407,0.0025,3
2024-03-13,32.5,32.95,32.2,32.9,12355983,0.028124999999999956,0.024922118380062308,-0.006042296072507614,0.004580152671755711,0.054487179487179516,0.054487179487179516,32.61,31.9,31.409166666666668,32.29291843132754,31.891205984315434,0.40171244701210895,0.3243143966760062,0.07739805033610275,0.012210104772404529,0.0023525243263253118,58.928721722635906,31.9,0.8957502001403737,33.691500400280745,30.108499599719252,0.11231977431227251,0.7790956674760692,0.9127478606628621,0.027743096068780004,17.420417639641933,26.327542591471527,20.599614353569187,63.29113924050628,48.94514767932492,960437139.0,932706296.85,0.34057771748055404,1.2048637481041042,4.364137805203414,10487439.65,0.2630994985272685,1.1781696402896582,0.022796352583586626,0.03134796238244508,0.04746491204796888,2.0,3.0,0.02259036144578319,1.0,1250.2,1270.51,0.02048995983935753,0.006161253791388432,0.0600569030395568,0.14530292071026754,0.007635040160642426,-0.0015811011196327218,-0.0055697235523772815,-0.005254174126319899,1.3719021364711832,0.5808120170500352,33.2,32.9,-0.009036144578313365,-0.012476489028213189,0.0034403444498998237,33.2,33.95,33.2,35.55,0.07078313253012025,0.005556426332288256,0.065226706197832,33.2,33.0,-0.006024096385542244,-0.013667711598746135,0.0076436152132038915,-0.009896596,0.0025,3
2024-03-14,33.2,35.0,33.2,33.95,24495133,0.03191489361702149,0.06093750000000009,0.05763239875389403,0.030349013657056112,0.0951612903225807,0.09339774557165859,32.81,32.045,31.450833333333332,32.54785405727715,32.04370924473651,0.5041448125406376,0.3602804798489325,0.14386433269170507,0.014849626289856775,0.004237535572656997,65.26744891016054,32.045,0.9815267377106716,34.00805347542134,30.081946524578658,0.12251855050219015,0.985213475804861,0.9975515849012292,0.029382962736413228,18.735427640727057,37.04751528861802,17.50208817065873,77.17391304347834,60.32379379930291,984932272.0,936447811.35,0.35426659687420253,0.9269062126822436,2.9851733215531735,11413858.65,1.7061182020501313,2.1460869414218653,0.053019145802650866,0.05944765173974109,0.07946265334781821,3.0,3.0,-0.01754385964912286,0.0,1276.0,1264.26,-0.004919284381862399,-0.0033111016508207136,0.05135966735966746,0.14795204836871467,0.03683417799888389,0.033660115307876826,0.042038078211991126,0.03998448819856626,1.2493679974167444,0.5104734973626561,34.2,34.5,0.008771929824561209,0.010017724884471724,-0.001245795059910515,34.2,33.6,34.2,35.55,0.039473684210526105,0.020905868202823363,0.018567816007702742,34.2,33.2,-0.029239766081871288,-0.004399569538519943,-0.024840196543351345,-0.0134868175,0.0025,3
2024-03-15,34.2,34.2,33.05,33.6,12533929,-0.010309278350515538,0.021276595744680993,0.050000000000000044,0.015105740181268867,0.0769230769230771,0.06836248012718604,32.910000000000004,32.152499999999996,31.494166666666665,32.709722663849895,32.1589900414227,0.5507326224271978,0.3983709083645856,0.15236171406261217,0.016390851857952315,0.004534574823292029,61.84130265145354,32.152499999999996,1.029495916506754,34.211491833013504,30.09350816698649,0.1280766244001871,0.8515069794816688,1.0084407574082848,0.030013117780008473,19.75505346249916,34.02979834937823,17.138910706653053,67.81609195402304,69.4270480793359,972398343.0,939165225.15,0.35672470481844026,1.0597788843231046,3.0686109055534185,11643150.85,0.11679830395485241,1.0765066227755695,0.034226190476190646,0.045019827385117894,0.06686423411742926,4.0,3.0,-0.05449189985272462,0.0,1263.76,1263.78,-0.00037966873902517406,0.013171924479897346,0.04470529883442165,0.14771524809841682,-0.009929609611490364,0.0019338157013715218,0.023657181292764395,0.022644837083872993,1.2397387917885851,0.5057488090127349,33.95,35.7,0.05154639175257736,0.012392288189809753,0.039154103562767606,33.95,32.1,33.95,34.95,0.02945508100147265,0.01420097779813756,0.01525410320333509,33.95,33.4,-0.01620029455081018,0.008285220083563027,-0.024485514634373207,-0.0048250384,0.0025,3
2024-03-18,33.95,34.05,31.4,32.1,19186317,-0.044642857142857095,-0.05449189985272462,-0.024316109422492294,0.0,-0.03748125937031488,0.0046948356807512415,32.910000000000004,32.160000000000004,31.5175,32.615919177103756,32.15462040872472,0.46129876837903794,0.4109564803674761,0.05034228801156182,0.014370678142649156,0.0015682955766841687,49.78049548540099,32.160000000000004,1.0284889273507163,34.21697785470143,30.10302214529857,0.12792150837695465,0.4854154968506675,1.1256949890219787,0.03506837972031086,18.826274363512592,28.307684677043927,24.726723936547074,30.95238095238097,58.64746198329414,953212026.0,940380290.3,0.39191859698050535,0.7677684259749706,2.38126357749533,12059433.9,0.912910726261947,1.5909799049522548,0.08255451713395634,-0.001865671641791078,0.01848179582771481,0.0,3.0,0.0,0.0,1266.11,1243.56,-0.015999620187057917,0.006531821382609326,0.015175881858331186,0.15572944781197834,-0.02864323695579918,-0.006531821382609326,-0.010481046177579945,-0.010324364836558075,1.377402187743511,0.5542987318043036,32.4,35.0,0.08024691358024705,0.017103342050796444,0.0631435715294506,32.4,32.4,32.4,34.4,0.06172839506172845,0.028061674715612828,0.03366672034611562,32.4,31.1,-0.04012345679012341,-0.024010460955926072,-0.01611299583419734,-0.00403367,0.0025,3
2024-03-19,32.4,32.6,31.95,32.4,11612155,0.009345794392523255,-0.03571428571428581,-0.04565537555228294,0.012499999999999956,-0.027027027027026973,0.014084507042253502,32.99,32.1825,31.555,32.58270084216472,32.17279667474511,0.40990416741961155,0.41074601777790326,-0.000841850358291707,0.01265136319196332,-2.598303574974404e-05,51.8049805785898,32.1825,1.0285752793364071,34.239650558672814,30.125349441327185,0.127842806411734,0.5528643854196849,1.091716775520409,0.03369496220742003,17.96383662873935,27.103814415565985,23.67514490595529,38.095238095238045,45.621237000547374,964824181.0,942175963.2,0.39315601227573427,0.7002877230053058,2.2400240057030176,12369500.55,-0.098994393817468,0.9387731503839902,0.020061728395061797,0.0067583313912840115,0.02677864046902223,1.0,3.0,0.013867488443759513,1.0,1246.54,1242.46,-0.0008845572388946898,-0.002040160642570288,0.01008080906622455,0.15531588355140635,0.010230351631417944,0.014540160642570243,0.004003697976028953,0.003963740267207028,1.3529395783435396,0.537571498704537,32.45,36.1,0.11248073959938365,0.03088945883147476,0.08159128076790889,32.45,32.9,32.45,35.5,0.09399075500770415,0.034772751027102755,0.0592180039806014,32.45,30.6,-0.057010785824345156,-0.02260027818200816,-0.034410507642336996,-0.0023886892,0.0025,3
2024-03-20,32.45,32.9,32.05,32.9,7101865,0.015432098765432167,0.024922118380062308,-0.02083333333333337,0.0,0.004580152671755711,0.03622047244094473,32.99,32.239999999999995,31.58833333333333,32.6315160972163,32.226663587726954,0.4048525094893449,0.4095673161201916,-0.0047148066308466685,0.012305547400891943,-0.00014330719242695042,55.056891914818486,32.239999999999995,1.0352472371873576,34.31049447437471,30.16950552562528,0.1284425852589773,0.6593822171873519,1.0744512915546656,0.03265809396822692,17.429185832325047,27.56662591236632,22.33732761870774,49.39759036144573,39.48173646968827,971926046.0,944669301.75,0.39538595776534957,0.5561030568272523,1.9831212809273493,12382021.4,-0.6910221541471745,0.5735626494717575,0.02583586626139822,0.020471464019851338,0.0415237693241175,2.0,3.0,0.029850746268656803,1.0,1243.79,1260.08,0.014181543067784741,-0.008209301776452071,0.02442197001723523,0.1626368119551008,0.0012505556976474264,0.008209301776452071,0.0117985024237095,0.011517229002332874,1.33333277272161,0.5471472663101918,33.5,35.55,0.06119402985074629,0.010338908312072626,0.050855121538673664,33.5,34.5,33.5,34.35,0.025373134328358304,0.0011890138272070416,0.024184120501151263,33.5,29.5,-0.11940298507462688,-0.060592459605027016,-0.05881052546959986,-0.005732349,0.0025,3
2024-03-21,33.5,34.8,33.05,34.5,28705053,0.04863221884498481,0.06481481481481488,0.07476635514018692,0.016200294550809957,0.047040971168436974,0.08661417322834652,33.1,32.3775,31.638333333333332,32.91897515918302,32.39505887752496,0.5239162816580603,0.43243710922776535,0.09147917243029491,0.015185979178494501,0.0026515702153708668,63.535767695297096,32.3775,1.1436869050753624,34.66487381015072,30.090126189849272,0.14129403506451862,0.9639600205661489,1.133419056443618,0.03285272627372806,18.302353093222415,36.23971427301526,19.662681868484547,86.11111111111111,57.86797985593165,1000631099.0,948597892.95,0.4283183507908946,0.4367000343395424,0.8498505692440433,13527955.25,1.8305937371786811,2.121906265176328,0.050724637681159424,0.06555478341440812,0.09044934941790017,3.0,3.0,0.024390243902439046,1.0,1269.96,1276.42,0.012967430639324595,0.009618274721971742,0.04001434030522044,0.16720145018091911,0.035664788205660214,0.006582019828838215,0.04659983292312608,0.044806913825294004,1.4333965683504675,0.5698067796653316,34.85,35.55,0.020086083213773254,0.006726177471207073,0.01335990574256618,34.85,35.7,34.85,33.7,-0.03299856527977041,-0.01038577983083111,-0.0226127854489393,34.85,28.0,-0.1965566714490674,-0.08326570741908301,-0.1132909640299844,-0.00968077,0.0025,3
2024-03-22,34.85,35.9,34.2,35.7,21481059,0.034782608695652195,0.08510638297872353,0.10185185185185208,0.0625,0.0785498489425982,0.16666666666666674,33.52,32.6325,31.715,33.346825134693326,32.63986933104163,0.7069558036516952,0.48734084811255135,0.21961495553914384,0.019802683575677736,0.006151679426866774,68.35739218979049,32.6325,1.2861892919533768,35.204878583906755,30.060121416093246,0.1576574631981463,1.096238053603543,1.173889123840502,0.03288204828684879,19.70512689950173,39.18429059951054,17.628749258279232,95.55555555555566,77.02141900937086,1022112158.0,954154203.0,0.4126450911875262,0.3474450622932358,0.8648385005042855,14048342.3,0.8792307999645047,1.5290814062809388,0.0476190476190475,0.09400137899333494,0.12565032319091918,4.0,3.0,-0.019607843137254943,0.0,1281.56,1281.8,0.004214913586436886,0.014258810868980287,0.057590759075907494,0.1582741133267467,0.03056769510921531,0.04824118913101971,0.10907590759075925,0.10313621469808099,1.4451244864668331,0.5630410267604684,35.7,34.95,-0.021008403361344574,0.004089579781993313,-0.025097983143337887,35.7,35.0,35.7,33.0,-0.0756302521008404,-0.018571227499491694,-0.05705902460134871,35.7,29.15,-0.18347338935574242,-0.06931173076020825,-0.11416165859553418,-0.01175024,0.0025,3
2024-03-25,35.7,35.85,34.5,35.0,13780082,-0.019607843137254943,0.01449275362318847,0.06382978723404253,0.09034267912772576,0.09034267912772576,0.14379084967320255,34.1,32.8525,31.779999999999998,33.60115972935589,32.814693825038546,0.7864659043173461,0.5471658593535104,0.23930004496383572,0.02247045440906703,0.006837144141823878,63.11465597761536,32.8525,1.2965008575711932,35.445501715142385,30.259498284857614,0.15785719291636163,0.9140953682095961,1.186468472137609,0.033899099203931686,21.007702576761098,35.99964199427178,16.195997232440998,80.00000000000003,87.22222222222229,1008332076.0,959021508.95,0.4234495070599614,0.38048561617896937,0.573182639838595,14456658.45,-0.08232081434449204,0.9531996655838543,0.03857142857142861,0.06536793242523409,0.10132158590308382,0.0,3.0,0.03586800573888094,1.0,1278.86,1267.86,-0.010875331564986768,0.019540673550130228,0.03568948757117063,0.16301437849985623,-0.008732511572268176,0.07080200557759553,0.10810136210203192,0.10437622800975221,1.4557792754161838,0.575862325651343,34.85,34.4,-0.012912482065997266,0.010702314760045795,-0.02361479682604306,34.85,36.1,34.85,33.0,-0.05308464849354377,-0.013880673528136045,-0.03920397496540773,34.85,28.25,-0.1893830703012913,-0.07141448795299499,-0.11796858234829632,-0.0010190846,0.0025,3
2024-03-26,34.85,36.25,34.5,36.1,13770939,0.03142857142857136,0.011204481792717047,0.04637681159420293,0.1141975308641976,0.12812500000000004,0.1626409017713366,34.84,33.105000000000004,31.855,33.985596694070374,33.05804983799865,0.9275468560717215,0.6232420586971527,0.30430479737456884,0.025693818727748518,0.00842949577214872,67.35212700119207,33.105000000000004,1.413459734499428,35.931919468998856,30.278080531001148,0.17078504570299677,1.0297285672344727,1.22672072412778,0.03398118349384432,22.427055072149862,34.660451777762475,14.545662633671924,96.90721649484539,90.82092401680036,1022103015.0,964328320.65,0.4315304630531128,0.2977067160033455,0.26674399536357346,14896164.2,-0.1421674646674927,0.9244620840041492,0.048476454293628804,0.0904697175653224,0.1332600847590646,1.0,3.0,-0.02066115702479343,0.0,1267.95,1282.21,0.011318284353162067,0.03199298166540565,0.03616278505971904,0.1633624500484225,0.020110287075409294,0.08220454919879194,0.12647811671161757,0.1220639445223155,1.5053250083652745,0.5833553012689111,36.3,35.5,-0.022038567493112837,0.0005441796103673457,-0.022582747103480183,36.3,35.55,36.3,33.7,-0.07162534435261692,-0.018284434908344638,-0.05334090944427228,36.3,29.5,-0.18732782369145995,-0.06275945706422881,-0.12456836662723114,-0.00567149,0.0025,3
2024-03-27,36.3,36.3,35.35,35.55,7884254,-0.015235457063711988,0.01571428571428557,-0.004201680672269115,0.08054711246200608,0.08054711246200608,0.13942307692307687,35.37,33.3225,31.919166666666666,34.22627412575186,33.24263873888764,0.9836353868642149,0.6953207243305651,0.2883146625336498,0.027669068547516596,0.008110117089554144,63.42846326794737,33.3225,1.4393414978270183,36.20118299565404,30.443817004345963,0.1727771323072421,0.8868956747517642,1.2069549581186525,0.03395091302724761,23.771762686193107,33.00768391164151,13.727879749028567,84.6938775510204,87.20036468195529,1014218761.0,968964774.45,0.439239133424263,0.369082320974167,0.09717368210269321,15014231.7,-0.9159623949159242,0.5251187112025186,0.026722925457102555,0.06684672518568524,0.11375088113202625,2.0,3.0,-0.0028050490883591017,0.0,1286.34,1283.09,0.0006863150341986923,0.018260745349501617,0.02274919293770683,0.1571178912429966,-0.01592177209791068,0.06228636711250446,0.11667388398537004,0.11407868594864423,1.513488192174902,0.5825097185015171,35.65,34.35,-0.036465638148667545,-0.016674013750647698,-0.019791624398019847,35.65,35.55,35.65,33.0,-0.07433380084151464,-0.02665831419224618,-0.04767548664926846,35.65,29.5,-0.17251051893408131,-0.06810360161790519,-0.10440691731617613,-0.0011654387,0.0025,3
2024-03-28,35.65,35.95,35.15,35.55,9192202,0.0,-0.015235457063711988,0.01571428571428557,0.030434782608695476,0.04712812960235624,0.14677419354838706,35.580000000000005,33.55,31.986666666666668,34.42992426025157,33.41355438785893,1.0163698723926373,0.7595305539429796,0.2568393184496577,0.028589869828203582,0.007224734696192903,63.42846326794737,33.55,1.4122583631223324,36.374516726244664,30.725483273755334,0.16837655596093387,0.8540428671242278,1.1778867468244634,0.03313324182347295,24.752545273661777,31.406381094146937,14.274724476617966,84.6938775510204,88.76499053229543,1014218761.0,973997647.4,0.43724632125455243,0.3410489413684968,0.13953545523230373,15077422.65,-0.7614939436189961,0.6096666660730639,0.022503516174402372,0.05961251862891204,0.11140058357648996,3.0,3.0,-0.01687763713080148,0.0,1293.03,1290.18,0.005525723059177645,0.010780150734084337,0.029894709953461662,0.15752444694446172,-0.005525723059177645,0.01965463187461114,0.11687948359492539,0.11348682779447117,1.5033196647528437,0.579782756668887,35.55,33.7,-0.052039381153305087,-0.018913901137154854,-0.03312548001615023,35.55,34.95,35.55,33.2,-0.0661040787623065,-0.02668832675794852,-0.039415752004357985,35.55,29.0,-0.18424753867791832,-0.0643459426007581,-0.11990159607716022,-0.00043433407,0.0025,3
2024-03-29,35.55,35.75,34.75,34.95,9740138,-0.01687763713080148,-0.01687763713080148,-0.03185595567867028,-0.021008403361344574,0.0401785714285714,0.12019230769230771,35.43,33.7375,32.04416666666666,34.509935912520554,33.52736517394345,0.9825707385771025,0.8041385908698043,0.1784321477072982,0.028113611976455007,0.005105354726961321,59.074372207721176,33.7375,1.3304011069078199,36.39830221381564,31.076697786184358,0.15773558881456193,0.7278448194503822,1.165180550622716,0.033338499302509754,25.132009586756908,29.481088971739553,15.851750182427702,72.44897959183685,80.61224489795926,1004478623.0,978244994.2,0.4455579855235182,0.423889268538824,-0.015263104261468464,15265910.3,-0.7330213103995307,0.6380319161183594,0.028612303290414875,0.03593923675435362,0.09068213143317849,4.0,3.0,-0.012912482065997266,0.0,1292.7,1284.09,-0.004720271590010761,0.0017865501638321124,0.02051212766633803,0.15862764253236306,-0.012157365540790721,-0.022794953525176687,0.09968018002596968,0.09767662463151106,1.5297776808227364,0.5883268013763384,34.85,33.0,-0.05308464849354377,-0.021257515381676084,-0.03182713311186769,34.85,34.4,34.85,33.4,-0.041606886657101994,-0.004499481428916763,-0.03710740522818523,34.85,29.0,-0.16786226685796268,-0.05147500331417609,-0.11638726354378659,-0.00076630444,0.0025,3
2024-04-01,34.85,34.85,34.1,34.4,13565837,-0.015736766809728353,-0.03234880450070321,-0.03234880450070321,-0.017142857142857237,0.07165109034267902,0.03148425787106435,35.31,33.79,32.08833333333333,34.493022695209696,33.59200479068838,0.9010179045213178,0.8235144536001071,0.07750345092121069,0.026192380945387145,0.002253007294221241,55.32522389842297,33.79,1.3350142912692424,36.460028582538484,31.119971417461514,0.15803661334942204,0.614230986887049,1.142667654149665,0.03321708296946701,24.680995994895603,27.91464639983489,19.072659989267894,61.22448979591839,72.78911564625857,990912786.0,980031434.0,0.3842938904316244,0.18364456415912,-0.5002277142598169,14161587.0,-0.10243999660707669,0.9579319747144158,0.02180232558139535,0.018052678307191483,0.07204072092660896,0.0,4.0,0.03801169590643272,1.0,1282.37,1281.52,-0.002001417346136125,0.010774060227469962,0.01594247706931129,0.15889310480267113,-0.013735349463592228,-0.0279169173703272,0.015541780801753058,0.015297894469957107,1.5462820082030866,0.5926209932682396,34.2,33.0,-0.03508771929824572,-0.02039361318729549,-0.014694106110950234,34.2,35.5,34.2,31.1,-0.09064327485380119,-0.04682774722261407,-0.04381552763118712,34.2,29.5,-0.13742690058479534,-0.043364828656042964,-0.09406207192875238,-0.0020509774,0.0025,3
2024-04-02,34.2,35.5,33.95,35.5,10009928,0.03197674418604657,0.01573676680972813,-0.0014064697609000865,-0.016620498614958512,0.095679012345679,0.06606606606606613,35.190000000000005,33.9,32.15416666666667,34.64794228056205,33.7333377691559,0.9146045114061465,0.8417324651613151,0.07287204624483146,0.02576350736355342,0.002052733697037506,60.69760922314587,33.9,1.3823130881542578,36.664626176308516,31.135373823691484,0.16310478916274432,0.7893700446214412,1.171762821710403,0.033007403428462055,24.756203514540225,29.23940852487542,17.27057522581642,83.67346938775515,72.44897959183682,1000922714.0,982707344.2,0.39855607805129645,0.04344857144500064,-0.8131921576470763,14273109.4,-0.7469899436303066,0.7013137585843768,0.043661971830985837,0.0471976401179941,0.1040559803032266,1.0,4.0,-0.026912181303116012,0.0,1276.38,1287.04,0.004307384980335893,0.003766933653613691,0.013433282413896297,0.15789906366094333,0.027669359205710675,-0.020387432268572203,0.052632783652169834,0.05193512445812298,1.5619386158096427,0.5884671488466866,35.3,33.7,-0.045325779036826996,-0.017490080136932984,-0.027835698899894012,35.3,34.35,35.3,30.6,-0.1331444759206798,-0.05416634248813501,-0.07897813343254478,35.3,30.25,-0.14305949008498575,-0.034015404963821716,-0.10904408512116404,-0.0071475944,0.0025,3
2024-04-03,35.3,35.35,34.2,34.35,12415675,-0.032394366197183055,-0.0014534883720929148,-0.01716738197424894,-0.033755274261603296,0.04407294832826758,0.04885496183206106,34.95,33.980000000000004,32.195,34.60210500662943,33.77901645292213,0.8230885537073007,0.8380036828705122,-0.014915129163211471,0.02396182106862593,-0.0004342104559886891,53.45958266729297,33.980000000000004,1.3583465180712255,36.696693036142456,31.263306963857552,0.15989953126206308,0.5680974985170529,1.1809226201596599,0.03437911557961164,24.826039068495945,26.94028418928971,15.912572386687254,60.204081632653136,68.36734693877558,988507039.0,985290249.95,0.4128619449013161,0.013776873257037959,-0.9406291473936411,14366113.85,-0.34470254257145205,0.8642333709474257,0.03347889374090243,0.01088875809299572,0.06693585960552895,2.0,4.0,-0.018922852983988325,0.0,1285.3,1271.47,-0.01209752610641468,-0.009056262616028432,0.006921511328629171,0.16289546380702027,-0.020296840090768375,-0.024699011645574864,0.04193345050343189,0.04164520276074035,1.622669760381293,0.6081899804767037,34.35,33.0,-0.039301310043668214,-0.010464906004544416,-0.028836404039123797,34.35,33.7,34.35,29.5,-0.141193595342067,-0.06200319215014105,-0.07919040319192594,34.35,30.2,-0.12081513828238721,-0.01827230770440358,-0.10254283057798363,-0.0026762467,0.0025,3
2024-04-04,34.35,34.45,33.5,33.7,11679375,-0.018922852983988325,-0.05070422535211261,-0.02034883720930225,-0.052039381153305087,-0.023188405797101352,0.022761760242792084,34.580000000000005,34.0175,32.22833333333333,34.463319620994135,33.773163382335305,0.6901562386588296,0.8084341940281757,-0.11827795536934615,0.020479413610054287,-0.0035097316133337136,49.84179975942747,34.0175,1.338624097229139,36.69474819445828,31.34025180554172,0.15740417105656085,0.4407040406905122,1.1644281472911129,0.03455276401457308,24.027183188868666,25.370336986366567,19.27921919220447,46.93877551020418,63.605442176870845,976827664.0,986506867.35,0.4196334837826926,0.13888756447502135,-1.057949116119252,14167763.0,-0.43805250179212013,0.8243626746156044,0.02818991097922857,-0.009333431322113506,0.04566375342607443,3.0,4.0,-0.0030211480362538623,0.0,1271.87,1268.25,-0.002532501749943017,-0.016997628237920392,-0.00016555508254101348,0.1624432395811126,-0.01639035123404531,-0.035041752915384694,0.022927315325333097,0.022931111687421346,1.6546278686096256,0.6160562676331677,33.1,33.2,0.0030211480362538623,-0.0003019275691651391,0.0033230756054190014,33.1,33.0,33.1,28.0,-0.15407854984894265,-0.0665273562268589,-0.08755119362208375,33.1,30.05,-0.09214501510574025,-0.0064517154253205256,-0.08569329968041972,-0.0018211012,0.0025,3
2024-04-05,33.1,33.65,33.0,33.0,10027814,-0.020771513353115778,-0.039301310043668214,-0.07042253521126762,-0.05579399141630914,-0.0756302521008404,-0.0030211480362538623,34.190000000000005,34.0125,32.24583333333333,34.23819352545657,33.71589202068084,0.5223015047757329,0.7512076561776873,-0.22890615140195436,0.01582731832653736,-0.006936550042483465,46.21464623433402,34.0125,1.342412890439961,36.69732578087992,31.32767421912008,0.15787288678455982,0.31144027906567445,1.1312547081988908,0.034280445702996695,22.726258342885117,24.249000792028877,21.584153344451913,24.137931034482786,43.76026272578006,966799850.0,986236314.65,0.4267237983024156,0.2560572412140535,-1.1437148961382375,13683374.3,-0.6533617771562608,0.732846575716342,0.019696969696969654,-0.029768467475193017,0.023388034629797216,4.0,4.0,0.0,0.0,1258.58,1255.11,-0.010360733293908964,-0.022568511552928494,0.006221188920511489,0.1552580297151735,-0.010410780059206814,-0.03322547986338065,-0.009242336956765351,-0.009185194128818353,1.6594069978026846,0.6245572277295555,33.0,33.4,0.012121212121211977,0.016911348845360274,-0.004790136724148297,33.0,33.0,33.0,29.15,-0.1166666666666667,-0.051897050272031287,-0.06476961639463541,33.0,30.0,-0.09090909090909094,-0.005360969275990168,-0.08554812163310077,-0.0034682776,0.0025,3
2024-04-08,33.0,33.45,32.65,33.0,6558182,0.0,-0.020771513353115778,-0.039301310043668214,-0.04069767441860461,-0.05714285714285716,0.028037383177569986,33.910000000000004,34.0575,32.2575,34.04770221384787,33.66286298211189,0.384839231735981,0.6779339712893461,-0.29309473955336507,0.011661794901090334,-0.008881658774344397,46.214646234334026,34.0575,1.2889484698361853,36.63539693967237,31.479603060327626,0.15138497773896328,0.2948909470107838,1.1075936576132561,0.03356344417009867,21.14516513086466,22.997948857421488,22.727731406841595,22.352941176470654,31.143215907052564,966799850.0,986633777.95,0.41137502743985677,0.1856930956014629,-0.9840228593413454,13343267.4,-1.1662283990438012,0.4914974573619052,0.02424242424242437,-0.03105042942083236,0.023017902813299296,0.0,4.0,0.021212121212121238,1.0,1255.37,1250.35,-0.00379249627522682,-0.02432267931830956,0.01202761657318141,0.15172739054221804,0.00379249627522682,-0.016374995100295053,0.016009766604388576,0.015819495774827885,1.6441894520817053,0.6213287257237196,33.0,31.1,-0.0575757575757575,-0.02857713190673916,-0.02899862566901834,33.0,33.7,33.0,28.25,-0.14393939393939392,-0.05988502076014057,-0.08405437317925335,33.0,29.9,-0.09393939393939399,-0.006148195464707795,-0.0877911984746862,-0.0038784742,0.0025,3
2024-04-09,33.0,33.7,32.8,33.7,5657771,0.021212121212121238,0.021212121212121238,0.0,-0.05070422535211261,-0.06648199445983372,0.05312500000000009,33.55,34.1425,32.281666666666666,33.99420956556359,33.66561387232582,0.32859569323776583,0.60806631567903,-0.2794706224412642,0.009750614042663674,-0.008292896808346118,50.400809633265546,34.1425,1.1990429297430112,36.54058585948602,31.744414140513975,0.1404751180778223,0.40773891638416243,1.0927655392123097,0.03242627712796171,19.936764906954405,23.279138833937495,21.39069395905032,28.76712328767136,25.08599849954162,972457621.0,987852601.2,0.41662719824678845,0.04854149726576555,-1.1172838530081237,13087684.55,-1.22913193656896,0.4322973233642004,0.0267062314540061,-0.012960386614922603,0.04393618669007182,1.0,4.0,-0.023668639053254337,0.0,1252.4,1262.82,0.00997320750189945,-0.01881837394331176,0.014313253012048222,0.1533376633324862,0.011238913710221787,-0.03188585140880085,0.03881174698795187,0.03826406376205638,1.6602309282967063,0.6280093367897575,33.8,30.6,-0.09467455621301768,-0.040111174278314676,-0.054563381934703004,33.8,33.0,33.8,29.5,-0.12721893491124248,-0.048062346029941305,-0.07915658888130117,33.8,30.0,-0.11242603550295849,-0.02076621817952118,-0.09165981732343731,-0.004181586,0.0025,3
2024-04-10,33.8,33.8,33.0,33.0,4329255,-0.020771513353115778,0.0,0.0,-0.039301310043668214,-0.07172995780590707,0.003039513677811634,33.28,34.1475,32.30416666666667,33.841254247784576,33.61630914104243,0.22494510674214752,0.5314420738916535,-0.306496967149506,0.006816518386125682,-0.009287786883318364,46.50302338154483,34.1475,1.1937859942210252,36.53507198844205,31.75992801155795,0.13983875765089973,0.2596931096622616,1.0718537149828589,0.03248041560554118,18.92080878945137,22.7044794546764,20.2503094532149,9.589041095890453,20.236368520010846,968128366.0,988237162.55,0.41353116243263943,0.2664807196693137,-1.0069431938663294,12686348.15,-1.3151433538120474,0.3412530500355218,0.024242424242424156,-0.033604216999780334,0.0215400490132851,2.0,4.0,0.019969278033794335,1.0,1266.48,1258.56,-0.003373402385138058,-0.010153601736572648,-0.009405671738120902,0.1348899892769325,-0.01739811096797772,-0.029147708307095566,0.012445185415932536,0.012563352182491494,1.6840100394581459,0.6377548979289487,32.55,29.5,-0.09370199692780334,-0.04550036803533153,-0.048201628892471815,32.55,33.2,32.55,29.5,-0.09370199692780334,-0.03593144941914428,-0.057770547508659065,32.55,30.15,-0.07373271889400923,-0.005280506928665218,-0.06845221196534401,-0.0010492534,0.0025,3
2024-04-11,32.55,33.4,32.55,33.2,6424925,0.0060606060606061,-0.014836795252225476,0.0060606060606061,-0.014836795252225476,-0.0661040787623065,-0.022091310751104598,33.18000000000001,34.11,32.329166666666666,33.742599748125414,33.58547142689114,0.1571283212342749,0.4565793233601778,-0.2994510021259029,0.00473278076006852,-0.00901960849776816,47.746429826240444,34.11,1.211957963487781,36.53391592697556,31.68608407302444,0.14212347856790153,0.31228721881962124,1.056007021055512,0.03180744039323831,17.689233041271628,21.39910342485842,22.129844911565044,17.333333333333485,18.563165905631788,974553291.0,987718213.5,0.39732455056382754,0.357478611971514,-0.6782846237504112,11782837.75,-0.9155866321380344,0.5452782374093201,0.025602409638554258,-0.026678393433010705,0.026936460884134705,3.0,4.0,0.0030030030030030463,1.0,1249.88,1258.2,-0.00028604118993125205,-0.007924305144884625,-0.0047933178301931,0.1338470855294543,0.006346647250537352,-0.006912490107340852,-0.017297992920911498,-0.017381307049905925,1.680976210977852,0.6364737792050766,33.3,28.0,-0.15915915915915912,-0.06976467979983536,-0.08939447935932376,33.3,33.4,33.3,29.0,-0.1291291291291291,-0.04231329574966747,-0.08681583337946164,33.3,30.25,-0.09159159159159147,-0.006785646417938773,-0.0848059451736527,-0.0034069167,0.0025,3
2024-04-12,33.3,33.45,33.1,33.4,4528105,0.0060240963855420215,0.012121212121211977,-0.008902077151335397,0.012121212121211977,-0.04434907010014322,-0.005952380952381042,33.260000000000005,34.1,32.37083333333333,33.68989209456766,33.57173280267698,0.11815929189067731,0.3888953170662777,-0.2707360251756004,0.003537703350020279,-0.008105869017233546,49.02242127192462,34.1,1.2172012764398155,36.534402552879634,31.66559744712037,0.14278020838003708,0.35622755793367467,1.0055779481229754,0.030107124195298665,16.48536199727231,21.222255146899933,21.579667649004918,22.666666666666703,16.5296803652969,979081396.0,988052366.15,0.39637966106637595,0.2553924183070898,-0.7020912730580865,11382546.55,-1.1296706809239656,0.39781124374141036,0.010479041916167707,-0.02052785923753675,0.03179302355515512,4.0,4.0,-0.06325301204819278,0.0,1262.96,1276.6,0.014624066126212032,0.01712200524256846,0.010144170662615304,0.14381414953411048,-0.00859996974067001,-0.005000793121356484,-0.016096551614996346,-0.01593490521698271,1.5962629310265848,0.6209362877883834,33.2,29.15,-0.12198795180722899,-0.06577604747178223,-0.05621190433544676,33.2,31.1,33.2,29.0,-0.12650602409638567,-0.0452583161959782,-0.08124770790040747,33.2,30.5,-0.0813253012048194,-0.0041129652595720545,-0.07721233594524735,-0.0026447328,0.0025,3
2024-04-15,33.2,33.45,31.1,31.1,12472168,-0.06886227544910173,-0.06325301204819278,-0.0575757575757575,-0.0575757575757575,-0.09593023255813948,-0.031152647975077885,32.88000000000001,34.05,32.38166666666667,33.291447156941864,33.38864148396017,-0.09719432701830755,0.2916773882493607,-0.3888717152676682,-0.0031252195182735545,-0.01250391367420155,37.639410817925466,34.05,1.3198883525344878,36.68977670506897,31.410223294931022,0.15505296358701764,-0.058759381870315194,1.1016080946856202,0.03542148214423216,17.232641408661205,17.98852154315355,31.259528374237476,0.0,13.33333333333342,966609228.0,988722226.25,0.4395298831959362,-0.3212628236288967,0.527628234162681,11046839.1,0.2460574924288527,1.1290259491513732,0.07556270096463026,-0.08663729809104248,-0.03958000926450156,0.0,4.0,-0.012903225806451535,0.0,1274.02,1216.61,-0.046992010026633224,-0.02698444435558045,-0.021671652352922344,0.21537339421431037,-0.021870265422468504,-0.030591313220177052,-0.009480995622155541,-0.009691015950787585,1.536695090866829,0.6955741672371385,31.0,28.25,-0.08870967741935487,-0.03384100308540672,-0.05486867433394815,31.0,30.6,31.0,29.5,-0.048387096774193505,0.0019612026521367287,-0.050348299426330234,31.0,30.8,-0.006451612903225823,0.044697367557276824,-0.05114898046050265,0.0071230605,0.0025,3
2024-04-16,31.0,31.0,29.6,30.6,10990415,-0.01607717041800638,-0.0838323353293412,-0.07831325301204828,-0.09198813056379829,-0.13802816901408443,-0.05555555555555547,32.260000000000005,33.96,32.37583333333333,32.877378363566194,33.18207544811127,-0.3046970845450758,0.1724024936904734,-0.4770995782355492,-0.00995742106356457,-0.015591489484821868,35.69878135946978,33.96,1.4888709957896282,36.93774199157926,30.982258008420743,0.17536760845578667,-0.06418588472435276,1.130064659350933,0.03693021762584748,18.84169529736662,16.283007103814917,37.77689927898014,15.748031496062989,12.804899387576588,955618813.0,988261957.85,0.44069124173358515,-0.17818042383658234,0.43176421911317714,11015752.1,-0.004375148382034174,0.9976999210067554,0.04575163398692805,-0.09893992932862183,-0.054850582996576636,1.0,4.0,-0.04684975767366717,0.0,1218.64,1215.68,-0.0007644191647281362,-0.03732915221488409,-0.021554013811309836,0.21537471392532598,-0.015312751253278245,-0.0546589783489142,-0.034001541744245634,-0.03475055570179275,1.534263718869997,0.6918111504898747,30.95,29.5,-0.04684975767366717,-0.01298435491661698,-0.03386540275705019,30.95,29.5,30.95,30.25,-0.022617124394184174,0.016463769065142797,-0.03908089345932697,30.95,31.0,0.001615508885298933,0.04593645361736254,-0.044320944732063605,0.0039426,0.0025,3
2024-04-17,30.95,30.95,29.5,29.5,5384115,-0.03594771241830075,-0.05144694533762062,-0.11676646706586824,-0.10606060606060608,-0.141193595342067,-0.10334346504559266,31.560000000000002,33.79,32.35166666666667,32.35778169224832,32.90932911862155,-0.551547426373233,0.027612509677732124,-0.579159936050965,-0.018696522927906203,-0.019632540205117458,31.812733423834686,33.79,1.7816018812170928,37.353203762434184,30.226796237565814,0.2109028566104874,-0.10198634235125907,1.1529171836830092,0.03908193842993252,20.38932308306477,14.820235682719925,35.00278700421974,0.0,5.24934383202102,950234698.0,987177390.45,0.45061206552840954,0.025365841251605313,0.1652690526278396,10929864.6,-0.9456450447947138,0.49260582788921287,0.04915254237288133,-0.12696063924237933,-0.08814589665653494,2.0,4.0,-0.02777777777777779,0.0,1221.47,1193.01,-0.018647999473545673,-0.05208333333333326,-0.053226779252110945,0.21620731028155238,-0.017299712944755075,-0.05397727272727282,-0.05011668579348172,-0.05293420292759532,1.5526357941277225,0.7061218189936084,28.8,29.5,0.02430555555555558,0.020408681734653378,0.0038968738209022025,28.8,28.0,28.8,30.2,0.04861111111111116,0.057381422171788765,-0.008770311060677605,28.8,31.4,0.09027777777777768,0.08152463861390347,0.008753139163874213,0.0056239394,0.0025,3
2024-04-19,28.8,29.5,27.95,28.0,8951347,-0.05084745762711862,-0.08496732026143794,-0.09967845659163987,-0.15662650602409645,-0.169139465875371,-0.18840579710144922,30.520000000000003,33.464999999999996,32.295,31.68735373959473,32.54567510983477,-0.8583213702400379,-0.14957426630582188,-0.7087471039342159,-0.030654334651429922,-0.02531239656907914,27.428096049777608,33.464999999999996,2.1910763997341975,37.84715279946839,29.082847200531603,0.2618946839664362,-0.12355196750133463,1.1812802419913657,0.0421885800711202,22.556830986296763,13.431224210756529,41.094584491762674,0.6622516556291485,5.470094383897403,941283351.0,984210003.05,0.43136247798201094,-0.08463723993252584,-4.984081538005067e-05,9942179.3,-0.24072052366947672,0.9003405319797441,0.05535714285714288,-0.16330494546541152,-0.13299272333178513,4.0,4.0,0.022807017543859498,1.0,1180.87,1174.85,-0.015222001492024462,-0.06624542997933569,-0.07957412137070885,0.2123357564096515,-0.03562545613509416,-0.09038107604476076,-0.10883167573074037,-0.11824056478378653,1.6057472346914992,0.7172149829781828,28.5,29.0,0.01754385964912286,0.021752536387980692,-0.0042086767388578306,28.5,29.15,28.5,30.05,0.05438596491228065,0.0563369573481336,-0.0019509924358529496,28.5,31.0,0.08771929824561409,0.07023323787560098,0.0174860603700131,0.005390159,0.0025,3
2024-04-22,28.5,29.35,28.2,29.15,4450697,0.041071428571428426,-0.011864406779661052,-0.04738562091503273,-0.1272455089820359,-0.1166666666666667,-0.18347338935574242,29.670000000000005,33.1375,32.255,31.296991625810925,32.294143620217376,-0.9971519944064511,-0.3190898119259477,-0.6780621824805033,-0.0342076155885575,-0.02326113833552327,34.842685916106106,33.1375,2.324858512955519,37.78721702591104,28.487782974088965,0.28063173298595473,0.0712104653058196,1.193331653277697,0.040937621038686006,24.569516896440756,12.345898300207915,37.773888132869345,15.894039735099327,5.518763796909515,945734048.0,980391097.55,0.44050793876742494,0.0016658295185417835,0.05335930007672137,9090661.2,-1.4146082311357102,0.4895900201406692,0.03945111492281311,-0.12033195020746901,-0.096264145093784,0.0,4.0,-0.03253424657534243,0.0,1183.77,1190.22,0.013082521172915751,-0.06766410778630727,-0.07144640349508502,0.21913825057205327,0.027988907398512675,-0.059581401195728634,-0.1120269858606574,-0.12064676318343726,1.6632383793882577,0.7273842515464739,29.2,29.0,-0.006849315068493178,0.021670474398602257,-0.028519789467095435,29.2,28.25,29.2,30.0,0.027397260273972712,0.04878376562290021,-0.021386505348927498,29.2,31.6,0.08219178082191791,0.07598945034269589,0.006202330479222029,0.00032314617,0.0025,3
2024-04-23,29.2,29.3,28.1,28.25,3960109,-0.030874785591766707,0.008928571428571397,-0.0423728813559322,-0.09163987138263674,-0.14393939393939392,-0.19285714285714284,29.100000000000005,32.8,32.21333333333333,30.828223683378475,31.9945774261272,-1.1663537427487256,-0.4885425980905033,-0.6778111446582222,-0.041286858150397364,-0.02399331485515831,32.08028806197913,32.8,2.5218518675972925,37.84370373519458,27.756296264805414,0.3075429106825966,0.048942578818573224,1.1938079637578614,0.042258688982579166,26.483123494380408,11.459474447771484,35.660084068661945,4.054054054054062,6.8701151482608696,941773939.0,977063190.7,0.4456497851174095,0.0460231689238558,-0.08614310540549855,8599662.55,-1.416180355812659,0.46049585980556873,0.04247787610619466,-0.1387195121951219,-0.12303394039735094,1.0,4.0,0.03146853146853146,1.0,1190.56,1177.4,-0.010771117944581632,-0.032228898332250955,-0.07134857160885255,0.21909271622035809,-0.020103667647185075,-0.059410973050385785,-0.12150857124829029,-0.13084411172316734,1.6856537973809937,0.7403697718560031,28.6,29.5,0.03146853146853146,0.02912842296897522,0.002340108499556237,28.6,29.5,28.6,29.9,0.045454545454545414,0.049078358491997376,-0.0036238130374519617,28.6,30.85,0.07867132867132876,0.06360042816084688,0.015070900510481877,0.003476411,0.0025,3
2024-04-24,28.6,29.85,28.6,29.5,5033710,0.04424778761061954,0.012006861063464935,0.0535714285714286,-0.03594771241830075,-0.12462908011869445,-0.18282548476454297,28.880000000000003,32.47,32.19916666666667,30.623881578243324,31.809793913080743,-1.1859123348374183,-0.6280165454398864,-0.5578957893975319,-0.040200418130081975,-0.018911721674492607,39.28064370287311,32.47,2.499020860888656,37.46804172177731,27.471958278222687,0.30785597300753387,0.20288363269766166,1.2228216806323,0.041451582394315255,27.50378081858124,13.601174458041811,32.327269281498275,23.846153846153843,14.598082545102434,946807649.0,973298422.4,0.4635258954934334,0.17809430561216802,-0.03438718274264829,8162801.1,-0.9998705107250822,0.6166645417833346,0.0423728813559322,-0.09146904835232517,-0.08382722120137698,2.0,4.0,0.0016977928692700761,1.0,1186.47,1205.61,0.023959571938168667,-0.008283429849960666,-0.059740604113210916,0.2345599513795524,0.02028821567245087,-0.02766428256834008,-0.12308488065133205,-0.13090523869240012,1.6983212772711027,0.7551775940255578,29.45,30.25,0.02716468590831922,0.029289119170984312,-0.002124433262665093,29.45,29.5,29.45,30.0,0.018675721561969505,0.028128497409326547,-0.009452775847357042,29.45,31.2,0.05942275042444822,0.05092642487046639,0.008496325553981832,-0.00068264495,0.0025,3
2024-04-25,29.45,29.5,28.95,29.5,3028290,0.0,0.04424778761061954,0.012006861063464935,0.0,-0.10606060606060608,-0.1701828410689169,28.880000000000003,32.167500000000004,32.1825,30.450976720052044,31.638698067667356,-1.1877213476153123,-0.7399575058749717,-0.4477638417403407,-0.04026174059712923,-0.015178435313231887,39.2806437028731,32.167500000000004,2.472601176685443,37.11270235337089,27.222297646629116,0.30746575601901843,0.23029415083674915,1.1747629891585645,0.0398224742087649,28.4515340481963,13.146332197398662,31.246200268982026,26.495726495726515,18.131978131978162,946807649.0,969927866.8,0.46423929751370313,0.09292797942636596,-0.07267600697251536,7920002.9,-1.467247411439999,0.38235970847939965,0.018644067796610195,-0.08292531281573023,-0.08335275382583696,3.0,4.0,-0.0017211703958691649,0.0,1206.25,1204.97,-0.0005308516020934295,0.010025062656641603,-0.06088427156317944,0.2343479918688053,0.0005308516020934295,-0.010025062656641603,-0.10929856950573746,-0.11638455857582897,1.7053136876175836,0.7576520466881624,29.05,30.2,0.03958691910499135,0.04067242859405096,-0.0010855094890596106,29.05,29.0,29.05,30.15,0.03786574870912207,0.036213463574006344,0.0016522851351157275,29.05,32.1,0.10499139414802072,0.06825967011993384,0.03673172402808689,0.00022728647,0.0025,3
2024-04-26,29.05,29.45,28.9,29.0,4113716,-0.016949152542372836,-0.016949152542372836,0.026548672566371723,0.03571428571428581,-0.12650602409638567,-0.18424753867791832,29.080000000000002,31.839999999999996,32.160833333333336,30.22774953235173,31.443238951543847,-1.2154894191921173,-0.8350638885384009,-0.3804255306537164,-0.041913428248004043,-0.013118121746679878,37.43937948803819,31.839999999999996,2.434489031009223,36.708978062018446,26.97102193798155,0.305840330528797,0.20835769191957823,1.1337084899329528,0.03909339620458458,29.362562808596305,12.649366494103372,30.380034036438534,17.948717948717967,22.763532763532798,942693933.0,966351625.4,0.4638402568337695,0.18700215499655784,-0.04105407707375069,7666078.6,-1.0374522143954514,0.5366128127097471,0.018965517241379334,-0.08919597989949735,-0.09828207187831994,4.0,4.0,0.01221640488656206,1.0,1199.83,1209.52,0.0037760276189449105,0.029510150231944587,-0.06251840828411548,0.23358170234272915,-0.020725180161317747,0.006204135482341222,-0.12172913039380284,-0.12984695536367863,1.6952378016609624,0.7509522460285045,28.65,30.05,0.048865619546247796,0.03162202074034948,0.01724359880589832,28.65,29.0,28.65,30.25,0.05584642233856907,0.03486424723420756,0.02098217510436151,28.65,31.85,0.11169284467713791,0.04992038807718635,0.061772456599951564,0.0025036396,0.0025,3
2024-05-02,28.65,29.2,28.3,29.0,4819674,0.0,-0.016949152542372836,-0.016949152542372836,-0.005145797598627766,-0.1317365269461077,-0.1702432045779686,29.05,31.5425,32.14083333333333,30.038864988913,31.262258288466526,-1.2233932995535248,-0.9127297707414257,-0.31066352881209913,-0.04218597584667327,-0.01071253547627928,37.43937948803819,31.5425,2.397711353945914,36.33792270789183,26.747077292108173,0.30406104195240247,0.23490345326431722,1.1170150263663132,0.038517759529872866,30.57150157648432,11.92137847143505,32.46837845669751,17.948717948717967,20.797720797720842,942693933.0,963262390.9,0.46425571827638773,0.09329326428439842,-0.073095512821811,7420055.4,-0.7550540032932269,0.6495469023047995,0.03103448275862064,-0.08060553221843547,-0.09772096761647953,3.0,5.0,0.008547008547008517,1.0,1212.13,1216.36,0.0056551359216878705,0.021962326292618073,-0.05274552406762767,0.2355333278221751,-0.0056551359216878705,-0.02710812389124584,-0.11749768051034093,-0.12404024841866201,1.694736441818021,0.7513190615179142,29.25,30.0,0.02564102564102555,0.021348994715919334,0.004292030925106216,29.25,29.5,29.25,30.5,0.042735042735042805,0.03782289332046407,0.004912149414578737,29.25,31.5,0.07692307692307687,0.03581068922080255,0.04111238770227432,0.001961817,0.0025,3
2024-05-03,29.25,29.9,29.05,29.5,5086953,0.01724137931034475,0.01724137931034475,0.0,0.04424778761061954,-0.05144694533762062,-0.1424418604651162,29.3,31.297500000000003,32.12583333333333,29.955962682926387,31.131720637469005,-1.1757579545426182,-0.9653354075016642,-0.21042254704095398,-0.03985620184890231,-0.007132967696303525,40.66503210743034,31.297500000000003,2.340010964886401,35.977521929772806,26.6174780702272,0.29906682193611644,0.307960301578409,1.1015139530544336,0.03733945603574351,30.670513020236356,15.76483924463167,30.57348380284418,26.495726495726515,20.797720797720842,947780886.0,961105795.9,0.4724793690442755,-0.05612227654819736,-0.275468294019067,6996111.2,-0.6046277165983074,0.7271115130359849,0.028813559322033826,-0.057432702292515514,-0.08173588233768248,4.0,5.0,0.01001669449081799,1.0,1222.54,1221.03,0.0038393238843763555,0.037056225581790336,-0.04720176040951374,0.23663999402161315,0.013402055425968395,0.0071915620288292015,-0.09524010005560246,-0.09995830816872286,1.7005733398354361,0.7518374038625955,29.95,29.9,-0.0016694490818029983,0.01451637881146639,-0.01618582789326939,29.95,30.25,29.95,30.8,0.028380634390651194,0.03767248897619169,-0.009291854585540493,29.95,31.4,0.048414023372287174,0.028388853116416257,0.020025170255870917,0.002138093,0.0025,3
2024-05-06,29.95,30.3,29.6,30.25,4160411,0.025423728813559254,0.0431034482758621,0.0431034482758621,0.025423728813559254,-0.011437908496732097,-0.147887323943662,29.45,31.035000000000004,32.11416666666667,30.001199193245405,31.066407997656487,-1.065208804411082,-0.9853100868835478,-0.07989871752753408,-0.035213514195407664,-0.0026412799182655893,45.227065879801515,31.035000000000004,2.1286949300598104,35.29238986011963,26.777610139880384,0.2743605516429593,0.4078073625164846,1.079977242121974,0.03570172701229666,30.226567236208837,17.576261582071847,28.95580506928799,41.8181818181818,28.754208754208786,951941297.0,958656725.05,0.46579260662632244,-0.08026127095036831,-0.20890520829473183,6703635.35,-0.8113521361722695,0.6206201236766258,0.023140495867768573,-0.02529402287739657,-0.05804810960894735,0.0,5.0,-0.0033003300330033403,0.0,1226.89,1241.58,0.016830053315643356,0.029835518948913897,-0.03532135753356547,0.2452993723709591,0.008593675497915898,-0.004411790135354643,-0.11256596641009653,-0.11668752831750728,1.6924485092638735,0.7574839893247471,30.3,30.0,-0.00990099009900991,-0.00427137695704527,-0.00562961314196464,30.3,30.2,30.3,31.0,0.02310231023102305,0.025756724207145698,-0.0026544139761226493,30.3,32.3,0.06600660066006592,0.027699718988358102,0.038306881671707815,-0.002302039,0.0025,3
2024-05-07,30.3,30.6,30.1,30.2,3888076,-0.0016528925619835322,0.023728813559322104,0.04137931034482767,0.023728813559322104,0.023728813559322104,-0.12081513828238721,29.590000000000003,30.827500000000004,32.11333333333334,30.031783932746112,31.00222962745971,-0.9704456947135967,-0.9823372084495576,0.011891513735960979,-0.03213396340111247,0.00039375873297884035,44.97878178612464,30.827500000000004,1.9860351271604004,34.799570254320805,26.855429745679203,0.25769655368231614,0.4210109640788185,1.0385502962561188,0.03438908265748738,29.42403294164093,19.035154348640717,27.960055610586096,40.909090909090885,36.407666407666426,948053221.0,956634034.15,0.45674534271551076,-0.2252536966722786,0.05886560526702697,6277255.4,-0.8276010219287482,0.6193910797384474,0.016556291390728478,-0.020355202335577194,-0.059580651858002986,1.0,5.0,0.0016666666666667052,1.0,1245.5,1248.63,0.005678248683129716,0.036233267218271026,-0.017963459617607924,0.24339619953411398,-0.0073311412451132485,-0.012504453658948922,-0.10285167866477929,-0.10473304651650761,1.6886598732365272,0.7521102999070831,30.0,30.15,0.004999999999999893,-0.000265356502440417,0.00526535650244031,30.0,30.05,30.0,31.4,0.046666666666666634,0.026961828869179305,0.01970483779748733,30.0,31.9,0.06333333333333324,0.03209205458302855,0.03124127875030469,-0.0025096058,0.0025,3
2024-05-08,30.0,30.2,29.6,30.05,4424614,-0.004966887417218513,-0.006611570247933907,0.01864406779661021,0.036206896551724155,0.07321428571428568,-0.10830860534124631,29.8,30.645,32.09166666666667,30.034586404631327,30.93169409949973,-0.8971076948684029,-0.9652913057333268,0.06818361086492386,-0.029853833439880295,0.0022690053532420586,44.194939009222985,30.645,1.8726494037787669,34.390298807557535,26.899701192442464,0.24443131392119663,0.4205670854886979,1.0072252750949673,0.033518311983193584,29.10149887119677,18.22521406080338,30.316172491795495,38.18181818181818,40.30303030303031,943628607.0,954974081.3,0.45419564699504716,-0.3050144148781213,0.169212067968342,5914517.35,-0.5696688516982131,0.748093840658021,0.019966722129783624,-0.019415891662587614,-0.0636198390028564,2.0,5.0,-0.0016638935108153063,0.0,1243.61,1250.46,0.001465606304509759,0.03384813810437204,-0.014027202838557074,0.2434309183280163,-0.006432493721728272,0.002358758447352116,-0.09428140250268924,-0.09562272181759968,1.666846363513798,0.7534346708954514,30.05,30.25,0.006655574043261225,0.0012611649013019033,0.005394409141959322,30.05,30.0,30.05,31.0,0.03161397670549082,0.011254699435668813,0.020359277269822007,30.05,31.6,0.0515806988352745,0.025175405688013353,0.026405293147261144,-0.0009550986,0.0025,3
2024-05-09,30.05,30.4,29.9,30.0,3927573,-0.0016638935108153063,-0.0066225165562913135,-0.008264462809917328,0.034482758620689724,0.029159519725557415,-0.09090909090909094,30.0,30.494999999999997,32.075833333333335,30.02926541930343,30.862679721759008,-0.8334143024555765,-0.9389159050777768,0.10550160262220032,-0.027780476748519214,0.0035167200874066775,43.92018196772347,30.494999999999997,1.7925210121353377,34.080042024270675,26.909957975729323,0.2351232677009789,0.43096315236350685,0.9709948983024697,0.03236649661008232,28.529822520503338,19.026115206380386,29.201109531085393,67.21311475409837,48.76800794833584,939701034.0,953619140.5,0.4506254610037475,-0.41499980470149345,0.3415055548091608,5609505.3,-0.6832601802639063,0.700163880761464,0.016666666666666666,-0.016232169208066805,-0.06471642721675208,3.0,5.0,-0.0033333333333334103,0.0,1252.81,1248.64,-0.0014554643891047103,0.026538195928837105,-0.0051549266598145405,0.2407289668967387,-0.00020842912171059602,0.007944562691852619,-0.0857541642492764,-0.08619851125297062,1.6638351659359552,0.7538611428402926,30.0,30.5,0.016666666666666607,0.01358066113853873,0.0030860055281278775,30.0,29.9,30.0,31.6,0.053333333333333455,0.023366725782485664,0.02996660755084779,30.0,31.6,0.053333333333333455,0.02538784770486835,0.027945485628465105,-0.0018808524,0.0025,3
2024-05-10,30.0,30.2,29.55,29.9,3767432,-0.0033333333333334103,-0.00499168053244603,-0.009933774834437137,0.013559322033898313,0.05840707964601766,-0.09393939393939399,30.080000000000002,30.339999999999996,32.056666666666665,30.00937843171829,30.791370112739823,-0.7819916810215339,-0.9075310602665283,0.12553937924499436,-0.026153567927141606,0.004198641446320882,43.33984751973445,30.339999999999996,1.6959394229497582,33.731878845899516,26.94812115410048,0.223591222537872,0.4351391927615692,0.9480666912808646,0.031707916096349986,28.305386540795087,18.09437131431914,30.408022727030033,64.99999999999999,56.798310978638874,935933602.0,952075828.1,0.4503523111021678,-0.3963827457437473,0.3390980281243884,5469967.8,-0.6853962331015137,0.6887484785559432,0.021739130434782563,-0.014502307185233931,-0.06727669751481746,4.0,5.0,0.0033444816053511683,1.0,1251.78,1244.7,-0.0031554331112250145,0.01938527308911331,-0.004518734754268672,0.24061162557740276,-0.00017790022210839584,-0.005825951055214995,-0.08942065918512532,-0.08982656159084235,1.6815839387397498,0.7571689969566534,29.9,30.8,0.030100334448160515,0.019964909188504798,0.010135425259655717,29.9,30.0,29.9,30.85,0.03177257525083621,0.011007939496390673,0.020764635754445537,29.9,31.6,0.056856187290970084,0.03155769554314647,0.025298491747823615,-0.0018808524,0.0025,3
2024-05-13,29.9,30.25,29.65,30.0,4149657,0.0033444816053511683,0.0,-0.0016638935108153063,-0.008264462809917328,0.016949152542372836,-0.10979228486646897,30.03,30.154999999999994,32.0375,30.007935596069323,30.732750104388725,-0.7248145083194011,-0.8709877498771029,0.14617324155770184,-0.024160483610646703,0.004872441385256728,44.134798361898646,30.154999999999994,1.5006928224549623,33.15638564490992,27.15361435509007,0.19906387961597904,0.4741785931003469,0.923204784760803,0.030773492825360103,28.022691056731617,17.6412430310927,28.996417202960714,77.3584905660377,69.85720177337872,940083259.0,950457110.0,0.44117731112558406,-0.35959802924298134,0.5535615652232556,5394562.1,-0.49779295368663984,0.7692296284808734,0.02000000000000005,-0.0051401094345877585,-0.06359734685914953,0.0,5.0,0.006677796327211993,1.0,1248.19,1240.18,-0.0036313971238048914,-0.0011275954831745372,-0.01792812910786956,0.23787628243939707,0.00697587872915606,-0.007136867326742791,-0.09186415575859941,-0.09354117400302742,1.674673215538758,0.7549775889736837,29.95,31.0,0.03505843071786319,0.025155870104234257,0.00990256061362893,29.95,30.15,29.95,31.2,0.04173622704507518,0.01721191112394993,0.02452431592112525,29.95,31.7,0.058430717863105164,0.035659549200388385,0.02277116866271678,-0.0017308648,0.0025,3
2024-05-14,29.95,30.8,29.95,30.15,6265202,0.004999999999999893,0.008361204013378032,0.004999999999999893,-0.0016556291390729116,0.02203389830508473,-0.08636363636363642,30.020000000000003,30.0125,32.02,30.029791658212506,30.68958342998956,-0.659791771777055,-0.8287485542570934,0.16895678248003843,-0.021883640854960366,0.005603873382422502,45.372873028925405,30.0125,1.3433927003552906,32.69928540071058,27.32571459928942,0.1790444248703427,0.5255881991847273,0.9179758715636029,0.030446960914215688,26.96551554221881,20.754065543474532,27.07861433549263,75.92592592592584,72.76147216398788,946348461.0,949368114.75,0.43876632322075676,-0.507932641222491,0.7379654871283307,5491359.45,0.3101692002494166,1.1409200321060753,0.028192371475953614,0.004581424406497225,-0.05840099937539056,1.0,5.0,-0.004934210526315708,0.0,1246.23,1243.28,0.002499637149445899,-0.004284696026845558,-0.012140859394863979,0.23794578247203058,0.0025003628505539943,0.0026290668877726464,-0.07422277696877244,-0.07513498019900444,1.686797276492782,0.7572930136680065,30.4,31.4,0.03289473684210531,0.02284940854229922,0.010045328299806089,30.4,30.25,30.4,32.1,0.05592105263157898,0.026525496351943456,0.029395556279635526,30.4,31.4,0.03289473684210531,0.028671883134045117,0.0042228537080601924,-0.0015065613,0.0025,3
2024-05-15,30.4,30.5,30.1,30.25,4396085,0.0033167495854062867,0.008333333333333304,0.0117056856187292,0.006655574043261225,0.0431034482758621,-0.0888554216867471,30.060000000000002,29.865000000000002,32.00666666666667,30.06366986464135,30.65702169443478,-0.593351829793427,-0.7816692093643601,0.18831737957093309,-0.01961493652209676,0.006225367919700267,46.22843518479631,29.865000000000002,1.1180457574665592,32.10109151493312,27.628908485066884,0.1497466274858943,0.5860877109520974,0.8809775950233455,0.029123226281763486,25.983852564456917,20.080979979673767,26.20041414099247,79.6296296296296,77.6380153738644,950744546.0,948177677.5,0.4380279005900943,-0.49573192041666114,0.7535344400727305,5389917.45,-0.39813911951518244,0.8156126769622417,0.013223140495867721,0.012891344383056946,-0.05488439908352427,2.0,5.0,-0.0032679738562092497,0.0,1248.61,1254.39,0.008936040151856561,0.0031428434336164823,-0.003028135431568879,0.24029709621769837,-0.005619290566450275,0.003512730609644743,-0.08582728625517821,-0.08608797229431453,1.678515010744369,0.7567595290317357,30.6,31.0,0.013071895424836555,0.0018979683830100402,0.011173927041826515,30.6,30.5,30.6,31.85,0.040849673202614456,0.006429367897446525,0.03442030530516793,30.6,31.6,0.03267973856209161,0.02821646329408245,0.004463275268009159,-0.0009215329,0.0025,3
2024-05-16,30.6,30.75,30.35,30.5,5995734,0.008264462809917328,0.011608623548922115,0.016666666666666607,0.016666666666666607,0.051724137931034475,-0.08682634730538918,30.160000000000004,29.720000000000006,31.990833333333335,30.13079757777345,30.64539045780998,-0.5145928800365311,-0.7282539434987944,0.2136610634622632,-0.016871897706115774,0.007005280769254532,48.40405722852705,29.720000000000006,0.7690390449327766,31.25807808986556,28.181921910134452,0.10350458209054868,0.7535631984940945,0.8537649096645351,0.02799229212014869,24.708046530943694,21.33253812782631,25.104410936982028,87.99999999999997,81.18518518518516,956740280.0,947060621.7,0.4387980894116212,-0.5041999209264548,0.7351029616207996,5463298.9,0.213735580784894,1.09745670331162,0.013114754098360609,0.026244952893674123,-0.04660189116674052,3.0,5.0,0.011494252873563315,1.0,1264.51,1268.78,0.011471711349739566,0.016129548949256778,-0.0061256462478458396,0.23799493314571563,-0.0032072485398222383,0.0005371177174098296,-0.08070070105754334,-0.08119809184418092,1.662141519536848,0.754754149394256,30.45,31.6,0.03776683087027921,0.008415069981264844,0.029351760889014367,30.45,30.8,30.45,31.5,0.034482758620689724,-0.00316450713982086,0.037647265760510584,30.45,31.35,0.029556650246305383,0.024536738196073493,0.0050199120502318895,-0.00080911396,0.0025,3
2024-05-17,30.45,30.95,30.4,30.8,5515612,0.009836065573770592,0.0181818181818183,0.021558872305140975,0.030100334448160515,0.04406779661016946,-0.009646302250803873,30.340000000000003,29.705000000000002,31.971666666666668,30.233751796577533,30.656843016490722,-0.4230912199131893,-0.6672213987816734,0.2441301788684841,-0.013736727919259393,0.007926304508717015,50.96782039616191,29.705000000000002,0.7431972182824019,31.191394436564806,28.218605563435197,0.10007705346337684,0.8683409911472239,0.8320674161170684,0.027015175847956763,23.23487398737946,22.042225130651396,23.919116697263018,94.33962264150948,87.32308409037971,962255892.0,946842954.9,0.36812609708766336,-0.14234854743667252,0.6029716728773106,5115471.1,0.21410318954640845,1.0782217106064778,0.01785714285714288,0.03686248106379386,-0.03664703122556434,4.0,5.0,-0.0016103059581320522,0.0,1270.34,1273.11,0.003412727186746345,0.022824777054711864,0.04644051914746705,0.1615200352140187,0.006423338387024247,0.007275557393448651,-0.056086821398270925,-0.053597715657995315,1.6698149145108454,0.7531448772599343,31.05,30.85,-0.006441223832528209,-0.01527116660163863,0.008829942769110422,31.05,31.0,31.05,31.4,0.011272141706924144,-0.015435037065938295,0.02670717877286244,31.05,30.3,-0.024154589371980673,-0.0012407335154115406,-0.022913855856569132,-0.009563383,0.0025,3
2024-05-20,31.05,31.45,31.0,31.0,5799524,0.006493506493506551,0.016393442622950838,0.024793388429751984,0.03333333333333344,0.024793388429751984,0.013071895424836555,30.540000000000003,29.725,31.95583333333333,30.351636135565606,30.682262052306225,-0.3306259167406189,-0.5999023023734625,0.2692763856328436,-0.010665352152923191,0.00868633502041431,52.65675861994976,29.725,0.7733216121310786,31.27164322426216,28.178356775737843,0.10406346336498964,0.9121829714827251,0.8190626006801348,0.02642137421548822,21.962930282822533,25.15314674444456,22.563261336311314,85.71428571428574,89.35130278526508,968055416.0,947464785.05,0.3639323556057391,-0.29075735087052323,0.8320177759492818,4855926.55,0.7390849960148643,1.1943187237871216,0.014516129032258041,0.042893187552565104,-0.029911075181891622,0.0,5.0,0.0064102564102563875,1.0,1281.5,1277.58,0.0035110870231165325,0.030156912706220007,0.05091800473808883,0.16114923614280163,0.0029824194703900186,0.00317642062711343,-0.037846109313252274,-0.03601242831754925,1.6731710641257451,0.7539821650231253,31.2,31.2,0.0,-0.007958680596313994,0.007958680596313994,31.2,31.4,31.2,32.3,0.03525641025641013,0.0016825135970577332,0.0335738966593524,31.2,30.2,-0.03205128205128205,-0.0024102985483428485,-0.0296409835029392,-0.009447256,0.0025,3
2024-05-21,31.2,31.85,30.8,31.4,13520050,0.012903225806451646,0.01948051948051943,0.02950819672131133,0.041459369817578695,0.039735099337748325,0.06440677966101682,30.790000000000003,29.82,31.95,30.512922883940128,30.735427826209467,-0.2225049422693388,-0.5244228303526378,0.301917888083299,-0.007086144658259198,0.00961521936571016,55.92657977219704,29.82,0.8564615086441335,31.53292301728827,28.10707698271173,0.11488417285635603,0.9611999442045268,0.8355581292029824,0.026610131503279698,21.274849722752702,26.314833546816303,20.53797483489514,87.32394366197175,89.12595067258901,981575466.0,949031823.45,0.3387724635957173,-0.43229886341652013,1.7840408257632014,5262723.3,3.5560196507490716,2.5690216318232046,0.0334394904458599,0.052984574111334615,-0.017214397496087663,1.0,5.0,-0.02208201892744477,0.0,1277.85,1277.14,-0.0003444011333927355,0.027234412199987235,0.07051910713237963,0.1410863135993848,0.013247626939844381,0.01422495761759146,-0.006112327471362811,-0.00570968554474105,1.6706353545767976,0.7515413797449605,31.7,32.1,0.012618296529968598,0.0011482042710073692,0.011470092258961229,31.7,31.0,31.7,31.9,0.006309148264984188,0.002546357771077812,0.003762790493906376,31.7,30.4,-0.041009463722397554,-0.0005936294190242997,-0.040415834303373255,-0.008488925,0.0025,3
2024-05-22,31.7,31.7,30.9,31.0,6260086,-0.01273885350318471,0.0,0.006493506493506551,0.024793388429751984,0.03161397670549082,0.1071428571428572,30.940000000000005,29.97,31.9375,30.587857824872415,30.755025765008767,-0.16716794013635194,-0.45297185230938064,0.2858039121730287,-0.005392514197946837,0.009219481037839636,52.05479311990385,29.97,0.7802496226744893,31.530499245348977,28.40950075465102,0.10413742044370895,0.8300225883062377,0.833018262831341,0.026871556865527127,20.63591777411643,24.50970532670639,19.129123895655137,69.64285714285711,80.89369550637156,975315380.0,950733424.9,0.279795488830008,0.5260010140514884,1.1190013445393345,5128160.25,0.5216080971386997,1.220727452891122,0.02580645161290325,0.034367701034367704,-0.02935420743639927,2.0,5.0,0.021001615508885463,1.0,1280.26,1266.91,-0.008010085033747338,0.009980946914436517,0.07835893943907757,0.13034021117441508,-0.004728768469437372,0.014812441515315466,0.028783917703779638,0.02669233466803922,1.670491711779372,0.7531803050668184,30.95,31.85,0.029079159935379684,0.0055625790139066655,0.023516580921473018,30.95,31.6,30.95,31.6,0.021001615508885463,0.01481510745891268,0.006186508049972783,30.95,29.9,-0.03392568659127626,0.011212073324905258,-0.04513775991618152,-0.005698155,0.0025,3
2024-05-23,30.95,31.6,30.8,31.6,6414756,0.019354838709677358,0.006369426751592355,0.019354838709677358,0.0360655737704918,0.053333333333333455,0.08404802744425388,31.160000000000004,30.0925,31.954166666666666,30.743572005661274,30.81761644908219,-0.07404444342091665,-0.37718637053168785,0.3031419271107712,-0.0023431785892695143,0.00959309895920162,56.87732186566368,30.0925,0.835129205256962,31.762758410513925,28.422241589486077,0.11100828515503355,0.951277476140999,0.8306598154862452,0.02628670302171662,19.87635840628724,22.823630517275934,18.673092349780976,89.13043478260869,82.03241186247921,981730136.0,952533229.3,0.2521733680475175,0.3169852709501434,1.7656809771515305,5226363.2,0.5445836012089078,1.2273842736379286,0.025316455696202552,0.050095538755503766,-0.011083583257269436,3.0,5.0,-0.014376996805111841,0.0,1265.6,1281.03,0.011145227364216748,0.009654944119547926,0.07629681907546493,0.12868333381052782,0.00820961134546061,0.026410629650943873,0.007751208368788953,0.007201738620250975,1.6469699265119748,0.7491997891186452,31.3,31.5,0.006389776357827559,-0.008114797756681447,0.014504574114509006,31.3,30.85,31.3,31.6,0.009584664536741228,0.005388977660807592,0.004195686875933635,31.3,29.8,-0.04792332268370603,0.004402042798508532,-0.05232536548221456,-0.008988001,0.0025,3
2024-05-24,31.3,32.15,30.45,30.85,10984039,-0.02373417721518989,-0.004838709677419284,-0.01751592356687892,0.0016233766233766378,0.03177257525083621,0.09203539823008855,31.170000000000005,30.222500000000004,31.958333333333332,30.75994554325185,30.820015230631657,-0.060069687379808556,-0.313763033901312,0.25369334652150344,-0.0019471535617441994,0.008223447213014698,50.09444553921794,30.222500000000004,0.7288193408371892,31.680138681674382,28.764861318325625,0.0964604967606504,0.7152453855296956,0.8927555429515134,0.02893859134364711,19.87381477424052,24.11976425643984,16.133262778192602,50.000000000000064,69.59109730848864,970746097.0,953981837.2,0.2399944587944778,0.6495126423548571,1.6004326665521755,5577559.7,2.155262976560979,1.9693270158990857,0.055105348460291706,0.020762676813632197,-0.034680573663624426,4.0,5.0,0.006451612903225712,1.0,1276.68,1261.93,-0.01490987720818393,-0.008781644948197553,0.07179378291149985,0.13551938108234926,-0.008824300007005959,0.010405021571574191,0.0202416153185887,0.01888573682859307,1.6634032033591641,0.758558165769176,31.0,31.4,0.012903225806451646,-0.0013771706266917372,0.014280396433143383,31.0,31.2,31.0,31.6,0.019354838709677358,0.019090434204485973,0.0002644045051913846,31.0,29.35,-0.0532258064516129,0.01468982001804564,-0.06791562646965854,-0.0065850196,0.0025,3
2024-05-27,31.0,31.25,30.8,31.2,3776969,0.011345218800648205,-0.012658227848101333,0.006451612903225712,0.006451612903225712,0.040000000000000036,0.057627118644067776,31.21,30.307499999999997,31.960833333333333,30.82764622890541,30.848162250584867,-0.02051602167945532,-0.25511363145694066,0.23459760977748534,-0.0006575647974184398,0.0075191541595347865,52.916313467249935,30.307499999999997,0.7391807342552448,31.785861468510486,28.82913853148951,0.09755746719528095,0.8018544581316885,0.8611301470264052,0.027600325225205297,19.871452830197136,23.219461161151315,15.531066742531433,63.46153846153846,67.53065774804908,974523066.0,955367608.05,0.19121583546735108,-0.34511672898638224,0.2866913131430639,5514722.65,-0.6845852805080359,0.6848882962409722,0.014423076923076901,0.029448156396931546,-0.023805178212916833,0.0,5.0,0.020667726550079646,1.0,1263.46,1267.68,0.004556512643332011,-0.00774902550133838,0.05148431084679128,0.11217147654731058,0.006788706157316193,0.014200638404564092,0.006142807797276495,0.005842034668429363,1.6697016231909374,0.7577387402976411,31.45,32.3,0.027027027027026973,0.006107386243053625,0.020919640783973348,31.45,32.1,31.45,31.7,0.007949125596184325,0.014494234533064088,-0.006545108936879762,31.45,29.75,-0.05405405405405406,-0.014234847472548329,-0.03981920658150573,-0.007596721,0.0025,3
2024-05-28,31.45,32.15,31.25,32.1,9226561,0.028846153846153966,0.04051863857374394,0.015822784810126667,0.022292993630573354,0.06467661691542292,0.08813559322033893,31.350000000000005,30.4375,31.975833333333334,31.023392962919964,30.940890972763764,0.08250199015619941,-0.18759050713431266,0.2700924972905121,0.0025701554565794207,0.008414096488800999,59.29072775216554,30.4375,0.814486438127787,32.066472876255574,28.808527123744426,0.10703723211535598,1.0102908784526525,0.8674779936673762,0.02702423656284661,20.853049711543722,28.81379919729763,14.31617273672928,98.07692307692318,70.5128205128206,983749627.0,957214706.95,0.21177501898518625,-0.18380872594141753,0.04302510660295485,5824636.2,1.3101636790477886,1.584057902191385,0.028037383177570048,0.054620123203285464,0.003883140913711003,1.0,5.0,-0.010869565217391353,0.0,1272.23,1281.73,0.011083238672220164,0.0035939677717398144,0.06370283077587002,0.11548540782852182,0.017762915173933802,0.01869902585883354,0.024432762444468903,0.022969537861103007,1.717427403938356,0.7677515746193282,32.2,31.9,-0.009316770186335588,-0.000949608481093489,-0.008367161705242099,32.2,31.85,32.2,31.4,-0.024844720496894568,-0.0002568613104596551,-0.024587859186434913,32.2,29.8,-0.07453416149068326,-0.02193439917804385,-0.05259976231263941,-0.0136369215,0.0025,3
2024-05-29,32.2,32.2,31.5,31.85,6169283,-0.007788161993769416,0.02083333333333348,0.03241491085899506,0.02741935483870983,0.05289256198347103,0.09827586206896566,31.520000000000003,30.580000000000002,31.99,31.15056327631689,31.00823238218867,0.14233089412822153,-0.12160622688180583,0.26393712101002736,0.004468787884716531,0.008286879780534611,56.98293490777409,30.580000000000002,0.7989137362031348,32.17782747240627,28.982172527593733,0.10450146974534134,0.897414621394457,0.8555152798339924,0.026860762318178726,21.81278249582859,27.547255947558995,13.479473903044667,86.79245283018864,82.77697145621678,977580344.0,958959027.5,0.2018375112129977,-0.1093051532395917,0.3051513329170229,5927414.55,0.0942671118818272,1.0408050504920396,0.021978021978022066,0.0415304120340092,-0.004376367614879584,2.0,5.0,0.004784688995215225,1.0,1284.74,1272.64,-0.0070919772494986155,0.00452281535389254,0.05218599113697997,0.12097652952431832,-0.0006961847442708002,0.02289653948481729,0.04608987093198569,0.04380391995352606,1.7121712493241454,0.7678810284671967,31.35,31.6,0.00797448165869219,0.015738067934675026,-0.007763586275982837,31.35,31.5,31.35,31.6,0.00797448165869219,0.028265253667602463,-0.020290772008910274,31.35,29.5,-0.05901116427432218,-0.0025386531693621928,-0.05647251110495999,-0.0091801,0.0025,3
2024-05-30,31.35,31.65,30.7,31.5,7600793,-0.010989010989011061,-0.01869158878504673,0.009615384615384581,-0.0031645569620253333,0.032786885245901676,0.0862068965517242,31.5,30.705000000000002,31.995,31.20432277226814,31.044659613137657,0.15966315913048135,-0.0653523496793484,0.22501550880982973,0.005068671718427979,0.007143349486026341,53.82428818262684,30.705000000000002,0.7314189525913367,32.16783790518267,29.242162094817328,0.09528336786729667,0.7717320891068666,0.8765499027029932,0.02782698103819026,21.273073163227853,24.96575967107742,18.73535631304829,72.54901960784308,85.80613183831832,969979551.0,960323308.4,0.2089299329380295,-0.05698990000190031,-0.06957892454906318,6066470.5,0.5951791808609342,1.2529184803585545,0.030158730158730135,0.025891548607718473,-0.015471167369901617,3.0,5.0,-0.004754358161648264,0.0,1264.45,1266.32,-0.004966054815187415,-0.01148294731583177,0.04107336643756776,0.12324253989867484,-0.006022956173823646,0.008318390353806437,0.04513353011415644,0.04335288133304016,1.7147839300076775,0.7685099029137106,31.55,31.6,0.0015847860538826808,0.01197600069380389,-0.010391214639921209,31.55,31.4,31.55,31.35,-0.006339144215530834,0.026128022580162114,-0.03246716679569295,31.55,29.25,-0.07290015847860543,-0.0073164770532258006,-0.06558368142537963,-0.005532372,0.0025,3
2024-05-31,31.55,31.6,31.15,31.4,3559981,-0.0031746031746032743,-0.014128728414442793,-0.02180685358255463,0.017828200972447306,0.01948051948051943,0.06440677966101682,31.610000000000003,30.8,31.9625,31.234426961149964,31.070981123275608,0.16344583787435596,-0.019592712168607532,0.1830385500429635,0.005205281460966751,0.00582925318608164,52.921665211621026,30.8,0.6888205021700375,32.177641004340074,29.422358995659927,0.08945720807403076,0.7177635530990215,0.8460820525099224,0.026945288296494344,20.771914497241454,24.01730456061881,18.023595698691352,64.44444444444431,74.59530562749204,966419570.0,961255242.6,0.20458363087931633,0.13258969319756103,0.16764694633342608,5990121.9,-0.9238223401396436,0.5943086066412104,0.014331210191082893,0.01948051948051943,-0.01759874853343757,4.0,5.0,0.017322834645669305,1.0,1268.37,1261.72,-0.003632573125276317,-0.00016641176610432407,0.03332432454567047,0.12464423024127917,0.0004579699506730428,0.01799461273855163,0.031082455115346352,0.030080057516320036,1.6924796576080101,0.8127442025510131,31.75,31.6,-0.0047244094488188,0.01252703180906689,-0.01725144125788569,31.75,32.3,31.75,30.3,-0.04566929133858266,0.006495497975071762,-0.052164789313654425,31.75,29.0,-0.08661417322834641,-0.02070538277041656,-0.06590879045792986,-0.0059777573,0.0025,3
2024-06-03,31.75,32.3,31.55,32.3,7860265,0.028662420382165488,0.025396825396825307,0.01412872841444246,0.03525641025641013,0.04193548387096757,0.06776859504132227,31.830000000000002,30.902500000000003,31.945833333333333,31.3983612748192,31.162019558588526,0.236341716230676,0.03159417351124918,0.20474754271942683,0.007317080997853747,0.006338933211127766,59.50383625190789,30.902500000000003,0.7522728718247387,32.40704574364948,29.397954256350527,0.09737372339774958,0.9644258926319407,0.8499333344734993,0.026313725525495334,21.111787951494744,28.083541618192186,16.66035969359332,100.0,78.99782135076248,974279835.0,962372169.5,0.209512543266717,0.22321898882820249,0.23593963272073065,6175114.6,0.6419199273508039,1.2728937856473141,0.02321981424148596,0.04522287840789563,0.011086474501108556,0.0,6.0,-0.01846153846153853,0.0,1271.65,1280.0,0.014488159021018854,0.00971854095670821,0.030944441759693353,0.12109292275273373,0.014174261361146634,0.02553786929970192,0.03682415328162891,0.03571885330578506,1.7123190946651605,0.8204526783060129,32.5,31.7,-0.024615384615384595,0.004013971108742798,-0.028629355724127392,32.5,31.9,32.5,30.2,-0.0707692307692308,-0.008354660796104252,-0.062414569973126555,32.5,28.95,-0.10923076923076924,-0.02407604763868043,-0.08515472159208881,-0.011239577,0.0025,3
2024-06-04,32.5,32.5,31.85,31.9,4700475,-0.01238390092879249,0.015923566878981,0.012698412698412653,-0.006230529595015688,0.015923566878981,0.056291390728476776,31.790000000000003,30.9875,31.93166666666667,31.475536463308554,31.216684776470856,0.25885168683769777,0.0770456761765389,0.18180601066115887,0.00811447294162062,0.005699247983108429,55.77164661542873,30.9875,0.7646593668867385,32.516818733773476,29.458181266226525,0.0987055253746495,0.798335454816693,0.8356523820111064,0.02619599943608484,21.63420699160224,28.232757623876115,15.73471559000312,72.09302325581388,78.84582256675276,969579360.0,963448476.45,0.21627569674058375,0.24684469634074863,-0.05162366609800649,6215734.55,-0.5841351395756174,0.7562219657530259,0.0203761755485893,0.029447357805566732,-0.000991701028237535,1.0,6.0,-0.00940438871473348,0.0,1285.51,1283.52,0.00275000000000003,0.001396549975423822,0.027942625117128195,0.12021260259462183,-0.01513390092879252,-0.00762707957043951,0.02834876561134858,0.02757815944067743,1.7021625887424277,0.8154537618458422,31.9,31.4,-0.01567398119122254,-0.002105475790912914,-0.013568505400309627,31.9,31.6,31.9,30.4,-0.047021943573667735,-0.0059201939213126,-0.041101749652355135,31.9,29.3,-0.08150470219435735,-0.013464168065137616,-0.06804053412921973,-0.007050524,0.0025,3
2024-06-05,31.9,32.5,31.6,31.6,7648085,-0.00940438871473348,-0.021671826625386914,0.006369426751592355,-0.00784929356357933,0.019354838709677358,0.0515806988352745,31.740000000000002,31.065000000000005,31.909166666666668,31.494684699722622,31.245078496732276,0.2496062029903463,0.11155778153930039,0.1380484214510459,0.007898930474378047,0.004368620931995124,53.08249074268638,31.065000000000005,0.7428784699073046,32.55075693981461,29.579243060185394,0.09565472009107409,0.6800429079829017,0.8402486404388844,0.026590146849331784,21.663056181508125,26.072726767821038,16.656105780559084,57.14285714285724,76.4119601328904,961931275.0,964363609.85,0.21895440465066407,0.26127399660762146,-0.16321170520994163,6376908.1,0.4932848346101874,1.1993406334333092,0.028481012658227802,0.01722195396748738,-0.009688960852419659,2.0,6.0,-0.00940438871473348,0.0,1287.12,1284.35,0.0006466591872349436,0.009201345235101632,0.027102026454264738,0.12024237343069445,-0.010051047901968424,-0.01705063879868096,0.02447867238100976,0.023832756386933163,1.7021764314179835,0.8139874108990941,31.9,31.6,-0.00940438871473348,0.00884550625004854,-0.01824989496478202,31.9,31.6,31.9,29.9,-0.06269592476489028,-0.006983294407932994,-0.05571263035695728,31.9,29.45,-0.07680250783699061,-0.009264503914524491,-0.06753800392246612,-0.005299466,0.0025,3
2024-06-06,31.9,31.9,31.2,31.6,4465028,0.0,-0.00940438871473348,-0.021671826625386914,0.0031746031746031633,0.0,0.053333333333333455,31.76,31.145,31.88416666666667,31.51088705361145,31.27136897845581,0.23951807515564028,0.13714984026256838,0.1023682348930719,0.0075796859226468435,0.003239501104211136,53.08249074268638,31.145,0.7074602462323698,32.55992049246474,29.730079507535258,0.09086020179577727,0.6607864195985345,0.8302308804075355,0.02627312912682074,21.001755435116486,24.502517360829174,19.09438845094257,56.09756097560984,61.77781379142701,961931275.0,965475121.9,0.21860323325266826,0.24374528382028662,-0.1496188768066726,6403780.85,-0.7594714826366346,0.6972487198714803,0.02215189873417719,0.014609086530743332,-0.008912469616580876,3.0,6.0,-0.003154574132492094,0.0,1288.79,1283.56,-0.0006150971308443998,0.013614252321688003,0.027966427473090638,0.12001770360213898,0.0006150971308443998,-0.01043964914708484,0.025366905860242817,0.024676784360165183,1.7813513500663913,0.8357499935412658,31.7,31.35,-0.011041009463722329,0.00966603312516967,-0.020707042588892,31.7,31.6,31.7,29.8,-0.05993690851735012,-0.005236414413715473,-0.054700494103634645,31.7,29.3,-0.0757097791798107,-0.007106008300686417,-0.06860377087912428,-0.0067669717,0.0025,3
2024-06-07,31.7,31.8,31.35,31.6,2993886,0.0,0.0,-0.00940438871473348,0.006369426751592355,0.024311183144246407,0.056856187290970084,31.8,31.23,31.875833333333333,31.524596737671228,31.295712017088714,0.22888472058251352,0.15549681632655743,0.0733879042559561,0.0072431873602061235,0.002322402033416332,53.08249074268638,31.23,0.6497772897808392,32.529554579561676,29.93044542043832,0.08322475693638665,0.6423564680618489,0.8030715318069972,0.02541365606984168,20.38769045632425,23.521806572342665,18.330137477149655,56.09756097560984,56.445993031358995,961931275.0,966775005.55,0.21770322144293652,0.21078410599295322,-0.10967523250522486,6365103.55,-1.2965071495744518,0.4703593549550345,0.014240506329113901,0.011847582452769734,-0.008653368539384476,4.0,6.0,-0.0015748031496063408,0.0,1289.05,1287.58,0.0031319143631773905,0.02049583108772146,0.034450068289547664,0.11891752988139005,-0.0031319143631773905,-0.014126404336129106,0.02240611900142242,0.021659932836072704,1.7631498043806864,0.8330618076285917,31.75,30.3,-0.04566929133858266,-0.009871042106647465,-0.0357982492319352,31.75,31.7,31.75,29.35,-0.07559055118110236,-0.008238761632899383,-0.06735178954820298,31.75,29.0,-0.08661417322834641,-0.007449697138480871,-0.07916447608986554,-0.004427847,0.0025,3
2024-06-10,31.75,32.2,31.6,31.7,4844878,0.0031645569620253333,0.0031645569620253333,0.0031645569620253333,-0.018575851393188736,0.01602564102564097,0.05666666666666664,31.680000000000007,31.315000000000005,31.870833333333334,31.551581854952577,31.325659275082142,0.22592257987043496,0.16958196903533293,0.05634061083510203,0.007126895264051576,0.0017773063354921776,54.00578162642911,31.315000000000005,0.5887319111081167,32.49246382221624,30.137536177783772,0.07520126598858261,0.6634869763027387,0.7885664223922118,0.02487591237830321,20.34224174204534,25.86665081134099,17.333928029039843,60.97560975609754,57.72357723577243,966776153.0,968109650.25,0.21769882234484214,0.21298159618911366,-0.10871129543204609,6399864.6,-0.6042150101357594,0.7570282033779278,0.018927444794952727,0.01229442759061139,-0.0053601778010197165,0.0,6.0,-0.014128728414442793,0.0,1292.67,1290.67,0.002399850883052057,0.008335937500000057,0.04071183215339702,0.11723187058785274,0.0007647060789732762,-0.026911788893188793,0.015954834513269622,0.015330693877340318,1.7783296801999453,0.837550727306766,31.85,30.2,-0.05180533751962335,-0.015644425225670444,-0.03616091229395291,31.85,31.4,31.85,29.75,-0.06593406593406592,-0.03159000177602067,-0.03434406415804525,31.85,28.55,-0.10361067503924648,-0.00885693767711948,-0.094753737362127,-0.00727158,0.0025,3
2024-06-11,31.85,31.9,31.2,31.4,5832309,-0.009463722397476393,-0.006329113924050778,-0.006329113924050778,-0.01567398119122254,-0.02180685358255463,0.041459369817578695,31.580000000000002,31.377499999999998,31.845833333333335,31.528261569575257,31.331165995446426,0.19709557412883072,0.1750846900540325,0.02201088407479823,0.006276929112383144,0.0007009835692610902,50.7774340387364,31.377499999999998,0.5209997979584908,32.41949959591698,30.335500404083017,0.0664169928080301,0.5107965492924201,0.7822402493641966,0.02491210985236295,19.59146243927002,24.213280837578754,19.878474231192847,46.3414634146341,54.47154471544718,960943844.0,968839419.4,0.22181817388641223,0.3337928307915362,-0.24973105962985392,6378219.95,-0.21187459317157506,0.9144101404028878,0.022292993630573226,0.0007170743367062027,-0.013999738322648225,1.0,6.0,0.004769475357710773,1.0,1295.03,1284.41,-0.004850194085242565,0.0006934056345051509,0.03308184801492842,0.11971241780953078,-0.004613528312233828,-0.016367386825727692,0.008377521802650278,0.008109252736119288,1.7998159301984153,0.8345682876381441,31.45,30.4,-0.03338632750397463,-0.0042879043742850564,-0.029098423129689577,31.45,31.6,31.45,29.8,-0.05246422893481717,-0.02213990552602707,-0.0303243234087901,31.45,28.95,-0.07949125596184425,0.006770375327818545,-0.0862616312896628,-0.005149268,0.0025,3
2024-06-12,31.45,31.6,30.95,31.6,6931639,0.006369426751592355,-0.003154574132492094,0.0,0.0,-0.00784929356357933,0.044628099173553704,31.580000000000005,31.445,31.80666666666667,31.539298251179062,31.35107962541336,0.18821862576570325,0.17771147719636665,0.0105071485693366,0.0059562856254969385,0.0003325047015612848,52.80300653035993,31.445,0.4498245271905968,32.34464905438119,30.545350945618807,0.05722048366234333,0.5861447023398557,0.7727945172667541,0.024455522698315,18.479992641014526,22.758575849681517,20.99492253110038,56.09756097560984,54.47154471544718,967875483.0,969695966.25,0.22229975493249185,0.29688627690761316,-0.29450560159835737,6504997.65,0.16823572453176258,1.0655867031712147,0.020569620253164625,0.004929241532835249,-0.006497589603856602,2.0,6.0,-0.012598425196850394,0.0,1285.01,1300.19,0.012285796591431142,0.012333086775411894,0.03651177066143707,0.12296079833056175,-0.0059163698398387865,-0.012333086775411894,0.008116328512116633,0.00783042580108595,1.8075070898226338,0.8590630134269398,31.75,29.9,-0.05826771653543317,-0.019836255160107008,-0.03843146137532616,31.75,31.35,31.75,29.5,-0.07086614173228345,-0.03404330277477807,-0.03682283895750538,31.75,28.8,-0.09291338582677167,-0.015126101907803502,-0.07778728391896816,-0.0054962155,0.0025,3
2024-06-13,31.75,31.75,31.25,31.35,5606976,-0.007911392405063333,-0.0015923566878980333,-0.011041009463722329,-0.007911392405063333,-0.004761904761904745,0.02786885245901649,31.53,31.4875,31.769166666666667,31.51017544330536,31.350999653160518,0.15917579014484318,0.17400433978606197,-0.014828549641218797,0.005077377676071552,-0.00047299998855562347,50.03146459866103,31.4875,0.39231935165536397,32.27213870331073,30.702861296689274,0.04983810739567943,0.4123800550369046,0.7533091946048431,0.024029001422802013,17.674118208367,23.101890776586732,19.99955613016545,36.111111111111214,46.18337850045174,962268507.0,969972377.6,0.22393176341679372,0.45527058284783944,-0.26885010208916305,6485559.75,-0.3456859635134475,0.8645323173531784,0.01594896331738437,-0.004366812227074246,-0.013194134774283217,3.0,6.0,-0.03503184713375784,0.0,1305.69,1301.51,0.001015236234704009,0.013984542989809556,0.025796434370024768,0.11756177717008562,-0.008926628639767342,-0.02189593539487289,0.002072418088991723,0.0020203015135886737,1.805933827015379,0.8588300630371323,31.4,29.8,-0.05095541401273884,-0.016165785617284323,-0.03478962839545452,31.4,30.3,31.4,29.25,-0.06847133757961776,-0.033973468777093174,-0.03449786880252459,31.4,28.9,-0.07961783439490444,-0.015014922853832657,-0.06460291154107178,-0.00550312,0.0025,3
2024-06-14,31.4,31.7,30.3,30.3,7260818,-0.03349282296650724,-0.04113924050632911,-0.03503184713375784,-0.04113924050632911,-0.03503184713375784,-0.016233766233766267,31.270000000000003,31.4625,31.739166666666666,31.323994605873768,31.27314782700048,0.05084677887328937,0.14937282760350745,-0.09852604873021809,0.001678111513969946,-0.0032516847765748542,40.4324467496193,31.4625,0.4501096357662292,32.362719271532455,30.56228072846754,0.0572249040306687,-0.145676024031932,0.7995013949902114,0.02638618465314229,17.30429124504384,20.212353507315353,25.9854852388399,0.0,30.736224028907042,955007689.0,969609967.45,0.253346126681219,0.14655334597826378,0.061416257986542065,6572820.05,0.271242706086778,1.104673176013696,0.04620462046204616,-0.03694874851013108,-0.04534355554388636,4.0,6.0,-0.00983606557377048,0.0,1303.37,1279.91,-0.016596107598097487,-0.005956911415212929,0.00534125095239224,0.13320674105229435,-0.016896715368409754,-0.03518232909111618,-0.021575017186158507,-0.02146039184776294,1.7768299177570173,0.8583163836938835,30.5,29.35,-0.03770491803278686,-4.679895170345283e-05,-0.03765811908108341,30.5,30.2,30.5,29.0,-0.049180327868852514,-0.028672157743666493,-0.02050817012518602,30.5,28.6,-0.06229508196721312,-0.0010373767627605002,-0.06125770520445262,-0.005945314,0.0025,3
2024-06-17,30.5,30.5,30.2,30.2,4316543,-0.0033003300330033403,-0.036682615629984094,-0.044303797468354444,-0.04731861198738174,-0.06501547987616096,-0.02580645161290329,30.970000000000006,31.422500000000003,31.7025,31.151072358816265,31.193655395370815,-0.04258303655455009,0.11098165477189595,-0.15356469132644604,-0.0014100343229983474,-0.005084923553855829,39.652174827105355,31.422500000000003,0.5230163024521043,32.46853260490421,30.376467395095794,0.06657857299095926,-0.08435081003615323,0.7638227239194821,0.02529214317614179,17.088395419950793,19.645308501573027,26.19162454683429,0.0,12.037037037037095,950691146.0,968741753.95,0.25204120103718336,0.24599451299540426,0.16323255463048242,6498671.0,-0.8452822869732325,0.6642193457708507,0.009933774834437109,-0.03890524305831822,-0.0473937386641432,0.0,6.0,0.0016474464579900872,1.0,1282.08,1274.77,-0.004015907368486893,-0.012319183059961158,-0.0021994708746222447,0.13347933744579654,0.0007155773354835526,-0.034999428927420584,-0.023606980738281047,-0.02365901805942494,1.7757437892709198,0.860353397548954,30.35,29.75,-0.01976935749588138,-0.01975160037205248,-1.7757123828898713e-05,30.35,30.4,30.35,28.95,-0.04612850082372333,-0.019407686475586106,-0.026720814348137223,30.35,28.25,-0.06919275123558488,0.00033609767154652026,-0.0695288489071314,-0.0063312603,0.0025,3
2024-06-18,30.35,30.8,30.35,30.4,2737922,0.0066225165562914245,0.0033003300330032292,-0.030303030303030387,-0.031847133757961776,-0.047021943573667735,-0.031847133757961776,30.770000000000003,31.372500000000002,31.660833333333336,31.035522765152223,31.134866106824827,-0.09934334167260417,0.06891665548299593,-0.16825999715560008,-0.0032678730813356636,-0.005534868327486845,42.06044810762432,31.372500000000002,0.5708891956267137,32.51427839125343,30.230721608746574,0.07278848617441558,0.07412926735616068,0.7521211007823764,0.024740825683630802,16.38314676435941,21.37497058468616,24.699181117582437,8.69565217391301,2.8985507246376936,953429068.0,967334434.05,0.24834321279023255,0.28861894850772196,0.3709941464582692,5959564.6,-1.517338577569075,0.45941644797339726,0.014802631578947345,-0.030998485935134434,-0.03982312531255772,1.0,6.0,-0.016447368421052655,0.0,1279.39,1279.5,0.0037104732618433722,-0.0038227668735061338,0.0018478788543150326,0.13414576177312373,0.0029120432944480523,-0.028024366884455643,-0.03369501261227681,-0.0336328631556414,1.7930127417421025,0.8605250998262329,30.4,29.8,-0.019736842105263053,-0.02060795011691352,0.0008711080116504677,30.4,29.9,30.4,29.3,-0.03618421052631571,-0.010296180826188661,-0.025888029700127047,30.4,28.3,-0.06907894736842102,-0.0014185502727980248,-0.06766039709562299,-0.006277695,0.0025,3
2024-06-19,30.4,30.4,29.8,29.9,7065093,-0.016447368421052655,-0.009933774834437137,-0.01320132013201325,-0.053797468354430444,-0.053797468354430444,-0.03548387096774197,30.43,31.317500000000003,31.584166666666665,30.860826955128804,31.04339454335632,-0.18256758822751706,0.01861980674089333,-0.2011873949684104,-0.006105939405602578,-0.006728675417003693,37.97986478714402,31.317500000000003,0.6553976294057674,32.62829525881154,30.006704741188468,0.08371008278512246,-0.04070229140331793,0.7412553078693493,0.024791147420379578,16.44937601148717,20.13913435094875,28.57103884931368,3.7037037037036256,4.133118625872235,946363975.0,965886863.8,0.25090468857858084,0.29054379773072625,0.26876226540918674,5999814.95,0.49853823086248084,1.177551817660643,0.020066889632106955,-0.045262233575477095,-0.05332313131579636,2.0,6.0,-0.008319467554076532,0.0,1283.0,1279.79,0.00022665103556063215,-0.015690014536337116,0.010166468020617048,0.13066064995860918,-0.016674019456613287,-0.03810745381809333,-0.04565033898835902,-0.04519090707674067,1.7399854522202949,0.8594078904052622,30.05,29.5,-0.01830282861896837,-0.0160552963754661,-0.0022475322435022704,30.05,29.8,30.05,29.45,-0.019966722129783787,-0.0038772994648235137,-0.016089422664960273,30.05,27.0,-0.1014975041597338,-0.010266652104039431,-0.09123085205569437,-0.0058553917,0.0025,3
2024-06-20,30.05,30.25,29.55,29.8,3517911,-0.0033444816053510573,-0.019736842105263053,-0.013245033112582738,-0.04944178628389162,-0.05696202531645567,-0.05696202531645567,30.120000000000005,31.2275,31.485833333333336,30.697622808185912,30.951291243848445,-0.25366843566253294,-0.035837841739791924,-0.217830593922741,-0.008512363612836676,-0.007309751473917483,37.20248194954697,31.2275,0.733498286870017,32.69449657374003,29.760503426259966,0.09395542862797428,0.0134617130152323,0.7383085001643958,0.024775453025650863,16.8095477986113,18.775264481750142,29.0547964427439,8.474576271186443,6.957977382934383,942846064.0,963942660.2,0.23827710491233278,0.43061268522768287,0.9772687542274948,5854972.7,-1.060223462622387,0.600841571814673,0.023489932885906017,-0.04571291329757421,-0.05354259852314536,3.0,6.0,-0.010118043844856595,0.0,1281.82,1282.3,0.0019612592690987363,-0.014759779025900754,0.0009913897410678274,0.12470316827273867,-0.005305740874449794,-0.034682007257990866,-0.057953415057523494,-0.057896017539685984,1.7199058788433115,0.8712783400355436,29.65,29.25,-0.013490725126475533,-0.020216797528539332,0.0067260724020637985,29.65,29.35,29.65,29.3,-0.011804384485666009,-0.004030908822087342,-0.007773475663578666,29.65,27.45,-0.07419898819561555,-0.00827192293026835,-0.0659270652653472,-0.004901374,0.0025,3
2024-06-21,29.65,30.1,29.3,29.35,3521330,-0.015100671140939603,-0.018394648829431315,-0.0345394736842104,-0.031353135313531344,-0.07120253164556967,-0.0486223662884927,29.93,31.152499999999996,31.391666666666666,30.490296222311155,30.83267707763745,-0.3423808553262937,-0.09714644445709229,-0.2452344108692014,-0.01166544651878343,-0.008355516554316912,33.845284388381145,31.152499999999996,0.8426891479063703,32.837878295812736,29.467121704187257,0.10820180054973051,-0.03474641404788461,0.742715035866939,0.0253054526700831,17.433604564288636,17.330737032743144,29.2236905639264,1.5625000000000226,4.580259991630054,939324734.0,962371592.05,0.23005600043213978,0.5192832998348621,1.2985356605300424,5481837.25,-1.0312095922573348,0.6423631055445873,0.027257240204429323,-0.05786052483749282,-0.0650384921688345,4.0,6.0,0.01018675721561979,1.0,1285.07,1282.02,-0.0002183576386181052,0.0016485534139119018,0.01592005895731141,0.11148618597981416,-0.014882313502321498,-0.033001688727443246,-0.06454242524580411,-0.06353100785513299,1.7241773923547468,0.867572412402619,29.45,29.0,-0.015280135823429464,-0.027997408659137246,0.012717272835707782,29.45,29.75,29.45,29.0,-0.015280135823429464,0.0014439700590855864,-0.01672410588251505,29.45,27.2,-0.07640067911714776,-0.012808404686268315,-0.06359227443087945,-0.0060058353,0.0025,3
2024-06-24,29.45,30.3,29.4,29.75,8977356,0.013628620102214661,-0.001677852348993314,-0.0050167224080267525,-0.01490066225165565,-0.061514195583596165,-0.04647435897435892,29.840000000000003,31.080000000000002,31.285833333333336,30.376404495801747,30.75247877559023,-0.37607427978848307,-0.15293201152337046,-0.2231422682651126,-0.01264115226179775,-0.007500580445886138,39.105630090710854,31.080000000000002,0.8988882021693152,32.87777640433863,29.28222359566137,0.11568702730621819,0.13009860492376285,0.7575211047335861,0.0254628942767592,17.63107699048407,17.664136496260166,26.60589399955648,14.06249999999998,8.033192090395506,948302090.0,961060543.25,0.2319986539627552,0.5087644870494065,1.1662802000013668,5741856.6,1.6110381243475218,1.5634935919507291,0.030252100840336207,-0.0427927927927928,-0.049090376368430944,0.0,6.0,0.001680672268907557,1.0,1281.19,1254.12,-0.021762531005756647,-0.016199000604030567,-0.01069670579326032,0.13617597986888932,0.03539115110797131,0.001298338352374917,-0.0357776531810986,-0.036164494135022984,1.527206886117284,0.802977000496129,29.75,28.95,-0.026890756302521024,-0.0009635522428470544,-0.02592720405967397,29.75,29.8,29.75,28.55,-0.04033613445378148,0.02212984861877576,-0.06246598307255724,29.75,26.9,-0.09579831932773109,-0.0008998463094355147,-0.09489847301829557,-0.008678801,0.0025,3
2024-06-25,29.75,29.95,29.6,29.8,1864683,0.001680672268907557,0.015332197614991383,0.0,-0.019736842105263053,-0.05095541401273884,-0.07165109034267914,29.720000000000006,30.965000000000003,31.19,30.287726881063016,30.681924792213177,-0.3941979111501617,-0.20118519144872873,-0.19301271970143294,-0.013228117823830928,-0.006476936902732649,39.75054335657174,30.965000000000003,0.9085992689729401,32.78219853794588,29.147801462054122,0.11737113114457479,0.1794516461264351,0.7284124543954728,0.024443370952868214,17.814444243379825,17.05788188084039,25.69274740798573,17.241379310344815,10.955459770114963,950166773.0,959381400.55,0.20173137648011336,0.2743695522549405,2.1446027798635474,5373762.7,-1.7452186583813407,0.3469976446857246,0.011744966442952948,-0.03762312288067182,-0.04456556588650207,1.0,6.0,-0.011725293132328396,0.0,1255.77,1256.56,0.001945587344113875,-0.01792887846815161,-0.019637521162803484,0.12956741196616384,-0.00026491507520631785,-0.0018079636371114427,-0.05201356917987565,-0.05305544663599193,1.5295909167991069,0.8066411540027533,29.85,29.3,-0.018425460636515956,0.0086103498947534,-0.027035810531269355,29.85,29.5,29.85,28.95,-0.03015075376884424,0.027610310179117414,-0.057761063947961655,29.85,26.5,-0.11222780569514246,-0.021557647245720735,-0.09067015844942172,-0.007478272,0.0025,3
2024-06-26,29.85,29.95,29.3,29.5,2932287,-0.010067114093959773,-0.008403361344537785,0.005110732538330387,-0.013377926421404673,-0.06645569620253167,-0.07378335949764525,29.640000000000004,30.847500000000004,31.089166666666664,30.166538130130245,30.594374807604794,-0.42783667747454857,-0.24651548865389272,-0.18132118882065584,-0.014502938219476222,-0.006146480976971384,37.20455607369632,30.847500000000004,0.9395512646719246,32.72660252934385,28.968397470656154,0.12183175488087192,0.14145117710247382,0.722811564795796,0.024502086942230373,18.37798772610484,15.962197852115041,27.00703128347633,6.896551724137901,12.733477011494257,947234486.0,957864107.65,0.20251453870738506,0.29549247613295626,2.073434098560664,5211912.9,-1.0998850449231439,0.5626124335270453,0.022033898305084697,-0.04368263230407665,-0.05111641246950971,2.0,6.0,-0.008474576271186418,0.0,1258.95,1261.24,0.003724454065066496,-0.014494565514654667,-0.008957757103344344,0.12846121122176288,-0.013791568159026268,0.0011166390932499937,-0.06482560239430091,-0.06541154310922837,1.5268687510786363,0.803420363161783,29.5,29.45,-0.0016949152542372614,0.012802309809551549,-0.01449722506378881,29.5,29.25,29.5,28.8,-0.023728813559321993,0.020012532620507395,-0.04374134617982939,29.5,27.5,-0.06779661016949157,-0.01764085317003916,-0.050155756999452406,-0.01119195,0.0025,3
2024-06-27,29.5,29.9,29.15,29.25,2793097,-0.008474576271186418,-0.01845637583892623,-0.01680672268907568,-0.01845637583892623,-0.06698564593301437,-0.0714285714285714,29.53,30.735000000000003,30.99416666666667,30.02553226395636,30.494791488522957,-0.46925922456659563,-0.2910642358364333,-0.17819498873016232,-0.016043050412533184,-0.006092136366843156,35.18227940582493,30.735000000000003,0.9906271272595114,32.71625425451903,28.75374574548098,0.1289249555567935,0.1252373978218893,0.7247535958818105,0.024777900713908053,19.091368656998323,14.782324103386463,26.489094321130146,3.2786885245902058,9.138873186357664,944441389.0,956587199.55,0.20151626838516587,0.2747279703741692,2.1649664029118583,4971528.1,-1.0576359976551124,0.5618186086487171,0.02564102564102564,-0.048316251830161194,-0.05627403005941989,3.0,6.0,-0.011925042589437829,0.0,1260.71,1259.09,-0.001704671593035445,-0.018100288544022458,-0.0057094573251627034,0.1274475866265278,-0.006769904678150973,-0.000356087294903773,-0.0657191141034087,-0.06609648918776934,1.5228282324326745,0.80297078605466,29.35,29.3,-0.0017035775127768327,0.015568092551596191,-0.017271670064373024,29.35,29.0,29.35,28.9,-0.015332197614991605,0.0186706023312464,-0.034002799946238005,29.35,27.75,-0.054514480408858645,-0.02148745903655558,-0.03302702137230307,-0.0114099225,0.0025,3
2024-06-28,29.35,29.55,28.3,29.0,3950645,-0.008547008547008517,-0.016949152542372836,-0.02684563758389269,-0.011925042589437829,-0.04290429042904298,-0.07643312101910826,29.46,30.615000000000002,30.904166666666665,29.867758069501537,30.384066193076812,-0.5163081235752749,-0.33611301338420163,-0.18019511019107326,-0.01780372839914741,-0.0062136244893473535,33.23670819249243,30.615000000000002,1.0494484767069152,32.71389695341383,28.51610304658617,0.13711559388625374,0.11527410924742565,0.762271196175967,0.026285213661240238,20.671645442972086,13.050853239742404,31.351315119683317,19.444444444444436,9.873228231057537,940490744.0,955290758.25,0.20225908782576885,0.3386191946531792,2.114857412864544,4991061.3,-0.5081541686026567,0.7915440750046489,0.04310344827586207,-0.05275191899395726,-0.061615208305244695,4.0,6.0,-0.0017241379310345417,0.0,1260.27,1245.32,-0.010936469990231013,-0.02862669849144328,-0.012998129537456826,0.13254945062257528,0.002389461443222496,0.016701655902005452,-0.06343499148165144,-0.06427038628804582,1.5044643251937364,0.8019151035330215,29.0,29.0,0.0,0.029454478348430957,-0.029454478348430957,29.0,28.95,29.0,28.6,-0.013793103448275779,0.027617083757913274,-0.04141018720618905,29.0,28.0,-0.03448275862068961,-0.0033859411231375036,-0.03109681749755211,-0.01170107,0.0025,3
2024-07-01,29.0,29.25,28.65,28.95,1783811,-0.0017241379310345417,-0.010256410256410331,-0.01864406779661021,-0.026890756302521024,-0.04139072847682124,-0.10371517027863775,29.300000000000004,30.447499999999998,30.795,29.726564520347456,30.277839067663717,-0.551274547316261,-0.37914532017061353,-0.1721292271456475,-0.019042298698316442,-0.005945741870315976,32.84549486004116,30.447499999999998,1.033577715866685,32.51465543173337,28.38034456826663,0.1357849039647504,0.13778727593205162,0.7506803964491123,0.025930238219313034,22.13904531566201,12.305766136963422,29.561435169175432,18.84057971014489,13.854570893059867,938706933.0,953512113.15,0.1621844907835806,-0.7348033761122745,1.9685264420608672,4687238.6,-1.4162278115634641,0.38056756914401585,0.02072538860103632,-0.04918301995237695,-0.05991232342912822,0.0,7.0,0.0068728522336769515,1.0,1246.33,1254.56,0.00741977965502838,0.00035084361943038544,-0.019875000000000087,0.12395968174907995,-0.009143917586062922,-0.02724159992195141,-0.08384017027863766,-0.08554028341144004,1.473624027951793,0.808265269415735,29.1,28.55,-0.018900343642611728,0.019612827376933373,-0.0385131710195451,29.1,29.3,29.1,28.25,-0.029209621993127155,0.016641909013639156,-0.04585153100676631,29.1,27.9,-0.04123711340206193,-0.009746836448561003,-0.03149027695350093,-0.010338193,0.0025,3
2024-07-02,29.1,29.4,29.05,29.3,2439321,0.012089810017271274,0.010344827586207028,0.0017094017094017033,-0.016778523489932917,-0.03618421052631571,-0.08150470219435735,29.2,30.317500000000003,30.710833333333333,29.66093920952477,30.205406544133073,-0.5444673346083029,-0.4122097230581514,-0.13225761155015148,-0.018582502887655387,-0.004513911657001757,38.31858608162074,30.317500000000003,1.004368746500385,32.326237493000775,28.308762506999233,0.13251339938984222,0.24673146602147553,0.7292032252741757,0.024887482091268794,23.144428867632012,13.232649158086387,28.25838417509436,28.985507246376816,22.423510466988734,941146254.0,952090457.85,0.1712401027711284,-0.7386462408904576,1.688209785355401,4574180.9,-1.0114008960194645,0.5332803956223069,0.011945392491467503,-0.03356147439597601,-0.04593927224377936,1.0,7.0,0.0,0.0,1258.87,1269.79,0.012139714322152884,0.010528745145476526,-0.010697145350286763,0.13192603213390952,-4.990430488160946e-05,-0.027307268635409443,-0.07080755684407058,-0.07157318561376402,1.4472695389465922,0.8058293059766007,29.45,28.95,-0.01697792869269954,0.016061134410882305,-0.033039063103581845,29.45,29.45,29.45,28.3,-0.03904923599320875,0.0062202535224542554,-0.04526948951566301,29.45,27.3,-0.07300509337860772,-0.0221478723905566,-0.05085722098805112,-0.009870221,0.0025,3
2024-07-03,29.45,29.45,29.15,29.45,1777108,0.005119453924914641,0.017271157167530138,0.01551724137931032,-0.0016949152542372614,-0.015050167224080258,-0.06803797468354433,29.190000000000005,30.209999999999997,30.64,29.628487023444034,30.14945050382692,-0.5209634803828855,-0.43396047452309827,-0.08700300585978726,-0.01768976164288236,-0.0029542616590759684,40.55464556524648,30.209999999999997,0.974490420141103,32.158980840282204,28.26101915971779,0.1290288540405301,0.3050263029035339,0.6985458520403061,0.023719723329042652,23.95586637952873,13.337990975312346,27.391530836858404,33.82352941176468,27.216538789428814,942923362.0,951140062.2,0.17312027905836447,-0.8944109147889462,1.7570440731588077,4280632.05,-1.2102359262211344,0.4151508420351149,0.01018675721561972,-0.0251572327044024,-0.038838120104438656,2.0,7.0,-0.005093378607809784,0.0,1273.26,1276.85,0.005559974483969832,0.012376708635945421,-0.005839529723206338,0.13363643287178498,-0.00044052055905519083,-0.014071623890182683,-0.062198444960337995,-0.0625637880603126,1.441987159020056,0.8082591459279052,29.45,28.8,-0.022071307300509324,0.005528317968206409,-0.027599625268715733,29.45,29.3,29.45,27.0,-0.08319185059422751,-0.007983610531171914,-0.0752082400630556,29.45,27.3,-0.07300509337860772,-0.021393886790682326,-0.051611206587925396,-0.009566474,0.0025,3
2024-07-04,29.45,29.6,29.1,29.3,2477226,-0.005093378607809784,0.0,0.012089810017271274,0.0017094017094017033,-0.016778523489932917,-0.07278481012658233,29.2,30.095000000000006,30.578333333333333,29.5779505582988,30.086528244284185,-0.5085776859853866,-0.44888391681555595,-0.0596937691698306,-0.017357600204279403,-0.002037330005796266,39.030866818649216,30.095000000000006,0.9368058833917201,31.968611766783447,28.221388233216565,0.12451315944731287,0.28784292079761087,0.6843640054659985,0.023357133292354896,24.334899428917364,14.207516178462853,25.962073777974798,40.0,34.26967888604719,940446136.0,950065805.25,0.1727137533832617,-0.8247811125609904,1.7064767216018704,4181241.95,-0.8088547965837611,0.5924617684465736,0.017064846416382253,-0.026416348230603237,-0.04180519976017871,3.0,7.0,-0.010238907849829393,0.0,1278.87,1279.89,0.0023808591455536376,0.016519867523370202,-0.0028592352519554165,0.13395329659467067,-0.007474237753363422,-0.014810465813968499,-0.06992557487462692,-0.0701260818399051,1.434630284376591,0.8041162944146268,29.3,28.9,-0.013651877133105894,0.0020215265257061965,-0.01567340365881209,29.3,29.0,29.3,27.45,-0.06313993174061439,-0.005284067405031179,-0.05785586433558321,29.3,26.0,-0.11262798634812288,-0.04234278533573732,-0.07028520101238556,-0.010734387,0.0025,3
2024-07-05,29.3,29.4,28.85,29.0,2493608,-0.010238907849829393,-0.015280135823429464,-0.010238907849829393,0.0,-0.011925042589437829,-0.08227848101265822,29.2,29.965000000000003,30.511666666666667,29.48903508779129,30.006044670633504,-0.5170095828422134,-0.4625090500208875,-0.05450053282132594,-0.017827916649731497,-0.0018793287179767566,36.10868239162067,29.965000000000003,0.8964990386583083,31.75799807731662,28.172001922683386,0.11967282344846439,0.23089764785352912,0.6747665765041413,0.023267812982901422,25.017205213543026,13.380337653722561,27.096948710541113,27.99999999999997,33.94117647058824,937952528.0,948866867.9,0.17361474026032142,-0.6705603728588737,1.4334677212030855,4156228.05,-0.7826166556522126,0.59996900314457,0.018965517241379213,-0.032204238277991126,-0.04954389031518003,4.0,7.0,-0.01721170395869187,0.0,1281.21,1283.04,0.0024611490049926132,0.030289403526804426,-0.003525994501312524,0.13375906313933375,-0.012700056854822006,-0.030289403526804426,-0.0787524865113457,-0.07903114991136562,1.4362111674668645,0.8029697644216699,29.05,28.6,-0.015490533562822706,-0.00357103956929683,-0.011919493993525876,29.05,28.55,29.05,27.2,-0.0636833046471601,-0.01599576765680677,-0.04768753699035333,29.05,25.95,-0.10671256454388989,-0.037919927801204345,-0.06879263674268554,-0.013708597,0.0025,3
2024-07-08,29.05,29.2,28.5,28.55,5376247,-0.01551724137931032,-0.025597269624573427,-0.03056027164685904,-0.013816925734024155,-0.04033613445378148,-0.09936908517350151,29.120000000000005,29.807499999999997,30.425833333333333,29.344568151208016,29.898189509845835,-0.5536213586378196,-0.4807315117442739,-0.07288984689354566,-0.019391291020589126,-0.0025530594358509863,32.21281595601913,29.807499999999997,0.8512027094829423,31.509905418965882,28.105094581034113,0.11422664892834924,0.1306696436728165,0.6765689638967026,0.02369768700163582,26.07450398435527,12.391499976580352,28.78953679184688,11.904761904761918,26.63492063492065,932576281.0,947156874.3,0.1757181572136569,-0.44424621498693845,1.019492801986843,4182796.5,0.5585250081738293,1.2853235867439403,0.02451838879159367,-0.04218736895076736,-0.061652652625236226,0.0,7.0,0.010471204188481797,1.0,1285.34,1283.56,0.00040528744232437575,0.023115674021170873,-0.0055087667645487,0.1334432180253906,-0.015922528821634696,-0.03693259975519503,-0.09386031840895281,-0.09438023712244314,1.4223709802530746,0.7967768613148671,28.65,28.25,-0.013961605584642212,-0.005060909719900808,-0.008900695864741404,28.65,28.95,28.65,26.9,-0.061082024432809745,-0.02463597988074584,-0.036446044552063905,28.65,24.35,-0.1500872600349039,-0.07638786314553803,-0.07369939688936589,-0.015240599,0.0025,3
2024-07-09,28.65,29.1,28.6,28.95,3212841,0.014010507880910739,-0.0017241379310345417,-0.011945392491467643,-0.011945392491467643,-0.028523489932886004,-0.0780254777070063,29.05,29.685000000000002,30.358333333333334,29.283865358714475,29.827953249857256,-0.5440878911427802,-0.4934027876239752,-0.05068510351880501,-0.018794054961754066,-0.0017507807778516411,38.558605211516216,29.685000000000002,0.783564728794043,31.25212945758809,28.117870542411914,0.10558392842095926,0.2654948043886512,0.6675283236183668,0.02305797318198158,27.056281414395215,11.662229157010326,27.095200421680858,32.49999999999993,24.13492063492063,935789122.0,945899138.2,0.18745799415122394,-0.445301222460582,0.6181266420290165,4051823.1,-0.3975314446579445,0.7929371348912049,0.017271157167530225,-0.02475997978777167,-0.04639033763381828,1.0,7.0,-0.010309278350515538,0.0,1286.33,1293.71,0.007907694225435469,0.018837760574583307,0.007240678599512496,0.13527212165285935,0.00610281365547527,-0.03078315306605095,-0.08526615630651879,-0.08465320962321987,1.4212873795367769,0.8000422387405617,29.1,28.3,-0.027491408934707917,-0.011107080281266057,-0.01638432865344186,29.1,28.8,29.1,26.5,-0.0893470790378007,-0.049213859536728966,-0.04013321950107174,29.1,24.6,-0.15463917525773196,-0.06583202760175055,-0.08880714765598141,-0.01177671,0.0025,3
2024-07-10,29.1,29.3,28.8,28.8,3574002,-0.005181347150258975,0.008756567425569184,-0.006896551724137945,-0.022071307300509324,-0.023728813559321993,-0.08860759493670889,28.920000000000005,29.544999999999998,30.285,29.209424534296865,29.751808564682644,-0.5423840303857794,-0.5031990361763361,-0.039184994209443325,-0.018832778832839563,-0.001360590076716782,37.15398346974464,29.544999999999998,0.6644942675287266,30.87398853505745,28.216011464942547,0.0899636848913489,0.21971165275410315,0.6555620147884834,0.02276256995793345,27.407381448984307,13.206039233802263,25.619084192374974,25.0,23.134920634920636,932215120.0,944116120.05,0.1834350477619477,-0.35066345523830056,0.8412196451019942,3883941.25,-0.15496996646694458,0.9201998099224595,0.017361111111111112,-0.025215772550346793,-0.04903417533432386,2.0,7.0,-0.0034482758620689724,0.0,1295.57,1285.94,-0.006005982793670928,0.007119082116145314,-0.010959936624647115,0.1294026080788106,0.0008246356434119528,-0.02919038941665464,-0.07764765831206177,-0.07850810213599357,1.416501734058407,0.8008447775585745,29.0,27.0,-0.06896551724137934,-0.01741097015040971,-0.05155454709096963,29.0,28.9,29.0,27.5,-0.051724137931034475,-0.040793407376427115,-0.01093073055460736,29.0,24.75,-0.14655172413793105,-0.05828957355515285,-0.0882621505827782,-0.013599858,0.0025,3
2024-07-11,29.0,29.35,28.85,28.9,2975072,0.003472222222222099,-0.0017271157167529916,0.012259194395796813,-0.013651877133105894,-0.011965811965812034,-0.07814992025518352,28.840000000000003,29.422499999999996,30.209999999999997,29.161820759789656,29.68871163396541,-0.5268908741757556,-0.50793740377622,-0.018953470399535655,-0.0182315181375694,-0.0006558294255894691,38.755741377877584,29.422499999999996,0.5255260522358239,30.473552104471644,28.37144789552835,0.07144546550916121,0.25143953483512016,0.6480218708750204,0.02242290210640209,27.59307659938921,12.956563352959027,24.065951393810195,29.999999999999893,29.16666666666663,935190192.0,942762204.3,0.18512307059984603,-0.4834641153070909,0.7963959058875395,3752346.05,-0.39516296943045187,0.7928565117281761,0.01730103806228374,-0.017758518140878476,-0.04336312479311477,3.0,7.0,-0.01038062283737018,0.0,1291.14,1283.8,-0.0016641522932641095,0.003054950034768522,-0.013607271553810585,0.12933074022722937,0.005136374515486208,-0.016706827167874416,-0.06454264870137294,-0.06543301348443986,1.440193634218277,0.8027660547861721,28.9,27.45,-0.05017301038062283,-0.007885907346427135,-0.042287103034195694,28.9,28.6,28.9,27.75,-0.03979238754325254,-0.03999782028227339,0.0002054327390208499,28.9,24.35,-0.15743944636678187,-0.05935838451777642,-0.09808106184900545,-0.010513043,0.0025,3
2024-07-12,28.9,29.05,28.5,28.6,2944469,-0.01038062283737018,-0.00694444444444442,-0.012089810017271052,-0.013793103448275779,-0.013793103448275779,-0.05610561056105612,28.76,29.3375,30.168333333333333,29.075386796745093,29.608066327745753,-0.5326795310006602,-0.512885829221108,-0.019793701779552197,-0.01862515842659651,-0.0006920874748095173,35.80727404961533,29.3375,0.5134698781711714,30.364439756342342,28.310560243657655,0.07000867533650407,0.14092343516490474,0.6410203086696619,0.022413297505932232,28.26994186414824,12.162504507825908,26.491072545985737,18.18181818181824,24.3939393939394,932245723.0,941624106.0,0.15138276687763624,0.4230389198369238,-0.8165967166902286,3536528.6,-0.3306391108532508,0.8325873569918253,0.019230769230769256,-0.025138474648487286,-0.051986078117230994,4.0,7.0,-0.02249134948096876,0.0,1284.57,1280.75,-0.002375759464090965,-0.0017848235440828253,0.0006562961458227434,0.11515407452136596,-0.008004863373279214,-0.012008279904192953,-0.05676190670687886,-0.056724678518993765,1.4573943665846876,0.741623425627484,28.9,27.2,-0.05882352941176472,-0.01507623779338707,-0.04374729161837765,28.9,28.25,28.9,28.0,-0.03114186851211065,-0.03273007615992041,0.0015882076478097584,28.9,25.2,-0.12802768166089962,-0.0471132431043344,-0.08091443855656522,-0.012735132,0.0025,3
2024-07-15,28.9,28.9,28.25,28.25,3624377,-0.012237762237762295,-0.02249134948096876,-0.01909722222222221,-0.010507880910682998,-0.024179620034542326,-0.064569536423841,28.7,29.24,30.129166666666666,28.948404212630464,29.50746882198681,-0.5590646093563443,-0.5221215852481553,-0.03694302410818895,-0.01978989767633077,-0.0013077176675465115,32.68323285657533,29.24,0.5260578315213373,30.292115663042672,28.187884336957325,0.07196413563903378,0.029519408000751313,0.6416617151932573,0.02271368903338964,29.22220797825977,11.28246492322666,27.357216837649037,0.0,16.060606060606066,928621346.0,940520616.0,0.1550239117916868,0.49445316042516985,-0.9070041718727964,3501920.3,0.06873996990998184,1.0349684428854649,0.023008849557522075,-0.03385772913816687,-0.062370349882450604,0.0,7.0,0.0,0.0,1284.14,1279.82,-0.0007261370290845282,-0.002913771074199878,0.0039614989370631015,0.1141985907488554,-0.011511625208677767,-0.0075941098364831205,-0.0685310353609041,-0.068260620983435,1.4558819168817065,0.7430346702477054,28.3,26.9,-0.049469964664311084,-0.021974852474606843,-0.02749511218970424,28.3,28.3,28.3,27.9,-0.014134275618374659,-0.02824224565998612,0.014107970041611462,28.3,25.4,-0.10247349823321561,-0.0409641183944871,-0.061509379838728506,-0.0147567205,0.0025,3
2024-07-16,28.3,28.8,28.25,28.3,3480291,0.001769911504424737,-0.010489510489510523,-0.02076124567474036,-0.022452504317789224,-0.03412969283276446,-0.06907894736842102,28.570000000000004,29.134999999999998,30.10916666666667,28.848649718379622,29.418026687024824,-0.5693769686452015,-0.5315726619275646,-0.037804306717636904,-0.020119327513964717,-0.001335841226771622,33.574822182888994,29.134999999999998,0.4907298538639962,30.11645970772799,28.153540292272005,0.06737324233588418,0.07461320448245344,0.6351144498223105,0.022442206707502136,30.106455084220478,10.584575442777137,25.665005607630732,3.030303030303076,7.070707070707127,932101637.0,939454244.45,0.15183413372049778,0.5544658014657694,-0.6921203758103731,3539038.75,-0.03314582406867644,0.9834000828614832,0.01943462897526504,-0.02865968766088889,-0.06008690598101363,1.0,7.0,-0.05594405594405594,0.0,1282.83,1281.18,0.0010626494350769455,-0.00968532360420804,0.0013130128956624354,0.11351064887772708,0.0007072620693477916,-0.012767180713581183,-0.07039196026408345,-0.07029965590931386,1.424273031001767,0.7206103794267785,28.6,26.5,-0.07342657342657344,-0.04219054950352619,-0.03123602392304725,28.6,27.0,28.6,27.3,-0.045454545454545525,-0.03188784436305958,-0.013566701091485944,28.6,25.2,-0.11888111888111896,-0.04327136158996003,-0.07560975729115893,-0.016035957,0.0025,3
2024-07-17,28.6,28.6,27.0,27.0,5994787,-0.04593639575971731,-0.04424778761061943,-0.05594405594405594,-0.0625,-0.08319185059422751,-0.09698996655518388,28.21,28.99,30.092500000000005,28.56424206939814,29.23891359909706,-0.6746715296989194,-0.5601924354818356,-0.1144790942170838,-0.02498783443329331,-0.004239966452484585,24.4919530137429,28.99,0.6540561701290966,30.298112340258193,27.681887659741804,0.09024576338449082,-0.26063803495929616,0.7040348462635742,0.026075364676428674,32.15643817031142,8.866385254736436,34.18081695187766,0.0,1.0101010101010466,926106850.0,938441388.2,0.21003730146336874,-1.2884983447093143,3.9840477856860605,3485523.45,1.499188837970658,1.7199101041767484,0.05925925925925931,-0.06864436012418074,-0.10276647005067718,2.0,7.0,0.005494505494505475,1.0,1286.07,1268.66,-0.009772241215129762,-0.013437640947478124,-0.008696739308792778,0.11877776320344365,-0.036164154544587546,-0.049062359052521876,-0.0882932272463911,-0.08906782691789672,1.3942833101856587,0.7027192033763497,27.3,27.5,0.0073260073260073,-0.0255556866910579,0.0328816940170652,27.3,27.45,27.3,27.3,0.0,-0.01529564498996816,0.01529564498996816,27.3,25.3,-0.07326007326007322,-0.031936740233683536,-0.041323333026389686,-0.01491606,0.0025,3
2024-07-18,27.3,27.5,27.1,27.45,3238019,0.016666666666666607,-0.03003533568904604,-0.02831858407079646,-0.05017301038062283,-0.06313993174061439,-0.07885906040268464,27.920000000000005,28.872500000000002,30.064166666666665,28.392820212567656,29.106401480645427,-0.7135812680777711,-0.5908702020010228,-0.12271106607674831,-0.025995674611212063,-0.004470348490956223,31.409138763883774,28.872500000000002,0.7096097889906394,30.291719577981283,27.45328042201872,0.09830943478959428,-0.0011557133475386817,0.6894609286733189,0.02511697372216098,34.05999389311015,8.407103802994266,32.410240242163226,17.30769230769227,6.779331779331804,929344869.0,937766328.45,0.22370068570778914,-1.0910498258463326,3.0528421660276663,3471528.85,-0.13943947391397196,0.9327357311174297,0.014571948998178454,-0.04926833492077243,-0.08695290628378194,3.0,7.0,-0.021582733812949728,0.0,1270.95,1274.44,0.0045559882080306036,-0.007290855273407004,-0.0061296108554939055,0.1198173244158505,0.012110678458636004,-0.042882155107215825,-0.07272944954719074,-0.07317800222400639,1.3248697575268507,0.6902332402070056,27.8,27.75,-0.0017985611510791255,-0.033004516655165905,0.03120595550408678,27.8,27.2,27.8,26.0,-0.06474820143884896,-0.03788971833636534,-0.02685848310248362,27.8,24.9,-0.10431654676259006,-0.04055579951069577,-0.06376074725189429,-0.015620863,0.0025,3
2024-07-19,27.8,27.8,27.05,27.2,2192672,-0.00910746812386154,0.007407407407407307,-0.03886925795053009,-0.04895104895104907,-0.06206896551724139,-0.0732538330494038,27.640000000000004,28.765000000000004,30.046666666666667,28.20930941063417,28.965186556153174,-0.7558771455190048,-0.6238715907046193,-0.13200555481438547,-0.027789600938198704,-0.004853145397587701,29.777098900588058,28.765000000000004,0.7915840215401536,30.34816804308031,27.181831956919698,0.11007599812830217,0.005737875761107602,0.6937851480537961,0.025506806913742505,34.96790500543774,10.84658609334047,29.90764577904097,7.6923076923076605,8.333333333333332,927152197.0,937157701.6,0.22074940297666434,-1.180408782242287,3.506374691603075,3405095.95,-0.7137223575469335,0.6439383888727129,0.027573529411764705,-0.054406396662610934,-0.09474151320168633,4.0,7.0,-0.012844036697247763,0.0,1275.28,1264.78,-0.007579799755186634,-0.012469256295139619,-0.01344752811968608,0.1225843699527147,-0.001527668368674906,-0.03648179265590945,-0.059806304929717724,-0.06062151444994124,1.269915893748731,0.676836574019149,27.25,28.0,0.02752293577981657,-0.015308144789205946,0.04283108056902252,27.25,26.9,27.25,25.95,-0.047706422018348627,-0.019676237890631332,-0.028030184127717295,27.25,26.6,-0.023853211009174258,-0.007285440218166905,-0.016567770791007352,-0.012544566,0.0025,3
2024-07-22,27.25,27.5,26.7,26.9,3702942,-0.011029411764705954,-0.02003642987249543,-0.0037037037037037646,-0.04778761061946912,-0.05779334500875666,-0.09579831932773109,27.370000000000005,28.622500000000002,30.003333333333334,28.007877193613528,28.8122097742159,-0.8043325806023738,-0.6599637886841702,-0.14436879191820362,-0.02990083942759754,-0.00536686958803731,27.903408140627093,28.622500000000002,0.8586211406422031,30.33974228128441,26.905257718715596,0.11999247314416323,-0.0015308610709448213,0.7013719231928107,0.026073305694900028,36.14152360024636,9.962882456049206,31.035423558009246,6.896551724137901,10.632183908045965,923449255.0,935915059.85,0.21226088850553057,-1.1564758977442675,3.9083987332920422,3141375.25,0.516321271049333,1.1787646190947738,0.02973977695167289,-0.06017992837802444,-0.10343295189423407,0.0,7.0,-0.013035381750465591,0.0,1261.42,1254.64,-0.008017204573127268,-0.01967464174649547,0.00041463336841784937,0.09853400633410221,-0.0030122071915786863,-0.028112968872973654,-0.09621295269614893,-0.09617307612964221,1.1503519191261127,0.6233774339041254,26.85,27.9,0.03910614525139655,-0.008052708638360273,0.047158853889756824,26.85,26.5,26.85,24.35,-0.09310986964618251,-0.05462632885606988,-0.038483540790112625,26.85,26.6,-0.009310986964618295,0.003899038767585461,-0.013210025732203756,-0.0110699795,0.0025,3
2024-07-23,26.85,27.15,26.5,26.5,2262748,-0.014869888475836368,-0.02573529411764708,-0.03460837887067392,-0.06360424028268552,-0.08462867012089803,-0.11073825503355705,27.01,28.4575,29.953333333333333,27.775896086903753,28.640934976125834,-0.865038889222081,-0.7009788087917523,-0.16406008043032871,-0.03264297695177664,-0.006190946431333159,25.591186929845634,28.4575,0.934186248757861,30.32587249751572,26.589127502484278,0.13130967214377384,-0.023851641630024505,0.6977025001076099,0.026328396230475847,37.40761457377704,9.299903034771804,31.0177097746909,0.0,4.862953138815208,921186507.0,934466046.55,0.21354406674867762,-0.960932663069017,3.4249701776520225,3161278.5,-0.842524292661482,0.7157699013231513,0.0245283018867924,-0.06878678731441623,-0.11529045181393283,1.0,7.0,0.037735849056603765,1.0,1256.72,1231.81,-0.018196454759931258,-0.038534788242089446,-0.019696632074871046,0.11748248609062567,0.0033265662840948895,-0.025069452040596074,-0.09104162295868601,-0.09287086624151975,1.1074149947262542,0.6272128391162264,26.5,27.3,0.030188679245283012,0.015960832313341555,0.014227846931941457,26.5,27.5,26.5,24.6,-0.07169811320754715,-0.01241942064463486,-0.059278692562912294,26.5,27.15,0.024528301886792336,0.03839249286005719,-0.013864190973264856,-0.011150339,0.0025,3
2024-07-24,26.5,27.8,26.3,27.5,4543326,0.037735849056603765,0.02230483271375472,0.011029411764705843,0.0185185185185186,-0.04513888888888895,-0.06779661016949157,27.110000000000003,28.357499999999998,29.928333333333335,27.733450535072407,28.556421274190587,-0.8229707391181798,-0.7253771948570379,-0.09759354426114186,-0.029926208695206537,-0.003548856154950613,39.163683279574485,28.357499999999998,0.9237046406496953,30.20490928129939,26.510090718700607,0.13029422772101856,0.26791823861660263,0.7550094643856378,0.027454889614023193,36.9245645789274,14.129562969601018,26.616008598676437,38.70967741935484,15.202076381164268,925729833.0,933390813.9,0.2625583862554811,0.06267608415611277,2.746738234944414,3241830.45,1.174327636446871,1.4014693458135665,0.05454545454545454,-0.030238913867583483,-0.08113827476750013,2.0,7.0,0.010928961748633892,1.0,1225.5,1238.47,0.005406677977934926,-0.023796761937792676,-0.018053661476007732,0.11852082632989017,0.03232917107866884,0.04231528045631128,-0.049742948693483835,-0.05065750208738973,1.1729521769206828,0.6302203418760424,27.45,27.3,-0.005464480874316835,0.01507802614930398,-0.020542507023620815,27.45,27.75,27.45,24.75,-0.09836065573770492,-0.013820848068001101,-0.08453980766970381,27.45,27.3,-0.005464480874316835,0.041470655030334314,-0.04693513590465115,-0.012344961,0.0025,3
2024-07-25,27.45,27.75,27.05,27.75,1847601,0.009090909090909038,0.04716981132075482,0.03159851301115246,0.010928961748633892,-0.03979238754325254,-0.05128205128205132,27.170000000000005,28.2825,29.907500000000002,27.73599660659973,28.496686364991284,-0.7606897583915533,-0.7324397075639411,-0.028250050827612228,-0.02741224354564156,-0.001018019849643684,42.01143679647943,28.2825,0.9081900740077611,30.09888014801552,26.466119851984477,0.12844551563797557,0.35341724842627814,0.7510802169295208,0.027065953763225972,36.476018155138455,13.188946864215907,24.84415999990194,47.54098360655735,28.75022034197075,927577434.0,932547616.15,0.26542012313166413,-0.08870496764646345,2.5019690812333617,3194555.65,-1.173411666103921,0.5783593095333932,0.0252252252252252,-0.01882789710951993,-0.07213909554459597,3.0,7.0,0.009009009009008917,1.0,1232.92,1233.19,-0.004263324908960198,-0.03236715733969431,-0.02057041196419629,0.11910238522762136,0.013354233999869236,0.0432961190883282,-0.030711639317855033,-0.031356658705242624,1.1614808677077868,0.6210297328338538,27.75,26.0,-0.06306306306306309,-0.0066790262384534005,-0.056384036824609685,27.75,28.0,27.75,24.35,-0.12252252252252249,-0.02176957764266818,-0.10075294487985431,27.75,27.15,-0.021621621621621623,0.038511670080391136,-0.06013329170201276,-0.009563622,0.0025,3
2024-07-26,27.75,28.0,27.45,28.0,1524100,0.009009009009008917,0.018181818181818077,0.05660377358490565,0.02941176470588247,-0.020979020979021046,-0.03448275862068961,27.330000000000002,28.232499999999998,29.8825,27.776612513276696,28.45989478239934,-0.6832822691226426,-0.7226082198756814,0.039325950753038796,-0.02440293818295152,0.001404498241179957,44.794399013436035,28.232499999999998,0.8940262270967007,30.0205524541934,26.444447545806597,0.12666625018637398,0.4349851288046021,0.7367173442916979,0.026311333724703494,35.47091371725076,14.909521379392984,23.519336335864146,55.737704918032755,47.329455314648335,929101534.0,931978155.65,0.267419385847486,-0.2392516309980674,2.377065995381331,3073228.4,-1.3004820784635924,0.49592799545910743,0.019642857142857167,-0.008235189940671184,-0.06299673722078136,4.0,7.0,-0.007117437722420017,0.0,1235.21,1242.11,0.00723327305605781,-0.017924065845443482,-0.0025776507243118196,0.11645480994394654,0.0017757359529511074,0.04733583055132595,-0.03190510789637779,-0.031987560655269864,1.150944348914709,0.6242479906677563,28.1,25.95,-0.07651245551601427,-0.008904312700868111,-0.06760814281514615,28.1,27.9,28.1,25.2,-0.10320284697508908,-0.019291341738064127,-0.08391150523702495,28.1,26.95,-0.040925266903914626,0.030143222383406387,-0.07106848928732101,-0.0070772804,0.0025,3
2024-07-29,28.1,28.25,27.55,27.9,2287200,-0.0035714285714286698,0.00540540540540535,0.014545454545454417,0.037174721189590976,-0.012389380530973493,-0.03626943005181349,27.53,28.18,29.84333333333333,27.79559520354182,28.418421094814203,-0.6228258912723845,-0.702651754155022,0.07982586288263749,-0.02232350864775572,0.0028611420388042113,43.88710801909621,28.18,0.8804006265092201,29.94080125301844,26.41919874698156,0.12496815138526891,0.42049074263207914,0.7340946768422909,0.02631163716280613,33.98148499294979,16.326556878436815,21.917408336806,52.45901639344254,51.912568306010904,926814334.0,931383525.7,0.26750952359761654,-0.22083053122684093,2.3628809183597546,3098397.85,-0.694755891552876,0.7381879638213665,0.025089605734767,-0.009936124911284594,-0.06511783759633638,0.0,7.0,-0.014440433212996373,0.0,1247.71,1246.6,0.0036148167231566664,-0.006408212714404282,-0.006344853972707565,0.1139509339458055,-0.007186245294585336,0.04358293390399526,-0.029924576079105925,-0.0301156555156451,1.107622790154596,0.5952803071749154,27.7,24.35,-0.12093862815884471,-0.04743311177569498,-0.07350551638314973,27.7,27.3,27.7,25.4,-0.08303249097472931,-0.013590115696383243,-0.06944237527834607,27.7,26.7,-0.03610108303249093,0.026290259214419187,-0.06239134224691012,-0.0072559533,0.0025,3
2024-07-30,27.7,27.85,27.25,27.3,2067400,-0.02150537634408589,-0.025000000000000022,-0.01621621621621616,0.030188679245283012,-0.035335689045936425,-0.06825938566552903,27.690000000000005,28.079999999999995,29.794999999999998,27.71934978761231,28.33557508779093,-0.6162253001786198,-0.6853664633597416,0.06914116318112185,-0.022572355317898158,0.002532643339967833,38.80807619559059,28.079999999999995,0.8598347454445199,29.799669490889034,26.360330509110955,0.12248358197215382,0.27321223521947013,0.7280879142106986,0.026669886967424856,33.0616666037842,15.285448109264506,23.46291288701194,32.78688524590163,46.99453551912566,924746934.0,930563559.7,0.2710800558518162,-0.005174994247642259,2.0753175777389643,3079801.8,-0.8568571123825917,0.6712769633422515,0.02197802197802203,-0.027777777777777568,-0.08373888236281246,1.0,7.0,0.009242144177449063,1.0,1247.23,1245.06,-0.001235360179688727,0.01075652901015589,-0.019475661329826255,0.10405580935532513,-0.020270016164397164,0.01943215023512712,-0.04878372433570277,-0.04975269089379786,1.1260148477984953,0.5920702899698008,27.05,24.6,-0.09057301293900177,-0.029796785442302354,-0.06077622749669942,27.05,27.3,27.05,25.2,-0.06839186691312393,-0.01365184977353795,-0.054740017139585984,27.05,26.75,-0.011090573012939031,0.026542145977794585,-0.037632718990733616,-0.0068726083,0.0025,3
2024-07-31,27.05,27.6,26.9,27.3,3743500,0.0,-0.02150537634408589,-0.025000000000000022,-0.0072727272727272085,0.011111111111111072,-0.07300509337860772,27.650000000000006,27.972500000000004,29.749166666666667,27.654834435671955,28.25886582202864,-0.6040313863566844,-0.6690994479591302,0.06506806160244583,-0.022125691807937158,0.0023834454799430706,38.80807619559059,27.972500000000004,0.8126427000193399,29.597785400038685,26.347214599961323,0.11620594512744166,0.29311325875935457,0.7260816346242204,0.026596396872682063,32.698490720227944,14.232849656118429,25.290330483569267,36.36363636363637,40.5365126676602,924746934.0,929654738.3,0.2695534783181271,0.038095589605927314,2.2001157507026545,3178121.4,0.4921541660048797,1.177897106133202,0.025641025641025744,-0.024041469300205676,-0.0823272360570324,2.0,7.0,-0.044117647058823484,0.0,1247.45,1251.51,0.005180473230205873,0.010529120608492759,-0.019845714061949238,0.10374857521674315,-0.005180473230205873,-0.017801847881219968,-0.053159379316658484,-0.05423572602733928,1.1215497011544484,0.5921635040850991,27.2,24.75,-0.09007352941176472,-0.030854701535959816,-0.0592188278758049,27.2,26.0,27.2,25.3,-0.06985294117647056,-0.019313082361568368,-0.050539858814902194,27.2,26.8,-0.014705882352941124,0.02140141400776363,-0.036107296360704755,-0.0043501966,0.0025,3
2024-08-01,27.2,27.2,25.9,26.0,4615400,-0.04761904761904767,-0.04761904761904767,-0.06810035842293904,-0.06306306306306309,-0.05282331511839711,-0.11262798634812288,27.300000000000004,27.807499999999997,29.6825,27.400244522491654,28.091542427804296,-0.6912979053126413,-0.6735391394298325,-0.01775876588280889,-0.026588380973563128,-0.0006830294570311112,30.064962818512413,27.807499999999997,0.8624132298077283,29.532326459615454,26.08267354038454,0.12405476649216629,-0.023965756068866247,0.7742186607224905,0.029777640797018865,33.44874312449624,12.394499539003382,31.249659970919332,3.3333333333333806,24.16128498095715,920131534.0,928639008.2,0.31157402281958835,-0.270354157037166,1.2543977249925051,3285030.1,1.1281851648737207,1.40497951601722,0.05000000000000003,-0.06500044951901451,-0.12406300008422477,3.0,8.0,-0.0019230769230769162,0.0,1254.59,1226.96,-0.019616303505365473,-0.005051938468524697,-0.04135511645532042,0.12206029867266188,-0.0280027441136822,-0.05801112459453839,-0.07127286989280246,-0.0743475202509446,1.2484928441702932,0.6416279981490649,26.0,24.35,-0.06346153846153846,-0.0060460486809743585,-0.0574154897805641,26.0,25.95,26.0,24.9,-0.04230769230769238,0.006490248175902824,-0.048797940483595204,26.0,26.6,0.023076923076923217,0.054126531048722004,-0.031049607971798787,-0.005828631,0.0025,3
2024-08-02,26.0,26.3,25.5,25.95,2871600,-0.0019230769230769162,-0.0494505494505495,-0.0494505494505495,-0.07321428571428579,-0.045955882352941124,-0.10517241379310349,26.890000000000004,27.654999999999994,29.616666666666667,27.177129980569863,27.93290965537435,-0.7557796748044865,-0.6899872465047633,-0.0657924282997232,-0.029124457603255743,-0.00253535369170417,29.787002923287545,27.654999999999994,0.9088598988785584,29.47271979775711,25.837280202242876,0.1314568647808438,0.03100582331121872,0.7760601849565983,0.029905980152470073,34.484003083732745,11.481867851096228,32.63028485341045,13.636363636363612,17.777777777777807,917259934.0,927604378.5,0.31139099253234254,-0.3403658871826934,1.2975393737076806,3303929.7,-0.36987804219946785,0.8691468223431025,0.030828516377649353,-0.061652504067980285,-0.1238041643218909,4.0,8.0,-0.045098039215686225,0.0,1215.67,1236.6,0.007856816848144987,-0.004436000032203236,-0.036195286195286225,0.1261573698324969,-0.009779893771221904,-0.06877828568208255,-0.06897712759781727,-0.07156753500978774,1.229812633793166,0.636794266498029,25.5,25.2,-0.01176470588235301,0.0037652270210410954,-0.015529932903394106,25.5,24.35,25.5,26.6,0.04313725490196085,0.027217915590008745,0.015919339311952108,25.5,26.75,0.0490196078431373,0.05317255239735852,-0.004152944554221216,-0.0061110575,0.0025,3
2024-08-05,25.5,25.85,24.2,24.35,4849500,-0.061657032755298546,-0.06346153846153846,-0.10805860805860801,-0.12724014336917555,-0.09479553903345717,-0.1471103327495621,26.18,27.445,29.5225,26.74218690663604,27.667508940161433,-0.9253220335253936,-0.7370542039088894,-0.18826782961650412,-0.03800090486757263,-0.0077317383826079715,22.589740074343723,27.445,1.1455750107536748,29.73615002150735,25.15384997849265,0.1669630185102823,-0.17542499856988777,0.8456273146025556,0.034728021133575177,36.28594250097739,9.784626694616334,38.78775941593123,3.409090909090956,6.792929292929337,912410434.0,926596086.15,0.3690860759215777,-0.6979879687276404,0.9691307104772936,3277592.35,1.3975050471335033,1.4795921768611646,0.0677618069815196,-0.11277099653853162,-0.17520535185028363,0.0,8.0,-0.015999999999999903,0.0,1219.05,1188.07,-0.039244703218502375,-0.046951708647521184,-0.0743946523730874,0.18273729767724822,-0.02241232953679617,-0.08028843472165437,-0.07271568037647469,-0.07856013425473907,1.3182244545494237,0.723884325505178,25.0,25.4,0.016000000000000014,0.027356536842808366,-0.011356536842808351,25.0,24.6,25.0,26.6,0.06400000000000006,0.05352728973211285,0.010472710267887209,25.0,26.35,0.05400000000000005,0.06536842808470844,-0.011368428084708393,-0.0009454097,0.0025,3
2024-08-06,25.0,25.0,24.35,24.6,2171800,0.010266940451745477,-0.052023121387283155,-0.053846153846153766,-0.09890109890109888,-0.07169811320754715,-0.15025906735751293,25.640000000000004,27.2275,29.43,26.412619690230496,27.44028605570503,-1.0276663654745342,-0.7951766362220184,-0.23248972925251576,-0.041775055507094885,-0.009450802002134787,25.614116141902187,27.2275,1.2527312266867026,29.732962453373403,24.722037546626595,0.18403911144052185,-0.02435429564356068,0.8316539349880873,0.03380707052797102,37.959171959847424,9.238382373173415,36.6223632302899,9.876543209876594,8.973999251777075,914582234.0,925535741.75,0.3663998462375249,-0.7074262146744078,1.044053436359527,3225540.3,-0.9149308236074188,0.6733135530813241,0.026422764227642215,-0.09650169865026159,-0.164118246687054,1.0,8.0,-0.0020161290322581182,0.0,1197.52,1210.28,0.018694184686087523,-0.027934396735900258,-0.06448895038300706,0.19546624495912485,-0.008427244234342046,-0.07096670216519863,-0.08577011697450587,-0.0916826337963843,1.2753852675163646,0.7216712233086869,24.8,25.2,0.016129032258064502,0.011060347094399292,0.00506868516366521,24.8,24.75,24.8,27.15,0.094758064516129,0.04567939784380748,0.049078666672321525,24.8,26.05,0.05040322580645151,0.04211313436760444,0.00829009143884707,-0.00034290706,0.0025,3
2024-08-07,24.8,25.0,24.6,24.75,1195800,0.0060975609756097615,0.01642710472279263,-0.046242774566473965,-0.09340659340659341,-0.09999999999999998,-0.140625,25.130000000000003,27.025,29.33833333333333,26.15683204557965,27.241005607134287,-1.0841735615546355,-0.8529760212885419,-0.23119754026609363,-0.04380499238604588,-0.009341314758226004,27.445739283855744,27.025,1.3111365098145402,29.64727301962908,24.402726980370918,0.19406275815941393,0.06621603033504946,0.8008215110603667,0.032356424689307745,39.512885028798166,8.90877861197928,35.31576341909644,13.580246913580263,8.955293677515959,915778034.0,924713887.45,0.3696623856320605,-0.757123958992865,0.9794355805530214,3106630.2,-1.548864876660315,0.38491868134160284,0.016161616161616103,-0.08418131359851988,-0.15639379651195817,2.0,8.0,-0.012170385395537386,0.0,1216.96,1215.88,0.004627028456225091,-0.02846960871267501,-0.054481546572934914,0.19711820836015825,0.0014705325193846708,-0.0649369846939184,-0.08614345342706509,-0.09110710966542757,1.287171715278318,0.723374118221575,24.65,25.3,0.026369168356997985,0.015290923644405652,0.011078244712592333,24.65,24.35,24.65,27.3,0.10750507099391493,0.05959581789524937,0.04790925309866556,24.65,26.5,0.0750507099391482,0.05126956751359524,0.02378114242555296,-0.0036448315,0.0025,3
2024-08-08,24.65,24.85,24.25,24.35,3165000,-0.016161616161616155,-0.010162601626016232,0.0,-0.06346153846153846,-0.12252252252252249,-0.15743944636678187,24.800000000000004,26.797500000000003,29.235833333333336,25.878857884721246,27.02685704364286,-1.147999158921614,-0.9119806488151564,-0.2360185101064577,-0.047145756013207966,-0.009692751955090664,25.633143837820214,26.797500000000003,1.3624161007486808,29.522332201497363,24.072667798502643,0.20336465726260733,0.050889776138317445,0.7864771174131978,0.03229885492456664,41.15893021943557,8.423316556945752,36.57004947548333,3.7037037037037557,9.053497942386892,912613034.0,923585029.55,0.36865183727183454,-0.6314492722217883,0.8807834382534306,3116126.6,0.039626155799972515,1.0156840225939472,0.024640657084188968,-0.09133314674876392,-0.16711797736795597,3.0,8.0,0.024390243902439046,1.0,1211.83,1208.32,-0.006217718853834375,-0.015192019299732795,-0.05879420470478269,0.1974562077361005,-0.00994389730778178,-0.04826951916180566,-0.09864524166199917,-0.10480730373218561,1.301619375851516,0.7233092172902054,24.6,24.9,0.012195121951219301,0.006796675717929634,0.0053984462332896666,24.6,25.2,24.6,27.15,0.10365853658536572,0.05552538467868007,0.048133151906685656,24.6,26.3,0.06910569105691056,0.043141611124825285,0.02596407993208527,-0.006273241,0.0025,3
2024-08-09,24.6,25.2,24.6,25.2,3197300,0.03490759753593431,0.018181818181818077,0.024390243902439046,-0.028901734104046284,-0.09999999999999998,-0.11888111888111896,24.650000000000002,26.627499999999998,29.142500000000002,25.774418210148745,26.891534299669313,-1.117116089520568,-0.9530077369562387,-0.16410835256432932,-0.0443300035524035,-0.006512236212870211,35.397017223167225,26.627499999999998,1.337562098902847,29.30262419780569,23.952375802194304,0.20092942993564503,0.23318995783991558,0.7910144661693979,0.03138946294323008,41.86643849359716,10.937283667471196,33.76311669814451,24.691358024691354,13.991769547325147,915810334.0,922763260.1,0.39901033357536314,-0.5027286782654683,0.46726409894697896,3128768.15,0.055590147457896984,1.0219037802465485,0.023809523809523725,-0.053609989672331215,-0.13528352063138038,4.0,8.0,0.01195219123505975,1.0,1215.3,1223.64,0.012678760593220373,-0.01048034934497799,-0.04459105992582468,0.20511991447933017,0.022228836942713937,-0.018421384759068293,-0.07429005895529428,-0.07775734121718247,1.3458384853611147,0.7325043383946047,25.1,26.6,0.05976095617529875,0.021436437048819368,0.038324519126479384,25.1,25.4,25.1,26.95,0.07370517928286846,0.048427749908234397,0.025277429374634064,25.1,25.75,0.02589641434262946,0.023883518903707213,0.0020128954389222464,-0.0055628857,0.0025,3
2024-08-12,25.1,25.5,25.0,25.4,1776600,0.007936507936507908,0.04312114989733051,0.02626262626262621,0.04312114989733051,-0.08960573476702505,-0.10088495575221246,24.860000000000003,26.485000000000003,29.049166666666668,25.7168154085874,26.781050277471586,-1.064234868884185,-0.9752531633418281,-0.08898170554235685,-0.041899010585991533,-0.0035032167536360966,37.47708593532921,26.485000000000003,1.3070758847218578,29.09915176944372,23.870848230556287,0.19740621253114707,0.29247570613872786,0.7702277185858695,0.03032392592857754,41.86232535058405,13.212247066913617,32.197572421737284,29.62962962962961,19.341563786008262,917586934.0,922211539.5,0.40124968559819607,-0.616770114210571,0.49348773035223775,3036379.3,-0.9977760463217616,0.5851047660613415,0.01968503937007874,-0.04096658485935456,-0.12562035629249269,0.0,8.0,-0.00982318271119842,0.0,1225.95,1230.28,0.0054264326108985905,0.03552820961727843,-0.0387085683924302,0.20686068971252286,0.002510075325609318,0.007592940280052085,-0.06217638735978226,-0.06468005988132497,1.3460310182537782,0.7332982463153623,25.45,26.6,0.045186640471512884,0.025865784145518322,0.019320856325994562,25.45,25.2,25.45,26.7,0.04911591355599221,0.04082744488986112,0.008288468666131088,25.45,25.4,-0.0019646365422396617,0.01907611744903681,-0.021040753991276473,-0.0075580403,0.0025,3
2024-08-13,25.45,25.45,24.95,25.2,1888100,-0.007874015748031482,0.0,0.03490759753593431,0.024390243902439046,-0.07692307692307698,-0.10954063604240283,24.98,26.330000000000002,28.945833333333333,25.6373053457278,26.66393544210332,-1.02663009637552,-0.9855285499485665,-0.041101546426953406,-0.04073928953871111,-0.0016310137471013256,36.22113730334276,26.330000000000002,1.2635997034372604,28.85719940687452,23.802800593125482,0.19196349463536036,0.27643236285071876,0.7509257386868788,0.029798640424082496,41.90371625428236,12.583868064349897,31.14184826315436,24.691358024691354,26.337448559670793,915698834.0,921391399.35,0.4005528615385635,-0.5574997496765275,0.4656115546090672,2956769.75,-0.8328468748130524,0.6385684918482408,0.01984126984126984,-0.04291682491454629,-0.1294083777170002,1.0,8.0,0.001980198019801982,1.0,1229.81,1230.42,0.00011379523360544042,0.01664077734078062,-0.03961972556549431,0.20670840439756727,-0.007987810981636922,0.007749466561658425,-0.06992091047690852,-0.07280544211310414,1.344693345044062,0.7373529911432145,25.25,27.15,0.07524752475247509,0.03149063791845652,0.04375688683401857,25.25,25.3,25.25,26.75,0.05940594059405946,0.037983302261489715,0.021422638332569743,25.25,25.4,0.005940594059405946,0.018359406662883826,-0.01241881260347788,-0.006488352,0.0025,3
2024-08-14,25.25,25.4,25.05,25.3,1819800,0.003968253968253954,-0.00393700787401563,0.003968253968253954,0.022222222222222143,-0.07326007326007322,-0.06296296296296289,25.090000000000003,26.244999999999997,28.850833333333334,25.58541221561583,26.562903187132704,-0.9774909715168754,-0.9839210342622283,0.00643006274535296,-0.038636006779323134,0.0002541526776819352,37.351637070531055,26.244999999999997,1.2732986584790897,28.79159731695818,23.698402683041817,0.19406342670666268,0.31445829819518434,0.7222881859235302,0.028548940155080242,41.94215066485936,12.148312412547984,30.06395965615272,27.160493827160526,27.16049382716052,917518634.0,920961988.55,0.37183761554419764,-0.7481900633822227,1.512591238818158,2748020.4,-0.8534544395113031,0.6622221581761184,0.013833992094861575,-0.03600685844922835,-0.1230755899598509,2.0,8.0,-0.007968127490039945,0.0,1233.7,1230.36,-4.8763836738796584e-05,0.011909069974010311,-0.03018933362760723,0.2046922263901845,0.004017017804992751,0.010313152248211832,-0.03277362933535566,-0.03379384293425691,1.3462123129939991,0.7351579200969003,25.1,27.3,0.08764940239043817,0.04345105559979845,0.04419834679063972,25.1,24.9,25.1,26.8,0.06772908366533859,0.041330104503567444,0.02639897916177114,25.1,25.1,0.0,0.017170765005119604,-0.017170765005119604,-0.0071048993,0.0025,3
2024-08-15,25.1,25.25,24.75,24.9,2214200,-0.015810276679842028,-0.011904761904761973,-0.019685039370078705,0.022587268993839782,-0.04230769230769238,-0.09289617486338797,25.200000000000003,26.1175,28.73916666666667,25.479964182444164,26.43972517327102,-0.9597609908268581,-0.9790890255751543,0.019328034748296252,-0.03854461810549631,0.0007762262951122994,34.70196318195214,26.1175,1.2739572619454829,28.665414523890966,23.569585476109033,0.19511167025105516,0.2610791122339664,0.7099818869289923,0.028513328792329012,42.267121757483004,11.476104938978045,31.418604093165634,17.28395061728393,23.04526748971196,915304434.0,920259966.8,0.3669140554991382,-0.5900486828770927,1.5128679416645519,2696829.45,-0.4438292899042957,0.8210382009882011,0.020080321285140562,-0.04661625346989573,-0.13358656885203135,3.0,8.0,0.06400000000000006,1.0,1230.58,1223.56,-0.0055268376735264635,0.012612552966101642,-0.03992341734408844,0.20389478519976173,-0.010283439006315565,0.00997471602773814,-0.05297275751929953,-0.055175554196685184,1.3360535424457642,0.7294710188768869,25.0,27.15,0.08599999999999985,0.04437949310819289,0.04162050689180696,25.0,26.6,25.0,26.6,0.06400000000000006,0.043312952363893986,0.02068704763610607,25.0,24.7,-0.01200000000000001,0.008947544106751693,-0.020947544106751703,-0.006534335,0.0025,3
2024-08-16,25.0,26.6,24.95,26.6,5768300,0.0682730923694781,0.05138339920948609,0.05555555555555558,0.05555555555555558,0.025048169556840083,-0.022058823529411686,25.480000000000004,26.0875,28.668333333333333,25.652277385145062,26.451597382658353,-0.7993199975132903,-0.9431352199627816,0.1438152224494913,-0.030049623966665048,0.0054065873101312514,50.70658190027893,26.0875,1.254032967752845,28.59556593550569,23.579434064494308,0.19228104920024464,0.6021703601856603,0.7806974664340646,0.029349528813310696,39.908158227669176,22.042720650224734,26.531799184294837,65.75342465753427,36.73262303399293,921072734.0,919955993.65,0.448142131813393,0.22269277914970514,1.633565318108105,2875610.85,2.2643504928023943,2.005939016400637,0.062030075187970005,0.01964542405366565,-0.07214696819952326,4.0,8.0,-0.011152416356877248,0.0,1228.27,1252.23,0.023431625747817986,0.02336471511228777,-0.009922674299087553,0.22150424111122274,0.04484146662166011,0.03219084044326781,-0.012136149230324134,-0.012257779180764983,1.4951599967159324,0.7521487654828058,26.9,26.95,0.0018587360594795044,0.020613645026045013,-0.01875490896656551,26.9,26.6,26.9,26.75,-0.005576208178438624,0.019462266548087914,-0.02503847472652654,26.9,25.25,-0.0613382899628252,-0.0003255621903187622,-0.061012727772506437,-0.0045752213,0.0025,3
2024-08-19,26.9,26.95,26.55,26.6,2282700,0.0,0.0682730923694781,0.05138339920948609,0.047244094488189115,0.0924024640657084,-0.011152416356877248,25.720000000000006,26.072499999999998,28.591666666666672,25.798080864353516,26.462590169128106,-0.6645093047745902,-0.8874100369251434,0.22290073215055317,-0.02498155281107482,0.008379726772577187,50.70658190027893,26.072499999999998,1.2455684603722794,28.563636920744557,23.58136307925544,0.1910930613285691,0.6058753526567184,0.7535047902602028,0.02832724775414296,37.20043585852321,24.524732716500132,25.525765227956228,70.58823529411767,51.20853685631198,921072734.0,919837167.6,0.4464894401798702,0.1626762143734155,1.690358350035297,2804598.75,-0.4114219040092792,0.8139132202066338,0.015037593984962351,0.020232045258414155,-0.06965899154765387,0.0,8.0,0.016853932584269593,1.0,1259.36,1261.62,0.007498622457535742,0.025473875865656526,0.005563348849072058,0.2212792523141757,-0.007498622457535742,0.02177021862253259,-0.016715765205949307,-0.01662328407760838,1.4782011746734722,0.7489020075600192,26.7,26.7,0.0,0.012954536461836641,-0.012954536461836641,26.7,27.15,26.7,26.35,-0.013108614232209659,0.009615004154631235,-0.022723618386840894,26.7,25.25,-0.054307116104868935,0.0009891979582954402,-0.055296314063164376,-0.0043271985,0.0025,3
2024-08-20,26.7,27.5,26.35,27.15,3682400,0.020676691729323293,0.020676691729323293,0.09036144578313254,0.07738095238095233,0.10365853658536572,0.024528301886792336,26.110000000000003,26.105,28.509166666666665,26.006068423683743,26.513509415859357,-0.5074409921756136,-0.8114162279752375,0.30397523579962393,-0.018690275954902896,0.011196141281754104,54.85811086744987,26.105,1.2656286143550017,28.636257228710004,23.573742771289997,0.1939289200314119,0.7064191635973239,0.7818258766701882,0.028796533210688334,35.135289594805606,26.972899078970947,22.843890210577356,89.39393939393936,75.24519978186379,924755134.0,920015598.95,0.44880650687567103,-0.01798060192300572,1.572372623438383,2875581.35,0.6321523279807886,1.2805758390386,0.042357274401473244,0.0400306454702164,-0.0476747245038146,1.0,8.0,0.0018348623853210455,1.0,1263.65,1272.55,0.008663464434615964,0.03424034069667248,0.03307328240556573,0.2117212285295141,0.01201322729470733,0.04314061168427985,-0.008544980518773393,-0.008271417588959329,1.4650341214123912,0.7465329616624066,27.25,26.75,-0.01834862385321101,0.0064605372777717385,-0.02480916113098275,27.25,27.3,27.25,26.05,-0.044036697247706424,-0.003245987707688136,-0.04079070954001829,27.25,26.75,-0.01834862385321101,-0.0008409701809264369,-0.017507653672284573,-0.0069805016,0.0025,3
2024-08-21,27.25,27.4,27.1,27.3,2857600,0.005524861878453136,0.026315789473684292,0.026315789473684292,0.07905138339920947,0.10303030303030303,-0.0072727272727272085,26.51,26.095,28.433333333333334,26.20513482004009,26.571767977647553,-0.3666331576074633,-0.7224596139016827,0.3558264562942194,-0.013429785992947373,0.013033936127993384,55.94779357028322,26.095,1.2547698467932407,28.60453969358648,23.585460306413516,0.19233873873052176,0.7400838693804218,0.7474097426223174,0.027377646249901737,33.217653778496405,26.199574004933957,22.18894566654944,93.93939393939395,84.64052287581701,927612734.0,920109744.0,0.42850635589128355,0.03826273723762773,2.3618014304102037,2791295.05,0.054592721203800106,1.0237541889382136,0.010989010989010884,0.04617742862617358,-0.0398593200468933,2.0,8.0,-0.005494505494505586,0.0,1272.34,1284.05,0.009036973006954607,0.04363763451347569,0.03680347525575911,0.212949682417821,-0.0035121111285014717,0.03541374888573379,-0.04407620252848632,-0.04251162691908761,1.463494652905943,0.7470310606352022,27.3,26.8,-0.01831501831501836,-0.004583093821368012,-0.01373192449365035,27.3,27.15,27.3,26.5,-0.02930402930402931,-0.010393524632187234,-0.018910504671842077,27.3,26.65,-0.023809523809523836,-0.011884972113039294,-0.011924551696484542,-0.0068159406,0.0025,3
2024-08-22,27.3,27.45,27.1,27.15,2175100,-0.005494505494505586,0.0,0.020676691729323293,0.09036144578313254,0.11498973305954818,-0.021621621621621623,26.96,26.064999999999998,28.360833333333336,26.350498693880077,26.61459997930329,-0.2641012854232123,-0.6307879482059886,0.3666866627827763,-0.009727487492567674,0.013505954430304836,54.5302306478815,26.064999999999998,1.2198036943016966,28.50460738860339,23.625392611396606,0.18719412151186587,0.7223718466070751,0.7190233324350089,0.02648336399392298,31.50592502259296,25.78533641410111,21.417449643207426,89.39393939393936,90.90909090909092,925437634.0,920002754.0,0.4275204497175148,0.12605979158246716,2.4264288664615012,2807670.0,-0.5256955261630923,0.7746993058301012,0.012891344383057012,0.04162670247458289,-0.04269385596332986,3.0,8.0,-0.005535055350553542,0.0,1287.34,1282.78,-0.0009890580584868136,0.04839975154467302,0.04021278148541585,0.21200886508318106,-0.004505447436018772,0.041961694238459524,-0.06183440310703747,-0.05944399473609474,1.4628419433987192,0.7461432971867067,27.1,26.6,-0.01845018450184499,-0.0013637567993017852,-0.017086427702543205,27.1,26.95,27.1,26.3,-0.029520295202952074,-0.012071195897819575,-0.0174490993051325,27.1,26.4,-0.02583025830258312,-0.011486728698118842,-0.014343529604464278,-0.0027845746,0.0025,3
2024-08-23,27.1,27.25,26.8,26.95,1993700,-0.007366482504604033,-0.012820512820512886,-0.007366482504604033,0.013157894736842035,0.06944444444444442,-0.03749999999999998,27.03,26.0125,28.28666666666667,26.442729664052372,26.639444425280825,-0.19671476122845277,-0.5439733108104815,0.34725854958202873,-0.0072992490251745,0.012885289409351715,52.61597292923983,26.0125,1.152899662407553,28.318299324815104,23.706700675184894,0.17728394616550544,0.7032917587212788,0.6998073801182225,0.025966878668579687,29.419634893466046,24.600989966370097,23.49579171265729,83.07692307692307,88.80341880341882,923443934.0,919719874.0,0.4265141682586713,0.2248929762396501,2.5081523654863043,2831150.0,-0.7089119237093378,0.704201472899705,0.01669758812615953,0.0360403652090342,-0.04725430120197982,4.0,8.0,-0.014760147601476148,0.0,1283.22,1285.32,0.0019800745256395302,0.026424858053232914,0.034787579199909935,0.211126568161054,-0.009346557030243563,-0.013266963316390878,-0.07228757919990991,-0.06985740904988647,1.4640358094232508,0.7455141341990786,27.1,26.75,-0.01291512915129156,-0.004481836157097074,-0.008433292994194486,27.1,26.7,27.1,25.75,-0.04981549815498165,-0.02668941185592999,-0.023126086299051662,27.1,28.2,0.040590405904058935,-0.009816616911565212,0.05040702281562415,-0.0009969054,0.0025,3
2024-08-26,27.1,27.5,26.7,26.7,2672200,-0.00927643784786647,-0.016574585635359074,-0.02197802197802201,0.003759398496240518,0.051181102362204856,-0.043010752688172005,27.05,25.952499999999997,28.19333333333333,26.482309715736623,26.64393002340817,-0.1616203076715479,-0.4675027101826948,0.3058824025111469,-0.006053195043878199,0.011456269756971794,50.2417446131727,25.952499999999997,1.0783119117156623,28.10912382343132,23.795876176568672,0.16619777080676812,0.6733032881948514,0.7069639958240639,0.026478052278054828,27.859544658665307,25.138419641342807,21.596661520419282,75.38461538461537,82.61849261849262,920771734.0,919417744.0,0.4273497758914196,0.2575482702843462,2.474036178081049,2850400.0,-0.15164569198755476,0.9374824586023014,0.02996254681647943,0.028802620171467286,-0.05296760463466532,0.0,8.0,0.0018726591760300781,1.0,1289.65,1280.02,-0.004123486758161321,0.014584423201914998,0.026808920263115654,0.21202742968088734,-0.005152951089705149,-0.01082502470567448,-0.06981967295128766,-0.06799675341094291,1.4375974882550266,0.7358778847410257,26.7,26.35,-0.013108614232209659,-0.0029307178304872616,-0.010177896401722397,26.7,26.75,26.7,25.4,-0.048689138576779034,-0.020538470556054844,-0.02815066802072419,26.7,28.05,0.050561797752809,0.0061974913055371506,0.04436430644727185,-5.3627995e-05,0.0025,3
2024-08-27,26.7,26.95,26.7,26.75,2441700,0.0018726591760300781,-0.007421150278293154,-0.014732965009208066,-0.014732965009208066,0.06150793650793651,-0.020146520146520186,26.970000000000006,25.925,28.107499999999998,26.523492836392528,26.651787058711268,-0.12829422231873977,-0.39966101260990383,0.27136679029116406,-0.004796045694158496,0.0101445529080809,50.72068800964811,25.925,1.0487461184925342,28.02249223698507,23.827507763014932,0.16181232300752701,0.6966634215499774,0.6743237104080594,0.02520836300590876,26.410889440636048,24.47271510832762,21.024748262654533,76.92307692307692,78.46153846153847,923213434.0,919341069.0,0.4211013155504675,0.14614628785148845,2.7694111997296513,2869115.0,-0.36690583333062166,0.8510289758340115,0.009345794392523364,0.03182256509161041,-0.04829671795784041,1.0,8.0,-0.0018621973929237035,0.0,1279.55,1280.56,0.00042186840830615857,0.006294448155278687,0.02851268211973723,0.2118347844634415,0.0014507907677239196,-0.021027413164486752,-0.04865920226625742,-0.047310259865704474,1.444442118286211,0.7400817975389637,26.85,26.05,-0.029795158286778478,-0.01184344831347739,-0.01795170997330109,26.85,26.8,26.85,25.4,-0.05400372439478596,-0.02108445469491449,-0.03291926969987147,26.85,27.95,0.040968342644320144,0.006295727787690497,0.03467261485662965,-0.0017847333,0.0025,3
2024-08-28,26.85,27.3,26.5,26.8,2411900,0.0018691588785046953,0.0037453183520599342,-0.005565862708719838,-0.01831501831501836,0.059288537549407216,-0.01831501831501836,26.870000000000005,25.9,28.0275,26.566032400024447,26.662765795103027,-0.09673339507858003,-0.3390754891036391,0.24234209402505907,-0.0036094550402455236,0.009042615448696233,51.22626781403595,25.9,1.0198039027188175,27.939607805437632,23.860392194562365,0.1574986722345663,0.7206306520304014,0.6833005882360552,0.025496290605822956,25.598288297572076,26.08483012129824,19.266496905753375,75.86206896551725,76.05658709106989,925625334.0,919384989.0,0.42119377910448147,0.13435982989212053,2.7614388508754417,2802535.0,-0.33960180986596805,0.8606136943874029,0.029850746268656744,0.0347490347490349,-0.04379627151904375,2.0,8.0,-0.009310986964618295,0.0,1283.41,1281.44,0.0006871993502843843,-0.0020326311280712828,0.023915110546459895,0.21139714748298538,0.001181959528220311,-0.016282387186947078,-0.042230128861478256,-0.04124377931969403,1.4457500130194822,0.7411913973534962,26.85,26.5,-0.013035381750465591,-0.005534522462042779,-0.007500859288422812,26.85,26.6,26.85,25.1,-0.06517690875232773,-0.02290308731118995,-0.04227382144113778,26.85,28.05,0.04469273743016755,0.007704617306116157,0.036988120124051393,-0.0022893415,0.0025,3
2024-08-29,26.85,26.95,26.55,26.6,1139000,-0.007462686567164201,-0.005607476635513975,-0.0037453183520598232,-0.02025782688766109,0.0682730923694781,0.023076923076923217,26.76,25.93,27.944166666666668,26.571258184636072,26.658116476947246,-0.08685829231117381,-0.28863204974514606,0.20177375743397225,-0.003265349335006534,0.007585479602780911,49.058159344811436,25.93,1.03165681768416,27.99331363536832,23.86668636463168,0.15914490052975863,0.6623601929719232,0.6630648319334798,0.024927249320807508,24.843730093298387,24.96083616970334,18.436304572133114,67.27272727272732,73.35262438710718,924486334.0,919602729.0,0.3842215328107384,0.3274906640335457,4.339376852951011,2628715.0,-1.3250403859400524,0.4332915511951657,0.015037593984962351,0.025838796760509153,-0.04810186979989861,3.0,8.0,0.0037523452157599557,1.0,1281.05,1281.47,2.341116244219954e-05,-0.0010212195388140666,0.04442687618178254,0.1966443145267617,-0.0074860977296064,-0.019236607348847024,-0.02134995310485932,-0.020441788306818087,1.446141228360497,0.7410780890165845,26.65,26.3,-0.013133208255159401,-0.01237135890184704,-0.0007618493533123605,26.65,26.75,26.65,24.7,-0.07317073170731703,-0.0345509929028287,-0.038619738804488324,26.65,28.2,0.05816135084427776,0.003373298743387876,0.054788052100889884,-0.00280926,0.0025,3
2024-08-30,26.65,26.75,26.5,26.75,1884100,0.005639097744360777,-0.001865671641791078,0.0,-0.007421150278293154,0.005639097744360777,0.030828516377649384,26.720000000000006,25.97,27.863333333333333,26.59875692546129,26.66492266384004,-0.06616573837874995,-0.24413878747186685,0.1779730490931169,-0.002473485546869157,0.00665319809693895,50.74203756693096,25.97,1.0478549517946238,28.065709903589248,23.87429009641075,0.16139467875157867,0.6860944586519638,0.6335602010810883,0.023684493498358442,24.034690417835694,24.257305208390505,18.48037794131388,72.72727272727273,71.9540229885058,926370434.0,920058254.0,0.3842869436451871,0.27571844983299,4.310766088446362,2579340.0,-0.6127154382431864,0.7304581792241426,0.009345794392523364,0.030034655371582675,-0.03995693264744582,4.0,8.0,0.0,0.0,1283.61,1283.87,0.0018728491498043454,-0.001128123735723463,0.03822578036551838,0.1955251877540292,0.0037662485945564317,-0.006293026542569691,-0.007397263987868996,-0.00712490878936245,1.4490588464040197,0.7410818571548108,26.35,25.75,-0.022770398481973486,-0.01271049795892687,-0.010059900523046617,26.35,26.35,26.35,25.25,-0.04174573055028463,-0.00978456649808479,-0.03196116405219984,26.35,28.2,0.0702087286527513,0.016367912284979358,0.05384081636777194,-0.003796468,0.005,4
2024-09-04,26.35,26.35,26.0,26.35,3820800,-0.01495327102803734,-0.009398496240601517,-0.016791044776119368,-0.013108614232209659,-0.009398496240601517,0.08213552361396292,26.650000000000006,26.07,27.774166666666666,26.56048662923648,26.64159505911115,-0.08110842987467137,-0.21153271595242776,0.13042428607775639,-0.0030781187808224426,0.004949688276195688,46.34285257103598,26.07,0.978236867236939,28.02647373447388,24.113526265526122,0.15009388066542984,0.5715573112652332,0.6418773295752963,0.024359670951624147,22.360918937639216,22.23277741556994,22.502031621278682,58.18181818181824,66.06060606060612,922549634.0,920565214.0,0.3107231936467105,2.0775448535772343,5.544385158812119,2527905.0,1.235762635282379,1.5114492039851182,0.01328273244781789,0.010740314537782902,-0.05127666596657554,2.0,9.0,-0.011385199240986799,0.0,1271.39,1275.8,-0.006285683129911845,-0.003296823487133005,0.07384245036066894,0.12610087007316806,-0.008667587898125495,-0.009811790745076654,0.008293073253293981,0.007722802586644484,1.4515840399968698,0.7425479048769308,26.35,25.4,-0.036053130929791344,-0.018082814275081183,-0.01797031665471016,26.35,26.05,26.35,25.25,-0.04174573055028463,-0.008970893563677529,-0.0327748369866071,26.35,27.6,0.04743833017077792,0.009002232929838927,0.03843609724093899,-0.004063805,0.005,4
2024-09-05,26.35,26.55,25.9,26.05,2789200,-0.011385199240986799,-0.0261682242990654,-0.020676691729323293,-0.0261682242990654,-0.04051565377532218,0.05894308943089421,26.51,26.142500000000002,27.685000000000002,26.481950224738558,26.597773202880695,-0.1158229781421376,-0.19239076839036973,0.07656779024823213,-0.004446179583191463,0.0029392625815060315,43.310083837120814,26.142500000000002,0.9152616824541985,27.9730233649084,24.311976635091604,0.1400419519868718,0.4747340018233993,0.6424575203199182,0.02466247678771279,21.086145040925057,22.849682536518234,20.875874016498408,47.272727272727295,59.393939393939455,919760434.0,920824124.0,0.3145348383070946,2.15542430107575,5.695843108123566,2558775.0,0.22065465142544485,1.0900528573243056,0.024952015355086454,-0.003538299703547909,-0.059057251219071794,3.0,9.0,0.017274472168905985,1.0,1276.35,1268.21,-0.00594920833986512,-0.009644218154557294,0.04786495686948489,0.1169836406436649,-0.005435990901121679,-0.016524006144508108,0.011078132561409326,0.01057209947597193,1.4518686368797467,0.7429563556839865,26.05,25.4,-0.0249520153550864,-0.009359574837173423,-0.015592440517912975,26.05,26.5,26.05,26.75,0.026871401151631558,0.0024049455141852416,0.024466455637446316,26.05,27.15,0.04222648752399216,0.0077904464525080375,0.034436041071484125,-0.0047351224,0.005,4
2024-09-06,26.05,26.5,25.6,26.5,2668600,0.017274472168905985,0.005692599620493288,-0.009345794392523366,-0.011194029850746245,-0.02930402930402931,0.07070707070707072,26.450000000000006,26.23,27.6,26.484727113240318,26.590530743408053,-0.10580363016773475,-0.17507334074584274,0.06926971057810799,-0.003992589817650368,0.0026139513425701127,48.730036371733284,26.23,0.8569222773823365,27.943844554764674,24.516155445235327,0.130678197084611,0.5787702709820941,0.6608534117256383,0.024937864593420313,19.824263701123076,20.626938222879552,22.087695966962087,60.7843137254902,55.41295306001194,922429034.0,921156674.0,0.31844941238396046,2.004672656432178,4.985945639368061,2632415.0,0.03641014133015989,1.0137459329171121,0.03396226415094334,0.010293556995806252,-0.03985507246376818,4.0,9.0,-0.0037878787878786735,0.0,1268.22,1273.96,0.004533949424779804,-0.005837183168935001,0.04776787182945674,0.11696024507997127,0.012740522744126181,-0.005356846681811245,0.022939198877613975,0.02189339785496669,1.4837850143761409,0.7446534904227124,26.4,25.1,-0.04924242424242409,-0.014269626642936406,-0.03497279759948768,26.4,26.3,26.4,26.65,0.009469696969697017,0.0017403904459651898,0.007729306523731827,26.4,27.2,0.030303030303030276,0.0006063803816258595,0.029696649921404417,-0.004420814,0.005,4
2024-09-09,26.4,26.5,26.0,26.3,1937300,-0.007547169811320753,0.009596928982725572,-0.00189753320683117,-0.011278195488721776,-0.03130755064456714,0.08008213552361387,26.390000000000004,26.327499999999997,27.515833333333333,26.456307557357192,26.569009947600048,-0.11270239024285544,-0.1625991506452453,0.049896760402389856,-0.004285261986420359,0.0018972152244254698,46.597697183268615,26.327499999999997,0.7338569701460902,27.79521394029218,24.859786059707815,0.11149664345586796,0.4906316894440201,0.6493638823166641,0.024690641913181145,18.652516742735525,19.49247973948703,20.872897444876013,36.84210526315788,48.29971542045848,920491734.0,921550609.0,0.3127739376549436,2.091372964180083,5.3261281284789295,2571030.0,-0.6355736632955381,0.7535112386864409,0.019011406844106463,-0.0010445351818438864,-0.04418668039613549,0.0,9.0,-0.024621212121212044,0.0,1269.83,1267.73,-0.00489026343056298,-0.010722061382630876,0.049167439088983134,0.11575754469846491,-0.002656906380757773,-0.0005561341060908997,0.03091469643463074,0.02946593201698544,1.48395005034767,0.7460764910724373,26.4,24.7,-0.06439393939393934,-0.024074088657536796,-0.04031985073640254,26.4,25.75,26.4,26.4,0.0,-0.001063134435318025,0.001063134435318025,26.4,27.2,0.030303030303030276,7.875069891261077e-05,0.030224279604117665,-0.0042619123,0.005,4
2024-09-10,26.4,26.4,25.75,25.75,2373900,-0.020912547528517123,-0.028301886792452824,-0.01151631477927062,-0.03738317757009346,-0.04452690166975881,0.021825396825396748,26.190000000000005,26.355,27.44,26.347644856225315,26.508342544074118,-0.16069768784880267,-0.1622188580859568,0.001521170237154118,-0.006240686906749619,5.907457231666478e-05,41.25180837014788,26.355,0.6988524428250348,27.75270488565007,24.957295114349932,0.10606753068867904,0.283573769323051,0.6494093192940451,0.025219779390060003,18.035998238573878,18.098893351030885,22.13037166261797,7.894736842105194,35.17371861025112,918117834.0,921665984.0,0.3022911630025873,2.4281507178334056,7.916316019255154,2529860.0,-0.15804208342420173,0.9383523198912193,0.025242718446601888,-0.02295579586416241,-0.061588921282798914,1.0,9.0,0.0,0.0,1269.83,1255.23,-0.00986014372145494,-0.02230755450318167,0.02581641659311562,0.11692666494931211,-0.011052403807062183,-0.015075623066911792,-0.003991019767718873,-0.0038905789604865015,1.4708276376765754,0.7382713450897116,25.4,25.25,-0.0059055118110236116,0.003747259318317653,-0.009652771129341264,25.4,25.4,25.4,28.2,0.11023622047244097,0.01813035678692443,0.09210586368551654,25.4,27.7,0.09055118110236227,0.01413593781144118,0.07641524329092109,-0.0052353884,0.005,4
2024-09-11,25.4,25.75,25.3,25.4,2239300,-0.013592233009708798,-0.034220532319391705,-0.04150943396226425,-0.036053130929791344,-0.048689138576779034,0.0,26.000000000000007,26.355,27.360000000000003,26.20185333988296,26.426243096364924,-0.22438975648196546,-0.17465303776515853,-0.04973671871680693,-0.008834242381179743,-0.0019581385321577535,38.24490743984657,26.355,0.6988524428250348,27.75270488565007,24.957295114349932,0.10606753068867904,0.15836851190663384,0.6351657964873275,0.025006527420760927,18.215456577475962,17.1829905322027,26.071000004474516,4.54545454545445,16.427432216905867,915878534.0,921580564.0,0.3056141291131109,2.507150114136916,8.117515944301982,2552995.0,-0.3222104623626293,0.8771266688732253,0.017716535433070838,-0.03623600834756224,-0.07163742690058494,2.0,9.0,-0.011673151750972832,0.0,1254.25,1253.27,-0.0015614668228133288,-0.017659507759836934,0.01868680300419423,0.11628576573173288,-0.01203076618689547,-0.01839362316995441,-0.01868680300419423,-0.018344012064439474,1.4764686931030406,0.7381482677443527,25.7,25.25,-0.017509727626459082,0.005149314219418111,-0.022659041845877193,25.7,25.4,25.7,28.05,0.09143968871595343,0.023092449261772563,0.06834723945418086,25.7,28.15,0.09533073929961078,0.01861858521002513,0.07671215408958565,-0.0029924158,0.005,4
2024-09-12,25.7,25.7,25.15,25.4,1730900,0.0,-0.013592233009708798,-0.034220532319391705,-0.0249520153550864,-0.05046728971962622,0.007936507936507908,25.869999999999997,26.365000000000002,27.276666666666664,26.078491287593273,26.350225089226782,-0.27173380163350913,-0.19406919053882865,-0.07766461109468048,-0.01069818116667359,-0.003057661854121279,38.24490743984657,26.365000000000002,0.6826997490616439,27.73039949812329,24.999600501876714,0.10357667347796612,0.1466235701249434,0.6290825253096614,0.02476702855549848,18.61083641505228,16.10992614166036,26.146046937445202,10.638297872340418,7.692829753300045,915878534.0,921589549.0,0.30413945799983044,2.4796189650219307,8.087747176462367,2545135.0,-0.8309905863441618,0.6800818031263568,0.02165354330708664,-0.036601555091978155,-0.06880117316387624,3.0,9.0,-0.011811023622047112,0.0,1258.42,1256.35,0.0024575709942789015,-0.009351763509198086,0.021074104777230485,0.11635942804391251,-0.0024575709942789015,-0.015600251845888313,-0.013137596840722576,-0.012866447968131411,1.4732004959212341,0.7373303433585857,25.4,26.75,0.053149606299212726,0.014192488113093038,0.03895711818611969,25.4,25.1,25.4,27.95,0.10039370078740162,0.030323579155630664,0.07007012163177095,25.4,27.85,0.09645669291338588,0.02623097297124799,0.07022571994213789,-0.0072090705,0.005,4
2024-09-13,25.4,25.5,25.1,25.1,1343500,-0.011811023622047112,-0.011811023622047112,-0.025242718446601864,-0.05283018867924527,-0.06343283582089554,-0.007905138339920903,25.59,26.355,27.19666666666667,25.927954166425078,26.257615823358133,-0.32966165693305527,-0.22118768381767398,-0.10847397311538129,-0.013133930555101803,-0.004321672235672561,35.66091528566635,26.355,0.7003570517960198,27.75571410359204,24.95428589640796,0.10629589099541191,0.05201422018182266,0.6127194877875426,0.02441113497161524,19.055653125092725,15.358711902156621,25.509724667423352,0.0,5.061250805931647,914535034.0,921440369.0,0.30694215899690686,2.532751748560969,8.177853422448003,2521320.0,-1.1732596760286722,0.5328558056890835,0.015936254980079625,-0.04761904761904756,-0.07709278097806105,4.0,9.0,-0.017892644135188873,0.0,1253.48,1251.71,-0.003693238349186001,-0.017465226537724865,0.01735264475438103,0.11753678608645772,-0.008117785272861111,-0.035364962141520406,-0.025257783094301933,-0.024826969512031782,1.4771829294491057,0.7419553683293845,25.15,26.65,0.05964214711729632,0.016818545163868936,0.04282360195342738,25.15,24.7,25.15,28.05,0.1153081510934395,0.031910471622701886,0.08339767947073762,25.15,27.95,0.11133200795228637,0.029888089528377293,0.08144391842390908,-0.005829521,0.005,4
2024-09-16,25.15,25.3,24.7,24.7,2113100,-0.015936254980079778,-0.027559055118110187,-0.027559055118110187,-0.06083650190114076,-0.07142857142857151,-0.008032128514056214,25.270000000000003,26.345,27.111666666666665,25.73903814082122,26.142236873479753,-0.40319873265853445,-0.2575898935858461,-0.14560883907268835,-0.01632383533030504,-0.005895094699299124,32.507212731659536,26.345,0.7232783550942085,27.791556710188416,24.89844328981158,0.10981641375505163,-0.06859160391497346,0.6118109529455754,0.024769674208322892,20.056191797689436,14.2828395155585,28.392754031857812,0.0,3.546099290780164,912421934.0,921296244.0,0.3070273178801654,2.530982303551506,8.169928264272935,2516265.0,-0.4008530649659596,0.8397764146463111,0.02429149797570856,-0.06244069083317516,-0.08895309522345851,0.0,9.0,0.022267206477732726,1.0,1251.0,1239.26,-0.009946393333919223,-0.02245746333998566,0.012831409983981246,0.12170809108626186,-0.005989861646160555,-0.0383790385611551,-0.02086353849803746,-0.020599221442359705,1.477249226762608,0.7448739003971636,24.7,26.4,0.06882591093117396,0.0229677419354839,0.04585816899569006,24.7,25.25,24.7,28.2,0.1417004048582995,0.0386612903225807,0.10303911453571879,24.7,27.75,0.12348178137651833,0.03737096774193538,0.08611081363458295,-0.007374835,0.005,4
2024-09-17,24.7,25.35,24.45,25.25,2114400,0.022267206477732726,0.005976095617529875,-0.0059055118110236116,-0.01941747572815533,-0.05607476635514019,-0.050751879699248215,25.17,26.277499999999996,27.043333333333333,25.6638015037718,26.076145253221995,-0.41234374945019425,-0.28854066475871576,-0.1238030846914785,-0.01633044552277997,-0.004903092463028851,40.322202473178116,26.277499999999996,0.7602760925101738,27.798052185020342,24.75694781497965,0.11573035372621797,0.16212932047897863,0.6323958848780344,0.025045381579328098,21.31326217944759,12.830928517650934,28.33023909666035,28.070175438596504,9.356725146198858,914536334.0,920969424.0,0.1932222369524953,0.73649857898907,-0.1351589485072087,2333570.0,-0.33488733074271154,0.9060795262194834,0.03564356435643573,-0.03910189325468538,-0.06631332429434245,1.0,9.0,0.0,0.0,1240.0,1258.95,0.0158885141132612,0.0029636002963600028,0.005366426295488891,0.10475911239379275,0.006378692364471528,-0.022381076024515334,-0.056118305994737105,-0.05581875874005293,1.4800901646422169,0.7561594605783009,25.25,28.2,0.11683168316831671,0.012495738287227498,0.10433594488108922,25.25,25.25,25.25,28.2,0.11683168316831671,0.02455539433727405,0.09227628883104266,25.25,27.2,0.0772277227722773,0.015738604378265686,0.06148911839401161,-0.007992486,0.005,4
2024-09-18,25.25,25.6,25.25,25.25,1487400,0.0,0.022267206477732726,0.005976095617529875,-0.0059055118110236116,-0.04174573055028463,-0.050751879699248215,25.140000000000004,26.21,26.96833333333333,25.600139733960756,26.014949308538885,-0.41480957457812906,-0.31379444672259843,-0.10101512785553063,-0.01642810196349026,-0.004000599122991312,40.322202473178116,26.21,0.7895035082088838,27.78900701641777,24.63099298358223,0.12048889862020368,0.1960114837938102,0.6122247502438892,0.024246524762134226,21.80410198711509,15.223744345807882,27.173382930465888,28.070175438596504,18.71345029239769,914536334.0,920642604.0,0.1932222369524953,0.73649857898907,-0.1351589485072087,2293805.0,-1.183587989648537,0.6484422171893426,0.013861386138613917,-0.03662724151087371,-0.0637167047772077,2.0,9.0,0.053149606299212726,1.0,1261.23,1264.9,0.004726160689463521,0.00927972424138468,0.0025998319620805788,0.1026696171742613,-0.004726160689463521,-0.01518523605240829,-0.05335171166132879,-0.05321336585197689,1.6766375126460782,0.826730194851681,25.4,28.05,0.10433070866141736,0.01529871932370197,0.08903198933771539,25.4,26.75,25.4,27.6,0.08661417322834652,0.01558261308434794,0.07103156014399858,25.4,27.2,0.07086614173228356,0.008989969087124017,0.061876172645159544,-0.008005271,0.005,4
2024-09-19,25.4,26.9,25.4,26.75,5653100,0.05940594059405946,0.05940594059405946,0.082995951417004,0.053149606299212726,0.026871401151631558,-0.014732965009208066,25.410000000000004,26.189999999999998,26.9175,25.777041313351408,26.069397507906373,-0.29235619455496575,-0.3095067962890719,0.017150601734106152,-0.010929203534765074,0.0006411439900600431,56.31976863441936,26.189999999999998,0.769244331864538,27.728488663729074,24.65151133627092,0.11748672498885654,0.6819967911374278,0.686351553797897,0.025658002011136338,20.77987594740585,26.138686159629007,22.50729416556627,92.00000000000003,49.38011695906437,920189434.0,920414319.0,0.28297743071256853,2.194791587845003,6.246052810099925,2392340.0,3.351761932130542,2.3630002424404557,0.056074766355140186,0.02138220694921733,-0.006222717562923807,3.0,9.0,-0.009293680297397744,0.0,1268.08,1271.27,0.005035971223021463,0.01187567158833125,-0.0010058543868609604,0.0994364968632085,0.054369969371037996,0.04127393471088148,-0.013727110622347105,-0.013740931999077888,1.7255058359354782,0.7863075758870641,26.9,27.95,0.0390334572490707,0.010769098322806814,0.02826435892626389,26.9,26.65,26.9,27.15,0.009293680297397744,0.0002895760450172258,0.009004104252380518,26.9,27.7,0.029739776951672958,0.006879387664060488,0.02286038928761247,-0.009170209,0.005,4
2024-09-20,26.9,27.15,26.5,26.65,4419300,-0.0037383177570093906,0.055445544554455495,0.055445544554455495,0.06175298804780871,0.005660377358490454,-0.023809523809523836,25.720000000000006,26.1575,26.87,25.911342649758883,26.112405099913307,-0.20106245015442425,-0.2878179270621424,0.08675547690771812,-0.0075445572290590715,0.0032553649871564024,55.25632001730115,26.1575,0.7327444804873491,27.6229889609747,24.6920110390253,0.11205114869346838,0.6680326543273437,0.6837550142409043,0.025656848564386655,20.18877449225296,26.975436774084265,20.978996027979687,81.48148148148148,67.18388564002602,915770134.0,919822189.0,0.2822300820958651,2.296423485141167,6.639181942284728,2470425.0,1.8214060373707854,1.7888824797352683,0.024390243902438973,0.018828251935391283,-0.008187569780424342,4.0,9.0,-0.009380863039399667,0.0,1277.73,1272.04,0.0006056935190792423,0.016241781243259146,-0.009353218332619484,0.09356861757513804,-0.004344011276088633,0.045511206804549564,-0.014456305476904352,-0.01459279507532707,1.7350930130820494,0.7908219500665703,26.65,28.05,0.05253283302063805,0.012367172489510914,0.040165660531127134,26.65,26.4,26.65,27.2,0.020637898686679312,-0.0035682076618438474,0.02420610634852316,26.65,27.7,0.039399624765478425,0.008085323295298652,0.03131430147017977,-0.0065200226,0.005,4
2024-09-23,26.65,26.8,26.3,26.4,2278100,-0.009380863039399667,-0.013084112149532756,0.045544554455445585,0.06882591093117396,0.0038022813688212143,-0.027624309392265234,26.060000000000002,26.119999999999997,26.822499999999998,25.98652070364213,26.133708425845654,-0.1471877222035225,-0.25969188609041843,0.11250416388689594,-0.005575292507709185,0.004261521359352119,52.5831479000439,26.119999999999997,0.6976275586061595,27.515255117212316,24.72474488278768,0.10683423562115764,0.6003400727744448,0.6706296560808398,0.0254026384879106,19.27974277797176,25.538863775139575,21.991956854077426,72.22222222222221,81.90123456790127,913492034.0,919224909.0,0.28337528723856786,2.2999507034199063,6.601512398973822,2475575.0,-0.1847745723074865,0.920230653484544,0.01893939393939394,0.010719754977029039,-0.015751700997297058,0.0,9.0,0.0702087286527513,1.0,1275.15,1268.48,-0.0027986541303731682,0.023578587221406266,-0.011147663667971042,0.09392584743453584,-0.006582208909026499,0.045247323709767695,-0.016476645724294192,-0.016662392471469833,1.7353065395798362,0.7911092617975295,26.35,28.2,0.0702087286527513,0.01552533017938118,0.054683398473370115,26.35,28.2,26.35,27.2,0.032258064516129004,0.0013246599645180268,0.030933404551610977,26.35,27.25,0.034155597722960174,0.009083382613837898,0.025072215109122276,-0.0042951126,0.005,4
2024-09-24,26.35,28.2,26.2,28.2,11979800,0.06818181818181812,0.05816135084427776,0.0542056074766355,0.11683168316831671,0.09514563106796103,0.04638218923933213,26.65,26.182499999999997,26.809166666666666,26.327055980004882,26.2867670609682,0.040288919036683524,-0.19969572506499805,0.23998464410168158,0.00142868507222282,0.008510093762470979,65.51785108172963,26.182499999999997,0.8209870503501032,27.824474100700204,24.54052589929979,0.12542531085268457,1.1143519557158834,0.7655846806464941,0.027148392930726743,20.104844434876583,33.835256127063595,17.888285240170447,100.0,84.56790123456791,925471834.0,919326304.0,0.3741156107087487,1.9569645998335496,3.478971303907143,2974880.0,3.7978976237912447,4.02698596245899,0.07092198581560284,0.07705528501861947,0.05187902147897172,1.0,9.0,-0.012323943661971759,0.0,1268.25,1276.99,0.006708816851664912,0.014329401485364768,-0.006480876357638499,0.09705871383118703,0.06147300133015321,0.10250228168295195,0.052863065596970626,0.05320789941432458,1.8331573700865855,0.760774067024896,28.4,28.2,-0.007042253521126751,0.0075790655604766055,-0.014621319081603357,28.4,28.05,28.4,27.7,-0.02464788732394363,-0.008187262179527144,-0.016460625144416485,28.4,26.25,-0.07570422535211263,-0.009816917222880583,-0.06588730812923205,0.0065068686,0.005,4
2024-09-25,28.4,28.4,27.95,28.05,4155400,-0.005319148936170137,0.0625,0.05253283302063805,0.11089108910891099,0.10433070866141736,0.050561797752809,27.21,26.25,26.79416666666667,26.592124290773363,26.417376908303886,0.17474738246947652,-0.12480710355810315,0.29955448602757967,0.006229853207467969,0.010679304314708723,63.95224330821851,26.25,0.9157970356616991,28.081594071323398,24.418405928676602,0.1395500244817827,0.9913752528963558,0.7430429177431731,0.026489943591556972,21.055781426697678,34.29419277304224,17.114466415879846,91.13924050632916,87.78715424285049,921316434.0,919353539.0,0.372720952661873,1.956169491263162,3.4988536248011513,3049040.0,0.46403417310772965,1.3628551937659066,0.016042780748663076,0.0685714285714285,0.046869654464591015,2.0,9.0,-0.00886524822695034,0.0,1282.48,1287.48,0.008214629715189714,0.017851213534666677,0.005828033936969845,0.1004465515735448,-0.013533778651359851,0.09303987557424431,0.044733763815839156,0.04447456454434273,1.8233813225589615,0.75727714316177,28.2,27.6,-0.02127659574468077,-0.0016976349387224365,-0.019578960805958334,28.2,27.95,28.2,28.15,-0.0017730496453900457,-0.006340937807647884,0.004567888162257838,28.2,26.25,-0.06914893617021278,-0.014829112501259623,-0.05431982366895316,0.005355,0.005,4
2024-09-26,28.2,28.55,27.8,27.95,5081500,-0.0035650623885918886,-0.00886524822695034,0.058712121212121327,0.04485981308411202,0.10039370078740162,0.04485981308411202,27.45,26.309999999999995,26.771666666666665,26.801028246039,26.53090454472582,0.2701237013131781,-0.045820942583846905,0.315944643897025,0.00966453314179528,0.011303922858569767,62.87358236284435,26.309999999999995,0.9868343859349356,28.283668771869866,24.336331228130124,0.15003183366551665,0.9154699165773024,0.7435398521900893,0.02660249918390302,22.07823922672702,33.264308060243444,15.881383330372246,85.36585365853655,92.16836472162193,916234934.0,919004614.0,0.37338480825815834,1.9831720200438365,3.56147419406426,3181030.0,0.7847975391923612,1.5974385654960814,0.026833631484794278,0.06233371341695193,0.0440141941106893,3.0,9.0,-0.005319148936170137,0.0,1290.03,1291.49,0.003114611489110519,0.015905354488031653,0.00853532829387138,0.10094003806137733,-0.006679673877702408,0.028954458596080368,0.03632448479024064,0.03601706729668108,1.8397989582012282,0.756224734352327,28.2,27.15,-0.037234042553191515,-0.01307305622263577,-0.024160986330555745,28.2,28.05,28.2,27.85,-0.012411347517730431,-0.006694825602495791,-0.00571652191523464,28.2,25.8,-0.0851063829787233,-0.02904952008833761,-0.056056862890385695,-0.0045884065,0.005,4
2024-09-27,28.2,28.45,27.8,28.05,4244100,0.003577817531305927,0.0,-0.005319148936170137,0.05253283302063805,0.11752988047808755,0.04664179104477606,27.73,26.372499999999995,26.748333333333335,26.993177746648385,26.64343013400539,0.3497476126429966,0.03329276846152179,0.3164548441814748,0.012468720593333212,0.011281812626790545,63.53591952233224,26.372499999999995,1.0566176174350355,28.485735234870067,24.259264765129924,0.1602605164372033,0.896903281830606,0.7368584341765114,0.026269462893993276,23.027664326754266,31.16836366826129,14.88071630107679,87.80487804878048,88.10332407121541,920479034.0,918747299.0,0.3733987115289716,1.970850891279591,3.5249382571602057,3272640.0,0.4004979103962553,1.2968429158110883,0.02317290552584665,0.06360792492179379,0.04866346812885536,4.0,9.0,0.0071428571428571175,1.0,1295.03,1290.92,-0.0004413506879650253,0.014842300556586308,0.007397927331751708,0.10098348852414545,0.004019168219270952,0.03769053246405174,0.03924386371302435,0.03895567247886622,1.8433004435672822,0.7557872153797413,28.0,27.2,-0.02857142857142858,-0.015168543680290303,-0.013402884891138278,28.0,28.2,28.0,27.95,-0.0017857142857142794,-0.0013796631451669095,-0.0004060511405473699,28.0,25.9,-0.07500000000000007,-0.02902718246432645,-0.045972817535673616,-0.005483203,0.005,4
2024-09-30,28.0,28.4,28.0,28.2,3257000,0.005347593582887722,0.008944543828264706,0.005347593582887722,0.06818181818181812,0.1417004048582995,0.06015037593984962,28.090000000000003,26.452499999999997,26.73,27.17884270870248,26.758731605560545,0.42011110314193445,0.11065643539760434,0.3094546677443301,0.014897556849004769,0.010973569778167734,64.55732574903891,26.452499999999997,1.1325884419981311,28.71767688399626,24.187323116003736,0.17126372811615248,0.8857314659058843,0.7127971174496177,0.025276493526582188,23.90927334820814,29.919025456257398,14.284244580751743,91.4634146341463,88.21138211382113,923736034.0,918709784.0,0.3716130601347803,1.912829251119042,3.394530939503502,3378540.0,-0.05121258517328281,0.9640258810018528,0.014184397163120517,0.06606180890275026,0.05499438832772152,0.0,9.0,-0.0035335689045936647,0.0,1290.17,1287.94,-0.0023084311963561532,0.015341195761856774,0.005048889166348047,0.10143330794781974,0.007656024779243875,0.05284062241996135,0.05510148677350157,0.054824683025326504,1.8419044948865577,0.755159969490594,28.3,27.2,-0.03886925795053009,-0.016076796727306553,-0.022792461223223537,28.3,28.2,28.3,27.75,-0.019434628975265045,-0.0033625685685065854,-0.01607206040675846,28.3,26.1,-0.07773851590106007,-0.027822543155545998,-0.04991597274551407,-0.004546682,0.005,4
2024-10-01,28.3,28.9,28.15,28.2,4698400,0.0,0.005347593582887722,0.008944543828264706,0.0,0.11683168316831671,0.0542056074766355,28.090000000000003,26.525,26.716666666666665,27.33594383044056,26.865492227370876,0.4704516030696837,0.18261546893202021,0.2878361341376635,0.016682680959917862,0.010206955111264664,64.55732574903891,26.525,1.197200682293732,28.91940136458746,24.130598635412536,0.1805392169340217,0.8497742744330148,0.7154544662032165,0.025370725751887112,25.230127392931458,32.67059628188805,13.214676321131424,84.26966292134833,87.84598520142505,923736034.0,918578064.0,0.37165675523637104,1.9520861598120725,3.5062548377364138,3519255.0,0.49892208528801524,1.335055288690362,0.026595744680851064,0.06314797360980218,0.055520898315658096,1.0,10.0,-0.016042780748663055,0.0,1290.68,1292.2,0.00330760749724357,0.011910821541280647,0.006488195845373967,0.10186074078581346,-0.00330760749724357,-0.011910821541280647,0.04771741163126153,0.047409807515111924,1.8449744137180857,0.7580241894940855,28.05,27.7,-0.012477718360071388,-0.01370139185050212,0.0012236734904307323,28.05,27.6,28.05,27.2,-0.030303030303030387,-0.0066452138177025555,-0.02365781648532783,28.05,26.3,-0.0623885918003565,-0.021610514480673193,-0.040778077319683304,-0.0053243013,0.005,4
2024-10-02,28.05,28.2,27.5,27.6,4104500,-0.02127659574468077,-0.02127659574468077,-0.016042780748663055,-0.016042780748663055,0.09306930693069315,0.04743833017077792,28.0,26.5875,26.700833333333335,27.376567856526627,26.91990021052859,0.45666764599803855,0.2374259043452239,0.21924174165281465,0.01654592920282748,0.007943541364232415,57.13311190699925,26.5875,1.219995146668661,29.02749029333732,24.147509706662678,0.1835441687512794,0.707480333582628,0.7143505757601296,0.025882267237685854,25.11222118020673,30.38386219147847,18.78914278329287,70.78651685393265,82.17319813647578,919631534.0,918432159.0,0.3763328765096193,1.8876438175353185,3.3403512409190523,3533440.0,0.24134667042045407,1.1616158757471473,0.025362318840579684,0.03808180535966166,0.03367560313348528,2.0,10.0,-0.023381294964028854,0.0,1289.65,1287.84,-0.0033740906980344043,0.00027961599403480975,0.009437215864555482,0.09985225039815653,-0.017902505046646366,-0.016322396742697864,0.03800111430622244,0.037645842365416904,1.8559921081262227,0.7608059160620146,27.8,28.15,0.012589928057553879,-0.005122433932244319,0.017712361989798198,27.8,27.15,27.8,27.2,-0.021582733812949728,-0.006961853389731876,-0.014620880423217852,27.8,26.25,-0.055755395683453224,-0.023144087857503104,-0.03261130782595012,-0.0037198728,0.005,4
2024-10-03,27.8,27.8,27.0,27.15,4183000,-0.01630434782608703,-0.037234042553191515,-0.037234042553191515,-0.028622540250447304,0.01495327102803734,0.04222648752399216,27.840000000000003,26.642500000000002,26.670833333333334,27.341711263214837,26.93694463937832,0.4047666238365153,0.2708940482434822,0.13387257559303312,0.014908531264696696,0.004930849929761809,52.277277686145084,26.642500000000002,1.2192831155190371,29.081066231038076,24.203933768961928,0.18305836397020353,0.6040570466244747,0.7204683917772633,0.02653658901573714,24.131608958393187,27.974012270966377,22.256003089772932,60.674157303370784,71.91011235955061,915448534.0,918216564.0,0.3791484432352407,1.8630154775926373,3.251976211884536,3603130.0,0.24533436703220463,1.1609350758923491,0.029465930018416235,0.01904851271464758,0.017965942821434044,3.0,10.0,0.0018416206261511192,1.0,1288.45,1278.1,-0.00756305131072188,-0.010367869669916208,0.00779839301062113,0.10138482590223126,-0.008741296515365149,-0.018254670580531096,0.03442809451337103,0.03416168824254928,1.8588740053384412,0.7610633436940378,27.15,27.85,0.025782688766114337,0.0058331378528422295,0.019949550913272107,27.15,27.2,27.15,27.7,0.0202578268876612,0.005958245367112314,0.014299581520548887,27.15,26.3,-0.03130755064456714,-0.011275314723590668,-0.02003223592097647,-0.003439805,0.005,4
2024-10-04,27.15,27.6,27.1,27.2,3252800,0.0018416206261511192,-0.01449275362318847,-0.03546099290780147,-0.030303030303030387,0.020637898686679312,0.026415094339622636,27.670000000000005,26.6775,26.644166666666667,27.319909530412556,26.956430221646595,0.36347930876596024,0.2894111003479778,0.07406820841798245,0.013363209881101479,0.002723095897719943,52.757728481840324,26.6775,1.225010741091604,29.127521482183205,24.22747851781679,0.18367699238558388,0.6066317180889375,0.7047206495074588,0.025908847408362457,23.221040466709184,26.556327309530243,21.128099070270004,61.797752808988776,64.41947565543076,918701334.0,918030179.0,0.3750174144322212,2.0193879492036997,3.8617695030986643,3632340.0,-0.1611615748664911,0.8955108827918091,0.01838235294117647,0.019585793271483576,0.02086135176555204,4.0,10.0,-0.00910746812386154,0.0,1278.9,1270.6,-0.0058680854393240445,-0.015740712050320793,-0.0026374454456969953,0.1024876558707673,0.007709706065475164,-0.014562318252709594,0.02905253978531963,0.029129366901389675,1.8513431441509258,0.7580208222892088,27.45,27.95,0.01821493624772308,0.010034572237161088,0.008180364010561991,27.45,27.2,27.45,27.7,0.00910746812386165,0.007737595935998431,0.0013698721878632192,27.45,26.35,-0.04007285974499086,-0.016227784789783373,-0.02384507495520749,-0.0035987066,0.005,4
2024-10-07,27.45,27.6,27.15,27.2,2752200,0.0,0.0018416206261511192,-0.01449275362318847,-0.03546099290780147,0.030303030303030276,0.034220532319391594,27.470000000000006,26.722500000000004,26.615833333333335,27.301461910349087,26.97447242745055,0.32698948289853647,0.29692677685808955,0.030062706040446918,0.012021672165387371,0.001105246545604666,52.75772848184031,26.722500000000004,1.2269426057868609,29.176385211573724,24.268614788426284,0.18365685931883016,0.5972946896105557,0.6865263173997834,0.02523993813969792,22.375512581574036,25.312971864421907,20.138890859450086,53.42465753424658,58.6321892155354,918701334.0,917940659.0,0.3735399935973147,1.9933586363148004,3.817861331029385,3673085.0,-0.39504553353080674,0.7492884047061258,0.016544117647058928,0.01786883712227505,0.021948088543786604,0.0,10.0,0.0146520146520146,1.0,1275.59,1269.93,-0.0005273099323153119,-0.013983570663229639,0.0017353852949761883,0.10094847394964933,0.0005273099323153119,-0.02147742224457183,0.032485147024415406,0.03242887043952192,1.8533563964948396,0.7588998640115996,27.3,27.75,0.016483516483516425,0.01128948568373711,0.0051940307997793145,27.3,27.7,27.3,27.25,-0.001831501831501825,0.0061243101306625025,-0.007955811962164328,27.3,27.05,-0.009157509157509125,-0.02143901633673484,0.012281507179225715,-0.0037968128,0.005,4
2024-10-08,27.3,27.8,27.1,27.7,3523100,0.018382352941176405,0.018382352941176405,0.0202578268876612,-0.01773049645390068,-0.01773049645390068,0.0757281553398057,27.370000000000005,26.82,26.600833333333334,27.36277546260307,27.02821521060236,0.3345602520007098,0.3044534718866136,0.030106780114096232,0.012077987436848731,0.0010868873687399363,57.697013653794045,26.82,1.223067756439681,29.266135512879362,24.37386448712064,0.18241129849957957,0.679875561956121,0.6874887232997988,0.02481908748374725,21.887794270313705,25.54995442112238,18.674220227269554,65.71428571428574,60.31223201917373,922224434.0,918145989.0,0.3676521079600022,1.884282157996663,3.4012824865041584,3730545.0,-0.0897464255048937,0.944392843404918,0.025270758122743656,0.03281133482475762,0.04132076062779988,1.0,10.0,0.007155635062611854,1.0,1271.98,1271.98,0.0016142622034285292,-0.01564773254914098,0.013344168001083512,0.09389432072477304,0.016768090737747876,-0.002082763904759699,0.06238398733872219,0.061562487167395874,1.8561944458303639,0.7566068878224709,27.95,27.2,-0.02683363148479423,0.00558887249207185,-0.03242250397686608,27.95,28.15,27.95,26.25,-0.06082289803220031,-0.0031947627869006734,-0.05762813524529964,27.95,27.0,-0.03398926654740608,-0.022135702847813188,-0.011853563699592895,-0.0044030603,0.005,4
2024-10-09,27.95,28.75,27.95,28.15,6006500,0.016245487364620947,0.03492647058823528,0.03492647058823528,0.019927536231884035,0.0035650623885916666,0.1082677165354331,27.48,26.9575,26.59916666666667,27.483886929894908,27.111310380187373,0.37257654970753507,0.3180780874507979,0.05449846225673716,0.01323540141056963,0.0019360022116070039,61.58936478992784,26.9575,1.2095317710847495,29.3765635421695,24.5384364578305,0.17947239485631086,0.7464796767865228,0.7133823859212418,0.025342180672157794,22.603855864855117,32.37584163144621,16.710944227349028,72.22222222222221,63.7870551569182,928230934.0,918763609.0,0.36405727386305836,1.758569925318711,3.0609407320996347,3918905.0,0.8933203458179984,1.532698547170702,0.028419182948490256,0.04423629787628669,0.058303831573670806,2.0,10.0,-0.02280701754385961,0.0,1273.96,1281.85,0.007759555967861154,-0.004651198906696519,0.022804343836523522,0.09673026250928883,0.008485931396759794,0.024578735138580554,0.08546337269890958,0.08355788984854895,1.8575321503771445,0.7601817242057938,28.5,27.2,-0.04561403508771933,-0.007855087972332586,-0.03775894711538674,28.5,27.85,28.5,26.25,-0.07894736842105265,-0.014508262187793108,-0.06443910623325955,28.5,28.85,0.012280701754386003,-0.021967881762703367,0.03424858351708937,-0.0070549413,0.005,4
2024-10-10,28.5,28.5,27.8,27.85,3040500,-0.010657193605683735,0.005415162454873723,0.023897058823529438,0.025782688766114337,-0.003577817531305816,0.09645669291338588,27.619999999999997,27.080000000000002,26.59166666666666,27.540212017603384,27.166028129803124,0.37418388780026035,0.3292992475206904,0.044884640279569954,0.013435687174156564,0.0016116567425339301,57.7729221147015,27.080000000000002,1.1667994911859536,29.41359898237191,24.746401017628095,0.1723485215931984,0.6649812169564283,0.7124265012125817,0.025580843849643865,22.968204180230206,30.103618351125988,17.04203993990272,61.111111111111214,66.34920634920641,925190434.0,919229204.0,0.3680953088141659,1.7592747131076785,2.9878520680956933,3984385.0,-0.41213347036101233,0.763103967111612,0.025134649910233366,0.028434268833087195,0.04732058915700432,3.0,10.0,0.0017921146953405742,1.0,1289.61,1286.36,0.0035183523813238082,0.006462718097175468,0.023886655788593947,0.09699400945855993,-0.014175545987007543,0.01931997066893887,0.07257003712479193,0.07087702209469526,1.8459992334686164,0.7548638905785761,27.9,27.7,-0.007168458781361964,-0.0008853268720004914,-0.006283131909361472,27.9,27.95,27.9,25.8,-0.07526881720430101,-0.023492226208781775,-0.051776590995519234,27.9,28.8,0.032258064516129004,-0.02167497631362325,0.053933040829752255,-0.004049985,0.005,4
2024-10-11,27.9,27.95,27.55,27.95,2841700,0.0035906642728904536,-0.007104795737122527,0.00902527075812265,0.02757352941176472,-0.0035650623885918886,0.11354581673306763,27.770000000000003,27.222499999999997,26.607499999999998,27.603256322587477,27.224100120188076,0.3791562023994004,0.3392706384964324,0.03988556390296799,0.013565517080479442,0.001427032697780608,58.69178948312713,27.222499999999997,1.0833033059267212,29.38910661185344,25.055893388146554,0.1591776370174262,0.6678892688732396,0.6901103225545401,0.024690888105708055,22.812542328712073,28.85729098381905,18.924056215289294,64.81481481481484,66.04938271604945,928032134.0,919904059.0,0.36286475917734395,1.7467997997063403,3.0518247756755184,4059295.0,-0.547769063700652,0.7000476683759126,0.014311270125223563,0.026724217099825642,0.050455698581227226,4.0,10.0,-0.008928571428571397,0.0,1287.66,1288.39,0.0015780963338414278,0.014001259247599762,0.02930391224804474,0.09525713310203351,0.002012567939049026,0.013572270164164957,0.08424190448502289,0.08184356775739343,1.7902563483275755,0.751930937597675,28.0,27.7,-0.010714285714285787,-0.008545821956900568,-0.0021684637573852195,28.0,27.75,28.0,25.9,-0.07500000000000007,-0.03379764604254398,-0.041202353957456084,28.0,28.8,0.028571428571428692,-0.03392105141376278,0.062492479985191474,-0.004241565,0.005,4
2024-10-14,28.0,28.2,27.6,27.75,2048300,-0.007155635062611743,-0.0035906642728905647,-0.014209591474245054,0.020220588235294157,-0.015957446808510634,0.12348178137651833,27.880000000000003,27.375,26.6125,27.625832272958633,27.26305566684081,0.3627766061178228,0.3439718320207105,0.018804774097112287,0.013073030851092713,0.0006776495170130554,56.06417345504428,27.375,0.9103932059686235,29.19578641193725,25.55421358806275,0.13302549128308666,0.6029774820213575,0.6836738709435014,0.024636896250216266,22.979787912299557,29.66026630126537,17.737772791094667,39.47368421052634,55.13320337881749,925983834.0,920582154.0,0.3572371704287772,1.806380330770736,3.24635936565512,4056055.0,-0.9020145048015265,0.5049980831127783,0.021621621621621546,0.013698630136986356,0.04274307186472526,0.0,10.0,-0.02683363148479423,0.0,1296.54,1286.34,-0.001591133119630106,0.012921972077200916,0.03799041363394284,0.08616836317273456,-0.005564501942981637,0.007298616158093241,0.08549136774257549,0.08236238660747874,1.784673607812869,0.7510746596704205,27.95,27.25,-0.025044722719141266,-0.006243156987443821,-0.018801565731697445,27.95,27.2,27.95,26.1,-0.06618962432915909,-0.025655958565316328,-0.04053366576384276,27.95,28.85,0.03220035778175312,-0.029111437246177596,0.061311795027930716,-0.0040007015,0.005,4
2024-10-15,27.95,28.05,27.2,27.2,3906200,-0.01981981981981984,-0.02683363148479423,-0.02333931777378817,-0.018050541516245522,-0.03546099290780147,0.0772277227722773,27.78,27.472500000000004,26.6125,27.560319615580383,27.258384876704454,0.3019347388759286,0.33556441339175413,-0.03362967451582555,0.011100541870438551,-0.0012363850924935864,49.500973064143665,27.472500000000004,0.763384948075011,28.999269896150025,25.945730103849982,0.11114895958868114,0.4107593093474158,0.6955543087332514,0.025571849585781303,22.359860976406377,27.07124936906282,20.29717991375543,10.526315789473655,38.27160493827164,922077634.0,920959219.0,0.36312068941693815,1.9219898331044325,3.721462930397524,4145645.0,-0.10987937463804644,0.9422417983208885,0.031250000000000056,-0.009919009919010069,0.022076092062000896,1.0,10.0,-0.0018348623853211565,0.0,1287.81,1281.08,-0.0040891210721892834,0.007154200537744293,0.01757814051392015,0.07092355664222898,-0.015730698747630556,-0.025204742053989815,0.05964958225835715,0.05861916631604491,1.8027149588118463,0.7511952048620627,27.25,26.25,-0.03669724770642202,-0.007789914521900698,-0.028907333184521322,27.25,27.2,27.25,26.3,-0.034862385321100864,-0.014126545090869302,-0.02073584023023156,27.25,28.7,0.053211009174311874,-0.02737799446814493,0.0805890036424568,-0.004008908,0.005,4
2024-10-16,27.25,27.4,27.15,27.2,1913700,0.0,-0.01981981981981984,-0.02683363148479423,-0.03374777975133214,-0.01449275362318847,0.0772277227722773,27.590000000000003,27.570000000000004,26.6175,27.504885828568018,27.254060071022643,0.25082575754537473,0.31861668222247824,-0.06779092467710351,0.009221535203874072,-0.0024923134072464526,49.500973064143665,27.570000000000004,0.5627470217836867,28.69549404356738,26.44450595643263,0.08164628535127857,0.335627739607022,0.6637290009665906,0.024401801506124653,21.690006606156082,26.342917223562637,20.2891845057403,10.526315789473655,20.175438596491247,922077634.0,921336284.0,0.36312068941693815,1.9219898331044325,3.721462930397524,4166960.0,-1.0462131739880358,0.45925566840094456,0.009191176470588236,-0.013420384475879787,0.02188409880717579,2.0,10.0,0.016513761467889854,1.0,1279.86,1279.48,-0.001248946201642287,-0.001848890275773174,0.011526602893509263,0.06978944242829185,0.001248946201642287,-0.03189888947555897,0.06570111987876803,0.06495243890850477,1.808191584170509,0.7500437405033974,27.25,26.25,-0.03669724770642202,-0.009160721942852668,-0.027536525763569353,27.25,27.7,27.25,26.25,-0.03669724770642202,-0.01872685455892098,-0.01797039314750104,27.25,29.55,0.08440366972477076,-0.02854247066619897,0.11294614039096973,-0.0037039525,0.005,4
2024-10-17,27.25,27.7,26.75,27.7,3154200,0.018382352941176405,0.018382352941176405,-0.0018018018018017834,-0.0053859964093357915,0.0202578268876612,0.03551401869158877,27.560000000000002,27.6175,26.6375,27.534903393403706,27.2870926583543,0.24781073504940565,0.3044554927878637,-0.05664475773845806,0.008946235922361215,-0.0020449371024714104,55.04908777691996,27.6175,0.5289699523851963,28.675439904770393,26.559560095229607,0.07661373439090381,0.5389908725571254,0.6841769294689769,0.024699528139674257,20.338270935981935,23.730208404660218,22.452918332355726,44.1860465116279,21.746226030191764,925231834.0,921588404.0,0.30452190051901074,2.2299137234347173,7.2080908793409,4042015.0,-0.41576395338624156,0.7803533633596115,0.0342960288808664,0.00298723635376108,0.03988737681839516,3.0,10.0,0.0,0.0,1282.65,1286.52,0.005502235283083801,0.0001243819770515575,0.011995878137610383,0.07020248471046134,0.012880117658092605,-0.005510378386387349,0.023518140553978384,0.02323936397573001,1.8938177724051164,0.7576499593645589,27.7,25.8,-0.06859205776173283,-0.026139285603643203,-0.042452772158089624,27.7,27.7,27.7,26.3,-0.050541516245487306,-0.02066358933052459,-0.029877926914962716,27.7,28.65,0.03429602888086647,-0.04590445800675358,0.08020048688762005,-0.005159438,0.005,4
2024-10-18,27.7,28.25,27.5,27.7,4299700,0.0,0.018382352941176405,0.018382352941176405,-0.008944543828264706,0.018382352941176405,0.039399624765478425,27.51,27.669999999999998,26.64083333333333,27.560302871341598,27.317678387365092,0.24262448397650616,0.2920892910255922,-0.04946480704908607,0.008759006641751124,-0.001785733106465201,55.04908777691996,27.669999999999998,0.4774934554526032,28.624986910905204,26.715013089094793,0.06902688188689594,0.5157070215609368,0.68887857736405,0.024869262720723827,19.90322363780178,27.587652011346453,20.706841519712654,44.1860465116279,32.96613627090985,925231834.0,922061489.0,0.30388962871214914,2.2127621520151592,7.189728854298762,4036035.0,0.12352903760639367,1.0653277288229661,0.02707581227436823,0.0010842067220817597,0.03975726485032394,4.0,10.0,-0.016245487364620947,0.0,1291.16,1285.46,-0.000823928116158279,-0.0022741561173247327,0.010549982704946448,0.0703856563492732,0.000823928116158279,-0.006670387710939973,0.028849642060531977,0.028548456339893225,1.8636930729931662,0.7627325012328954,27.7,25.9,-0.06498194945848379,-0.02449052695515397,-0.04049142250332982,27.7,27.25,27.7,26.35,-0.04873646209386273,-0.022800719530903235,-0.025935742562959496,27.7,29.35,0.05956678700361029,-0.051083579276887114,0.1106503662804974,-0.005159438,0.005,4
2024-10-21,27.7,27.75,27.2,27.25,2119000,-0.016245487364620947,-0.016245487364620947,0.0018382352941177516,-0.018018018018018056,0.0018382352941177516,0.032196969696969724,27.410000000000004,27.7125,26.632499999999997,27.512563968058274,27.312665173486195,0.1998987945720785,0.2736511917348895,-0.07375239716281101,0.007335735580626734,-0.002706509987626092,49.385709205809086,27.7125,0.3879348154686393,28.488369630937278,26.93663036906272,0.05599419979700709,0.20194734942693832,0.6789586789809037,0.02491591482498729,18.969915787736664,25.991383124470715,22.664801737777026,25.0,37.790697674418624,923112834.0,922542529.0,0.30827567353564433,2.141337154619798,6.825225655504586,4028080.0,-0.8914192977697633,0.5260570793032909,0.020183486238532135,-0.016689219666215505,0.02318595700741577,0.0,10.0,-0.03492647058823528,0.0,1284.17,1279.77,-0.004426431005243314,-0.005107514343019703,0.008900416246215848,0.07163403869849853,-0.011819056359377633,-0.012910503674998353,0.023296553450753876,0.023091033639804248,1.891254796226992,0.7714639503888021,27.2,26.1,-0.0404411764705882,-0.0198717397926903,-0.0205694366778979,27.2,26.25,27.2,27.05,-0.005514705882352922,-0.02772982557549153,0.022215119693138607,27.2,27.6,0.014705882352941346,-0.04928097733965531,0.06398685969259665,-0.004432066,0.005,4
2024-10-22,27.2,27.25,26.05,26.25,7248600,-0.03669724770642202,-0.05234657039711188,-0.05234657039711188,-0.03492647058823528,-0.05234657039711188,-0.06914893617021278,27.220000000000006,27.615000000000002,26.60333333333333,27.31832335758777,27.23394923470944,0.08437412287833013,0.23579577796357765,-0.15142165508524752,0.003214252300126862,-0.005768444003247525,39.62886680642604,27.615000000000002,0.49046165148666654,28.595923302973336,26.634076697026668,0.07104278855501243,-0.19577305170672896,0.7161759161965534,0.02728289204558299,18.738416869753173,22.88064903127214,31.421851899116177,7.4074074074073835,25.531151306345123,915864234.0,922062149.0,0.2209995701315868,-0.4538282398856371,0.43385195547760785,3791520.0,2.6165846921228018,1.9117926319787315,0.045714285714285686,-0.049429657794676896,-0.013281543666207152,1.0,10.0,-0.005681818181818121,0.0,1280.21,1269.89,-0.007720137212155254,-0.008734817497736191,-0.00555994956890804,0.07321354254282038,-0.028977110494266767,-0.02619165309049909,-0.06358898660130474,-0.06394451487924158,1.9335476967199683,0.7734756256101496,26.4,26.3,-0.0037878787878786735,-0.0069259708164775,0.0031380920285988267,26.4,26.25,26.4,27.0,0.022727272727272707,-0.01953438587101952,0.04226165859829223,26.4,26.6,0.007575757575757791,-0.05149616710478666,0.05907192468054445,-0.003699978,0.005,4
2024-10-23,26.4,26.45,26.2,26.25,2610300,0.0,-0.03669724770642202,-0.05234657039711188,-0.03492647058823528,-0.06749555950266428,-0.06417112299465244,27.03,27.525,26.575833333333332,27.15396591795888,27.161064106212443,-0.007098188253561233,0.1872169847201499,-0.19431517297371112,-0.00027040717156423744,-0.0074024827799509,39.62886680642604,27.525,0.5658017134539916,28.65660342690798,26.393396573092016,0.08222368224581166,-0.06335990581251398,0.6828776364682282,0.026014386151170597,18.523453588768504,22.28232365554491,30.60017541092354,7.4074074074073835,13.271604938271617,915864234.0,921789539.0,0.221220070299145,-0.5150495382710034,0.4638656025613362,3714265.0,-0.8215238085196904,0.7027769962563253,0.009523809523809525,-0.04632152588555849,-0.012260512370261156,2.0,10.0,-0.019011406844106515,0.0,1270.58,1270.9,0.0007953444786557018,-0.006705849251258278,-0.012877869947494291,0.06621359516778566,-0.0007953444786557018,-0.028220621336977003,-0.05129325304715815,-0.05196241831234183,1.939985304811982,0.7752662007580426,26.3,26.25,-0.0019011406844107182,-0.009864927586396788,0.00796378690198607,26.3,25.8,26.3,28.85,0.09695817490494307,-0.007780233957692562,0.10473840886263563,26.3,26.9,0.02281368821292773,-0.042976155824948736,0.06578984403787647,-0.004378917,0.005,4
2024-10-24,26.3,26.4,25.8,25.8,3138100,-0.017142857142857126,-0.017142857142857126,-0.053211009174311874,-0.06859205776173283,-0.07360861759425497,-0.07692307692307687,26.65,27.4175,26.550833333333337,26.94566346904213,27.0602445427893,-0.11458107374716775,0.12685737302668637,-0.24143844677385412,-0.004441126889425107,-0.009358079332319927,35.92475806563222,27.4175,0.6745905190715212,28.766681038143044,26.068318961856956,0.09841750984904123,-0.09943771601854805,0.6769578052919261,0.026238674623718063,18.79645244753,20.871664496835646,32.88348872235912,0.0,4.938271604938284,912726134.0,921614099.0,0.22668553031256142,-0.3743168257040713,0.050315358633825885,3617095.0,-0.3657676364027684,0.8675746697280553,0.02325581395348829,-0.058995167320142206,-0.028279087285396076,3.0,10.0,-0.01333333333333342,0.0,1271.17,1257.41,-0.010614525139664766,-0.022626931567328867,-0.02638812534359536,0.07343012569391823,-0.006528332003192361,-0.04596512619440396,-0.05053495157948151,-0.051904617122008445,1.9230242261529684,0.7805532811938316,26.25,26.3,0.0019047619047618536,0.002807429378083093,-0.0009026674733212392,26.25,25.9,26.25,28.8,0.0971428571428572,-0.0009437403841578984,0.0980865975270151,26.25,26.9,0.024761904761904763,-0.025861658762510564,0.05062356352441533,-0.0019091946,0.005,4
2024-10-25,26.25,26.25,25.85,25.9,1469000,0.003875968992248069,-0.01333333333333342,-0.01333333333333342,-0.06498194945848379,-0.07334525939177106,-0.07664884135472383,26.290000000000003,27.309999999999995,26.527499999999996,26.784792166112574,26.974300502582683,-0.18950833647010867,0.06358423112732736,-0.25309256759743604,-0.007316924188035085,-0.009771913806850812,37.32668983221314,27.309999999999995,0.736921048402817,28.78384209680563,25.836157903194362,0.10793424363278165,0.02165839099860367,0.6607465334853598,0.025511449169318915,19.049951387808534,19.856335779609324,31.283829508430063,3.3898305084745046,3.599079305293991,914195134.0,921299904.0,0.22681834926388109,-0.37609517874927706,0.044761119895705415,3478340.0,-1.4513069768298914,0.42232789204045607,0.01544401544401539,-0.051629439765653484,-0.02365469795495234,4.0,10.0,0.005780346820809301,1.0,1260.94,1252.72,-0.0037298892167233477,-0.025469481741944522,-0.02959129922845727,0.07383136657923299,0.007605858208971417,-0.03951246771653927,-0.04705754212626656,-0.04849249814933909,1.9229029464825482,0.7793294813343782,25.95,26.35,0.015414258188824803,0.0017002458571475643,0.013714012331677239,25.95,26.1,25.95,28.8,0.10982658959537583,-0.00015964749832375613,0.10998623709369959,25.95,27.0,0.040462427745664664,-0.01968453654331248,0.060146964288977145,-0.0016271197,0.005,4
2024-10-28,25.95,26.1,25.65,26.1,2583500,0.007722007722007929,0.011627906976744207,-0.005714285714285672,-0.04220183486238527,-0.05945945945945941,-0.07446808510638292,26.060000000000002,27.205000000000002,26.529166666666665,26.679439525172178,26.909537502391373,-0.23009797721919512,0.004847789458022868,-0.23494576667721798,-0.008816014452842724,-0.009001753512537087,40.1472502595002,27.205000000000002,0.7528716952269296,28.71074339045386,25.699256609546143,0.1106960772250585,0.13307160867997125,0.6456932096649772,0.024739203435439738,19.526885125442547,18.867879722164112,31.9389699984779,14.51612903225815,5.968653180244246,916778634.0,920952034.0,0.2282518340494812,-0.38130640862680293,-0.01105443299545314,3444665.0,-0.6158688770917794,0.7500003628799898,0.017241379310344935,-0.04061753354162834,-0.0161771634992931,0.0,10.0,0.00766283524904221,1.0,1252.76,1254.77,0.0016364391084999763,-0.01953476015221489,-0.02575430532478229,0.07457586258960743,0.006085568613507952,-0.022667074710170376,-0.04871377978160063,-0.05000153456961409,1.8812033829873926,0.7595084373906195,26.1,27.05,0.036398467432950055,-0.010587982798502371,0.046986450231452426,26.1,26.3,26.1,28.85,0.1053639846743295,-0.006128629682916942,0.11149261435724644,26.1,27.35,0.04789272030651337,-0.01854486776944897,0.06643758807596234,-0.0026569862,0.005,4
2024-10-29,26.1,26.5,26.1,26.3,2402500,0.00766283524904221,0.015444015444015635,0.019379844961240345,0.0019047619047618536,-0.03308823529411764,-0.06737588652482263,26.070000000000004,27.110000000000003,26.535000000000004,26.621064213607227,26.864386576288307,-0.24332236268108076,-0.04478624096979786,-0.1985361217112829,-0.009251800862398508,-0.007548901966208475,42.91398295020791,27.110000000000003,0.7404834835929128,28.590966967185828,25.629033032814178,0.10925613922433235,0.2265300246570702,0.6281436946889073,0.023883790672582027,19.199675780121183,22.558214591345227,30.486210052509723,22.80701754385971,13.570992361530818,919181134.0,920724289.0,0.23152459849998677,-0.42583949322697673,-0.12987427996093776,3329870.0,-0.6700073574375504,0.7214996381240109,0.015209125475285117,-0.02987827369974183,-0.008856227623893043,1.0,10.0,-0.0019011406844107182,0.0,1258.03,1261.78,0.005586681224447609,-0.006386379922670549,-0.02354124748490949,0.07684498674281003,0.002076154024594601,0.008291141827432402,-0.04383463903991314,-0.04489143952779073,1.9071232940826175,0.7666465247140967,26.3,27.0,0.026615969581748944,-0.014094984844527758,0.0407109544262767,26.3,26.25,26.3,28.7,0.09125475285171092,-0.014838908806002027,0.10609366165771295,26.3,27.85,0.05893536121673004,-0.016967797589369615,0.07590315880609966,-0.002275721,0.005,4
2024-10-30,26.3,26.55,26.1,26.25,3012400,-0.0019011406844107182,0.005747126436781658,0.013513513513513598,0.0,-0.03492647058823528,-0.048913043478260865,26.070000000000004,27.0425,26.566666666666666,26.563977411513807,26.818876459526212,-0.2548990480124047,-0.08680880237831923,-0.16809024563408548,-0.009710439924282084,-0.006403437928917542,42.38646770877493,27.0425,0.7548570795366132,28.552214159073227,25.532785840926774,0.11165492532666924,0.23753309683255033,0.615419145068271,0.023444538859743656,18.802145108150256,21.960341394170243,28.893939317356942,23.07692307692312,20.13335655101369,916168734.0,920551149.0,0.2216654098904846,-0.5936854867701437,0.4872916855392893,3275265.0,-0.19139003339406635,0.919742371991274,0.017142857142857116,-0.029305722473883744,-0.011919698870765383,2.0,10.0,-0.00189753320683117,0.0,1263.57,1258.63,-0.002496473236221708,-0.009654575497678786,-0.022681388992421225,0.0765752026310149,0.0005953325518109898,0.009654575497678786,-0.02623165448583964,-0.026840432782504586,2.1092820813367177,0.7263473905802224,26.35,28.85,0.09487666034155606,0.0008331812446933373,0.09404347909686273,26.35,26.3,26.35,29.55,0.12144212523719156,-0.011259849392571186,0.13270197462976274,26.35,28.0,0.06261859582542684,-0.014489418598192416,0.07710801442361925,-0.0027360336,0.005,4
2024-10-31,26.35,26.45,26.2,26.3,1831000,0.0019047619047618536,0.0,0.00766283524904221,0.019379844961240345,-0.050541516245487306,-0.03130755064456714,26.170000000000005,27.0,26.595000000000002,26.523365502050144,26.780441166227973,-0.25707566417782957,-0.1208621747382213,-0.13621348943960826,-0.009774740082807208,-0.005179220130783584,43.13918852172297,27.0,0.7722148596562516,28.544429719312504,25.455570280687496,0.11440220143055584,0.2733791343022066,0.5893177775633945,0.022407520059444658,18.43300948417725,21.294912709685764,28.0184130363936,25.000000000000068,23.627980206927663,917999734.0,920678709.0,0.21587634086736918,-0.8020294455601081,1.0872987757147645,3157665.0,-0.9529249732854383,0.5798588513981059,0.009505703422053232,-0.025925925925925908,-0.011092310584696397,3.0,10.0,0.0019011406844107182,1.0,1260.23,1264.48,0.004647910823673218,0.005622668819239562,-0.010656443157812334,0.07523646761775186,-0.0027431489189113645,0.013757176142000782,-0.020651107486754805,-0.020873545235054136,2.317641184248176,0.7518675366780879,26.3,28.8,0.09505703422053235,-0.0020912713186892473,0.0971483055392216,26.3,26.35,26.3,28.65,0.0893536121673002,-0.024160520916673978,0.11351413308397418,26.3,27.8,0.057034220532319324,-0.016064766039021405,0.07309898657134073,-0.004358398,0.005,4
2024-11-01,26.3,26.8,26.25,26.35,3222700,0.0019011406844107182,0.003809523809523929,0.0019011406844107182,0.01737451737451745,-0.04873646209386273,-0.03124999999999989,26.26,26.9575,26.621666666666666,26.496693886350123,26.748556635396273,-0.25186274904615047,-0.14706228959980713,-0.10480045944634334,-0.009558358597576868,-0.003977247037811891,43.928119889098994,26.9575,0.783929877369035,28.52535975473807,25.38964024526193,0.11632085725590799,0.30626455964440247,0.586509364880295,0.022258419919555787,17.402041879313135,24.131038171872657,26.141676814949722,26.92307692307702,25.000000000000096,921222434.0,920804764.0,0.21588866572486223,-0.8025743171923043,1.087129057618251,3156160.0,0.047797912537995146,1.0210825813646964,0.02087286527514234,-0.02253547250301391,-0.01020472046578591,4.0,11.0,0.028517110266159662,1.0,1262.39,1254.89,-0.00758414526129314,0.0017322306660707554,-0.012364237368172382,0.07707696891300968,0.009485285945703859,0.015642286708446695,-0.018885762631827507,-0.019122193977161417,2.256568399224204,0.7405870484027267,26.3,28.8,0.09505703422053235,-0.002675329638830548,0.0977323638593629,26.3,27.05,26.3,29.35,0.11596958174904937,-0.029739155360214098,0.14570873710926346,26.3,27.75,0.055133079847908606,-0.004347410663099627,0.05948049051100823,-0.0016887776,0.005,4
2024-11-04,26.3,27.3,26.1,27.05,6511300,0.026565464895635715,0.028517110266159662,0.030476190476190546,0.036398467432950055,-0.007339449541284404,-0.005514705882352922,26.45,26.95,26.666666666666668,26.581817903834718,26.77088577351507,-0.1890678696803505,-0.15546340561591582,-0.03360446406443468,-0.0069895700436358775,-0.001242309207557659,53.62852366810306,26.95,0.7822033656686803,28.51440673133736,25.38559326866264,0.11609697449627907,0.531960997736987,0.6303301245317025,0.023302407561245932,16.730546683667367,26.515588445586804,22.5868488472529,53.8461538461539,35.256410256410355,927733734.0,921256384.0,0.2378137198550833,-0.5124413307831579,0.6520211720769552,3344115.0,2.0092736441811705,1.947092130503885,0.04436229205175598,0.0037105751391466324,0.014375000000000027,0.0,11.0,0.0,0.0,1255.92,1244.71,-0.00811226482002414,-0.008017405580305503,-0.019859362327057428,0.0815413197394677,0.034677729715659855,0.04441587301325556,0.014344656444704507,0.014635304254664527,2.089416776000911,0.6851336995875866,27.0,28.85,0.06851851851851865,0.004394103707273889,0.06412441481124476,27.0,27.0,27.0,27.6,0.022222222222222365,-0.022275776197935526,0.04449799842015789,27.0,27.95,0.03518518518518521,0.005109049283046341,0.030076135902138867,-0.0043432564,0.005,4
2024-11-05,27.0,27.2,26.95,27.0,2762500,-0.001848428835489857,0.024667931688804545,0.026615969581748944,0.026615969581748944,0.02857142857142847,-0.02527075812274371,26.590000000000003,26.915,26.696666666666665,26.64615361093707,26.78785719769914,-0.14170358676206973,-0.1527114418451466,0.011007855083076862,-0.005248280991187768,0.00040769833641025416,52.92422663010313,26.915,0.762285345109483,28.439570690218964,25.390429309781034,0.1132878090446937,0.527876700157404,0.6031636870651523,0.022339395817227863,16.107015430567724,25.73057326485212,21.918147141219126,51.92307692307695,44.23076923076932,924971234.0,921393724.0,0.2275008390942704,-0.4765972184995538,1.0551314474554805,3306085.0,-0.3438438647259114,0.8355804524082109,0.009259259259259259,0.003158090284228088,0.011362217505306527,1.0,11.0,0.04528985507246386,1.0,1244.85,1245.76,0.0008435699881899072,-0.012696349601356793,-0.020613531659302797,0.08126027422870724,-0.0026919988236797643,0.03931231918310574,-0.004657226463440911,-0.0047552489379716345,2.046891713495793,0.6664084065780768,27.6,28.7,0.03985507246376807,-0.005115007752433676,0.04497008021620175,27.6,28.85,27.6,26.6,-0.036231884057971064,-0.036820063617908905,0.0005881795599378403,27.6,28.0,0.014492753623188248,-0.0011109157462317887,0.015603669369420037,-0.00060733495,0.005,4
2024-11-06,27.6,28.85,27.5,28.85,20298300,0.06851851851851865,0.06654343807763397,0.09487666034155606,0.09904761904761905,0.09904761904761905,0.02486678507992912,27.110000000000003,26.95,26.754166666666666,26.985206901562137,26.940608516388092,0.04459838517404435,-0.11324947644130841,0.15784786161535275,0.0015458712365353329,0.005471329692039956,69.0960849824712,26.95,0.8346130524792161,28.619226104958432,25.280773895041566,0.12387577773346443,1.069126014251771,0.6922234237033559,0.023993879504449075,17.54107997760282,37.84458520294954,17.734055000818756,100.0,68.58974358974365,945269534.0,922245654.0,0.3321886658665238,1.5554355859181481,5.238983596956781,4020675.0,3.9743456774802377,5.048480665559888,0.04679376083188913,0.0705009276437849,0.07833670767793177,2.0,11.0,-0.023728813559321993,0.0,1251.22,1261.28,0.012458258412535228,0.002105463877390301,-0.01604711939774539,0.08931260783518274,0.05606026010598342,0.09694215517022875,0.04091390447767451,0.041581162354677126,2.269619935772934,0.690164128951333,29.5,29.55,0.0016949152542373724,-0.01624020021948347,0.017935115473720842,29.5,28.8,29.5,26.9,-0.08813559322033904,-0.0395307158478142,-0.048604877372524835,29.5,28.0,-0.05084745762711862,-0.020685135913974917,-0.030162321713143703,0.0020965643,0.005,4
2024-11-07,29.5,29.65,28.8,28.8,13866300,-0.0017331022530329143,0.06666666666666665,0.06469500924214411,0.09505703422053235,0.11627906976744184,0.03411131059245953,27.610000000000003,26.997499999999995,26.814166666666665,27.264405839783347,27.078341218877863,0.18606462090548348,-0.05338665697195004,0.23945127787743353,0.006460577114773732,0.00831428048185533,68.41205044227611,26.997499999999995,0.9119780410561772,28.82145608211235,25.173543917887642,0.13512036907953356,0.9941182569243939,0.703493179153116,0.024426846498372085,19.50128202824929,42.701176363716954,16.203534856346657,78.75000000000006,76.89102564102569,931403234.0,922556294.0,0.32937939312012127,1.5352413596022632,5.367082484810365,4561965.0,2.005809358100758,3.0395454590291684,0.029513888888888815,0.06676544124455996,0.07405911054479919,3.0,11.0,-0.0034602076124566894,0.0,1266.61,1259.75,-0.0012130534060637022,-0.003740668100721267,-0.020686277558381705,0.08785010381639385,-0.0005200488469692122,0.09879770232125362,0.05479758815084124,0.05595509068760962,2.268651722689747,0.6914359252079737,28.9,28.65,-0.00865051903114189,-0.024508251243229418,0.015857732212087527,28.9,28.8,28.9,26.9,-0.0692041522491349,-0.027327294035665584,-0.041876858213469315,28.9,28.7,-0.00692041522491349,0.003713851319248729,-0.010634266544162219,0.002614166,0.005,4
2024-11-08,28.9,29.2,28.25,28.8,10559200,0.0,-0.0017331022530329143,0.06666666666666665,0.09297912713472489,0.11196911196911197,0.030411449016100267,28.1,27.04,26.8725,27.500651095201295,27.205871498960985,0.2947795962403106,0.016246593670502088,0.2785330025698085,0.010235402647233006,0.009671284811451684,68.41205044227611,27.04,0.9762441454775429,28.992488290955084,25.087511709044914,0.1444148144197548,0.9507069282190356,0.7211008092136078,0.02503822254213916,20.362109455569687,38.68290348472694,20.126766966041313,78.75000000000006,85.83333333333339,931403234.0,922724849.0,0.3293785113012648,1.5640203981864904,5.433431457097695,4947840.0,1.167565183811958,2.1341029621006338,0.032986111111111084,0.06508875739644981,0.07172760256768074,4.0,11.0,-0.00859106529209619,0.0,1262.84,1252.56,-0.005707481643183243,-0.001856736447019336,-0.027809902281141663,0.0887828258771134,0.005707481643183243,0.09483586358174423,0.05822135129724193,0.0598867972774586,2.24043657405054,0.6880492185557291,29.1,29.35,0.00859106529209619,-0.02810633190036771,0.0366973971924639,29.1,28.85,29.1,27.0,-0.07216494845360832,-0.02050549923832168,-0.051659449215286646,29.1,28.7,-0.013745704467354014,0.013024301927724524,-0.02677000639507854,0.0034437347,0.005,4
2024-11-11,29.1,29.3,28.7,28.85,8097000,0.0017361111111111605,0.0017361111111111605,0.0,0.06654343807763397,0.1053639846743295,0.03963963963963968,28.46,27.095,26.938333333333333,27.708243234401095,27.327658795334244,0.38058443906685113,0.0891141627497719,0.2914702763170792,0.013191834976320663,0.010102955851545206,68.7706068621259,27.095,1.046787064256601,29.188574128513203,25.001425871486795,0.15453582790280154,0.9191396846421562,0.7124507514126359,0.024695000048964848,21.24855200695257,37.358527021346944,18.91605068087247,80.00000000000007,79.16666666666676,939500234.0,923400669.0,0.32771601803927347,1.5207617949954788,5.448801187320903,5250275.0,0.5925385982323295,1.542204932122603,0.020797227036395194,0.06477209817309482,0.07096454866052104,0.0,11.0,-0.012048192771084376,0.0,1253.81,1250.32,-0.001788337484831093,0.004507073936900863,-0.02800192795061962,0.08879138217666085,0.0035244485959422533,0.0620363641407331,0.0676415675902593,0.06959022814483817,2.2241027142953813,0.6832709037664231,29.05,27.6,-0.04991394148020656,-0.027696338842777224,-0.022217602637429335,29.05,28.7,29.05,27.35,-0.058519793459552494,-0.013652449692040936,-0.04486734376751156,29.05,28.7,-0.012048192771084376,0.017614775641281666,-0.029662968412366042,-0.00036910712,0.005,4
2024-11-12,29.05,29.55,28.7,28.7,9583600,-0.005199306759098854,-0.003472222222222321,-0.003472222222222321,0.06296296296296289,0.09125475285171092,0.05514705882352944,28.800000000000004,27.169999999999998,26.973333333333336,27.860821198339387,27.42931369938356,0.43150749895582763,0.15759282999098304,0.2739146689648446,0.015035104493234412,0.009544065120726294,66.33782465310298,27.169999999999998,1.1067258491891092,29.383451698378217,24.95654830162178,0.1629335074257062,0.845614047309237,0.7222756977403049,0.02516640061812909,22.291464604531654,36.69052448542593,17.32597294571193,76.25000000000001,78.33333333333341,929916634.0,923792619.0,0.3187051052558543,1.605714777919923,6.107215863201443,5534145.0,0.828499948693869,1.7317218829647578,0.02961672473867601,0.05631210894368799,0.06401384083044959,1.0,11.0,0.029616724738676048,1.0,1251.79,1244.82,-0.004398873888284638,-0.0007545594657076826,-0.028304243294720033,0.08892232162305413,-0.0008004328708142161,0.06371752242867057,0.08345130211824947,0.08588213084433649,2.0363455644345043,0.6074901864281776,28.7,26.6,-0.07317073170731703,-0.03040372021175597,-0.04276701149556106,28.7,29.55,28.7,27.85,-0.029616724738675937,-0.000651680692551504,-0.028965044046124433,28.7,28.7,0.0,0.02343636860990861,-0.02343636860990861,-0.000928308,0.005,4
2024-11-13,28.7,29.55,28.65,29.55,9261200,0.029616724738676048,0.024263431542461023,0.02604166666666674,0.024263431542461023,0.12571428571428567,0.08639705882352944,28.940000000000005,27.2875,27.022499999999997,28.120694860133327,27.586401573503295,0.5342932866300316,0.23293292131879276,0.3013603653112389,0.018080991087310715,0.010198320315101147,72.31456146029834,27.2875,1.2281645483789638,29.743829096757928,24.831170903242075,0.1800332824009474,0.9605449658570264,0.7349702907588547,0.02487209105782926,23.165158078024366,33.48131099241825,16.296448761018784,97.50000000000006,84.58333333333341,939177834.0,924647629.0,0.3322142554069291,1.3035732523960284,4.326828233599669,5901520.0,0.6888304960407545,1.5692906234326072,0.030456852791878243,0.08291342189647266,0.09353316680544,2.0,11.0,-0.03209459459459474,0.0,1242.94,1246.04,0.0009800613743353725,-0.01208296333883041,-0.026135617594647886,0.08933016526329716,0.028636663364340675,0.03634639488129143,0.11253267641817732,0.11555271806966827,2.1252516890039415,0.6129159369611119,29.6,26.9,-0.09121621621621634,-0.021956023636290456,-0.06926019257992588,29.6,28.65,29.6,28.0,-0.05405405405405406,-0.001511436266430799,-0.05254261778762326,29.6,28.2,-0.04729729729729737,0.020106926076295384,-0.06740422337359275,-0.00062520156,0.005,4
2024-11-14,29.6,29.7,28.65,28.65,7495500,-0.030456852791878264,-0.0017421602787456303,-0.006932409012131768,-0.00520833333333337,0.0893536121673002,0.03429602888086647,28.910000000000004,27.334999999999997,27.0475,28.202126420112815,27.66518664213268,0.5369397779801339,0.293734292651061,0.24320548532907293,0.018741353507159997,0.008488847655465025,60.13906001739517,27.334999999999997,1.2628393238630524,29.860678647726104,24.80932135227389,0.1847944867551569,0.7603260714073639,0.757472412847508,0.02643882767356049,24.119438563188616,31.5806876448421,14.682880218658592,74.07407407407406,82.60802469135807,931682334.0,924970154.0,0.3496413874691843,1.243349714645224,3.8906372835251064,6118585.0,0.2841834606755466,1.2250381419887115,0.03664921465968589,0.04810682275471012,0.059247619927904616,3.0,11.0,0.02622377622377625,1.0,1243.85,1231.89,-0.01135597573111602,-0.02211549910696564,-0.04246338960917817,0.09227802130725099,-0.019100877060762245,0.01690716577363227,0.07675941849004464,0.08016342942617616,2.176539734213584,0.625190710958293,28.6,26.9,-0.05944055944055948,-0.0008378343202967153,-0.058602725120262766,28.6,29.35,28.6,27.8,-0.027972027972028024,0.010371250081343097,-0.03834327805337112,28.6,28.25,-0.012237762237762295,0.03090225808550784,-0.043140020323270134,0.0034637274,0.005,4
2024-11-15,28.6,29.75,28.6,29.35,12071700,0.02443280977312412,-0.006768189509306244,0.022648083623693527,0.01909722222222232,0.1138519924098671,0.05956678700361029,29.020000000000003,27.4175,27.081666666666667,28.378722355480075,27.789987631604333,0.5887347238757421,0.35273437889599724,0.23600034497974487,0.020059104731711824,0.008040897614301358,65.06572517269112,27.4175,1.3395084526560388,30.09651690531208,24.738483094687922,0.19542386470772888,0.860673349273786,0.7855100976441145,0.02676354676811293,25.054777584670077,28.73287567749794,13.147452811850908,89.041095890411,86.87172332149505,943754034.0,925896264.0,0.35851131797163677,1.0308437500499128,2.953957972054509,6507185.0,1.1127303651637728,1.855133978824945,0.03918228279386707,0.07048417981216382,0.08375900055388019,4.0,11.0,-0.05962521294718914,0.0,1229.36,1218.57,-0.01081265372719975,-0.027136424602414277,-0.052035847089757836,0.09706041526513044,0.03524546350032387,0.0462336468246366,0.11160263409336812,0.11772874928946298,2.0179122327809007,0.5742102350547221,29.35,27.0,-0.08006814310051114,0.008043995731757292,-0.08811213883226843,29.35,27.6,29.35,27.75,-0.054514480408858645,0.026397439054420158,-0.0809119194632788,29.35,27.85,-0.05110732538330498,0.03633751949437736,-0.08744484487768234,-0.0034700695,0.005,4
2024-11-18,29.35,29.35,27.3,27.6,13350200,-0.05962521294718914,-0.036649214659685736,-0.06598984771573602,-0.04332755632582319,0.020332717190388205,0.012844036697247763,28.770000000000003,27.435000000000002,27.089166666666664,28.25891891617545,27.775914473707715,0.48300444246773466,0.3787883916103447,0.10421605085738994,0.017500160958975892,0.003775943871644563,48.82031223610872,27.435000000000002,1.33949126242219,30.11398252484438,24.756017475155623,0.19529670310511235,0.5307952736663678,0.8758308049552492,0.031733000179538014,23.638550857599732,23.929078055072743,21.551532128205277,41.09589041095892,68.07035345848135,930403834.0,926260814.0,0.4177833751251342,0.1570471115671561,2.3047516906976475,7068745.0,1.2288993491446711,1.8886237938983512,0.0742753623188406,0.006014215418261415,0.01885747685113981,0.0,11.0,-0.027422303473491727,0.0,1218.3,1217.12,-0.0011899193316756707,-0.026553202380190655,-0.04895410894145047,0.0969548826379355,-0.05843529361551347,-0.016774353945632536,0.06179814563869823,0.0649791416163048,2.0282130785594514,0.5361689470261017,27.35,27.35,0.0,0.01148540157944744,-0.01148540157944744,27.35,26.6,27.35,27.95,0.021937842778793293,0.025010649801749718,-0.0030728070229564253,27.35,28.35,0.03656307129798897,0.03531638103352219,0.0012466902644667766,0.0058617904,0.005,4
2024-11-19,27.35,27.8,26.6,26.6,7081500,-0.036231884057971064,-0.09369676320272569,-0.07155322862129132,-0.07317073170731703,-0.014814814814814725,0.01333333333333342,28.350000000000005,27.452500000000004,27.083333333333332,28.003700621379227,27.688809697877513,0.3148909235017143,0.3660088979886187,-0.05111797448690436,0.01183800464292159,-0.0019217283641693368,42.318228029305516,27.452500000000004,1.3254070874144839,30.103314174828974,24.801685825171035,0.19312005644870006,0.33920034680382566,0.8989857474584457,0.033796456671370136,22.471729215087283,21.647547075198386,25.05851299691825,13.698630136986306,47.945205479452106,923322334.0,926633719.0,0.41722984090770543,0.1610223719799503,2.320336191314956,7060390.0,0.0041300849516975775,1.0029899198202932,0.04511278195488719,-0.03105363810217654,-0.017846153846153734,1.0,11.0,0.009380863039399667,1.0,1220.68,1205.15,-0.009834691731299916,-0.03186806124580244,-0.050980793612045106,0.09874220162623898,-0.02639719232667115,-0.04130267046151459,0.06431412694537852,0.06776904673000606,2.1344005645459445,0.5614976460662165,26.65,27.85,0.04502814258911836,0.03191798689053016,0.0131101556985882,26.65,26.9,26.65,28.0,0.05065666041275807,0.03831487650679977,0.012341783905958303,26.65,28.2,0.05816135084427776,0.048192670992182496,0.009968679852095264,0.0077131414,0.005,4
2024-11-20,26.65,27.55,26.2,26.9,5816800,0.011278195488721776,-0.025362318840579823,-0.0834752981260648,-0.08967851099830804,-0.06759098786828432,0.024761904761904763,27.820000000000004,27.485000000000003,27.086666666666666,27.833900525782422,27.630379349886585,0.20352117589583685,0.33351135357006234,-0.1299901776742255,0.007565842970105459,-0.00483234861242474,44.69780808395949,27.485000000000003,1.3021338762120673,30.08926775242414,24.880732247575867,0.18950465726208007,0.3876843597484422,0.931201051211414,0.03461713945023844,21.84033128487048,19.40588074902903,25.531865390745907,21.917808219178013,25.570776255707774,929139134.0,927297464.0,0.41879265791462267,0.09143580452186807,2.221610163321159,7220715.0,-0.28001573365158927,0.8055711934344452,0.05018587360594801,-0.02128433691104259,-0.006891459512675446,2.0,11.0,-0.0037037037037037646,0.0,1203.71,1216.54,0.009451105671492988,-0.02367500240762732,-0.0427728381461957,0.10710914586881952,0.0018270898172287886,-0.06600350859068072,0.06753474290810046,0.07055247239047202,2.0730767221434374,0.5587597020548752,27.0,28.0,0.03703703703703698,0.02026616281935434,0.01677087421768264,27.0,26.9,27.0,28.0,0.03703703703703698,0.018984638133574316,0.018052398903462663,27.0,28.15,0.042592592592592515,0.040006571921465506,0.0025860206711270095,0.008517149,0.005,4
2024-11-21,27.0,27.1,26.45,26.9,4934100,0.0,0.011278195488721776,-0.025362318840579823,-0.061082024432809745,-0.06597222222222232,0.042635658914728536,27.470000000000006,27.54,27.089166666666664,27.690223521815895,27.576277175820913,0.11394634599498232,0.28959835205504636,-0.17565200606006404,0.004235923642936146,-0.006529814351675244,44.69780808395949,27.54,1.2493787930092115,30.038757586018423,25.041242413981575,0.18146387698027774,0.3719363567756505,0.9111152618391704,0.03387045583045243,21.25403320681202,18.41699673157562,24.23081371743065,21.917808219178013,19.178082191780806,929139134.0,928118114.0,0.4130231158678624,0.007153727709871301,2.5209445357966502,7310515.0,-0.4798474877014876,0.6749319302402088,0.024163568773234282,-0.023238925199709493,-0.0069831113298673975,3.0,11.0,0.003717472118959231,1.0,1217.3,1228.33,0.00969141992864997,-0.00288986841357608,-0.02312690371477888,0.11006682467075302,-0.00969141992864997,-0.058192156019233665,0.06576256262950742,0.06731945314041732,1.965545830999802,0.5437505446795673,26.9,27.8,0.03345724907063197,0.010708328247690968,0.022748920822941,26.9,27.0,26.9,28.7,0.06691449814126393,0.03139265226412791,0.03552184587713603,26.9,27.6,0.02602230483271395,0.020928434842751864,0.005093869989962085,0.0051971036,0.005,4
2024-11-22,26.9,27.2,26.75,27.0,3676300,0.003717472118959231,0.003717472118959231,0.015037593984962294,-0.08006814310051114,-0.0625,0.04247104247104261,27.000000000000007,27.595,27.092499999999998,27.584035287690373,27.533589977611957,0.05044531007841613,0.24176774365972034,-0.1913224335813042,0.0018683448177191158,-0.007086016058566823,45.56592985424058,27.595,1.1964750860669995,29.987950172134,25.202049827866,0.17343360551795617,0.3756764752294474,0.8781784574220868,0.03252512805266988,20.552053434926744,18.556274595099215,23.343923840786577,22.53521126760565,22.123609235320586,932815434.0,929049129.0,0.41301604236645256,0.008166379583605186,2.5213709627306153,7420880.0,-0.7738818461411893,0.49539946744860447,0.01666666666666664,-0.021561877151657916,-0.0034142290301742984,4.0,11.0,0.007366482504604255,1.0,1228.95,1228.1,-0.00018724609836118233,0.00782064222818546,-0.01965323456159407,0.10968164143979549,0.003904718217320413,-0.0878887853286966,0.06212427703263668,0.06336969654289115,1.966857189987607,0.5438155634827821,27.15,27.75,0.022099447513812098,0.01713858092224596,0.004960866591566138,27.15,27.35,27.15,28.7,0.057090239410681365,0.033146519818771925,0.02394371959190944,27.15,27.6,0.016574585635359185,0.022864998088482746,-0.006290412453123562,0.004843872,0.005,4
2024-11-25,27.15,27.35,27.05,27.35,3212200,0.012962962962963065,0.016728624535315983,0.016728624535315983,-0.009057971014492794,-0.051993067590987874,0.04789272030651337,26.95,27.6575,27.105,27.54802985881493,27.519990720011073,0.028039138803858776,0.19902202268854804,-0.17098288388468927,0.0010251970312196992,-0.0062516593742116735,48.60679216689463,27.6575,1.1458477670542575,29.949195534108515,25.365804465891483,0.16571964451656993,0.43290993602262773,0.8404514247490807,0.030729485365597102,19.65822401472649,19.2791262539354,22.649537373188046,32.39436619718315,25.61579522798897,936027634.0,930011579.0,0.41432814051611416,-0.02200086633219475,2.447036424044745,7452315.0,-0.8819684038846327,0.43103384652956833,0.010968921389396735,-0.011118141552924121,0.009038922707987451,0.0,11.0,0.01642335766423364,1.0,1229.39,1234.7,0.0053741551990882375,0.014443933219403293,-0.0159949632203511,0.11164426900325843,0.0075888077638748275,-0.023501904233896087,0.06388768352686447,0.06492617531303457,1.9714093271985706,0.5487493718988046,27.4,27.95,0.02007299270072993,0.01260895251814853,0.0074640401825813996,27.4,27.85,27.4,28.7,0.04744525547445266,0.03092349651594728,0.016521758958505384,27.4,27.8,0.014598540145985384,0.021956410899702794,-0.00735787075371741,0.0011450503,0.005,4
2024-11-26,27.4,27.95,27.3,27.85,5344700,0.018281535648994485,0.031481481481481444,0.03531598513011169,0.046992481203007586,-0.029616724738675937,0.05893536121673004,27.200000000000006,27.735000000000003,27.123333333333335,27.594486803612636,27.544435851862104,0.050050951750531425,0.16922780850094474,-0.11917685675041331,0.0017971616427479864,-0.004279240816890962,52.67413820088374,27.735000000000003,1.1007294232271363,29.936458846454276,25.53354115354573,0.1587495111919432,0.526119043784357,0.8268477515527177,0.02968932680620171,18.573570701179804,23.37977475782966,21.37773653466559,46.47887323943667,33.80281690140852,941372334.0,931121139.0,0.4177275354434666,-0.07691085492466958,2.267723295416391,7599425.0,-0.4809112859650366,0.7033032104402636,0.023339317773788098,0.004146385433567712,0.02679120068821428,1.0,11.0,0.0053859964093356805,1.0,1235.63,1242.13,0.006017656110796299,0.030684976973820666,-0.015573237806907558,0.11198033554047893,0.012263879538198186,0.01630750422918692,0.0745085990236376,0.07568729527186813,1.9848638413281132,0.5544579412117872,27.85,28.0,0.0053859964093356805,0.0068231616936262895,-0.001437165284290609,27.85,28.0,27.85,28.7,0.030520646319569078,0.024738995939936892,0.005781650379632186,27.85,27.6,-0.008976660682226245,0.015305793645678856,-0.0242824543279051,-6.308366e-05,0.005,4
2024-11-27,27.85,28.2,27.5,28.0,4958500,0.0053859964093356805,0.02376599634369292,0.03703703703703698,0.040892193308550207,-0.05245346869712353,0.06666666666666665,27.420000000000005,27.8225,27.15083333333333,27.656873449210693,27.578181344316764,0.07869210489392842,0.15112066777954147,-0.07242856288561306,0.0028104323176403006,-0.0025867343887718947,53.85403776419753,27.8225,1.044594481882311,29.911688963764625,25.733311036235378,0.15017981588747406,0.5424805996677657,0.8177871978703807,0.02920668563822788,17.903448514359674,24.133914159166384,20.07068889499014,50.70422535211268,43.192488262910864,946330834.0,932629244.0,0.41734889965033467,-0.1228597612546657,2.295558099907788,7696730.0,-0.5942684792668719,0.6442346295114938,0.024999999999999974,0.0063797286368945105,0.03127589699518141,2.0,11.0,-0.01243339253996445,0.0,1241.36,1241.97,-0.00012881099401840235,0.02090354612261014,-0.01323661441408519,0.11180886563314435,0.005514807403354083,0.019988647185940067,0.07990328108075184,0.08097511748807684,1.9733677199206208,0.5493489178672925,28.15,28.0,-0.005328596802841923,-0.004781886598682394,-0.0005467102041595284,28.15,27.8,28.15,28.2,0.001776198934280604,0.018044400940330663,-0.01626820200605006,28.15,28.15,0.0,0.022200470165360198,-0.022200470165360198,0.00036552703,0.005,4
2024-11-28,28.15,28.2,27.6,27.8,2855700,-0.0071428571428571175,-0.0017953321364452268,0.01645338208409508,0.03345724907063197,-0.029668411867364686,0.057034220532319324,27.6,27.897499999999997,27.18,27.678892918562894,27.594612355848856,0.08428056271403861,0.13775264676644092,-0.05347208405240231,0.003031674917771173,-0.0019234562608777808,51.992753328425934,27.897499999999997,0.9814697625178519,29.8604395250357,25.934560474964293,0.14072512053307318,0.4751647978054181,0.8022309694510676,0.02885722911694488,17.281192198026694,22.844621366681512,18.998463545970726,45.0704225352113,47.41784037558691,943475134.0,933903014.0,0.4190571233530787,-0.06811808689574066,2.1947644698104445,7747965.0,-1.0765629450283547,0.3685741998060136,0.02158273381294956,-0.0034949368222957355,0.022810890360559277,3.0,11.0,0.005434782608695565,1.0,1246.37,1242.11,0.00011272413987439833,0.011218483632248644,-0.017691066683538037,0.11010874806776112,-0.007255581282731516,0.022238765438383323,0.07472528721585736,0.07607106550845533,1.9668364205300803,0.544495529555153,27.6,28.7,0.03985507246376807,0.020136658859888357,0.019718413603879714,27.6,27.75,27.6,28.25,0.023550724637681153,0.019991790810536703,0.0035589338271444504,27.6,27.55,-0.0018115942028985588,0.02443441099065602,-0.026246005193554578,0.00063717837,0.005,4
2024-11-29,27.6,28.25,27.6,27.75,3512400,-0.0017985611510791255,-0.008928571428571397,-0.0035906642728905647,0.02777777777777768,-0.054514480408858645,0.05313092979127121,27.75,27.9675,27.200833333333332,27.689832469553217,27.606122551711902,0.08370991784131476,0.1269441009814157,-0.04323418314010094,0.0030165736159032345,-0.0015579885816252592,51.513417895806555,27.9675,0.912814473569456,29.793128947138914,26.141871052861088,0.13055360308493166,0.4404314879152025,0.7913573287759913,0.02851738121715284,16.77685994193506,21.955642074827484,17.88383240564689,43.66197183098592,46.478873239436666,939962734.0,934840029.0,0.41940407229531035,-0.04497872145823,2.1739401971145655,7762450.0,-0.9382854798009947,0.4524860063510876,0.02342342342342337,-0.0077768838830786224,0.020189332434668028,4.0,11.0,0.0053956834532373765,1.0,1242.51,1250.46,0.00672243199072553,0.018206986401758884,-0.0035301898971225043,0.11024773770781773,-0.008520993141804656,0.009570791376018795,0.05666111968839371,0.05686185282677436,1.89737695190073,0.5308568172714991,27.8,28.7,0.03237410071942448,0.011475396781155167,0.020898703938269314,27.8,27.95,27.8,27.85,0.0017985611510791255,0.005447030810763476,-0.0036484696596843502,27.8,27.65,-0.0053956834532374875,0.01545714444984192,-0.020852827903079407,0.0027149494,0.005,4
2024-12-02,27.8,28.25,27.65,27.95,3872300,0.007207207207207134,0.0053956834532373765,-0.0017857142857142794,0.021937842778793293,0.0126811594202898,0.03327171903881698,27.870000000000005,28.0125,27.228333333333335,27.729858243468104,27.631594955288797,0.0982632881793073,0.12120793842099403,-0.022944650241686737,0.003515681151316898,-0.0008209177188438904,53.36545275292342,28.0125,0.8870226662979319,29.786545332595864,26.238454667404135,0.12666097867708093,0.4823848920736013,0.7776889481491349,0.027824291525908228,16.308551418421402,20.745703202530773,16.89828418348669,49.29577464788731,46.00938967136154,943835034.0,935645094.0,0.4104644119496478,0.032418694280269465,2.6321668318759266,7630500.0,-0.8159792732879613,0.5074765742742939,0.02146690518783547,-0.002231146809460016,0.026504254147028172,0.0,12.0,0.0017889087656530744,1.0,1255.73,1251.21,0.0005997792812244551,0.013371669231392325,0.0052220999268906,0.10616842069302124,0.0066074279259826785,0.008566173547400968,0.028049619111926383,0.027903902146566795,1.8994659031204442,0.5292344891310375,27.95,28.7,0.02683363148479434,0.017907513804207964,0.008926117680586376,27.95,28.0,27.95,28.35,0.014311270125223707,0.009876701053994186,0.004434569071229522,27.95,27.25,-0.025044722719141266,0.01645317756486575,-0.04149790028400702,0.002750849,0.005,4
2024-12-03,27.95,28.25,27.85,28.0,4479900,0.0017889087656530744,0.009009009009008917,0.007194244604316502,0.0053859964093356805,0.05263157894736836,0.03703703703703698,27.900000000000006,28.0625,27.265833333333333,27.771418513703782,27.65888421786,0.11253429584378338,0.11947320990555191,-0.006938914061768525,0.0040190819944208355,-0.0002478183593488759,53.84014994914058,28.0625,0.8545351152280741,29.77157023045615,26.35342976954385,0.12180455985433578,0.481715204300493,0.7507111661384823,0.02681111307637437,15.873693503730149,19.956139380982634,16.255149857922223,50.70422535211268,47.887323943662004,948314934.0,936812279.0,0.41022037180179377,0.009203310572549054,2.646103516121639,7716370.0,-0.7151583714562895,0.5805709161172935,0.014285714285714235,-0.00222717149220486,0.026926250802286056,1.0,12.0,0.0,0.0,1251.43,1249.83,-0.0011029323614741848,0.006199029087132546,0.0032670819419471364,0.10625658710207733,0.0028918411271272593,-0.0008130326777968655,0.03376995509508984,0.033659985165389816,1.8800528424922827,0.5169167991463203,28.0,28.7,0.02499999999999991,0.01982619013260223,0.005173809867397683,28.0,28.0,28.0,28.2,0.0071428571428571175,0.011528532717623108,-0.00438567557476599,28.0,27.2,-0.02857142857142858,0.015585165231613018,-0.0441565938030416,0.002750849,0.005,4
2024-12-04,28.0,28.05,27.7,28.0,4065400,0.0,0.0017889087656530744,0.009009009009008917,0.0,0.040892193308550207,-0.029462738301559876,27.900000000000006,28.02,27.309166666666666,27.806584896210893,27.684152053574074,0.12243284263681886,0.1200651364518053,0.0023677061850135572,0.004372601522743531,8.456093517905562e-05,53.84014994914058,28.02,0.8342030549225289,29.688406109845058,26.35159389015494,0.11908680298679931,0.49400625546682486,0.7220889399857338,0.025788890713776207,15.149334741865426,19.265222435856145,17.176158044245735,50.70422535211268,50.23474178403759,948314934.0,936964549.0,0.3267776488508068,-1.3827659246875592,2.643645000385757,6904725.0,-0.8143431070850129,0.5887852159209817,0.012500000000000051,-0.0007137758743753775,0.025296756278416987,2.0,12.0,0.02499999999999991,1.0,1247.34,1240.41,-0.007537025035404654,-0.0012560689871735642,-0.016546682734999263,0.0990858515698725,0.007537025035404654,0.0012560689871735642,-0.012916055566560614,-0.013133369260963312,1.8279472640212444,0.5112729581611942,28.0,28.2,0.0071428571428571175,0.021782720383955567,-0.01463986324109845,28.0,28.7,28.0,28.15,0.005357142857142838,0.01947963053929347,-0.01412248768215063,28.0,27.4,-0.021428571428571463,0.022467205127998824,-0.04389577655657029,0.0023447797,0.005,4
2024-12-05,28.0,28.95,27.7,28.7,6524600,0.02499999999999991,0.02499999999999991,0.02683363148479434,0.03237410071942448,0.06691449814126393,-0.003472222222222321,28.080000000000002,28.014999999999997,27.36416666666667,27.94403337371691,27.759400049605624,0.1846333241112852,0.13297877398370128,0.05165455012758391,0.006433216867989032,0.0017998101089750492,60.38715063881048,28.014999999999997,0.8295686894563292,29.674137378912654,26.35586262108734,0.11844635937266873,0.7064325741515535,0.7597968728438956,0.026473758635675807,15.879240777101822,25.462223832939035,15.157742867141051,79.36507936507931,60.25784335643491,954839534.0,938136364.0,0.3398137730455662,-1.3297599282174286,2.290572638765285,6537640.0,-0.004237041376387514,0.998005396442753,0.04355400696864112,0.024451186864179908,0.04881688339373258,3.0,12.0,-0.00692041522491349,0.0,1241.81,1267.53,0.021863738602558636,0.020465176192124845,0.006175828537408279,0.12761096466493704,0.0031362613974412756,0.011908924527299636,-0.0096480507596306,-0.009588831778691298,1.6895143532367098,0.517969361703485,28.9,28.25,-0.02249134948096876,-0.002840372631711552,-0.019650976849257207,28.9,28.7,28.9,27.6,-0.04498269896193763,-0.012817083149745057,-0.03216561581219257,28.9,27.15,-0.06055363321799312,-0.01288002769560026,-0.04767360552239286,0.00017261325,0.005,4
2024-12-06,28.9,29.25,28.55,28.7,4448900,0.0,0.02499999999999991,0.02499999999999991,0.03423423423423411,0.06296296296296289,-0.003472222222222321,28.270000000000003,28.01,27.424166666666665,28.060335931606616,27.829074120005206,0.23126181160141002,0.15263538150724304,0.07862643009416698,0.008057902843254704,0.002739596867392578,60.38715063881048,28.01,0.824876386273456,29.659752772546913,26.36024722745309,0.11779741324861914,0.7091222428845403,0.7555256676407602,0.026324936154730322,16.92788032034143,26.613403717966776,14.154617260934092,81.96721311475407,70.67883927731539,954839534.0,939308179.0,0.3398137730455662,-1.3297599282174286,2.290572638765285,6232125.0,-0.6027745226810027,0.713865655775518,0.024390243902439,0.024634059264548203,0.04652222796195571,4.0,12.0,-0.003472222222222321,0.0,1270.96,1270.14,0.002059122860997409,0.01573820833933115,0.014035255796129631,0.12569411929093366,-0.002059122860997409,0.018496025894902957,-0.017507478018351952,-0.017265157121787333,1.674004016024374,0.5138634927313951,28.8,27.85,-0.03298611111111105,-0.00699196199644514,-0.02599414911466591,28.8,28.7,28.8,27.6,-0.04166666666666663,-0.010979503877432295,-0.030687162789234335,28.8,27.15,-0.05729166666666674,-0.01974895002595456,-0.03754271664071218,-0.0010004874,0.005,4
2024-12-09,28.8,28.8,28.45,28.7,3866000,0.0,0.0,0.02499999999999991,0.02683363148479434,0.04936014625228502,-0.005199306759098854,28.420000000000005,28.002500000000005,27.490833333333335,28.15874578828252,27.893587148152967,0.2651586401295525,0.17514003323170493,0.09001860689784755,0.009238977007998344,0.003136536825708974,60.387150638810475,28.002500000000005,0.8174857153105618,29.63747143062113,26.36752856937888,0.11677324743298809,0.7133064795312707,0.7265595485235632,0.025315663711622412,17.6743912053719,25.697669977626852,14.650681600732227,81.96721311475407,81.09983519819586,954839534.0,940075144.0,0.3397552358371416,-1.3169565116724589,2.2680604430144227,6020575.0,-0.7256306270926199,0.6421313578852518,0.012195121951219561,0.02490849031336473,0.043984358422504366,0.0,12.0,0.0017452006980802626,1.0,1271.46,1273.84,0.0029130647015287447,0.018086492275477317,0.018811184336809728,0.1255541652380206,-0.0029130647015287447,0.008747139209317023,-0.02401049109590858,-0.023567164814290997,1.6616517555272563,0.5031288899738892,28.65,28.35,-0.010471204188481575,-0.008239882601291715,-0.0022313215871898606,28.65,28.7,28.65,27.8,-0.029668411867364686,-0.009048175846942175,-0.02062023602042251,28.65,28.05,-0.020942408376963262,-0.021455084792315615,0.0005126764153523533,0.0025918512,0.005,4
2024-12-10,28.65,28.95,28.4,28.7,3683000,0.0,0.0,0.0,0.02499999999999991,0.030520646319569078,0.0,28.560000000000002,28.002499999999998,27.548333333333336,28.242015667008285,27.95332143347497,0.2886942335333167,0.1978508732920273,0.09084336024128939,0.010059032527293265,0.003165273876003115,60.38715063881048,28.002499999999998,0.8174857153105618,29.637471430621122,26.367528569378873,0.11677324743298811,0.7133064795312728,0.7139481522004516,0.024876242236949533,18.564014964831532,25.784339087545014,13.844513128016942,80.35714285714283,81.43052302888368,954839534.0,941321289.0,0.33920871399733327,-1.3630642487395812,2.3860522181451085,5725545.0,-0.7070967079461384,0.643257541421821,0.019163763066202117,0.02490849031336495,0.041805311876096374,1.0,12.0,-0.013986013986014068,0.0,1274.29,1272.07,-0.0013894994661809434,0.017794420041125525,0.021890715123471738,0.1242981250466722,0.0013894994661809434,0.007205579958874386,-0.021890715123471738,-0.02142177710346138,1.70427954114013,0.4938484077702378,28.6,28.2,-0.013986013986014068,-0.00904000062832322,-0.004946013357690848,28.6,28.2,28.6,27.6,-0.034965034965035,-0.0101081501378385,-0.0248568848271965,28.6,28.15,-0.01573426573426584,-0.017443823975244133,0.0017095582409782928,0.00018997799,0.005,4
2024-12-11,28.6,28.85,28.2,28.2,3327300,-0.017421602787456414,-0.017421602787456414,-0.017421602787456414,0.0071428571428571175,0.0071428571428571175,-0.045685279187817285,28.600000000000005,27.935000000000002,27.597500000000004,28.23555171823778,27.97159391988423,0.26395779835354816,0.2110722583043315,0.05288554004921667,0.009360205615374049,0.0018753737606105202,53.14524137655559,27.935000000000002,0.7345066371381518,29.404013274276306,26.4659867257237,0.10517367276007182,0.5901965981657133,0.7093804270432766,0.025155334292314774,18.910736842047264,24.096767816296,14.952226890558565,57.99999999999998,73.44145199063233,951512234.0,941938009.0,0.3259793309119357,-1.3609465313237379,2.265597523875309,5428850.0,-0.747871584825636,0.6128922331617194,0.023049645390070997,0.009486307499552371,0.021831687652867027,2.0,12.0,-0.0017667844522968323,0.0,1273.23,1268.86,-0.002523446036774679,0.022935964721342073,0.018314018811595112,0.12496789732925254,-0.014898156750681735,-0.015793107578484955,-0.0639992979994124,-0.06284829317591212,1.7433977528270108,0.49999209575880027,28.3,28.15,-0.005300353356890497,-0.0038241820499503865,-0.0014761713069401106,28.3,28.25,28.3,28.15,-0.005300353356890497,0.0025022425758935984,-0.0078025959327840955,28.3,28.3,0.0,-0.019742536550052647,0.019742536550052647,0.004812753,0.005,4
2024-12-12,28.3,28.6,28.15,28.25,3382900,0.0017730496453900457,-0.015679442508710784,-0.015679442508710784,-0.015679442508710784,0.01618705035971213,-0.013961605584642212,28.51,27.915000000000003,27.622500000000002,28.237774530816584,27.9922165924854,0.245557938331185,0.2179693943097022,0.027588544021482808,0.008692316401103893,0.0009765856290790374,53.74265337662714,27.915000000000003,0.7193015618237647,29.35360312364753,26.476396876352474,0.10307025782894703,0.6164323900363209,0.6908532536830428,0.024454982431258154,19.111967123175003,22.975633970005745,14.773513922052237,54.54545454545453,64.30086580086581,954895134.0,943098649.0,0.30843823242923085,-1.7020590881167468,4.01769606201972,5223220.0,-0.6569496015610923,0.6476656162290694,0.01592920353982311,0.012000716460684124,0.022716987962711377,3.0,12.0,-0.01415929203539823,0.0,1270.86,1267.35,-0.001190044606970031,-0.0001420084731722504,0.02878503762511242,0.11663667903960698,0.0029630942523600767,-0.015537434035538533,-0.04274664320975463,-0.04155060741205241,1.6292240814064105,0.4967394033417149,28.25,27.6,-0.023008849557522026,-0.008150326487375237,-0.01485852307014679,28.25,27.85,28.25,27.55,-0.024778761061946875,0.006237252762889334,-0.03101601382483621,28.25,28.3,0.001769911504424737,-0.027273158468908654,0.02904306997333339,0.002130812,0.005,4
2024-12-13,28.25,28.3,27.85,27.85,3255500,-0.01415929203539823,-0.012411347517730431,-0.029616724738675937,-0.029616724738675937,0.003603603603603567,-0.05110732538330498,28.340000000000003,27.840000000000003,27.6425,28.178116910690957,27.98168203007907,0.19643488061188563,0.2136624915701389,-0.01722761095825326,0.007053317077626055,-0.0006185856717505658,48.423405416816095,27.840000000000003,0.6350714837510074,29.110142967502018,26.56985703249799,0.09124590283778838,0.503936564723759,0.6736494498485398,0.024188490120234822,18.591979835399442,21.87936272591802,17.24957056506977,28.20512820512825,46.91686091686095,951639634.0,943492929.0,0.29724740491191215,-1.7178312227454848,4.051824085703068,4782410.0,-0.6584152902987803,0.6807237355224667,0.016157989228007156,0.0003591954022987842,0.007506556932260322,4.0,12.0,0.016129032258064724,1.0,1264.98,1262.57,-0.0037716495048722987,-0.005959972916371514,0.03610789696119232,0.10926710643040582,-0.010387642530525931,-0.023656751822304423,-0.0872152223444973,-0.08417581084005965,1.6464556122755323,0.5013012971511038,27.9,27.6,-0.01075268817204289,-0.0051660166293521215,-0.005586671542690769,27.9,28.35,27.9,27.65,-0.008960573476702538,0.008789348354073967,-0.017749921830776505,27.9,28.25,0.012544802867383575,-0.02245199876585202,0.0349968016332356,0.0025697816,0.005,4
2024-12-16,27.9,28.35,27.9,28.35,2463400,0.01795332136445249,0.0035398230088496963,0.005319148936170359,-0.012195121951219412,0.014311270125223707,0.02717391304347827,28.270000000000003,27.877499999999998,27.675000000000004,28.20456046289235,28.008964842665808,0.1955956202265412,0.21004911730141937,-0.014453497074878169,0.006899316410107273,-0.0005098235299780658,54.48738360028948,27.877499999999998,0.6422565072092641,29.162013014418527,26.59298698558147,0.09215410380547245,0.6839218422453641,0.6612459177165013,0.02332437099529105,18.199704791061517,21.237751272251604,16.31791098864913,48.571428571428655,43.77400377400384,954103034.0,944677889.0,0.21570182487898837,-0.9192809715995792,2.1719776389575673,4238070.0,-1.455972973267649,0.5812551468003124,0.015873015873015973,0.016949152542373058,0.024390243902438824,0.0,12.0,-0.005291005291005346,0.0,1264.03,1263.79,0.0009662830575729586,-0.007889530867298822,0.038344616800315645,0.10875206672663942,0.01698703830687953,-0.00430559108392059,-0.011170703756837375,-0.01075818526536998,1.6460958558217498,0.4986693281328327,28.35,27.8,-0.01940035273368612,-0.0016997256721822396,-0.017700627061503882,28.35,28.2,28.35,27.25,-0.03880070546737213,0.005620953269402484,-0.044421658736774616,28.35,28.95,0.021164021164021163,-0.028334031670237514,0.04949805283425868,0.00087982405,0.005,4
2024-12-17,28.35,28.4,28.1,28.2,1429900,-0.005291005291005346,0.012567324955116588,-0.0017699115044248481,-0.017421602787456414,0.0071428571428571175,0.06015037593984962,28.170000000000005,27.9575,27.675,28.203858853216605,28.023115595060933,0.1807432581556725,0.20418794547227,-0.023444687316597518,0.006409335395591223,-0.0008313718906594865,52.49342642788593,27.9575,0.5703819126828799,29.09826382536576,26.81673617463424,0.08160699814831508,0.6062884335073685,0.6354426378796082,0.022533426875163413,17.930117704260052,21.08360389979374,15.767633905650513,36.36363636363627,37.71339771339776,952673134.0,946145429.0,0.1663702661880053,0.19907802490895188,0.23858295153379414,3955490.0,-2.141292656873225,0.36149756414502376,0.010638297872340325,0.008673879996423217,0.01897018970189701,1.0,12.0,0.00177935943060481,1.0,1264.91,1261.72,-0.0016379303523528232,-0.008136344698011833,0.04694021491100697,0.1006028848634951,-0.003653074938652523,-0.009285258089444581,0.013210161028842649,0.012617875252757926,1.4698382431532142,0.48944027215487296,28.1,27.6,-0.017793594306049876,-0.0017503979977347983,-0.016043196308315077,28.1,28.15,28.1,27.2,-0.0320284697508898,0.0033344685839200583,-0.03536293833480986,28.1,29.9,0.06405693950177915,-0.020901811384715252,0.0849587508864944,0.0020776042,0.005,4
2024-12-18,28.1,28.3,27.85,28.15,2430800,-0.0017730496453900457,-0.007054673721340499,0.010771992818671361,-0.0017730496453900457,0.005357142857142838,0.04646840148698894,28.160000000000004,28.02,27.676666666666666,28.195572875798664,28.032514439871235,0.16305843592742875,0.19596204356330177,-0.03290360763587302,0.005792484402395338,-0.0011688670563365195,51.81278212605745,28.02,0.514116513519706,29.048233027039412,26.991766972960587,0.07339279279367684,0.5632152423533348,0.6221967351739218,0.022102903558576265,17.059509284769266,19.99441903285898,17.823089052400203,33.33333333333319,39.42279942279939,950242334.0,947200589.0,0.16416857109303826,0.38191049518105075,0.5048394117018827,3786190.0,-1.1883038721079517,0.6420174370541362,0.01598579040852573,0.004639543183440287,0.017102252198000656,2.0,12.0,-0.007194244604316502,0.0,1262.57,1266.0,0.0033921947817265874,-0.0022539917721418057,0.04065628750390449,0.09714214178468736,-0.005165244427116633,0.00048094212675175996,0.005812113983084455,0.005585046717994979,1.5296897840039696,0.5027618649581559,27.8,28.15,0.012589928057553879,0.013636725276473749,-0.0010467972189198704,27.8,27.6,27.8,27.4,-0.014388489208633115,0.01019174158644276,-0.024580230795075875,27.8,29.9,0.07553956834532372,-0.01156814384597038,0.0871077121912941,0.0022757107,0.005,4
2024-12-19,27.8,27.9,27.3,27.6,3731900,-0.019538188277086976,-0.02127659574468077,-0.02645502645502651,-0.023008849557522026,-0.03832752613240409,0.02602230483271395,28.03000000000001,28.055,27.670833333333334,28.103946279521946,28.000476333214106,0.10346994630783968,0.17746362411220937,-0.07399367780436969,0.003748911098110133,-0.0026809303552307855,44.91397293961716,28.055,0.45419101013139257,28.963382020262785,27.146617979737215,0.06475722832028408,0.24955470834375837,0.638468396947213,0.023132912932870037,16.58194199544621,18.093076890230552,22.281344654624146,15.384615384615426,28.36052836052832,946510434.0,948069154.0,0.18156495667543288,0.15982961108965346,0.13533520334852395,3726080.0,0.005252014650406105,1.0015619632428718,0.021739130434782532,-0.016218142933523416,-0.0025598554434572707,3.0,12.0,0.0,0.0,1256.9,1254.67,-0.008949447077409078,-0.010005128812088038,0.021443748829711895,0.10008844413820728,-0.010588741199677898,-0.013003720745433989,0.0045785560030020545,0.004482435776074656,1.5701827867724771,0.5186685990491138,27.6,27.55,-0.0018115942028985588,0.01375438037591592,-0.015565974578814479,27.6,27.6,27.6,27.15,-0.01630434782608703,-0.0008043963045555325,-0.015499951521531496,27.6,29.85,0.08152173913043481,-0.005168843580758198,0.08669058271119301,0.0013100327,0.005,4
2024-12-20,27.6,27.85,27.6,27.6,2096100,0.0,-0.019538188277086976,-0.02127659574468077,-0.008976660682226245,-0.03832752613240409,0.022222222222222365,27.98,28.085,27.663333333333334,28.026416082672416,27.97081141964269,0.055604663029726,0.1530918318957127,-0.09748716886598671,0.0020146617039755797,-0.003532143799492272,44.91397293961717,28.085,0.39706157549780385,28.879123150995607,27.290876849004395,0.056551408295930645,0.19463174610137834,0.6107206543081264,0.02212755993870023,16.138486655360516,17.56404507105925,21.629850142787777,15.384615384615426,21.367521367521373,946510434.0,948753904.0,0.18140075874526465,0.21387114383559705,0.1635482890004633,3647070.0,-1.3293986051358844,0.574735335488488,0.009057971014492754,-0.017269004806836352,-0.0022894324617424022,4.0,12.0,0.0036101083032491488,1.0,1255.6,1257.5,0.0022555731786046973,-0.004015618935979792,0.023939418614119523,0.10005378094571844,-0.0022555731786046973,-0.004961041746246453,-0.0017171963918971578,-0.001677048818201854,1.5649752083662203,0.5179991050459316,27.7,27.65,-0.0018050541516245744,0.01005188324290085,-0.011856937394525424,27.7,27.8,27.7,27.15,-0.019855595667870096,-0.01275298031605221,-0.007102615351817887,27.7,29.55,0.06678700361010836,-0.010218226464414504,0.07700523007452287,0.0013825372,0.005,4
2024-12-23,27.7,28.15,27.7,27.8,2444700,0.007246376811594235,0.007246376811594235,-0.01243339253996445,-0.01940035273368612,-0.03135888501742157,0.01645338208409508,27.870000000000005,28.107499999999998,27.65666666666667,27.99158283918435,27.95815872189138,0.033424117292970124,0.1291582889751642,-0.09573417168219409,0.0012023063774449685,-0.0034436752403666938,47.84276445633371,28.107499999999998,0.36464654840421556,28.836793096808428,27.37820690319157,0.051893131499310144,0.2891794113054855,0.6063834647146886,0.02181235484585211,15.033470259918275,19.959956521543248,20.22851886942895,25.64102564102565,18.80341880341886,948955134.0,949400279.0,0.1775624108707627,0.25397089979032506,0.43774474960895343,3608695.0,-0.9748464058535383,0.6774471103820079,0.016187050359712206,-0.010940140531886411,0.005182596119079008,0.0,12.0,-0.007194244604316502,0.0,1262.45,1262.76,0.004182902584493053,-0.0008150088226682728,0.022726168299991967,0.09948271563228304,0.0030634742271011817,-0.01858534391101785,-0.006272786215896886,-0.00613339759001541,1.5730223853109944,0.5223796639845916,27.8,27.25,-0.01978417266187049,0.007117804010989381,-0.026901976672859873,27.8,27.6,27.8,28.05,0.008992805755395628,-0.01273128904301557,0.021724094798411198,27.8,29.35,0.055755395683453335,-0.013412191317704325,0.06916758700115766,0.0009929771,0.005,4
2024-12-24,27.8,28.0,27.45,27.6,3091500,-0.007194244604316502,0.0,0.0,-0.02127659574468077,-0.03832752613240409,-0.008976660682226245,27.750000000000007,28.095,27.646666666666665,27.93133932546368,27.93162844619572,-0.0002891207320416811,0.10326880703372304,-0.10355792776576472,-1.0475388842089894e-05,-0.0037520988320929247,45.251765612672074,28.095,0.37797939236496086,28.850958784729922,27.339041215270075,0.05381447123900505,0.17260119863754017,0.6023560743779253,0.02182449544847555,14.52632871977467,18.658166463444406,21.87376246394268,15.384615384615426,18.803418803418865,945863634.0,949624844.0,0.16716291283876905,0.4192406922243805,1.1390592976108773,3496035.0,-0.35927706280070143,0.8842874856802063,0.019927536231884084,-0.017618793379604814,-0.0016879672052084738,1.0,12.0,0.018083182640144635,1.0,1263.03,1260.36,-0.0019005986885869408,-0.0010778936689599394,0.01467640263096448,0.09829992942364735,-0.005293645915729561,-0.02019870207572083,-0.023653063313190725,-0.023310942534842116,1.5858722601737665,0.524645410378253,27.65,27.2,-0.016274864376130127,0.0037637774062422302,-0.020038641782372357,27.65,28.15,27.65,28.15,0.018083182640144635,-0.008724039840574349,0.026807222480718984,27.65,28.95,0.047016274864376095,-0.015451296720363272,0.06246757158473937,0.0008673494,0.005,4
2024-12-25,27.65,28.15,27.65,28.15,3779000,0.019927536231884035,0.012589928057553879,0.019927536231884035,0.0,-0.0017730496453900457,0.005357142857142838,27.75,28.1025,27.65583333333333,27.964979429238497,27.947804116847887,0.01717531239060932,0.0860501081051003,-0.06887479571449098,0.0006101354312827468,-0.002446706774937513,52.81897425850797,28.1025,0.37748300763422843,28.857466015268457,27.34753398473154,0.053729455761477314,0.5314583696745004,0.5986163547795018,0.021265234628046248,13.70749842880712,19.223518833035197,20.43824140667294,43.5897435897435,28.20512820512822,949642634.0,949790434.0,0.18121519493061716,0.4389719905292303,0.3979196980660402,3437060.0,0.31806078706371227,1.0994861887776182,0.017761989342806397,0.0016902410817543068,0.01786844246241004,2.0,12.0,-0.02131438721136758,0.0,1262.03,1274.04,0.010854041702370809,0.006350710900473899,0.025821879755549615,0.10453527884213971,0.009073494529513226,-0.006350710900473899,-0.020464736898406777,-0.01994960070775975,1.5737854616132512,0.535172484316437,28.15,27.4,-0.026642984014209614,-0.004679857017433897,-0.021963126996775717,28.15,27.55,28.15,28.3,0.005328596802842034,-0.023446318826037982,0.028774915628880016,28.15,29.4,0.04440497335701599,-0.012581525147372319,0.056986498504388305,0.001846198,0.005,4
2024-12-26,28.15,28.2,27.4,27.55,4780500,-0.02131438721136758,-0.0018115942028985588,-0.008992805755395739,-0.0018115942028985588,-0.024778761061946875,-0.008992805755395739,27.740000000000002,28.090000000000003,27.6625,27.901136440124883,27.918337145229525,-0.01720070510464211,0.06539994546315182,-0.08260065056779393,-0.0006243450128726719,-0.002998208732043337,45.440275345676035,28.090000000000003,0.3918914994847118,28.87378299896943,27.30621700103058,0.05580512630611782,0.155516896443254,0.6130009008666804,0.022250486419843205,13.465972696633086,17.431536490258736,21.446094373753507,15.151515151515165,24.708624708624725,944862134.0,949859784.0,0.195392419178509,0.23743823994262822,0.09473763058211074,3533300.0,1.127663233601457,1.352984462117567,0.029038112522686052,-0.01922392310430765,-0.004066877541798464,3.0,12.0,0.005454545454545379,1.0,1275.68,1272.87,-0.0009183385137044864,0.014505806307634428,0.024764312339486727,0.10475390886124765,-0.020396048697663094,-0.016317400510532987,-0.033757118094882466,-0.03294134825774386,1.5644285467612773,0.522965483472074,27.5,27.15,-0.01272727272727281,-0.016439838188717082,0.0037125654614442727,27.5,27.65,27.5,28.3,0.029090909090909056,-0.03534134027407565,0.0644322493649847,27.5,29.0,0.05454545454545445,-0.008239518329204443,0.0627849728746589,0.0008771421,0.005,4
2024-12-27,27.5,27.75,27.3,27.65,3480700,0.003629764065335772,-0.017761989342806372,0.0018115942028984477,0.0018115942028984477,-0.007181328545781018,-0.003603603603603678,27.750000000000007,28.085,27.67,27.862500064721054,27.89846031965697,-0.03596025493591526,0.04512790538333841,-0.08108816031925367,-0.0013005517155846387,-0.002932664026012791,46.77484184827094,28.085,0.39706157549780413,28.87912315099561,27.29087684900439,0.0565514082959309,0.2261130093898955,0.6013579793762032,0.02174893234633646,13.441978648473418,16.4998129472069,21.48757875978225,21.2121212121211,26.651126651126617,948342834.0,950278789.0,0.19581923000847565,0.16463058880485898,0.04206622582507505,3531715.0,-0.046123251047026206,0.9855551764511009,0.016274864376130176,-0.015488695032935818,-0.0007228044813879508,4.0,12.0,-0.01446654611211573,0.0,1275.56,1275.14,0.0017833714362034403,0.014027833001988066,0.019736736880827888,0.10277668262861935,0.0018463926291323318,-0.012216238799089618,-0.023340340484431565,-0.022888594320750855,1.5933271720599387,0.528727138469696,27.65,27.15,-0.018083182640144635,-0.02151128557409232,0.0034281029339476854,27.65,27.25,27.65,28.25,0.02169981916817365,-0.029911678115799756,0.051611497283973407,27.65,29.4,0.06329113924050622,-0.01626692836113841,0.07955806760164463,0.0015440383,0.005,4
2024-12-30,27.65,27.65,27.25,27.25,2475800,-0.01446654611211573,-0.010889292196007316,-0.031971580817051426,-0.01978417266187049,-0.03880070546737213,-0.025044722719141266,27.640000000000004,28.05,27.670833333333334,27.7682692855332,27.850426221904602,-0.0821569363714012,0.019670937032390493,-0.1018278734037917,-0.0030149334448220625,-0.0037368026937171263,42.31604398249691,28.05,0.43829814414147444,28.92659628828295,27.17340371171705,0.06250240914673444,0.04368960335948049,0.5869752665636171,0.02154037675462815,13.522439614994127,15.696673098022202,21.050102124576586,0.0,12.121212121212118,945867034.0,950380389.0,0.2001454106869558,0.34363969638714886,-0.05933332560225222,3461890.0,-0.8747346951026502,0.7151584827940807,0.014678899082568754,-0.028520499108734443,-0.015208552928775876,0.0,12.0,-0.0018348623853211565,0.0,1273.75,1272.02,-0.002446790156375056,0.00733314327346446,0.01663190032048978,0.10349943276250237,-0.012019755955740674,-0.02711731593533495,-0.041676623039631044,-0.040994801585994556,1.605826981936418,0.53068892441912,27.25,28.05,0.029357798165137616,-0.01988602868932987,0.04924382685446749,27.25,27.2,27.25,28.95,0.062385321100917324,-0.033939870308508646,0.09632519140942597,27.25,29.7,0.0899082568807339,-0.005950088426016853,0.09585834530675075,0.001207255,0.005,4
2024-12-31,27.25,27.35,27.0,27.2,3004100,-0.0018348623853211565,-0.016274864376130127,-0.012704174228675202,-0.01449275362318847,-0.03546099290780147,-0.02857142857142858,27.560000000000002,28.009999999999998,27.662500000000005,27.680843241605015,27.80224650176352,-0.12140326015850533,-0.008543902405788674,-0.11285935775271666,-0.004463355152886226,-0.004149241093849877,41.779916925802915,28.009999999999998,0.4778240151705034,28.965648030341004,27.054351969658992,0.06823620352309934,0.07620380397217767,0.5700484618090731,0.020957664037098277,14.096678449087474,15.008281051133407,23.259496267318262,12.499999999999945,11.23737373737371,942862934.0,950107789.0,0.19984270663459544,0.39239864854869927,-0.012227711451614328,3388100.0,-0.3474347122692178,0.8866621410229922,0.012867647058823583,-0.028918243484469808,-0.016719385449616153,1.0,12.0,0.005504587155963359,1.0,1272.25,1266.78,-0.004119432084401242,0.005093782728744278,0.013561844410839852,0.10479819048923225,0.0022845696990800857,-0.01958653635193275,-0.04213327298226843,-0.04156951370516471,1.585443906580604,0.5300781753503523,27.25,28.15,0.03302752293577971,-0.014137561467658544,0.04716508440343825,27.25,27.4,27.25,29.9,0.0972477064220183,-0.02583217753120659,0.12307988395322489,27.25,29.4,0.07889908256880718,0.0005122304879585649,0.07838685208084861,0.0010483534,0.005,4
2025-01-02,27.25,27.55,27.05,27.4,2213300,0.007352941176470562,0.005504587155963359,-0.009041591320072317,-0.026642984014209614,-0.026642984014209614,-0.021428571428571463,27.410000000000004,27.98,27.65,27.6376365890504,27.772450464595853,-0.1348138755454542,-0.03379789703372178,-0.10101597851173243,-0.0049202144359654825,-0.003686714544223811,44.79293672622877,27.98,0.4969379925313001,28.9738759850626,26.9861240149374,0.07104188599446758,0.2082130926206707,0.5650450002512821,0.020622080301141685,14.057876636911093,16.587909913673585,21.789354429248824,28.5714285714285,13.690476190476176,945076234.0,949945854.0,0.20220327657427303,0.301305664272656,-0.20799736594292084,3295495.0,-0.9637012766133164,0.6716138243268462,0.018248175182481754,-0.020729092208720545,-0.009041591320072317,3.0,1.0,-0.007312614259597949,0.0,1268.96,1269.71,0.0023129509464943077,-0.003398637405418903,0.02362122201530137,0.10027176599132999,0.0050399902299762545,-0.02324434660879071,-0.04504979344387283,-0.04401021830631746,1.575022078678865,0.5227206483341521,27.35,28.3,0.034734917733089565,-0.01810457619370398,0.052839493926793546,27.35,27.15,27.35,29.9,0.09323583180987183,-0.020792282106657067,0.1140281139165289,27.35,29.35,0.07312614259597816,0.0021596229329885475,0.07096651966298961,-0.0015262458,0.005,4
2025-01-03,27.35,27.4,27.0,27.15,2127000,-0.009124087591240837,-0.0018382352941176405,-0.003669724770642202,-0.014519056261343088,-0.01630434782608703,-0.05400696864111498,27.330000000000002,27.902500000000003,27.638333333333335,27.562615575350335,27.72634302277394,-0.16372744742360368,-0.059783807111698166,-0.1039436403119055,-0.006030476884847281,-0.0038284950391125417,41.87561039543159,27.902500000000003,0.49959852302677443,28.901697046053552,26.903302953946454,0.07162061077348258,0.12344764580114824,0.5532560716619047,0.020377755862316934,14.129456681468929,15.731271717504919,21.309630590425506,10.714285714285623,17.261904761904717,942949234.0,949351339.0,0.17893698842163488,0.20341960259748632,-0.17174802049785687,3075615.0,-1.1078392504527779,0.6915690032725162,0.014732965009208052,-0.02696890959591447,-0.017668696858228472,4.0,1.0,-0.005494505494505586,0.0,1268.74,1254.59,-0.011908231013381121,-0.014361246631627744,-0.010208831349159397,0.07682419867806625,0.002784143422140284,-0.00015780962971534418,-0.043798137291955586,-0.044249876821648826,1.5537177732612446,0.5303587733820118,27.3,28.3,0.03663003663003672,-0.019373759752627895,0.05600379638266462,27.3,27.15,27.3,29.85,0.09340659340659352,-0.004526653862399366,0.09793324726899288,27.3,29.1,0.06593406593406592,0.016265669952741257,0.049668395981324664,-0.0013942397,0.005,4
2025-01-06,27.3,27.65,27.1,27.15,3047400,0.0,-0.009124087591240837,-0.0018382352941176405,-0.018083182640144635,-0.01630434782608703,-0.05400696864111498,27.23,27.825,27.625,27.49913625606567,27.683650947012907,-0.18451469094723905,-0.08472998387880634,-0.0997847070684327,-0.0067961212135263,-0.003675311494233249,41.87561039543159,27.825,0.4894949061613666,28.803989812322733,26.846010187677265,0.07036764149669246,0.15525688239875157,0.5530234951146257,0.02036918950698437,13.490855296652693,17.84275531627575,19.795835848782477,10.714285714285623,16.66666666666661,942949234.0,948756824.0,0.17893698842163488,0.20341960259748626,-0.17174802049785537,3005540.0,0.05278805091288344,1.0139276136734163,0.020257826887661038,-0.02425876010781669,-0.017194570135746656,0.0,1.0,0.027472527472527375,1.0,1254.79,1246.35,-0.006567882734598518,-0.022577913013473228,-0.018730218716047187,0.07908013673192173,0.006567882734598518,0.004494730373328593,-0.035276749925067796,-0.03595010322126657,1.5272396772323258,0.5252985654636475,27.3,28.25,0.034798534798534675,-0.010839023687349347,0.04563755848588402,27.3,28.05,27.3,29.55,0.08241758241758235,0.00028818674501063235,0.08212939567257171,27.3,28.45,0.042124542124541975,0.01126329861750408,0.030861243507037894,-0.0012686378,0.005,4
2025-01-07,27.3,28.5,27.3,28.05,8651800,0.03314917127071837,0.03314917127071837,0.023722627737226443,0.029357798165137616,0.008992805755395628,-0.022648083623693305,27.389999999999997,27.792499999999997,27.630000000000003,27.58388452436326,27.71078791390084,-0.1269033895375813,-0.09316466501056134,-0.03373872452701995,-0.0045241850102524525,-0.001202806578503385,54.30199032757838,27.792499999999997,0.4481761284420476,28.688852256884093,26.8961477431159,0.06450317581247435,0.6436377261407956,0.609950388320724,0.021745111883091764,13.952573084517496,24.975920978993194,16.666263005345133,70.00000000000004,30.476190476190457,951601034.0,948594899.0,0.21965576669085085,0.7262175083363833,0.6543951842184832,3244830.0,3.6391905452904787,2.6663338295072467,0.04278074866310158,0.009265089502563884,0.015200868621064068,1.0,1.0,-0.0035398230088495852,0.0,1249.19,1246.95,0.00048140570465760035,-0.019708809609911726,-0.021109401494693092,0.07797486438645984,0.03266776556606077,0.04906660777504934,-0.0015386821290002128,-0.0015718632208233663,1.5383365519164378,0.5154457968414646,28.25,28.95,0.024778761061946986,-0.01371412980676645,0.038492890868713436,28.25,28.15,28.25,29.35,0.038938053097345104,-5.6172562110989865e-05,0.038994225659456094,28.25,28.9,0.023008849557522026,0.017886948706426153,0.005121900851095873,-0.006773341,0.005,4
2025-01-08,28.25,28.3,28.05,28.15,1982200,0.0035650623885916666,0.036832412523020164,0.036832412523020164,0.03492647058823528,0.019927536231884035,-0.019163763066202155,27.580000000000002,27.765000000000004,27.645833333333332,27.67097921292276,27.74332214250078,-0.07234292957802069,-0.08900031792405322,0.01665738834603253,-0.002569908688384394,0.0005917367085624346,55.44186064350777,27.765000000000004,0.40428624564916865,28.573572491298343,26.956427508701665,0.05824401161882504,0.7380738920401517,0.5842396462978152,0.020754516742373542,14.381311030391956,24.212538021782436,16.15686272539656,76.66666666666657,52.46031746031744,953583234.0,948532084.0,0.22024644483363667,0.6796944306003841,0.565965191616026,3159790.0,-0.780961568581467,0.6273201700112983,0.008880994671403198,0.013866378534125534,0.01823662396382808,2.0,1.0,0.005328596802842034,1.0,1246.16,1251.02,0.0032639640723364227,-0.012440992121757533,-0.01654783148726091,0.07944561089476546,0.00030109831625524386,0.047367462709992814,-0.002615931578941244,-0.002659947949372299,1.510703179056929,0.5112996065810255,28.15,29.9,0.06216696269982247,-0.011498848515864801,0.07366581121568727,28.15,28.3,28.15,28.95,0.02841918294849033,-0.00642112333674516,0.03484030628523549,28.15,29.0,0.030195381882770933,0.01307414278403285,0.017121239098738084,-0.0058986745,0.005,4
2025-01-09,28.15,28.5,28.15,28.3,2706200,0.005328596802842034,0.00891265597147961,0.0423572744014733,0.03284671532846728,0.005328596802842034,0.0035460992907800915,27.76,27.77,27.664166666666667,27.767751641703875,27.784557539352573,-0.01680589764869822,-0.07456143386898222,0.057755536220283996,-0.000593847973452234,0.0020408316685612718,57.1677195904384,27.77,0.4105195680957483,28.591039136191498,26.9489608638085,0.05913137459067324,0.8227617153906198,0.5675082429908286,0.020053294805329632,15.129536733924377,25.66319180204861,15.445116996372066,86.6666666666667,77.77777777777779,956289434.0,948770944.0,0.2122380178336337,0.5919332989228455,0.7469065247997907,3128735.0,-0.2797071123286032,0.8649502115072066,0.012367491166077788,0.019085343896291018,0.02298400457872707,3.0,1.0,-0.007017543859649145,0.0,1250.56,1245.77,-0.004196575594315077,-0.01885469910451998,-0.018197437069495392,0.08013980362377175,0.009525172397157111,0.05170141443298726,0.021743536360275484,0.022146546751085072,1.494074478010205,0.5069173490231919,28.5,29.9,0.04912280701754379,-0.0026652109691093218,0.05178801798665311,28.5,28.3,28.5,29.4,0.03157894736842093,0.011198702716588516,0.020380244651832413,28.5,28.8,0.010526315789473717,0.0198044441590135,-0.009278128369539784,-0.003101478,0.005,4
2025-01-10,28.5,28.85,28.2,28.3,4972800,0.0,0.005328596802842034,0.00891265597147961,0.0423572744014733,0.02722323049001818,0.001769911504424737,27.990000000000002,27.772499999999997,27.674166666666665,27.849636004518665,27.822738462363493,0.02689754215517226,-0.054269638664151326,0.08116718081932359,0.0009504431856951328,0.002868098262166911,57.1677195904384,27.772499999999997,0.4137361859675714,28.59997237193514,26.945027628064853,0.059589332752553376,0.8187417597800764,0.5734005113486267,0.020261502167795997,16.379651472062413,27.945182557961797,14.194516929758747,70.27027027027025,77.86786786786787,956289434.0,948840659.0,0.21216384080511683,0.6145801799258933,0.7726728087018251,3208230.0,1.12712623906817,1.55001355887826,0.022968197879858734,0.01899360878566947,0.022614351531211607,4.0,1.0,-0.0017667844522968323,0.0,1245.68,1230.48,-0.012273533637830347,-0.01921743358387995,-0.029092200260385725,0.08974304528580561,0.012273533637830347,0.06157470798535325,0.030862111764810463,0.03178686150537402,1.3911929325992276,0.48585767463929347,28.3,29.85,0.05477031802120136,0.018301729900705777,0.03646858812049558,28.3,28.25,28.3,29.0,0.02473498233215543,0.03129636574111805,-0.006561383408962618,28.3,29.55,0.044169611307420586,0.040288262436208866,0.0038813488712117206,-0.0012452529,0.005,4
2025-01-13,28.3,28.4,27.65,28.25,3433800,-0.0017667844522968323,-0.0017667844522968323,0.00355239786856143,0.0405156537753224,0.02169981916817365,0.014362657091561815,28.21,27.792499999999997,27.683333333333334,27.911230465361946,27.854387465151383,0.05684300021056288,-0.03204711088920849,0.08889011109977137,0.002012141600373907,0.0031465526053016412,56.32434117223744,27.792499999999997,0.42713088096475077,28.646761761929497,26.938238238070497,0.06147426549820996,0.7677750663723137,0.5860147605380105,0.020743885328779132,16.128861705335115,25.390531289545024,19.600781570352957,67.56756756756752,74.83483483483485,952855634.0,948901459.0,0.20551680915677592,0.5956408587175911,1.0899631261017975,3217145.0,0.13831938960386334,1.0673438716626076,0.02654867256637168,0.016461275523972363,0.02046959662853709,0.0,1.0,0.017574692442882345,1.0,1226.66,1235.65,0.0042016123789090365,-0.008585068399727058,-0.0213215900900543,0.09146524969038869,-0.005968396831205869,0.04910072217504946,0.03568424718161611,0.03646166791898442,1.3730705951656774,0.48182152379914744,28.45,29.55,0.03866432337434089,0.011969840537104037,0.026694482837236855,28.45,28.95,28.45,29.4,0.033391915641476144,0.014788179175069027,0.018603736466407117,28.45,29.45,0.03514938488576447,0.030734468767462886,0.004414916118301582,-0.0020488915,0.005,4
2025-01-14,28.45,29.3,28.45,28.95,7099600,0.024778761061946986,0.0229681978798586,0.0229681978798586,0.03208556149732611,0.062385321100917324,0.021164021164021163,28.390000000000004,27.8225,27.711666666666666,28.07104116299857,27.935543949214242,0.13549721378432622,0.0014617540454984533,0.13403545973882777,0.004680387350063082,0.004629894982342928,64.271308761758,27.8225,0.48543930185915624,28.793378603718313,26.85162139628169,0.06979089612495726,1.080659618865763,0.6191565633567241,0.021387100634083733,17.190329306855887,32.697700186095865,17.226489339957094,84.78260869565213,74.20681551116333,959955234.0,949194069.0,0.21431562057037856,0.6488329924917651,0.820206776949352,3448955.0,2.053553797205304,2.0584785826431484,0.029360967184801433,0.04052475514421783,0.04468635352138084,1.0,1.0,0.03460207612456756,1.0,1234.77,1229.07,-0.005325132521345144,-0.014338987128593828,-0.027472918760237053,0.09233773541093937,0.03010389358329213,0.04642454862591994,0.048636939924258216,0.050010884902306874,1.296782284990697,0.4525602548632699,28.9,29.35,0.01557093425605549,0.010378743036917548,0.005192191219137943,28.9,29.9,28.9,29.7,0.02768166089965396,0.025452245619440816,0.002229415280213143,28.9,29.2,0.01038062283737018,0.03636614259419946,-0.02598551975682928,-0.002774656,0.005,4
2025-01-15,28.9,29.9,28.9,29.9,10247200,0.032815198618307395,0.05840707964601766,0.05653710247349819,0.06216696269982247,0.09926470588235281,0.06028368794326244,28.740000000000002,27.9075,27.7725,28.352419445614174,28.08105921223541,0.2713602333787648,0.055441449912151726,0.21591878346661308,0.009075593089590796,0.007221363995538899,71.7767912173574,27.9075,0.6691068280689029,29.245713656137806,26.569286343862192,0.09590351383232514,1.2444625866958032,0.646359665974101,0.02161738013291308,18.816369871853976,35.71485050515654,15.322806933617164,100.00000000000001,84.11672542107324,970202434.0,950070534.0,0.24027728215051608,0.5792326461309245,0.11315048951232459,3889820.0,2.795007589567626,2.634363543814367,0.033444816053511704,0.07139657798082943,0.07660455486542439,2.0,1.0,0.0,0.0,1233.29,1236.18,0.005784861724718704,-0.011862320346597066,-0.020242209047966253,0.09575424626657,0.02703033689358869,0.07402928304641954,0.0805258969912287,0.0821895959745127,1.2702894248324363,0.4480262820360601,29.9,28.95,-0.0317725752508361,0.0006362040362717369,-0.032408779287107836,29.9,29.9,29.9,29.4,-0.01672240802675584,0.022444312013786938,-0.03916672004054278,29.9,30.15,0.008361204013378032,0.03770515566865851,-0.029343951655280476,-0.008522186,0.005,4
2025-01-16,29.9,29.95,29.5,29.9,5059800,0.0,0.032815198618307395,0.05840707964601766,0.05653710247349819,0.09124087591240881,0.06216696269982247,29.060000000000002,27.994999999999997,27.833333333333332,28.590508761673533,28.215795566884637,0.374713194788896,0.11929579888750058,0.2554173959013954,0.012532213872538327,0.008542387822789144,71.7767912173574,27.994999999999997,0.8034301463101705,29.601860292620337,26.388139707379658,0.11479623451475905,1.0927708864139891,0.6323339755473795,0.021148293496567876,20.375693141638244,34.46419102598132,14.543916642504012,98.3050847457627,94.36256448047163,970202434.0,951068539.0,0.23988842706310654,0.5639113293641733,0.11963531479866293,4021270.0,0.4591766169232571,1.25825920666854,0.015050167224080244,0.06804786569030186,0.07425149700598799,3.0,1.0,-0.0033388981636058856,0.0,1241.74,1242.36,0.004999271950686612,-0.0027372628976457536,-0.018672985781990614,0.09689610215433962,-0.004999271950686612,0.059274365371143944,0.08083994848181308,0.08237819535237412,1.2520742369316185,0.44409764672634944,29.95,29.4,-0.018363939899833093,0.013884640770134737,-0.03224858066996783,29.95,29.85,29.95,29.35,-0.02003338898163598,0.023422785299183735,-0.043456174280819715,29.95,29.8,-0.005008347245408995,0.04072827959239511,-0.045736626837804106,-0.007354466,0.005,4
2025-01-17,29.95,30.1,29.7,29.85,3740000,-0.0016722408026754731,-0.0016722408026754731,0.031088082901554515,0.05477031802120136,0.09944751381215489,0.08152173913043481,29.370000000000005,28.107499999999998,27.90083333333333,28.78427664449299,28.336847747115407,0.4474288973775842,0.1849224185855173,0.2625064787920669,0.0149892427932189,0.008794186894206597,70.86807576596621,28.107499999999998,0.8972582506842736,29.902016501368546,26.31298349863145,0.12768951357243072,0.9855068199905446,0.6157386915797097,0.020627761861966826,21.975821349604058,34.605058248463564,13.869051669451842,91.93548387096773,96.74685620557683,966462434.0,952066139.0,0.22544734027741406,0.7048819727576203,0.4316619045814025,4021675.0,-0.12454300920155303,0.9299607750501967,0.01340033500837528,0.06199412968069029,0.06986051790567793,4.0,1.0,-0.01005025125628145,0.0,1242.38,1249.11,0.005433207765864978,0.015140433001755271,-0.00443144412475005,0.09451748767274301,-0.007105448568540451,0.03962988501944609,0.08595318325518486,0.08633577541992521,1.1968849025329393,0.4219080216569928,29.85,29.0,-0.028475711892797406,0.012015711622921144,-0.04049142351571855,29.85,29.55,29.85,29.1,-0.025125628140703515,0.02013551674759806,-0.045261144888301574,29.85,29.45,-0.01340033500837523,0.037375102997528,-0.05077543800590323,-0.00455727,0.005,4
2025-01-20,29.85,30.3,29.3,29.55,4708500,-0.01005025125628145,-0.011705685618728978,-0.011705685618728978,0.046017699115044275,0.08839779005524862,0.07065217391304346,29.630000000000003,28.205000000000002,27.961666666666666,28.902080237647915,28.42671087695871,0.4753693606892071,0.24301180700625527,0.23235755368295183,0.016086949600311578,0.007863199786225104,65.50910402737885,28.205000000000002,0.9439419027617091,30.09288380552342,26.317116194476583,0.133868732885901,0.8562189569254489,0.6431859278954447,0.02176602124857681,22.508569578511125,30.762017274326976,16.77100618738134,77.27272727272727,89.17109862981927,961753934.0,952828314.0,0.23058877866899846,0.7222190928143141,0.26596411513423845,4152295.0,0.2505818645530397,1.1339512245637653,0.0338409475465313,0.04768658039354712,0.0568039577993682,0.0,1.0,-0.00170068027210879,0.0,1250.03,1249.55,0.00035225080257150765,0.01124914012867717,-0.006322067594433434,0.09410081025355944,-0.010402502058852958,0.034768558986367104,0.07697424150747689,0.07746397398715721,1.2035979775406291,0.4213982608181189,29.4,29.4,0.0,0.00022350828178008264,-0.00022350828178008264,29.4,29.35,29.4,28.45,-0.03231292517006801,0.00838954300538819,-0.0407024681754562,29.4,29.8,0.013605442176870763,0.04135701456795049,-0.027751572391079726,-0.0019067748,0.005,4
2025-01-21,29.4,29.55,29.1,29.35,4359700,-0.006768189509306244,-0.01675041876046901,-0.018394648829431315,0.013816925734024155,0.04634581105169344,0.055755395683453335,29.71,28.2825,28.01583333333333,28.970990970317466,28.495102663850655,0.47588830646681046,0.2895871068983663,0.18630119956844415,0.016214252349806148,0.006347570683763003,62.13572146556871,28.2825,0.9721483263478637,30.226796652695725,26.338203347304272,0.13749114489141528,0.7745208655582306,0.6293869330457701,0.02144418851944702,22.56031539471986,29.19099780322066,18.184291601878122,71.21212121212125,80.14011078527211,957394234.0,953250269.0,0.2329379111507609,0.8387898490353927,0.311052542637752,4248045.0,0.05114471174688176,1.0262838552793108,0.015332197614991458,0.037744188102183385,0.04762188048425009,1.0,1.0,-0.006861063464837058,0.0,1252.75,1246.09,-0.0027689968388620034,0.013847868713742884,-0.013201241724476565,0.09293632665670988,-0.00399919267044424,-3.0942979718728836e-05,0.0689566374079299,0.0698791286770919,1.2076840065414562,0.4226696353859454,29.15,29.7,0.018867924528301883,0.01315431080063445,0.005713613727667433,29.15,28.95,29.15,28.9,-0.00857632933104635,0.016174514924775396,-0.024750844255821747,29.15,29.6,0.01543739279588352,0.04398122186083042,-0.028543829064946902,-0.0016284124,0.005,4
2025-01-22,29.15,29.25,28.5,28.95,7447300,-0.013628620102214772,-0.020304568527918843,-0.03015075376884424,-0.0317725752508361,0.02841918294849033,0.048913043478260754,29.520000000000003,28.35,28.06,28.967761590268626,28.52879876282468,0.43896282744394455,0.319462251007482,0.11950057643646256,0.015162791966975632,0.004127826474489208,55.932171357232555,28.35,0.9691287459959435,30.28825749199189,26.411742508008114,0.13673774193946295,0.6547781970349554,0.6451450092567866,0.022284801701443407,21.42849299540317,26.44384707667075,23.116001472115343,59.09090909090906,69.19191919191923,949946934.0,953454434.0,0.23767746877224016,0.8012191544813421,0.18499729668367546,4465835.0,1.3094274146249896,1.6676164703801193,0.02590673575129534,0.021164021164021163,0.0317177476835353,2.0,1.0,0.01730103806228378,1.0,1248.26,1242.53,-0.002856936497363738,0.005136792376514654,-0.014146751721730189,0.09316899928395035,-0.010771683604851034,-0.03690936762735075,0.06305979519999094,0.06396468775664221,1.2247403552894487,0.4240287438376074,28.9,29.4,0.01730103806228378,0.01928403407220669,-0.0019829960099229105,28.9,29.4,28.9,29.0,0.0034602076124568004,0.017116386611967238,-0.013656178999510438,28.9,29.65,0.02595155709342567,0.04605849436813081,-0.02010693727470514,0.0007177565,0.005,4
2025-01-23,28.9,29.4,28.7,29.4,4575600,0.015544041450777257,0.0017035775127767216,-0.005076142131979822,-0.01672240802675584,0.03886925795052987,0.04440497335701599,29.420000000000005,28.4125,28.1125,29.034259807150377,28.59333218780063,0.4409276193497469,0.343755324675935,0.09717229467381189,0.014997538073120643,0.0033051800909459825,60.68736599661957,28.4125,0.9954997422611256,30.403499484522253,26.42150051547775,0.14014954576487476,0.7479910235227789,0.6490632228813018,0.02207698037011231,20.609600939459423,26.05749984027706,21.335281146482085,71.87499999999993,67.39267676767678,954522534.0,953698429.0,0.23389269137711427,0.8341105411564994,0.39435645841429584,4505665.0,0.030791605249589852,1.0155215711776175,0.023809523809523787,0.03475582930048393,0.045798132503334754,3.0,1.0,-0.011925042589437829,0.0,1245.59,1259.63,0.013762243165155175,0.013900962683924378,-0.011310476908103273,0.09837694815931772,0.0017817982856220826,-0.03062337071068022,0.05571545026511926,0.056352827620628654,1.2056860294982403,0.43174799723391666,29.35,29.35,0.0,0.009704111938757753,-0.009704111938757753,29.35,29.0,29.35,28.8,-0.01873935264054516,0.008806759525435526,-0.027546112165980685,29.35,29.9,0.01873935264054505,0.0385464479138542,-0.01980709527330915,-0.001536209,0.005,4
2025-01-24,29.35,29.35,28.7,29.0,4063300,-0.013605442176870652,0.0017271157167531026,-0.011925042589437829,-0.028475711892797406,0.02473498233215543,0.05263157894736836,29.250000000000007,28.484999999999996,28.157500000000002,29.028989067588782,28.623455729445027,0.4055333381437549,0.356110927369499,0.04942241077425591,0.013983908211853618,0.0017042210611812381,55.00557189629869,28.484999999999996,0.9820896089460683,30.449179217892134,26.520820782107858,0.13790972216198968,0.6310980167463225,0.6527015641040659,0.0225069504863471,19.84920117322594,24.0613731819899,19.700898580249998,56.66666666666665,62.54419191919191,950459234.0,953978284.0,0.22501201300703916,1.033498860323342,0.4676870970109469,4469805.0,-0.17889348461899043,0.9090553167308194,0.02241379310344835,0.018079691065473247,0.029920980200657032,4.0,1.0,0.01379310344827589,1.0,1259.26,1265.05,0.00430285083715054,0.012761085893155943,-0.006143596753792613,0.09985260245697591,-0.017908293014021193,-0.04123679778595335,0.058775175701160975,0.0591384987903536,1.1810711626864174,0.42013204945327814,29.0,29.1,0.0034482758620690834,0.012794955086610216,-0.009346679224541132,29.0,29.4,29.0,29.55,0.018965517241379404,0.013493872558752784,0.00547164468262662,29.0,29.7,0.024137931034482696,0.036748762995496786,-0.01261083196101409,0.00051964994,0.005,4
2025-02-03,29.0,29.4,28.6,29.4,4005100,0.01379310344827589,0.0,0.015544041450777257,-0.005076142131979822,0.04070796460176984,0.06329113924050622,29.22,28.572499999999998,28.208333333333332,29.086067672575123,28.680977527263913,0.4050901453112097,0.3659067709578412,0.039183374353368494,0.013778576371129581,0.0013327678351485882,59.12666099290207,28.572499999999998,0.9817378522427115,30.53597570448542,26.609024295514576,0.13743814538352767,0.7107232592971828,0.6632228809537752,0.022558601392985555,18.937136340495154,21.988260733845568,19.080473786883864,66.03773584905655,64.8598008385744,954464334.0,954284359.0,0.2284572633402984,0.8967292150757766,0.09051718804395109,4496025.0,-0.2169044616345485,0.8908091035970663,0.027210884353741402,0.028961413946976933,0.04224519940915794,0.0,2.0,0.013651877133105783,1.0,1259.09,1253.03,-0.00950160072724393,0.0027850026009363926,-0.01733927255046519,0.10466477603814342,0.02329470417551982,-0.007861144732916214,0.08063041179097141,0.08205315378812905,1.1220502704083493,0.40029741104193006,29.3,28.45,-0.029010238907849928,0.005052072145181441,-0.03406231105303137,29.3,29.7,29.3,29.45,0.005119453924914641,0.01257846623863279,-0.00745901231371815,29.3,30.1,0.027303754266211566,0.04173727633641211,-0.014433522070200544,-0.0016653619,0.005,4
2025-02-04,29.3,29.85,29.25,29.7,4297600,0.010204081632653184,0.024137931034482696,0.010204081632653184,0.011925042589437718,0.02590673575129543,0.0899082568807339,29.290000000000003,28.695,28.252499999999998,29.18051879987126,28.75646067339251,0.42405812647874797,0.37753704206202254,0.04652108441672542,0.014278051396590842,0.0015663664786776236,61.94208739547999,28.695,0.960660408808655,30.61632081761731,26.77367918238269,0.13391328228731908,0.7615388306795975,0.6587069608856485,0.022178685551705338,18.838596987383575,25.43733872716226,17.839049846613083,77.3584905660377,66.68763102725366,958761934.0,954929104.0,0.21981705461649037,0.8374155333960617,0.07638100411679492,4587115.0,-0.13077398148870883,0.9368851663845358,0.02020202020202025,0.035023523261892286,0.0512344040350412,1.0,2.0,-0.01176470588235301,0.0,1256.91,1264.68,0.00929746294980971,0.014918665585953006,-0.005770349522806195,0.1104366278807193,0.0009066186828434741,-0.0029936229965152883,0.09567860640354009,0.09623390969844636,1.2235105366062202,0.4437973087329419,29.75,28.9,-0.02857142857142858,1.5767523631637914e-05,-0.02858719609506022,29.75,29.4,29.75,29.2,-0.01848739495798324,0.007655132723130231,-0.02614252768111347,29.75,30.6,0.028571428571428692,0.034278596375046266,-0.005707167803617574,-0.0026799932,0.005,4
2025-02-05,29.75,29.85,29.4,29.4,3323800,-0.010101010101010166,0.0,0.01379310344827589,0.015544041450777257,-0.01672240802675584,0.0808823529411764,29.380000000000003,28.805,28.2925,29.214285138352604,28.804130253141214,0.41015488521139076,0.38406061069189623,0.02609427451949453,0.013950846435761591,0.0008875603578059365,57.66451481446489,28.805,0.9047971566802088,30.614594313360417,26.995405686639582,0.12564445848709718,0.6644014892197256,0.6437993208223881,0.021897936082394154,18.74709615949425,24.167333123929858,16.948402695802894,66.03773584905655,69.81132075471696,955438134.0,955557864.0,0.22482991078385436,0.8221235778519159,-0.04716333428267512,4603100.0,-0.580720379611257,0.7220785992048837,0.015306122448979689,0.020656136087484844,0.03914464964213127,2.0,2.0,-0.005084745762711784,0.0,1268.43,1269.61,0.0038982193123950903,0.021794242392537688,0.002234010641153139,0.11039354348902604,-0.013999229413405256,-0.006250200941760431,0.07864834230002327,0.07847303270990569,1.2021123302285392,0.4357018188971493,29.5,29.0,-0.016949152542372836,-0.0052372053581242195,-0.011711947184248617,29.5,29.35,29.5,30.15,0.02203389830508473,0.011762119380015479,0.010271778925069253,29.5,30.2,0.023728813559322104,0.02444290896527912,-0.0007140954059570159,0.00012674274,0.005,4
2025-02-06,29.5,29.55,29.0,29.35,3784800,-0.00170068027210879,-0.011784511784511675,-0.00170068027210879,-0.00170068027210879,-0.018394648829431315,0.07116788321167888,29.370000000000005,28.902499999999996,28.300833333333333,29.235164347836818,28.844565049204828,0.39059929863199017,0.38536834827991506,0.005230950352075103,0.013308323633117212,0.00017822658780494388,56.95851651777842,28.902499999999996,0.8487568308381715,30.60001366167634,27.204986338323653,0.11746483256993984,0.6318104266560324,0.6370993693350747,0.021706963180070687,17.787705547948743,22.677093155327654,20.38791756068704,64.15094339622647,69.18238993710693,951653334.0,955886719.0,0.22533046202658888,0.9184524648092093,0.059903635642599304,4681675.0,-0.41902903280738946,0.8084286072826499,0.01873935264054517,0.015483089698123287,0.03707193545537524,3.0,2.0,-0.00512820512820511,0.0,1273.58,1271.48,0.001472893250683338,0.009407524431777503,0.0013940191067252083,0.11021381034770328,-0.003173573522792128,-0.011108204703886293,0.06977386410495368,0.06967673340728964,0.9371204551758993,0.37588265413481026,29.25,28.8,-0.01538461538461533,-0.0012814666897279503,-0.01410314869488738,29.25,29.1,29.25,29.8,0.018803418803418737,0.016509693548640625,0.0022937252547781117,29.25,30.45,0.0410256410256411,0.036352772842340286,0.004672868183300816,0.001180753,0.005,4
2025-02-07,29.25,29.5,29.05,29.1,2303100,-0.008517887563884163,-0.010204081632652962,-0.02020202020202011,0.0034482758620690834,-0.025125628140703515,0.07182320441988965,29.390000000000004,29.0,28.305833333333336,29.214369832785,28.863486156671136,0.3508836761138632,0.3784714138467047,-0.02758773773284151,0.012057858285699765,-0.0009480322244962719,53.43576713632666,29.0,0.7421519208921458,30.484303841784293,27.515696158215707,0.10236578219202018,0.5336858253630169,0.6237351286682836,0.021434196861453043,16.896842837227915,21.508477612920696,19.337269791348355,35.13513513513522,55.1079381268061,949350234.0,956206769.0,0.22488849947963177,0.9224610242668798,0.07027529340925688,4690480.0,-1.1210263878122133,0.49101584486022753,0.01546391752577317,0.0034482758620690834,0.028056643212529764,4.0,2.0,-0.02065404475043031,0.0,1271.98,1275.2,0.0029257243527227583,0.008023398284652927,0.01642767756797059,0.10098252326984077,-0.011443611916606922,-0.004575122422583844,0.055395526851919064,0.054500214894251275,0.9239504152330432,0.3701152990541083,29.05,29.55,0.01721170395869187,0.002994647362588143,0.014217056596103728,29.05,28.45,29.05,29.45,0.013769363166953541,0.019241198802141035,-0.005471835635187494,29.05,30.3,0.04302925989672968,0.04227090161679525,0.0007583582799344235,0.0015333255,0.005,4
2025-02-10,29.05,29.05,28.45,28.45,4892500,-0.022336769759450203,-0.030664395229982988,-0.03231292517006801,-0.03231292517006801,-0.03722504230118451,0.047882136279926435,29.2,29.064999999999998,28.3,29.096774473895,28.832857552473275,0.26391692142172474,0.35556051536170874,-0.091643593939984,0.009276517448918269,-0.003221215955711213,45.54805665793989,29.064999999999998,0.6181679213183425,30.301335842636682,27.828664157363313,0.08507385808613002,0.25128117345186224,0.6256111909062635,0.021989848538005747,16.464002180312875,19.91226593434645,24.752634035497138,0.0,33.095359510453925,944457734.0,956282194.0,0.2428490470497151,0.693147026143619,-0.08492436756771336,4782735.0,0.05240913822014412,1.022950257540926,0.02108963093145875,-0.021159470153105042,0.005300353356890497,0.0,2.0,0.01403508771929829,1.0,1272.27,1263.26,-0.00936323713927234,0.008164209955068946,0.013567617442933333,0.10413836532915584,-0.012973532620177863,-0.040477135125136954,0.0343145188369931,0.03385518464329307,0.9881972715896429,0.3939475216067891,28.5,29.45,0.033333333333333215,0.0057529396889619555,0.02758039364437126,28.5,28.9,28.5,29.8,0.04561403508771922,0.03091414843848761,0.014699886649231608,28.5,30.15,0.05789473684210522,0.051239094702237864,0.006655642139867357,0.00072577054,0.005,4
2025-02-11,28.5,28.95,28.25,28.9,3551700,0.01581722319859402,-0.0068728522336770626,-0.015332197614991605,-0.026936026936026924,-0.015332197614991605,0.030303030303030276,29.040000000000003,29.107500000000005,28.300833333333333,29.066501477911153,28.837831067104883,0.22867041080627004,0.33018249445062103,-0.10151208364435099,0.007912470962154673,-0.003512528845825294,50.946547093236966,29.107500000000005,0.5722244222971822,30.25194884459437,27.96305115540564,0.0786360109658586,0.4093450087436838,0.6309246772701018,0.02183130371176823,16.394428921549984,18.33424349746038,25.055268777290294,31.70731707317065,22.28081740276865,948009434.0,956102614.0,0.22056137405454412,0.5547571656045345,0.016931154763419488,4527730.0,-0.513707914930084,0.7844328173278884,0.024221453287197207,-0.007128746886541526,0.021171343600011827,1.0,2.0,0.0017271157167531026,1.0,1265.44,1268.45,0.004108417902886297,0.002980991238890507,0.017242070652391916,0.10483345370512845,0.011708805295707725,-0.02991701817491743,0.01306095965063836,0.012839578727079193,1.0094747916670328,0.40022775483935874,28.95,29.2,0.008635578583765069,0.005752146235137756,0.002883432348627313,28.95,29.0,28.95,29.6,0.022452504317789446,0.02544006672804411,-0.0029875624102546627,28.95,30.3,0.04663212435233155,0.04855881589197608,-0.0019266915396445317,0.0009799398,0.005,4
2025-02-12,28.95,29.45,28.9,29.0,4406300,0.0034602076124568004,0.019332161687170446,-0.003436426116838587,-0.013605442176870652,0.0017271157167531026,0.030195381882770933,28.96,29.15,28.305833333333332,29.056270481309436,28.84984358065267,0.2064269006567656,0.30543137569184997,-0.09900447503508436,0.007118168988164331,-0.003413947415002909,52.083432832129134,29.15,0.5271572221280408,30.20431444425608,28.095685555743916,0.07233718313935385,0.4288637271275186,0.6251443431793803,0.021556701488944147,15.313607352522823,22.895037737782747,23.48072980676975,36.58536585365852,22.76422764227642,952415734.0,956044239.0,0.22054920230497055,0.5560813801804975,0.018746112712452648,4648935.0,-0.13450356679244616,0.9478084765650627,0.018965517241379334,-0.005145797598627766,0.02452380251420494,2.0,2.0,-0.005181347150258975,0.0,1270.83,1266.91,-0.0012140801765934128,-0.0021266373138206784,0.012701635465460326,0.10468545533363216,0.004674287789050213,-0.011478804863049974,0.017493746417310607,0.017274334122379553,1.0053201730825188,0.39726025114055635,28.95,30.15,0.041450777202072464,0.01681594002761888,0.024634837174453583,28.95,28.8,28.95,29.65,0.024179620034542326,0.02817912803314271,-0.003999507998600382,28.95,30.3,0.04663212435233155,0.05299664628131784,-0.006364521928986289,0.0014491916,0.005,4
2025-02-13,28.95,29.15,28.75,28.8,1539900,-0.006896551724137945,-0.0034602076124566894,0.012302284710017597,-0.01873935264054516,-0.020408163265306034,0.0176678445229681,28.850000000000005,29.175,28.293333333333333,29.016844253415677,28.84615146356729,0.17069278984838832,0.27848365852315765,-0.10779086867476934,0.005926832980846816,-0.003742738495651713,49.60711771465469,29.175,0.4956388753280783,30.166277750656157,28.183722249343845,0.06795391606897386,0.3108501881779469,0.609062604380853,0.021148007096557397,14.579934720209005,21.821020172658727,24.13838071829897,26.82926829268295,31.70731707317074,950875834.0,955773559.0,0.22205706636450817,0.6764501074421467,0.06277978239493565,4590620.0,-1.6167234630207015,0.33544488544031087,0.01388888888888884,-0.01285347043701801,0.01790763430725728,3.0,2.0,0.020725388601036343,1.0,1267.25,1270.35,0.0027152678564379418,-0.0008887280963917332,0.01973076892203207,0.10330554605387549,-0.009611819580575887,-0.017850624544153426,-0.00206292439906397,-0.0020230088783578237,0.9889808319824739,0.4017232468013548,28.95,29.8,0.029360967184801412,0.012101571795353427,0.017259395389447985,28.95,29.55,28.95,29.9,0.032815198618307395,0.023702172960110124,0.009113025658197271,28.95,29.55,0.020725388601036343,0.03815987225248918,-0.017434483651452837,0.0006703947,0.005,4
2025-02-14,28.95,29.6,28.8,29.55,8111600,0.02604166666666674,0.018965517241379404,0.02249134948096887,0.015463917525773141,0.018965517241379404,0.044169611307420586,28.940000000000005,29.2375,28.30833333333333,29.09886821442865,28.898288392191933,0.20057982223671544,0.26290289126586924,-0.0623230690291538,0.00678781124320526,-0.0021090717099544434,57.72442179495916,29.2375,0.4567836641005194,30.15106732820104,28.32393267179896,0.06249284844470561,0.6710328239383092,0.6227009897822208,0.02107279153239326,14.004075255278602,24.980434254425557,21.923295045273047,81.24999999999996,48.22154471544717,958987434.0,955908459.0,0.23913447165282897,0.5224253387471257,-0.591381371591583,4747560.0,1.6454927953863658,1.708582935234099,0.027072758037225066,0.010688328345446862,0.04386223138063006,4.0,2.0,-0.008417508417508435,0.0,1277.52,1276.08,0.004510567953713629,0.0006900878293600865,0.03705870879656703,0.09117554817780602,0.02153109871295311,0.014773829696413054,0.007110902510853556,0.0068567984151111094,0.9322199928117174,0.37253147497812117,29.7,29.45,-0.008417508417508435,0.015370521172638485,-0.02378802959014692,29.7,29.45,29.7,29.7,0.0,0.022112252568278645,-0.022112252568278645,29.7,29.4,-0.010101010101010166,0.03839106740165388,-0.048492077502664044,-1.6160047e-06,0.005,4
2025-02-17,29.7,29.75,29.4,29.45,4068500,-0.0033840947546531774,0.02256944444444442,0.01551724137931032,0.03514938488576447,0.001700680272108901,0.04247787610619458,29.140000000000004,29.297500000000003,28.31,29.152888489131932,28.939155918696233,0.21373257043569893,0.2530688270998352,-0.03933625666413626,0.0072574726803293355,-0.0013356963213628612,56.41946832843108,29.297500000000003,0.39486006848479344,30.08722013696959,28.507779863030414,0.05391041126168366,0.5965531919859535,0.6032223476549194,0.02048293200865601,13.723115213807022,25.72131813713539,21.0147040783393,74.99999999999989,61.02642276422764,954918934.0,956011624.0,0.23956514278327265,0.5355179287418049,-0.5975254197800867,4779295.0,-0.35052715470119855,0.8512761819473375,0.011884550084889691,0.005205222288590994,0.04026845637583887,0.0,2.0,-0.01016949152542379,0.0,1277.12,1272.72,-0.0026330637577580696,0.007488561341291611,0.030000404645328382,0.09204788963823406,-0.0007510309968951079,0.027660823544472857,0.012477471460866196,0.012114045202887835,1.1091565122228766,0.44022442728676775,29.5,29.8,0.01016949152542379,0.023947254817314745,-0.013777763291890954,29.5,29.2,29.5,30.1,0.02033898305084758,0.02772261685177191,-0.007383633800924327,29.5,29.75,0.008474576271186418,0.04882853891134564,-0.040353962640159224,-0.000637369,0.005,4
2025-02-18,29.5,29.7,29.2,29.2,3716100,-0.008488964346349714,-0.011844331641285955,0.01388888888888884,0.01038062283737018,-0.01683501683501687,0.008635578583765069,29.200000000000006,29.310000000000002,28.336666666666666,29.160136413880867,28.958477702496513,0.2016587113843542,0.24278680395673902,-0.04112809257238481,0.006906120252888843,-0.0014084963209720826,53.18256727370034,29.310000000000002,0.3871624166182805,30.084324833236565,28.53567516676344,0.052836904349134246,0.42897037827120993,0.5958493228224252,0.020405798726795384,13.055382182879525,24.17962215845009,22.152653316419613,59.3749999999999,71.87499999999994,951202834.0,955574004.0,0.22672045351635578,0.766033895109188,0.027301978271667495,4610120.0,-0.45516592827821734,0.8060744622699626,0.017123287671232876,-0.003752985329239289,0.03046700388189616,1.0,2.0,0.03253424657534243,1.0,1274.05,1278.14,0.004258595763404482,0.007639244747526641,0.03992449575695467,0.08886097848500753,-0.012747560109754197,0.002741378089843538,-0.0312889171731896,-0.030087681654632603,1.0389837533075208,0.4758055436834999,29.2,29.6,0.013698630136986356,0.017616742152116283,-0.0039181120151299265,29.2,30.15,29.2,30.6,0.047945205479452024,0.024449476807746562,0.023495728671705463,29.2,29.45,0.008561643835616417,0.039333125097610555,-0.030771481261994138,-0.00025468203,0.005,4
2025-02-19,29.2,30.35,29.15,30.15,11422700,0.03253424657534243,0.02376910016977929,0.02030456852791862,0.039655172413793016,0.025510204081632626,0.008361204013378032,29.43,29.3225,28.395833333333332,29.312423119437657,29.046738613422697,0.26568450601495996,0.24736634436838323,0.018318161646576736,0.008812089751739966,0.0006075675504668901,62.08451982824056,29.3225,0.4105436062480783,30.143587212496158,28.501412787503845,0.056003902293198474,1.0039050586869729,0.6390029426208236,0.021194127450110237,13.482720107458743,28.202010678544095,19.181150794216308,90.47619047619035,74.95039682539675,962625534.0,955195159.0,0.226191337579681,0.7570987987091188,-0.0009703339852671442,4668895.0,3.1406116759517504,2.446553199418706,0.03980099502487572,0.02822064967175364,0.06177549523110781,2.0,2.0,-0.018121911037891292,0.0,1280.6,1288.56,0.008152471560235908,0.017088822410431526,0.04237247002863653,0.0905882369788135,0.02438177501510652,0.02256635000336149,-0.0340112660152585,-0.03262870710152599,0.9849818352595282,0.4545723917237359,30.35,29.65,-0.023064250411861664,0.00774977957213796,-0.030814029983999625,30.35,29.8,30.35,30.2,-0.0049423393739703725,0.009103283988429522,-0.014045623362399895,30.35,29.8,-0.018121911037891292,0.02451003140130248,-0.04263194243919377,-0.0026839327,0.005,4
2025-02-20,30.35,30.35,29.75,29.8,3873800,-0.011608623548922004,0.020547945205479534,0.011884550084889645,0.03472222222222232,0.015332197614991383,-0.0033444816053510573,29.630000000000003,29.317500000000003,28.444166666666668,29.38743494721648,29.102535753169164,0.28489919404731623,0.25487291430416986,0.030026279743146367,0.009560375639171685,0.0010075932799713545,57.729365149118806,29.317500000000003,0.40369184443428824,30.12488368886858,28.510116311131426,0.05507861781315433,0.7988046492963882,0.6362170181479078,0.021349564367379455,13.879533894568016,26.302253887964113,17.889061308548037,73.80952380952378,74.55357142857137,958751734.0,954622624.0,0.23025685818649028,0.8170410929835877,-0.060734977508705136,4609595.0,-0.34136109791041025,0.8403775168968206,0.02013422818791951,0.016457747079389407,0.047666481117979664,3.0,2.0,-0.006745362563237767,0.0,1292.94,1292.98,0.0034301856335754444,0.017813988270948933,0.0407450336456423,0.09009033007479544,-0.015038809182497448,0.016908233951273388,-0.04408951525099336,-0.04236341642347452,0.9634983624329272,0.4360606083403469,29.65,29.9,0.008431703204047292,0.010953672997688457,-0.0025219697936411656,29.65,29.45,29.65,30.45,0.026981450252951067,0.019008526394718617,0.00797292385823245,29.65,29.65,0.0,0.023422462373321462,-0.023422462373321462,-0.0010167803,0.005,4
2025-02-21,29.65,30.0,29.45,29.45,4294500,-0.011744966442953086,-0.023217247097844118,0.008561643835616417,-0.0033840947546531774,0.012027491408934665,-0.01340033500837523,29.610000000000003,29.297500000000003,28.486666666666668,29.397060339952407,29.128273845527005,0.26878649442540237,0.2576556303284164,0.011130864096985993,0.009126875871830302,0.0003779580338535142,53.67453009802885,29.297500000000003,0.38541672593594606,30.068333451871894,28.526666548128112,0.052621107730822805,0.5989189037071923,0.6300586597087716,0.021394181993506678,13.603041364497322,24.662243366101755,20.1746780035325,57.14285714285707,73.80952380952375,954457234.0,954022364.0,0.23393416062477365,0.8640632348380233,-0.10958976065492554,4637320.0,-0.1596553282779603,0.926073680487868,0.018675721561969463,0.005205222288590994,0.03381699040486774,4.0,2.0,0.011884550084889645,1.0,1293.63,1296.75,0.0029157450231247495,0.016198044009779977,0.03813915507841581,0.0892625252443593,-0.014660711466077836,-0.019582138764433155,-0.05153949008679104,-0.04964603235960019,0.9915924512588788,0.43746976800691095,29.45,29.7,0.008488964346349714,0.005368186754364901,0.0031207775919848135,29.45,29.8,29.45,30.3,0.028862478777589073,0.02130330640254452,0.007559172375044554,29.45,29.2,-0.008488964346349714,0.018091636565284785,-0.0265806009116345,0.0015807049,0.005,4
2025-02-24,29.45,29.8,29.1,29.8,4128100,0.011884550084889645,0.0,-0.011608623548922004,0.011884550084889645,0.047451669595782064,0.008460236886632888,29.680000000000007,29.309999999999995,28.533333333333335,29.459051056882807,29.178031338450932,0.28101971843187457,0.26232844794910803,0.01869127048276653,0.009430191893687066,0.0006272238417035749,56.93224676523076,29.309999999999995,0.3978891673233715,30.10577833464674,28.51422166535325,0.054300807550101984,0.8078746798362653,0.6350544697295736,0.021310552675489047,12.662587750946804,22.720501000552886,22.522927123735354,73.80952380952378,68.25396825396824,958585334.0,953863934.0,0.2351010638085608,0.6540641064072975,-0.4376804994977651,4608300.0,-0.22333241970449694,0.8957967146236139,0.023489932885906017,0.016717843739338267,0.04439252336448596,0.0,2.0,-0.010033444816053394,0.0,1298.39,1304.56,0.006022749180643938,0.02501728581306173,0.04402384858549069,0.0902325044249538,0.0058618009042457064,-0.013132735728172085,-0.0355636116988578,-0.03406398402396804,1.0059010716387204,0.44427537766338965,29.9,30.1,0.006688963210702337,0.001920634191879822,0.004768329018822515,29.9,29.6,29.9,30.15,0.008361204013378032,0.017920817838177117,-0.009559613824799085,29.9,29.2,-0.02341137123745818,0.017951425554382228,-0.041362796791840406,-0.0023824677,0.005,4
2025-02-25,29.9,30.15,29.6,29.6,4189500,-0.006711409395973145,0.005093378607810006,-0.006711409395973145,0.013698630136986356,0.02422145328719738,0.008517887563884052,29.76,29.3225,28.570833333333333,29.48073550967007,29.209288276343457,0.2714472333266116,0.26415220502460873,0.007295028302002848,0.009170514639412554,0.00024645365885144757,54.5706839171896,29.3225,0.4031047271519274,30.128709454303856,28.516290545696148,0.05498913491713558,0.6721016781176398,0.6289791504631753,0.021249295623755923,12.39860730863104,25.276084739823574,21.116156677990933,64.2857142857143,65.07936507936509,954395834.0,953714014.0,0.23507778768938295,0.6537812532320179,-0.4372023645140086,4599790.0,-0.19069684129311065,0.9108024496770505,0.018581081081080985,0.009463722397476282,0.03602158378299558,1.0,2.0,0.0016891891891890332,1.0,1306.86,1303.16,-0.001073158766173976,0.019575320387438033,0.04579926008554769,0.08919575931766657,-0.005638250629799169,-0.005876690250451677,-0.037281372521663636,-0.035648688944964424,0.997292797620607,0.4401273498066968,29.6,30.6,0.03378378378378377,0.005171779705170243,0.02861200407861353,29.6,29.65,29.6,30.3,0.023648648648648685,0.020978270863342363,0.0026703777853063215,29.6,29.85,0.008445945945946054,0.02050323332005277,-0.012057287374106718,0.0012701834,0.005,4
2025-02-26,29.6,30.4,29.6,29.65,8179400,0.0016891891891890332,-0.005033557046979942,0.00679117147707986,-0.016583747927031545,0.022413793103448265,0.024179620034542326,29.660000000000004,29.357499999999998,28.600833333333334,29.50677620049006,29.241933589206905,0.2648426112831537,0.26429028627631773,0.0005523250068359409,0.008932297176497595,1.8628162119256017e-05,55.07242407681089,29.357499999999998,0.3994321627400168,30.15636432548003,28.558635674519966,0.05442318490879893,0.6830723883083896,0.6411949254300912,0.021625461228670866,12.555521660649632,25.808476018601745,19.234299107693957,65.11627906976742,67.7371723883352,962575234.0,954345429.0,0.22905436330039883,0.584875680714398,-0.341351145902042,4636395.0,1.6046128543547546,1.7641723796182163,0.026981450252951,0.009963382440602908,0.036683080329827256,2.0,2.0,0.006734006734006703,1.0,1305.16,1302.96,-0.00015347309616631222,0.011175265412553648,0.04863464061229905,0.0876428495318085,0.0018426622853553454,-0.027759013339585192,-0.024455020577756725,-0.02332082083753917,0.9668487570539402,0.42992506951337234,29.7,30.2,0.01683501683501687,-0.00198881673053819,0.01882383356555506,29.7,29.9,29.7,30.3,0.020202020202020332,0.02072958976830286,-0.0005275695662825264,29.7,29.45,-0.008417508417508435,0.014365376230580429,-0.022782884648088864,-0.0010272915,0.005,4
2025-02-27,29.7,29.9,29.4,29.9,3391600,0.008431703204047292,0.010135135135135087,0.003355704697986406,0.003355704697986406,0.03819444444444442,0.017006802721088343,29.68,29.3825,28.632499999999997,29.567272169645435,29.290679249265654,0.27659292037978034,0.26675081309701026,0.009842107282770074,0.009250599343805363,0.00032916746765117305,57.594288346561214,29.3825,0.4174720286874598,30.21744405737492,28.54755594262508,0.056832744482254345,0.8099010020066666,0.631109573613656,0.021107343599118932,12.287255372650511,24.34798274625141,20.409423374116894,76.74418604651162,68.71539313399781,965966834.0,954917644.0,0.22453224452148998,0.6524660088235883,-0.06973873789531823,4577195.0,-0.5327245452465618,0.7409778259392488,0.016722408026755852,0.017612524461839474,0.04426787741203175,3.0,2.0,-0.008347245409014992,0.0,1307.31,1307.8,0.003714619021305321,0.01146189422883559,0.0382413883441961,0.07695946224672294,0.004717084182741971,-0.008106189530849184,-0.02123458562310776,-0.020452455336011033,0.9755460238238385,0.43382893183004123,29.95,30.45,0.016694490818029983,0.008476521260155634,0.00821796955787435,29.95,29.7,29.95,29.55,-0.013355592654423987,0.014635004666676776,-0.027990597321100763,29.95,29.55,-0.013355592654423987,0.012753033339963471,-0.026108625994387458,-0.0014011554,0.005,4
2025-02-28,29.95,30.2,29.65,29.7,4584000,-0.006688963210702337,0.001686340640809414,0.0033783783783782884,0.008488964346349714,0.0050761421319796,0.024137931034482696,29.73,29.4175,28.664166666666667,29.58769183585383,29.320999304875606,0.2666925309782222,0.26673915667325265,-4.662569503044445e-05,0.00897954649758324,-1.5698887215637862e-06,54.93752726883304,29.4175,0.4130359357369496,30.2435718714739,28.5914281285261,0.056161935682767054,0.670989964526909,0.6253160326412521,0.021054411873442834,12.530156765383927,26.24515023809312,19.12719369574923,67.44186046511629,69.76744186046515,961382834.0,955463824.0,0.21988456298528572,0.6694061871140377,0.06416140419716516,4603230.0,-0.008653406882110424,0.9958224985499312,0.018518518518518542,0.009603127390158894,0.036136872401662856,4.0,2.0,0.0117647058823529,1.0,1307.14,1305.36,-0.0018657287046949245,0.006639676113360249,0.03186435318762104,0.07750669022110815,-0.004823234506007412,0.0018492882329894655,-0.007726422153138346,-0.007487827376990053,0.9796622923178744,0.436538219700028,29.75,30.3,0.018487394957983128,0.014598651843577004,0.0038887431144061235,29.75,30.1,29.75,29.4,-0.01176470588235301,0.014675164693910281,-0.02643987057626329,29.75,29.9,0.005042016806722671,0.008026197999954077,-0.0029841811932314055,0.0022514951,0.005,4
2025-03-03,29.75,30.35,29.65,30.1,4685200,0.013468013468013629,0.006688963210702337,0.01517706576728517,0.010067114093959662,0.022071307300509435,0.023809523809523947,29.790000000000003,29.452500000000004,28.703333333333333,29.6665084764917,29.378703060070006,0.2878054164216941,0.27095240862294095,0.01685300779875315,0.009561641741584522,0.0005599005913207026,59.010063940295176,29.452500000000004,0.4402376750414225,30.332975350082847,28.57202464991716,0.05978951532690557,0.8676991070443224,0.6306506017383058,0.020951847233830756,12.99105402478153,25.863276440125976,17.610728505434047,81.81818181818197,75.33474277660333,966068034.0,956044009.0,0.2196421622818867,0.672258322529778,0.07916057185457248,4637235.0,0.021627182701600408,1.01034344819704,0.023255813953488465,0.021984551396315943,0.04865869237022413,0.0,3.0,0.01661129568106312,1.0,1306.97,1309.37,0.0030719495005209208,0.00368706690378362,0.044963009664573006,0.06559662960406272,0.010396063967492708,0.006380047190176041,-0.02115348585504906,-0.020243286756953416,1.0164034591053073,0.4466969228402172,30.1,30.15,0.0016611295681061566,0.01795197502333923,-0.01629084545523307,30.1,30.6,30.1,29.75,-0.011627906976744207,0.022527968656739228,-0.034155875633483435,30.1,30.65,0.018272425249169277,3.060865306614424e-05,0.018241816596103133,-0.0032572385,0.005,4
2025-03-04,30.1,30.8,30.0,30.6,7359900,0.01661129568106312,0.030303030303030276,0.0234113712374584,0.03378378378378377,0.047945205479452024,0.030303030303030276,29.990000000000002,29.497500000000002,28.7475,29.810122557031438,29.46916950006482,0.3409530569666188,0.28495253829167655,0.05600051867494227,0.011142256763614994,0.0018300823096386361,63.455977643899274,29.497500000000002,0.5076973300569122,30.512894660113826,28.48210533988618,0.06884615035944223,1.0428923566903587,0.6427469873284268,0.021004803507464927,14.067759121306594,28.56478144544484,16.04506213436251,90.24390243902442,79.83464824077426,973427934.0,956777309.0,0.22422932659122358,0.6163734957916209,-0.19226906186749568,4790350.0,1.1184555768259903,1.5364013067938669,0.026143790849673224,0.037376048817696406,0.06444038612053227,1.0,3.0,-0.013071895424836666,0.0,1306.82,1311.91,0.0019398642095054264,0.006714447957273162,0.03734541544106018,0.06001393673741995,0.014671431471557694,0.02706933582651061,-0.007042385138029905,-0.0067888526166914875,1.0247663598632153,0.4464064980716898,30.6,30.3,-0.009803921568627527,0.015005636635081254,-0.02480955820370878,30.6,30.2,30.6,29.45,-0.03758169934640532,0.013809755948935187,-0.051391455295340505,30.6,30.55,-0.0016339869281045694,0.0034200664208889897,-0.005054053348993559,-0.0066085495,0.005,4
2025-03-05,30.6,30.65,30.1,30.2,4934500,-0.013071895424836666,0.0033222591362125353,0.01683501683501687,0.018549747048903997,0.0016583747927032544,0.027210884353741527,30.1,29.5375,28.784166666666668,29.870103702103524,29.52330509265261,0.34679860945091434,0.2973217525235241,0.049476856927390234,0.01148339766393756,0.0016383065207745112,58.03304949312093,29.5375,0.5306091335730252,30.59871826714605,28.476281732853952,0.0718556592227541,0.8121412533642439,0.6361222025192533,0.021063649090041502,15.06755671093701,26.800674111892608,15.054149186801906,69.99999999999993,80.68736141906881,968493434.0,957430074.0,0.22651967896705047,0.6012993735868029,-0.2476092921670348,4870885.0,0.02800723139553199,1.0130602549639336,0.01821192052980123,0.022429115531104493,0.04918792160041674,2.0,3.0,0.008278145695364225,1.0,1312.84,1304.71,-0.0054881813539038315,0.0013430957205133875,0.027646285079670152,0.06480548045967353,-0.007583714070932834,0.01720665132839061,-0.0004354007259286252,-0.00042368734480935366,1.05126662099225,0.45745737505127454,30.2,30.3,0.0033112582781458233,0.020175532484212777,-0.016864274206066954,30.2,30.45,30.2,29.8,-0.013245033112582738,0.0126985825904804,-0.02594361570306314,30.2,29.5,-0.023178807947019875,0.007499885322854283,-0.030678693269874158,-0.0023794703,0.005,4
2025-03-06,30.2,30.45,30.15,30.45,4451900,0.008278145695364225,-0.004901960784313819,0.011627906976744207,0.018394648829431537,0.021812080536912637,0.03747870528109032,30.21,29.5925,28.825,29.95931851716452,29.59194915986353,0.36736935730099063,0.3113312734790174,0.05603808382197323,0.012064675116617098,0.001840331159999121,60.31572640790984,29.5925,0.5659819134171266,30.724463826834253,28.46053617316575,0.07650342666785513,0.8787665204806753,0.6121134737678782,0.020102248728009135,15.995940187022397,25.862449119056816,14.5271408379086,79.41176470588225,79.88522238163556,972945334.0,958494674.0,0.22745254502023748,0.48478133515950916,-0.39109736810831136,4904240.0,-0.20019862808001143,0.9077655253413373,0.009852216748768497,0.028976936723831948,0.056374674761491717,3.0,3.0,-0.014634146341463428,0.0,1308.02,1318.22,0.010354791486230752,0.007967579140541359,0.03676031081888831,0.07223168049943517,-0.002076645790866527,0.010427069688890178,0.00071839446220201,0.0006929224187166572,1.0670895993587244,0.4654872244144345,30.75,29.55,-0.03902439024390236,0.004689109750924292,-0.043713499994826654,30.75,30.3,30.75,29.65,-0.03577235772357723,0.002916489909702502,-0.03868884763327973,30.75,27.45,-0.10731707317073169,-0.06835949336403857,-0.03895757980669312,8.182472e-05,0.005,5
2025-03-07,30.75,31.2,30.3,30.3,5593000,-0.0049261083743842304,0.0033112582781458233,-0.009803921568627527,0.020202020202020332,0.028862478777589073,0.04123711340206193,30.330000000000005,29.652499999999996,28.851666666666667,30.01173105298536,29.644397370244008,0.3673336827413536,0.32253175533148465,0.044801927409868936,0.012123223852849953,0.001478611465672242,58.267858115402376,29.652499999999996,0.5745650528874043,30.801630105774805,28.503369894225187,0.0775064568434236,0.7817348517570267,0.6326767970701725,0.020880422345550247,17.830178289816775,31.702013426544088,13.051051261652903,57.14285714285717,68.85154061624648,967352334.0,959394779.0,0.22561245538570587,0.47131599823859743,-0.33510670324627756,5068735.0,0.24066266489314364,1.1034311322252988,0.029702970297029656,0.02183627012899425,0.05019929524579747,4.0,3.0,-0.006589785831960571,0.0,1320.08,1326.05,0.005939827949811072,0.015850033707176525,0.03987609786700119,0.07362452163338144,-0.010865936324195302,0.004351986494843807,0.001361015535060739,0.0013088247127253094,1.015238452935108,0.4065831391645907,30.35,29.4,-0.03130148270181232,-0.004092820666866781,-0.02720866203494554,30.35,30.15,30.35,29.2,-0.03789126853377267,-0.007299489336136777,-0.030591779197635893,30.35,25.55,-0.15815485996705114,-0.09081556022829662,-0.06733929973875452,8.182472e-05,0.005,5
2025-03-10,30.35,30.6,30.05,30.15,4867000,-0.004950495049505066,-0.009852216748768461,-0.0016556291390729116,0.0016611295681061566,0.011744966442952975,0.05975395430579966,30.340000000000003,29.7375,28.875833333333333,30.03300319867992,29.6818494168926,0.35115378178732115,0.32825616062265195,0.022897621164669202,0.011646891601569525,0.0007594567550470715,56.21249296406338,29.7375,0.5093533051558281,30.756206610311658,28.718793389688344,0.06851326509031741,0.7024626108364017,0.6267713115651603,0.020788434877783094,18.88979405034266,29.714946981771728,15.08208617220406,49.999999999999915,62.18487394957981,962485334.0,960296159.0,0.2084020157486271,0.7457923151088525,-0.2820862257996414,5067460.0,-0.09201580920733377,0.9604417203095831,0.018242122719734685,0.013871374527112179,0.0441257106577011,0.0,3.0,0.015075376884422065,1.0,1331.6,1330.28,0.0031899249651219375,0.01596951205541597,0.05305321153206788,0.0602759251327305,-0.008140420014627003,-0.014308382487309812,0.006700742773731783,0.006363156866482589,1.0050068143519109,0.40233554868948096,29.85,29.75,-0.003350083752093891,0.012955115716700494,-0.016305199468794385,29.85,30.3,29.85,29.2,-0.021775544388609736,0.0084522843909427,-0.030227828779552435,29.85,23.8,-0.20268006700167507,-0.14128580850079986,-0.06139425850087521,8.182472e-05,0.005,5
2025-03-11,29.85,30.3,29.75,30.3,5215400,0.004975124378109541,0.0,-0.0049261083743842304,-0.009803921568627527,0.023648648648648685,0.04844290657439454,30.28,29.807499999999997,28.9025,30.074079629652243,29.72763834897463,0.34644128067761315,0.3318931846336442,0.01454809604396895,0.011433705632924526,0.00048013518296927224,57.81500969268465,29.807499999999997,0.4837558649169719,30.775011729833942,28.839988270166053,0.06491733488779297,0.7545188780732053,0.6212876464533632,0.020504542787239708,19.154035985923585,27.83598974866882,17.577462707555455,57.14285714285717,54.76190476190478,967700734.0,961280724.0,0.20303354365855147,0.8890913203690254,0.17460886238014978,5150645.0,0.030130091073604554,1.0125722118297806,0.018151815181518174,0.016522687243143652,0.048352218666205316,1.0,3.0,-0.003289473684210509,0.0,1319.17,1332.54,0.001698890459151503,0.015725164073755016,0.05052623280381563,0.060079950186747264,0.003276233918958038,-0.025529085642382543,-0.0020833262294210897,-0.001983126326946416,1.0106387369321823,0.40385128058182806,30.4,29.45,-0.03125,-0.004978955316492617,-0.026271044683507383,30.4,30.3,30.4,29.85,-0.018092105263157854,-0.0042687439725485055,-0.013823361290609348,30.4,22.15,-0.2713815789473685,-0.18191129086518698,-0.08947028808218149,8.182472e-05,0.005,5
2025-03-12,30.4,30.45,30.05,30.3,2903800,0.0,0.004975124378109541,0.0,0.0033112582781458233,0.021922428330522825,0.04482758620689653,30.3,29.872499999999995,28.929166666666667,30.108836609705744,29.770035508309842,0.3388011013959016,0.3332747679860957,0.005526333409805906,0.011181554501514904,0.00018238724124771966,57.81500969268465,29.872499999999995,0.45609180747032657,30.784683614940647,28.960316385059343,0.06107179612959425,0.7343278222706398,0.6054813859924086,0.0199828840261521,19.616642277203198,28.292014632335377,16.748018183191224,57.14285714285717,54.76190476190478,967700734.0,962044974.0,0.20317555758552278,0.9318530589317674,0.22506613867301886,5075520.0,-0.986170404861688,0.5721187188701847,0.013201320132013155,0.01431082098920422,0.047385856258101766,2.0,3.0,-0.021523178807946963,0.0,1337.63,1334.41,0.0014033349843156628,0.022763679285051852,0.05327923846208482,0.05865005975832184,-0.0014033349843156628,-0.01945242100690603,-0.008451652255188291,-0.008024132581905596,1.011615984427697,0.40371753300410285,30.2,29.8,-0.013245033112582738,-0.008258089633589316,-0.004986943478993422,30.2,29.55,30.2,29.45,-0.024834437086092676,-0.0071649970800953255,-0.01766944000599735,30.2,23.7,-0.2152317880794702,-0.12527140140454918,-0.08996038667492101,8.182472e-05,0.005,5
2025-03-13,30.2,30.3,29.55,29.55,6198200,-0.024752475247524774,-0.024752475247524774,-0.01990049751243772,-0.029556650246305383,-0.011705685618728978,0.02604166666666674,30.120000000000005,29.910000000000004,28.951666666666664,30.022861746674092,29.753736581768372,0.26912516490572,0.32044484737002055,-0.05131968246430052,0.009107450589026058,-0.0017367066823790363,47.693391916232976,29.910000000000004,0.3891962027178065,30.688392405435618,29.13160759456439,0.05204897395089362,0.2687541672515837,0.6158041441358081,0.020839395740636483,18.937042461700663,25.830771629261804,21.09065429092257,21.428571428571416,45.238095238095276,961502534.0,962576309.0,0.22280117012253,0.5178271630011304,0.17316572182652282,5308435.0,0.4341153074830364,1.1676134303236265,0.025380710659898477,-0.012036108324975037,0.020666628288527056,3.0,3.0,-0.006756756756756799,0.0,1335.66,1326.27,-0.00610007419009162,0.00610671966743026,0.04401936474200019,0.06628162954382306,-0.018652401057433154,-0.03566336991373564,-0.017977698075333448,-0.01721969791218969,1.0577834025835755,0.42031193630894254,29.6,29.65,0.0016891891891890332,-0.001440596150364959,0.003129785339553992,29.6,29.4,29.6,29.55,-0.0016891891891892552,-0.0015311048090267398,-0.00015808438016251536,29.6,23.7,-0.19932432432432434,-0.077973209437036,-0.12135111488728834,8.182472e-05,0.005,5
2025-03-14,29.6,29.7,29.35,29.4,4036700,-0.005076142131979822,-0.02970297029702973,-0.02970297029702973,-0.02970297029702973,-0.010101010101010166,-0.005076142131979822,29.940000000000005,29.902500000000003,28.970833333333335,29.927036862570386,29.72753387200775,0.19950299056263532,0.29625647600854355,-0.09675348544590823,0.006785816005531814,-0.003290934879112525,45.96035665414052,29.902500000000003,0.3978478286182771,30.698195657236557,29.10680434276345,0.05321934000411694,0.1842385682076081,0.5968181338403931,0.02029993652518344,17.908417079445826,24.74875140548583,22.60083808091344,2.702702702702552,27.09137709137708,957465834.0,962500229.0,0.2036758251953427,0.6613573811860488,1.069849698109786,5104690.0,-0.5458070915328069,0.7907825940458676,0.011904761904761833,-0.01680461499874608,0.014813749460664383,4.0,3.0,0.0,0.0,1325.84,1326.15,-9.047931416672483e-05,7.54119377097684e-05,0.03923735189016386,0.0661336221827978,-0.004985662817813097,-0.029778382234739498,-0.044313494022143685,-0.04264039773161188,1.0637083981850093,0.42163234076110306,29.75,29.2,-0.01848739495798324,-0.006568366626083955,-0.011919028331899284,29.75,29.75,29.75,29.9,0.005042016806722671,-0.00989012640723863,0.014932143213961302,29.75,23.75,-0.2016806722689075,-0.06702138852564954,-0.13465928374325797,8.182472e-05,0.005,5
2025-03-17,29.75,29.75,29.3,29.75,2604200,0.011904761904761862,0.006768189509306133,-0.018151815181518205,-0.013266998341625147,-0.011627906976744207,0.01018675721561979,29.860000000000003,29.9175,29.0025,29.89980042217494,29.729198029636805,0.17060239253813592,0.27112565931446203,-0.10052326677632611,0.005734534202962552,-0.0033789333370193653,50.48178486943873,29.9175,0.3853484410920371,30.688196882184073,29.146803117815928,0.051521476205169045,0.3913321152115451,0.5863311242803649,0.019708609219508066,16.95326493878062,23.392017048484114,21.36185300974693,23.68421052631577,15.938494885863278,960070034.0,962757784.0,0.20767343639985078,0.47580296286185625,0.6118430871788598,5031475.0,-1.1993798950811323,0.5175818224278169,0.015126050420168043,-0.005598729840394445,0.02577364020343076,0.0,3.0,-0.015050167224080258,0.0,1330.62,1336.26,0.007623571994118228,0.0044952942237723725,0.049924570997548434,0.0667568271222461,0.004281189910643635,-0.01776229256539752,-0.039737813781928644,-0.03784825584582063,1.051045621946888,0.4216640259930993,29.9,29.2,-0.02341137123745818,-0.007342406876790886,-0.016068964360667293,29.9,29.45,29.9,30.65,0.025083612040133874,-0.024847779369627676,0.04993139140976155,29.9,22.1,-0.26086956521739124,-0.08384819723018155,-0.1770213679872097,8.182472e-05,0.005,5
2025-03-18,29.9,29.95,29.45,29.45,3192500,-0.010084033613445453,0.001700680272108901,-0.0033840947546531774,-0.028052805280528115,-0.03758169934640532,0.008561643835616417,29.690000000000005,29.929999999999996,29.02083333333333,29.83060035722495,29.70851669410815,0.12208366311679697,0.24131726007492904,-0.11923359695813207,0.004145455453881052,-0.004048679013858475,46.86247102005829,29.929999999999996,0.364330676864701,30.6586613537294,29.201338646270592,0.04869103599929194,0.17062888847934563,0.5801646154031961,0.019699986940685775,16.443979320033225,24.414385928834054,20.046841198407026,7.894736842105194,11.427216690374538,956877534.0,963041519.0,0.20867286736250257,0.47718481196405166,0.5618484235275679,5005295.0,-0.8864686583369493,0.6378245438081073,0.01697792869269949,-0.016037420648179035,0.01478822684852843,1.0,3.0,0.005059021922428464,1.0,1340.16,1330.97,-0.00395881041114754,-0.0011782010296125245,0.0413335002425399,0.0700890191237296,-0.006125223202297914,-0.02687460425091559,-0.03277185640692348,-0.031471047843261046,1.0669732758146757,0.43434868621170547,29.65,29.85,0.006745362563237878,0.0011425135297655764,0.005602849033472301,29.65,29.8,29.65,30.55,0.030354131534570117,-0.009824113048707228,0.040178244583277345,29.65,20.6,-0.30522765598650914,-0.0902736019242334,-0.21495405406227575,8.182472e-05,0.005,5
2025-03-19,29.65,30.25,29.55,29.8,6260400,0.011884550084889645,0.001680672268907557,0.013605442176870763,-0.01650165016501648,-0.013245033112582738,-0.011608623548922004,29.590000000000003,29.9125,29.047500000000003,29.825892609959574,29.715293235285326,0.11059937467424774,0.21517368299479278,-0.10457430832054504,0.003711388411887508,-0.0035092049771994977,51.25350140385686,29.9125,0.36160279167451326,30.63570558334903,29.189294416650974,0.048354740215563914,0.42222128631872935,0.5958671428743965,0.01999554170719451,16.500002286449345,25.6692787089396,18.12437610452689,26.31578947368423,19.2982456140351,963137934.0,963067139.0,0.17712841381732417,-0.23120797714037283,-0.640607799766337,4747180.0,1.0628264089100838,1.3187618754713324,0.023489932885906017,-0.003760969494358557,0.025905843876409262,2.0,3.0,-0.011666666666666714,0.0,1330.4,1324.63,-0.004763443203077422,-0.007329081766473511,0.02799248773825047,0.07013541501951208,0.016647993287967067,-0.009172568398542968,-0.039601111287172475,-0.03852276330763982,1.0086206331449254,0.4119218230466591,30.0,29.45,-0.018333333333333313,-0.0005351220982816596,-0.017798211235051653,30.0,29.65,30.0,29.5,-0.01666666666666672,-0.006760627072656011,-0.009906039594010707,30.0,21.5,-0.2833333333333333,-0.08256707868555924,-0.2007662546477741,8.182472e-05,0.005,5
2025-03-20,30.0,30.05,29.3,29.65,2637900,-0.005033557046979942,0.00679117147707986,-0.003361344537815225,0.0033840947546530664,-0.026272577996716007,-0.005033557046979942,29.610000000000003,29.905,29.072499999999998,29.79883220842733,29.710456699338266,0.08837550908906522,0.18981404821364728,-0.10143853912458206,0.002980624252582301,-0.0034211986214024307,49.37054231884811,29.905,0.3655925255476065,30.636185051095215,29.173814948904788,0.04890052172514384,0.32562553787304044,0.6068766326690824,0.020468014592549155,15.977299169505665,23.40334877061244,19.466931612465174,18.42105263157885,17.54385964912279,960500034.0,963154554.0,0.17316456083637954,-0.29071939968815474,-0.40504250568875627,4685385.0,-1.3750758472564644,0.5630060283199779,0.025295109612141653,-0.008527002173549625,0.019864132771519438,3.0,3.0,-0.01016949152542379,0.0,1326.8,1323.93,-0.0005284494538098095,-0.0017643466262524665,0.023936951847669752,0.07001611351728422,-0.004505107593170132,0.005148441380905533,-0.028970508894649694,-0.02829325462116894,1.019937542335126,0.41540548310755554,29.5,29.55,0.0016949152542373724,-0.00014350453172207178,0.0018384197859594442,29.5,29.2,29.5,27.45,-0.06949152542372883,-0.071117824773414,0.0016262993496851674,29.5,21.8,-0.26101694915254237,-0.07921450151057408,-0.1818024476419683,8.182472e-05,0.005,5
2025-03-21,29.5,29.75,29.2,29.2,3994600,-0.015177065767284947,-0.020134228187919545,-0.008488964346349714,-0.006802721088435382,-0.0363036303630363,-0.008488964346349714,29.570000000000004,29.892499999999995,29.09916666666667,29.706704176361587,29.672645091979877,0.03405908438170968,0.15866305544725978,-0.1246039710655501,0.0011664069993736193,-0.004267259283066784,44.13236190268215,29.892499999999995,0.3856897444148692,30.663879488829732,29.121120511170258,0.0516102359340796,0.051128847715026814,0.6028140160498623,0.02064431561814597,15.267972666399297,21.87813991903996,19.383180077635327,0.0,14.912280701754392,956505434.0,963256964.0,0.17659514840112328,-0.30007310658824693,-0.5127201937490594,4670390.0,-0.45214206551674013,0.8553033044349615,0.018835616438356188,-0.0231663460734296,0.003465162232595409,4.0,3.0,0.0,0.0,1324.0,1321.88,-0.0015484202336981667,-0.003219846925310077,0.019379217273954197,0.07035137693082837,-0.01362864553358678,-0.0035828741631253047,-0.02786818162030391,-0.027338385115236674,0.978190850731373,0.39114858968134014,29.2,29.9,0.023972602739726012,-0.004112177791216309,0.02808478053094232,29.2,29.2,29.2,25.55,-0.125,-0.08483634439489007,-0.04016365560510993,29.2,21.8,-0.2534246575342465,-0.08755763852143028,-0.1658670190128162,8.182472e-05,0.005,5
2025-03-24,29.2,29.4,29.1,29.2,3031700,0.0,-0.015177065767284947,-0.020134228187919545,-0.01848739495798324,-0.031509121061359835,-0.020134228187919545,29.46,29.8625,29.125833333333333,29.628749687690572,29.637634344425813,-0.008884656735240526,0.12515351301075972,-0.13403816974600025,-0.0003042690662753605,-0.004590348278972612,44.13236190268215,29.8625,0.41544997798769157,30.693399955975384,29.031600044024618,0.0556483854985606,0.10133587970750277,0.581184443474872,0.019903576831331232,14.382079164849308,21.07148156945237,19.897529453010776,4.761904761904665,7.727652464494537,956505434.0,963152969.0,0.1705962617946443,-0.23499432916345578,-0.27547397073493735,4615570.0,-1.0317458645223525,0.6568419501816677,0.010273972602739628,-0.022185014650481394,0.0025464221338444837,0.0,3.0,0.005050505050505194,1.0,1322.9,1330.32,0.006384845825642138,-0.004445242692290519,0.019746121297602226,0.07070718152287321,-0.006384845825642138,-0.01404215226569272,-0.03988034948552177,-0.03910811588552554,0.9597437537745453,0.38694585321186087,29.7,30.65,0.03198653198653201,-0.02129125508316554,0.053277787069697546,29.7,29.85,29.7,23.8,-0.19865319865319864,-0.1516524500295816,-0.04700074862361703,29.7,21.35,-0.28114478114478103,-0.10346816047450358,-0.17767662067027745,8.182472e-05,0.005,5
2025-03-25,29.7,30.0,29.5,29.85,4759800,0.022260273972602773,0.022260273972602773,0.006745362563237878,0.01358234295415972,-0.014851485148514865,0.008445945945946054,29.540000000000003,29.875,29.16,29.662788197276637,29.653365133727604,0.009423063549032662,0.10200742311841432,-0.09258435956938166,0.0003156805209056168,-0.003101653586913958,52.5636516431854,29.875,0.4108719867222975,30.696743973444594,29.053256026555406,0.055012148849847294,0.4847884494393045,0.5968141260838098,0.01999377306813433,14.68598337134715,26.23494786476921,17.99241086862003,35.71428571428575,13.492063492063503,961265234.0,963496439.0,0.18777673397492473,-0.1374031355286788,-0.2875188346651595,4644085.0,0.0755271199275131,1.0249166412759456,0.01675041876046901,-0.0008368200836819106,0.02366255144032925,1.0,3.0,-0.016694490818030094,0.0,1335.29,1331.92,0.001202718143003212,0.0007137651487261198,0.022069431228705527,0.07028770289839881,0.02105755582959956,0.0128685778054336,-0.013623485282759473,-0.013329314884588328,0.9574357584025464,0.37761298963942797,29.95,30.55,0.020033388981636202,-0.01200003000007499,0.03203341898171119,29.95,29.45,29.95,22.15,-0.26043405676126885,-0.1792729481823705,-0.08116110857889836,29.95,21.9,-0.26878130217028384,-0.0917477293693234,-0.17703357280096044,8.182472e-05,0.005,5
2025-03-26,29.95,29.95,29.4,29.45,2134400,-0.01340033500837523,0.008561643835616417,0.008561643835616417,-0.011744966442953086,-0.028052805280528115,-0.006745362563237767,29.470000000000006,29.865,29.190833333333334,29.63005155154177,29.63830104974778,-0.008249498206012618,0.07995603885352894,-0.08820553705954155,-0.0002801187845844692,-0.0029950946369963175,47.78448743494423,29.865,0.41899001369769406,30.702980027395387,29.02701997260461,0.0561178655546887,0.2523807331721838,0.5934702599349663,0.02015179150882738,14.728218282573891,24.498283476179843,18.004948989048764,16.666666666666583,19.047619047619033,959130834.0,963324219.0,0.194030641321964,-0.0043394715572778325,-0.5992524672083048,4341835.0,-1.5910703584086137,0.4915893855938791,0.018675721561969463,-0.013895864724594031,0.008878357931999092,2.0,3.0,-0.0016891891891892552,0.0,1333.33,1326.09,-0.004377139768154348,0.0011021945750886442,0.01775188800884142,0.07284042108442007,-0.009023195240220883,-0.01284716101804173,-0.024497250572079188,-0.024069963279563455,0.9773456476699889,0.3852061140134412,29.6,29.5,-0.0033783783783783994,-0.006146397381559421,0.0027680190031810215,29.6,29.55,29.6,23.7,-0.19932432432432434,-0.1188856543839274,-0.08043866994039695,29.6,22.75,-0.23141891891891897,-0.07739935745637194,-0.15401956146254703,8.182472e-05,0.005,5
2025-03-27,29.6,29.7,29.3,29.55,2175800,0.00339558573853993,-0.01005025125628145,0.011986301369863117,-0.003372681281618828,0.0,-0.011705685618728978,29.450000000000006,29.847500000000004,29.214166666666664,29.61773592822765,29.631760231247945,-0.014024303020296003,0.06115997047876395,-0.07518427349905996,-0.00047459570288649756,-0.0025443070558057515,49.03212275930364,29.847500000000004,0.4247212708285145,30.696942541657034,28.998057458342974,0.056918840214894385,0.3248851538447428,0.5796509556538971,0.019615937585580275,14.523764607652346,23.290744784774304,18.34974027829528,29.999999999999954,27.46031746031746,961306634.0,963091209.0,0.19184721069361807,0.044792271399271666,-0.480857491570709,4281045.0,-1.4457622536057826,0.5082403945765578,0.013536379018612472,-0.009967333947566881,0.01149556436660304,3.0,3.0,0.008431703204047292,1.0,1325.98,1323.81,-0.001719340316268081,-9.063923319219125e-05,0.012241933017280937,0.0725992827459318,0.005114926054808011,-0.0032820420484266366,-0.023947618636009915,-0.02365799899696619,0.9143142805559296,0.35589813287252436,29.65,27.45,-0.07419898819561555,-0.07141239183944681,-0.0027865963561687357,29.65,29.9,29.65,23.7,-0.2006745362563238,-0.07698464233400282,-0.12368989392232099,29.65,22.8,-0.2310286677908937,-0.07187297080986399,-0.15915569698102972,8.182472e-05,0.005,5
2025-03-28,29.65,30.2,29.5,29.9,8201200,0.011844331641285955,0.015280135823429575,0.0016750418760467234,0.023972602739726012,0.017006802721088343,0.006734006734006703,29.590000000000003,29.857499999999998,29.253333333333334,29.66116117003878,29.651629843748097,0.009531326290684206,0.050834241641148005,-0.0413029153504638,0.0003187734545379333,-0.0013813684063700268,53.243132556181145,29.857499999999998,0.42341810865418916,30.704336217308377,29.01066378269162,0.05672519248486169,0.525093400076277,0.588247315964333,0.019673823276399098,15.199175343525324,27.38237642825093,16.79004423036568,59.259259259259146,35.308641975308596,969507834.0,963497459.0,0.19519232150909388,-0.142346665160069,-0.6097322816786144,4461905.0,2.199612432929694,1.83804899476793,0.02341137123745817,0.0014234279494265145,0.022105742935278005,4.0,3.0,0.028523489932885893,1.0,1324.42,1317.46,-0.0047967608644744475,-0.003343722576935937,0.009269473555187924,0.0746461517436196,0.016641092505760402,0.02731632531666195,-0.0025354668211812204,-0.002512180232946082,0.8438030940150612,0.33734281373027464,29.8,25.55,-0.14261744966442957,-0.0782940365889867,-0.06432341307544287,29.8,30.65,29.8,23.75,-0.203020134228188,-0.054868253762818675,-0.1481518804653693,29.8,22.5,-0.24496644295302017,-0.06601396258878889,-0.17895248036423128,8.182472e-05,0.005,5
2025-03-31,29.8,31.3,29.8,30.65,16190500,0.025083612040133874,0.0372250423011844,0.04074702886247872,0.04965753424657526,0.030252100840336027,0.018272425249169277,29.880000000000003,29.884999999999998,29.30333333333333,29.813290220802045,29.725583188655644,0.08770703214640108,0.05820879974219862,0.029498232404202455,0.0028615671173377187,0.0009624219381468991,60.73041070625582,29.884999999999998,0.4565603666772812,30.798120733354562,28.971879266645434,0.06110896659558735,0.9188931277409467,0.6533725076811664,0.021317210691065788,17.16021727331177,34.91761360670492,14.036739967869577,70.45454545454535,53.237934904601524,985698334.0,964478974.0,0.20934243339583675,0.06404526295819514,-0.5388198952316439,5037170.0,3.5666323746940685,3.2142055956022926,0.048939641109298535,0.025598126150242706,0.045956091457172166,0.0,3.0,-0.0032626427406198255,0.0,1313.51,1306.86,-0.008045785071273626,-0.01763485477178428,-0.0019169524275033378,0.07976641272073286,0.0331293971114075,0.06729238901835954,0.020189377676672615,0.020228154085751182,0.6916634792955006,0.27526786409282133,30.65,23.8,-0.2234910277324632,-0.13727028323800672,-0.08622074449445649,30.65,30.55,30.65,22.1,-0.2789559543230016,-0.06491854717713985,-0.21403740714586172,30.65,22.8,-0.25611745513866224,-0.06605332703746303,-0.19006412810119921,8.182472e-05,0.005,5
2025-04-01,30.65,30.95,30.35,30.55,4220500,-0.0032626427406198255,0.021739130434782705,0.03384094754653133,0.02345058626465657,0.03735144312393901,-0.0016339869281045694,30.020000000000003,29.8825,29.358333333333334,29.9266301868325,29.786651100607077,0.13997908622542354,0.0745628570388436,0.06541622918657994,0.004581966815889477,0.0021412840977603907,59.36540208668192,29.8825,0.45255851613438597,30.787617032268773,28.977382967731227,0.06057840088806312,0.8687368462876232,0.6495601857039401,0.021262199204711625,18.981184779542037,32.61379451879189,13.110613977866642,65.9090909090909,65.2076318742985,981477834.0,964881469.0,0.201406902908246,0.22216269969745245,-0.16703555467917686,4880200.0,-0.21398799396062726,0.864821113888775,0.019639934533551485,0.022337488496611657,0.040590405904058935,1.0,4.0,-0.04220779220779225,0.0,1313.03,1317.33,0.008011569716725564,-0.010954111358039587,0.004131380963632969,0.08457625935762558,-0.01127421245734539,0.034404697622696157,-0.005765367891737538,-0.0057416469607838305,0.6242086115895049,0.25463183333124817,30.8,22.15,-0.2808441558441559,-0.17194463992493547,-0.10889951591922042,30.8,29.5,30.8,20.6,-0.3311688311688311,-0.08416759362254356,-0.24700123754628756,30.8,23.65,-0.2321428571428572,-0.06165580804068016,-0.17048704910217705,8.182472e-05,0.005,5
2025-04-02,30.8,30.8,29.5,29.5,12240300,-0.03436988543371522,-0.037520391517128826,-0.013377926421404673,0.0016977928692700761,-0.010067114093959773,-0.023178807947019875,30.03,29.847500000000004,29.396666666666665,29.860994773473653,29.765417685747295,0.0955770877263582,0.07876570317634653,0.016811384550011674,0.0032399012788596002,0.0005698774423732771,47.334880799875634,29.847500000000004,0.4537780004403714,30.755056000880746,28.93994399911926,0.06081286545812829,0.3085517589753301,0.6960201724393731,0.023593904150487222,18.83363257816458,28.26273703991005,20.08457049313384,18.181818181818123,51.515151515151494,969237534.0,964918674.0,0.2316509360660263,-0.3320135347470933,0.3993474173508935,5245490.0,2.001405895029082,2.333490293566473,0.04406779661016952,-0.011642516123628543,0.003515137770722321,2.0,4.0,0.0,0.0,1321.53,1317.83,0.0003795556162844438,-0.006228838163322203,0.010055874485517702,0.08184465956686683,-0.03474944104999966,0.00792663103259228,-0.03323468243253758,-0.032903805890407756,0.6278514953001938,0.2403990082670699,27.45,23.7,-0.13661202185792354,-0.08212150494551684,-0.054490516912406695,27.45,27.45,27.45,21.5,-0.21675774134790526,-0.04369652831789572,-0.17306121303000954,27.45,23.5,-0.14389799635701273,-0.024291561589164568,-0.11960643476784816,8.182472e-05,0.005,5
2025-04-03,27.45,27.8,27.45,27.45,9568500,-0.06949152542372883,-0.1014729950900164,-0.10440456769983686,-0.07106598984771573,-0.07419898819561555,-0.09852216748768472,29.610000000000003,29.697499999999998,29.397499999999997,29.490072500631552,29.59390526458083,-0.10383276394927776,0.04224600975122167,-0.14607877370049943,-0.003782614351521959,-0.005321631100200344,33.192095488462826,29.697499999999998,0.6823864856435583,31.062272971287115,28.33272702871288,0.09191164046045067,-0.3233970218066315,0.7927330172651322,0.02887916274189917,18.94485049242674,23.042225065156163,34.84603737155626,0.0,28.030303030303042,959669034.0,964254859.0,0.33254044011889605,-1.5289166659752802,3.9192528635453825,5501320.0,1.1238810551458032,1.7393098383660648,0.012750455373406246,-0.07567977102449697,-0.06624712985798109,3.0,4.0,0.0,0.0,1272.87,1229.84,-0.06676885485988326,-0.07098450684010549,-0.06704495455993698,0.24801149140100054,-0.002722670563845564,-8.148300761023908e-05,-0.031477212927747744,-0.033739260087178535,0.9303490309187885,0.5648453866970127,25.55,23.7,-0.07240704500978479,0.05445386559478327,-0.12686091060456806,25.55,25.55,25.55,21.8,-0.14677103718199613,0.051572891238905294,-0.19834392842090143,25.55,24.3,-0.048923679060665415,0.07852811537698501,-0.12745179443765042,8.182472e-05,0.005,5
2025-04-04,25.55,25.55,25.55,25.55,1147700,-0.06921675774134783,-0.13389830508474576,-0.16366612111292966,-0.14548494983277582,-0.125,-0.15676567656765672,28.740000000000002,29.46,29.370833333333334,28.88390750053439,29.294356726463732,-0.41044922592934086,-0.04829303738489084,-0.36215618854445003,-0.01606454896005248,-0.01417441051054599,25.56737097101771,29.46,1.136893273702079,31.733786547404158,27.186213452595844,0.15436432772601202,-0.3597992640214641,0.8718235160319084,0.034122251116708746,20.421699768749455,19.45530746259057,44.98836931944888,0.0,6.060606060606074,958521334.0,963813309.0,0.4032453517356631,-1.379883721256645,1.8732133356406038,5279055.0,-1.1025237296295731,0.2174063350353425,0.0,-0.13272233536999323,-0.13008937437934454,4.0,4.0,0.0,0.0,1159.33,1210.67,-0.015587393482078826,-0.0810574894114432,-0.08701029372949731,0.2490940920702049,-0.05362936425926901,-0.06442746042133263,-0.06975538283815941,-0.07640325225911382,1.064496472567696,0.5764829885049302,23.8,23.75,-0.0021008403361344463,0.05821982031130135,-0.0603206606474358,23.8,23.8,23.8,21.8,-0.08403361344537819,0.02892237925567276,-0.11295599270105094,23.8,24.55,0.031512605042016695,0.08239425814480783,-0.050881653102791136,0.00034397008,0.005,5
2025-04-08,23.8,23.8,23.8,23.8,2164800,-0.06849315068493156,-0.13296903460837883,-0.1932203389830508,-0.2234910277324632,-0.18493150684931503,-0.2106135986733001,27.370000000000005,29.142500000000002,29.315,28.101767885067563,28.88736733931827,-0.7855994542507077,-0.1957543207580542,-0.5898451334926534,-0.033008380430702,-0.024783408970279554,20.822792904213784,29.142500000000002,1.6874361586363282,32.51737231727266,25.767627682727344,0.23161172289766888,-0.2915114258778012,0.934550407743915,0.03926682385478634,22.62667224015061,16.85307925459624,52.34640349084178,0.0,0.0,956356534.0,963506869.0,0.4561240841529081,-1.1244275997815838,0.454867492186895,5143945.0,-0.7817243168775326,0.420844313070999,0.0,-0.1833233250407481,-0.18812894422650517,1.0,4.0,0.0,0.0,1173.14,1132.79,-0.06432801671801569,-0.13319712899621994,-0.1484574676008058,0.3253591770294131,-0.004165133966915868,-0.09029389873624327,-0.06215613107249429,-0.07299239756982112,1.0666051058379786,0.6706005921318016,22.15,22.1,-0.0022573363431149795,0.14360894552025427,-0.14586628186336925,22.15,22.15,22.15,21.35,-0.03611738148984189,0.11505108931548724,-0.15116847080532914,22.15,24.2,0.09255079006772005,0.18041001853559502,-0.08785922846787497,0.00034397008,0.005,5
2025-04-09,22.15,22.15,22.15,22.15,1402400,-0.06932773109243706,-0.1330724070450099,-0.19307832422586524,-0.27495908346972187,-0.2579564489112228,-0.26897689768976907,25.690000000000005,28.734999999999996,29.21666666666666,27.18611128736486,28.38830309196136,-1.2021918045965023,-0.39704181752574386,-0.8051499870707585,-0.05427502503821681,-0.03634988654946991,17.52131240726348,28.734999999999996,2.274984094796863,33.28496818959372,24.18503181040627,0.31668475306029065,-0.22363143274942124,0.9856539500479212,0.04449904966356304,25.244951033183355,14.837913821337303,58.04446489582417,0.0,0.0,954954134.0,962869539.0,0.4954142418622443,-0.8620908842873811,-0.43829961690571667,4953295.0,-0.9101291098531409,0.28312466751929777,0.0,-0.2291630415869148,-0.2418710781517398,2.0,4.0,0.0,0.0,1073.61,1094.3,-0.03397805418480038,-0.16930457819984357,-0.17878637789484741,0.33602265373026213,-0.035349676907636685,-0.1056545052698783,-0.09019051979492165,-0.10982589349129568,1.1512909074968745,0.7173598717081645,23.7,20.6,-0.13080168776371304,0.0379130255812159,-0.16871471334492893,23.7,23.7,23.7,21.9,-0.07594936708860767,0.03851332229930793,-0.1144626893879156,23.7,25.05,0.05696202531645578,0.10048109494121382,-0.043519069624758044,0.00034397008,0.005,5
2025-04-10,23.7,23.7,23.0,23.7,11405400,0.06997742663656892,-0.004201680672269004,-0.07240704500978479,-0.19661016949152543,-0.1952461799660441,-0.2178217821782179,24.53,28.405,29.1425,26.649786473924113,28.041021381445706,-1.3912349075215928,-0.5958804355249137,-0.7953544719966792,-0.05870189483213472,-0.03355926042180081,28.92214359910423,28.405,2.503255774723002,33.411511549446004,23.398488450553998,0.3525091744021125,0.030111939867527627,1.0259643821873554,0.04328963637921331,26.0566667555094,24.027959504119384,51.78074699081452,16.939890710382517,5.646630236794206,966359534.0,962802479.0,0.5788789983057218,-0.1236117663836574,0.24168284884152708,5378375.0,1.4616958884907836,2.1206033420875263,0.029535864978902926,-0.16563985213870802,-0.1867547396414172,3.0,4.0,0.03947368421052633,1.0,1166.09,1168.34,0.06765969112674775,-0.11343648270262474,-0.12445200500595777,0.43304313939616096,0.0023177355098211727,-0.08317368678890069,-0.09336977717226014,-0.10664152931204585,1.122711970206717,0.7670596252459866,22.8,21.5,-0.05701754385964919,0.02647024100652695,-0.08348778486617614,22.8,23.7,22.8,22.75,-0.002192982456140413,0.0316141871721789,-0.03380716962831931,22.8,25.85,0.13377192982456143,0.09071053918675065,0.04306139063781078,0.00034397008,0.005,5
2025-04-11,22.8,23.95,22.05,23.7,35620300,0.0,0.06997742663656892,-0.004201680672269004,-0.13661202185792354,-0.19796954314720816,-0.19796954314720816,23.780000000000005,28.112499999999994,29.065833333333334,26.19597317024348,27.719464242079358,-1.5234910718358776,-0.7814025627871065,-0.7420885090487711,-0.06428232370615518,-0.03131175143665701,28.92214359910423,28.112499999999994,2.6967268171462453,33.50595363429248,22.719046365707502,0.3837050162235654,0.0909392849931469,1.0883954977454013,0.04592386066436293,27.199294254095452,21.031863537140158,51.55870196545667,17.83783783783782,11.592576182740146,966359534.0,963045329.0,0.5780684014929952,-0.23281707487713854,0.2920115794904632,6849480.0,3.6298641695030467,5.200438573439151,0.08016877637130795,-0.1569586482881279,-0.18460965050603517,4.0,4.0,-0.050000000000000044,0.0,1185.86,1222.46,0.04632213225602144,-0.006000780589344834,-0.07827214669712801,0.47157568605648076,-0.04632213225602144,-0.1306112412685787,-0.11969739645008015,-0.12986197175355252,0.9966837382418944,0.7263409310447879,25.0,21.8,-0.128,-0.012866292580626992,-0.11513370741937301,25.0,23.75,25.0,22.8,-0.08799999999999997,-0.00468012404757856,-0.08331987595242141,25.0,26.0,0.040000000000000036,0.0605015344005313,-0.020501534400531263,0.00034397008,0.005,5
2025-04-14,25.0,25.05,23.55,23.75,10973100,0.0021097046413502962,0.0021097046413502962,0.07223476297968401,-0.07045009784735812,-0.20568561872909696,-0.19217687074829926,23.420000000000005,27.829999999999995,28.990000000000002,25.819669605590637,27.42542985377718,-1.6057602481865452,-0.9462740998669943,-0.6594861483195509,-0.06761095781838085,-0.02776783782398109,29.287819781320863,27.829999999999995,2.8465306676909825,33.52306133538196,22.13693866461803,0.4091312493986322,0.14166906347529679,1.1177958193350155,0.04706508712989539,27.278738379716557,26.045058979281546,46.61670223383984,18.378378378378372,17.71870230886627,977332634.0,964038669.0,0.5794954577951568,-0.26177084310675147,0.267287600010993,7196300.0,0.4751700485826191,1.524825257423954,0.06315789473684211,-0.1466043837585338,-0.1807519834425665,0.0,4.0,-0.06157112526539277,0.0,1235.01,1241.44,0.015526070382670953,0.025415678921588913,-0.06387663537307242,0.47637073149033815,-0.013416365741320657,-0.09586577676894703,-0.12830023537522683,-0.13705483723970313,0.9977654734161373,0.7286823224043749,23.55,21.8,-0.07430997876857748,-0.02074409397715482,-0.05356588479142266,23.55,22.1,23.55,22.5,-0.04458598726114649,-0.004737798546209926,-0.03984818871493656,23.55,25.6,0.08704883227176219,0.06535565939771537,0.021693172874046818,0.00034397008,0.005,5
2025-04-15,23.55,23.6,22.1,22.1,21594800,-0.06947368421052624,-0.0675105485232067,-0.0675105485232067,-0.0714285714285714,-0.2789559543230016,-0.2571428571428571,23.080000000000002,27.447499999999998,28.8875,25.247412743192076,27.030953568312206,-1.7835408251201308,-1.1137274449176218,-0.669813380202509,-0.080703204756567,-0.030308297746719864,24.760683180679663,27.447499999999998,3.0794084787418963,33.60631695748379,21.288683042516205,0.448770704616726,0.06586629892433621,1.1558104036682286,0.05229911328815514,27.970797958546804,23.389263333990733,50.82416697633251,0.5405405405405482,12.252252252252282,955737834.0,963822059.0,0.609949062396727,-0.0980961453807646,-0.17379919002082878,8145830.0,1.5846664704395925,2.651025125739182,0.06787330316742081,-0.1948264869295927,-0.23496321938554732,1.0,4.0,-0.0699774266365687,0.0,1232.64,1227.79,-0.010995295785539483,0.08386373467279906,-0.08117432236241451,0.47551767237985837,-0.05847838842498676,-0.15529230610137046,-0.1759685347804426,-0.1915146028927701,1.031668613782048,0.7116505308675929,22.15,21.35,-0.03611738148984189,-0.022982314390878722,-0.013135067098963171,22.15,20.6,22.15,22.8,0.02934537246049662,0.0008242946567751375,0.028521077803721484,22.15,25.85,0.16704288939051937,0.062107745921373914,0.10493514346914545,0.00034397008,0.005,5
2025-04-16,22.15,22.5,20.6,20.6,21089800,-0.0678733031674208,-0.13263157894736832,-0.13080168776371304,-0.0699774266365687,-0.32569558101472995,-0.30050933786078093,22.770000000000003,27.005000000000003,28.748333333333335,24.532426167316373,26.554586637326118,-2.0221604700097444,-1.2954140499360465,-0.7267464200736979,-0.0981631296121235,-0.03527895243076203,21.506133593548682,27.005000000000003,3.396085207535632,33.797170415071264,20.212829584928738,0.5030305806384938,0.028501229460627546,1.2089668034062122,0.05868770890321418,29.147255474018092,20.763668356682384,53.981176900273944,0.0,6.30630630630634,934648034.0,962710584.0,0.6387914329166066,0.014303317619641974,-0.5476937721902212,9040695.0,1.3581070133660202,2.332763133807744,0.0922330097087378,-0.2371783003147565,-0.2834367209693316,2.0,4.0,0.06965174129353224,1.0,1225.29,1210.3,-0.014245107062282658,0.10600383806999902,-0.09066320052292698,0.47696415789785895,-0.05362819610513814,-0.17598126470656772,-0.20984613733785396,-0.2307683329856759,1.0786641774654842,0.7189356312071503,20.1,21.9,0.08955223880596996,0.007797741401263103,0.08175449740470686,20.1,21.5,20.1,23.65,0.17661691542288538,0.03197323635395244,0.14464367906893294,20.1,26.75,0.3308457711442785,0.07877632882001939,0.2520694423242591,0.00034397008,0.005,5
2025-04-17,20.1,21.55,20.05,21.5,16998700,0.043689320388349495,-0.02714932126696834,-0.09473684210526312,-0.09282700421940926,-0.27118644067796616,-0.2785234899328859,22.330000000000005,26.590000000000003,28.608333333333334,24.065899064652317,26.180172812339,-2.1142737476866813,-1.4591859894861734,-0.6550877582005079,-0.09833831384589216,-0.030469198055837577,27.65079513117783,26.590000000000003,3.540613981842895,33.671227963685794,19.508772036314213,0.532623389521308,0.14059905809396864,1.2297548888771972,0.05719790180824173,30.41717151705647,18.954625942927166,52.47264368504785,12.888888888888884,4.476476476476511,951646734.0,962136024.0,0.6671643054044699,0.04299024688893674,-0.7481851267130225,9577610.0,0.8228658459979475,1.774837355039514,0.06976744186046512,-0.1914253478751411,-0.2484707253131372,3.0,4.0,-0.04175824175824172,0.0,1201.63,1217.25,0.005742377922829167,0.04186281390691082,-0.08106414621441471,0.47828764328924067,0.03794694246552033,-0.13468981812632008,-0.19745934371847118,-0.21487826697046497,1.0820130073478313,0.7131747039835687,22.75,22.75,0.0,-0.004086716543061142,0.004086716543061142,22.75,21.8,22.75,23.5,0.03296703296703307,0.01105530092724516,0.021911732039787912,22.75,26.9,0.18241758241758244,0.07064646645554684,0.1117711159620356,0.00034397008,0.005,5
2025-04-18,22.75,22.75,21.8,21.8,8846200,0.013953488372093092,0.058252427184465994,-0.013574660633484226,-0.08016877637130793,-0.20582877959927137,-0.26475548060708254,21.950000000000003,26.1975,28.473333333333336,23.71729920855196,25.855715566980553,-2.138416358428593,-1.5950320632746573,-0.5433842951539356,-0.09809249350589876,-0.024925885098804383,29.628327255202976,26.1975,3.6178095655564895,33.43311913111298,18.96188086888702,0.5523900472268712,0.1961213739753892,1.2312009682431118,0.05647710863500512,30.59838264145608,24.541895147979847,48.66736932877057,15.555555555555555,9.481481481481513,960492934.0,962135669.0,0.6744186330411253,-0.01454966642384106,-0.8527796712793521,9888025.0,-0.11741753678533312,0.8946377057096842,0.043577981651376115,-0.16785952858097153,-0.23437134160618123,4.0,4.0,-0.009090909090909038,0.0,1228.37,1219.12,0.0015362497432735989,-0.002732195736465881,-0.0791658169238556,0.4785301584564212,0.012417238628819494,-0.07743658063484204,-0.18558966368322694,-0.20154515014119578,1.0836978267135893,0.7110715542478003,22.0,22.8,0.036363636363636376,0.007251839590947107,0.02911179677268927,22.0,21.8,22.0,24.3,0.1045454545454545,0.024574312918926644,0.07997114162652785,22.0,26.45,0.20227272727272716,0.0841295334240153,0.11814319384871186,0.00034397008,0.005,5
2025-04-21,22.0,22.1,21.25,21.8,9236200,0.0,0.013953488372093092,0.058252427184465994,-0.08210526315789468,-0.14677103718199613,-0.2534246575342465,21.560000000000002,25.827499999999997,28.339166666666664,23.422330099543966,25.55529219164866,-2.1329620921046946,-1.702618069040665,-0.43034402306402963,-0.09784229780296763,-0.019740551516698606,29.628327255202976,25.827499999999997,3.672568117672962,33.17263623534592,18.482363764654075,0.5687841436721265,0.22583898576182643,1.2039723276543182,0.055228088424510005,30.981357708037667,23.30428893414973,49.476164381459995,16.055045871559635,14.833163438668057,960492934.0,962335044.0,0.6763323114909416,-0.07155148223784985,-0.8784317174489946,10150105.0,-0.10425139667507373,0.9099610299597886,0.03899082568807346,-0.1559384377117412,-0.23074661099185456,0.0,4.0,0.0023474178403755097,1.0,1220.38,1207.07,-0.009884178751886519,-0.027685590926665893,-0.08685357218506984,0.4789519992063768,0.009884178751886519,-0.05441967223122879,-0.16657108534917664,-0.1824144302330185,1.0767709322086847,0.7075422459088643,21.3,22.5,0.05633802816901401,0.021159000482777968,0.03517902768623604,21.3,21.35,21.3,24.55,0.15258215962441324,0.056951172817925944,0.0956309868064873,21.3,26.5,0.244131455399061,0.09360901629792395,0.15052243910113705,0.00034397008,0.005,5
2025-04-22,21.3,21.5,20.3,21.35,21432600,-0.020642201834862317,-0.020642201834862317,-0.006976744186046435,-0.0339366515837104,-0.1029411764705882,-0.2688356164383561,21.410000000000004,25.435,28.2025,23.10351008422951,25.243789066341353,-2.1402789821118446,-1.790150251654901,-0.3501287304569436,-0.10024725911530888,-0.01639947215255005,28.28344957136747,25.435,3.7124293365595573,32.85985867311911,18.010141326880884,0.5838300509627768,0.2249105888850591,1.2251171613932954,0.05738253683340962,31.689092418484563,21.266207860134067,50.688045759177776,12.093023255813959,14.567874894309748,939060334.0,961462789.0,0.67478228128908,0.006716550167266732,-0.858659151775411,11070150.0,1.158623921842956,1.9360713269467893,0.056206088992974204,-0.16060546491055627,-0.2429749135714918,1.0,4.0,0.009216589861751112,1.0,1201.38,1197.13,-0.008234816539222978,-0.02497169711432723,-0.10011876841662148,0.47751727769552443,-0.01240738529563934,-0.008964954469383168,-0.1687168480217346,-0.18748790629277856,1.080079230533473,0.7090396869026847,21.7,22.8,0.05069124423963145,0.008760745280302684,0.041930498959328766,21.7,21.9,21.7,24.2,0.11520737327188946,0.04248755809649141,0.07271981517539805,21.7,26.5,0.22119815668202758,0.08128161888701513,0.13991653779501245,0.00034397008,0.005,5
2025-04-23,21.7,21.95,21.25,21.9,7590900,0.025761124121779666,0.004587155963302614,0.004587155963302614,0.0631067961165046,-0.011286681715575675,-0.26633165829145733,21.67,25.0375,28.078333333333333,22.91835468665574,24.996100987353106,-2.077746300697367,-1.8476694614633944,-0.23007683923397249,-0.09487426030581585,-0.010505791745843493,32.3266756381759,25.0375,3.6397250836033352,32.31695016720667,17.758049832793333,0.581483787694991,0.28449608638478047,1.1876087927223458,0.05422871199645415,31.966033875324122,23.077389567831215,48.55400776325717,23.870967741935456,17.339678956436384,946651234.0,960732089.0,0.6774321476706436,0.004793001316651399,-0.8829123983522256,11211705.0,-0.40863911077909576,0.6770513494602293,0.031963470319634674,-0.12531203195207197,-0.2200391761144418,2.0,4.0,0.03409090909090917,1.0,1215.65,1211.0,0.01158604328686108,0.0005783689994216523,-0.09078623340741188,0.4806688354875507,0.014175080834918585,0.06252842711708295,-0.17554542488404545,-0.19307387474117077,1.0913080856553743,0.7115174889107516,22.0,23.65,0.07499999999999996,0.020802120548576664,0.05419787945142329,22.0,22.75,22.0,25.05,0.13863636363636367,0.056372347256293365,0.0822640163800703,22.0,27.3,0.24090909090909096,0.09691466767645163,0.14399442323263933,0.00034397008,0.005,5
2025-04-24,22.0,23.0,21.9,22.75,12179300,0.038812785388127935,0.06557377049180313,0.04357798165137616,0.058139534883721034,-0.04008438818565396,-0.2275042444821731,21.92,24.7025,27.975,22.89245396563178,24.829723136438062,-1.9372691708062817,-1.865589403331972,-0.07167976747430971,-0.08515468882664974,-0.0031507590098597675,38.131867273861175,24.7025,3.5185401802453353,31.73958036049067,17.66541963950933,0.5697464111317211,0.361270590928433,1.181351021813607,0.05192751744235635,31.38353915775129,27.891180243887682,45.32469007326978,49.09090909090908,28.3516333628862,958830534.0,960717074.0,0.7033984509283352,-0.09056968273825422,-1.1049557681044024,11713950.0,0.05411118830568381,1.0397261384929934,0.048351648351648416,-0.07904058293694971,-0.18677390527256488,3.0,4.0,0.0,0.0,1214.78,1223.35,0.010198183319570564,0.005011295953994521,-0.0774758877602576,0.48341830619646126,0.02861460206855737,0.05312823892972651,-0.1500283567219155,-0.16262811424806056,1.107647583759677,0.7102821129841477,22.8,23.5,0.030701754385964897,0.012052218129665171,0.018649536256299726,22.8,22.8,22.8,25.85,0.13377192982456143,0.054002738029270914,0.07976919179529052,22.8,27.25,0.19517543859649122,0.0917973206427849,0.10337811795370633,0.00034397008,0.005,5
2025-04-25,22.8,22.85,22.3,22.8,6512200,0.00219780219780219,0.04109589041095907,0.06791569086651039,0.04587155963302747,-0.03797468354430378,-0.2284263959390863,22.120000000000005,24.365000000000002,27.865,22.878230278611507,24.679373274479687,-1.8011429958681795,-1.8527001218392136,0.05155712597103412,-0.0789974998187798,0.0022612774548699177,38.46625333904976,24.365000000000002,3.3487271737499755,31.06245434749995,17.667545652500053,0.5497602583624008,0.3831645638178788,1.1362545202554923,0.04983572457260931,30.842651205719374,26.92684970119699,43.757600312512075,55.0,42.65395894428155,965342734.0,960918879.0,0.7030663065722254,-0.0867117090145978,-1.1012315854726062,11930770.0,-0.645139052846738,0.5458323310230605,0.02412280701754389,-0.06423147958136677,-0.1817692445720437,4.0,4.0,-0.013157894736842146,0.0,1227.16,1229.23,0.00480647402623946,0.008292866986022718,-0.07144529804125965,0.4843058172671222,-0.00260867182843727,0.03757869264700475,-0.15698109789782666,-0.16905961228421196,1.1049151580639744,0.7079444520710028,22.8,24.3,0.06578947368421062,0.01301952523697647,0.05276994844723415,22.8,22.5,22.8,26.0,0.14035087719298245,0.06111156120878225,0.0792393159842002,22.8,26.9,0.17982456140350878,0.08715061168273519,0.09267394972077359,0.00034397008,0.005,5
2025-04-28,22.8,22.8,22.3,22.5,5385900,-0.013157894736842146,-0.01098901098901095,0.027397260273972712,0.032110091743119185,-0.052631578947368474,-0.24749163879598657,22.26,23.995,27.756666666666664,22.820041004978968,24.51793821711082,-1.6978972121318527,-1.8217395398977416,0.12384232776588888,-0.07546209831697123,0.005504103456261728,37.168211301424,23.995,3.104915457786424,30.20483091557285,17.785169084427153,0.5175937416605833,0.37962635212410695,1.0908077688086715,0.0484803452803854,30.340398107404027,26.045234047996722,42.324926761388255,48.999999999999986,51.03030303030305,959956834.0,960441329.0,0.697428901298267,-0.003231753390253513,-1.0347684165350517,11790005.0,-0.7544901836946554,0.45681914469077833,0.022222222222222223,-0.06230464680141701,-0.18938393178815893,0.0,4.0,0.01333333333333342,1.0,1234.3,1226.8,-0.0019768472946478655,0.016345365223226604,-0.06881423344921289,0.484290178294399,-0.01118104744219428,0.01576472651989258,-0.17867740534677368,-0.19188158986644965,1.1092202451105937,0.7104216309001526,22.5,24.55,0.09111111111111114,0.034671012426156,0.05644009868495514,22.5,22.8,22.5,25.6,0.13777777777777778,0.07003463027093093,0.06774314750684685,22.5,26.95,0.19777777777777783,0.09338765532695037,0.10439012245082746,0.00034397008,0.005,5
2025-04-29,22.5,22.8,22.2,22.8,5821100,0.01333333333333342,0.0,0.00219780219780219,0.06791569086651039,0.03167420814479627,-0.25611745513866224,22.550000000000004,23.6025,27.64666666666667,22.816957773443743,24.39068353436187,-1.5737257609181263,-1.7721367841018187,0.19841102318369241,-0.0690230596893915,0.008702237858933877,39.37149495813424,23.6025,2.687469706071833,28.977439412143667,18.22756058785633,0.45545509265066564,0.42534799572001686,1.0557500710366237,0.0463048276770449,29.9295785275027,24.987953213294325,41.2833547563156,55.0,53.00000000000003,965777934.0,959445309.0,0.690085770678965,0.01509439984351477,-0.9603374567518856,11271535.0,-0.6395965017770817,0.5164425253525806,0.02631578947368427,-0.034000635525897605,-0.17530745116952018,1.0,4.0,0.012847965738757905,1.0,1227.25,1226.3,-0.0004075643951744201,0.024366610142591005,-0.06164394043738419,0.48401735789604944,0.01374089772850784,0.04354908072391939,-0.19447351470127805,-0.20724917020509848,1.1228330489106737,0.7176365440956739,23.35,24.2,0.03640256959314758,0.02701038112757992,0.009392188465567664,23.35,23.65,23.35,25.85,0.10706638115631684,0.05463666053469707,0.05242972062161977,23.35,26.3,0.12633832976445403,0.07992900961935856,0.04640932014509547,0.00034397008,0.005,5
2025-05-05,23.35,23.65,23.05,23.65,6412500,0.037280701754385914,0.05111111111111111,0.037280701754385914,0.07990867579908678,0.1480582524271843,-0.22585924713584293,22.900000000000002,23.2575,27.545833333333334,22.94511811599086,24.3358180873721,-1.3906999713812418,-1.6958494215577034,0.30514945017646156,-0.0588033814537523,0.012902725166023745,45.231575583235404,23.2575,2.134693063108957,27.526886126217914,18.988113873782087,0.3671405891620263,0.5459667957402227,1.0410536373911505,0.04401918128503808,28.78753080345337,29.36265848980087,38.875708016614134,71.99999999999996,58.666666666666686,972190434.0,958980939.0,0.7129053589681137,-0.05170919110938177,-1.1598162357787465,11381135.0,-0.5887062264515633,0.563432381744,0.025369978858350864,0.01687627646995593,-0.14143094841930126,0.0,5.0,-0.0167364016736401,0.0,1233.97,1240.05,0.011212590720052207,0.0239884393063583,-0.05866411605292521,0.48509189859254737,0.026068111034333707,0.05592023649272848,-0.16719513108291773,-0.17761474297767021,1.1383084104903531,0.7168060301517737,23.9,25.05,0.048117154811715634,0.031310777143775725,0.01680637766793991,23.9,23.5,23.9,26.75,0.11924686192468625,0.04178252832918106,0.0774643335955052,23.9,26.3,0.10041841004184104,0.0739371534195934,0.02648125662224765,-0.00019596916,0.005,5
2025-05-06,23.9,23.9,23.3,23.5,5694100,-0.006342494714587699,0.030701754385964897,0.04444444444444451,0.03296703296703307,0.09302325581395343,-0.2033898305084746,23.050000000000004,22.957500000000003,27.447499999999998,23.030484559684574,24.27390563645565,-1.2434210767710745,-1.6053637526003777,0.3619426758293032,-0.05291153518174785,0.015401815992736306,44.41570678273961,22.957500000000003,1.5537962848257227,26.065092569651448,19.84990743034856,0.2707256948405919,0.5872862171988081,1.0095498061489254,0.04295956621910321,27.512548502083035,29.88498500894797,37.225366684276906,68.99999999999999,65.33333333333336,966496334.0,958843879.0,0.7080339994567677,-0.14981610090741843,-1.0832936384068932,11053825.0,-0.6282432359494958,0.5151248549710168,0.02553191489361693,0.02363062180115416,-0.14382002003825478,1.0,5.0,0.04068522483940029,1.0,1244.3,1241.95,0.0015321962824079716,0.01520415253198193,-0.05757950570255643,0.4852021537165267,-0.00787469099699567,0.017762880435051143,-0.14581032480591816,-0.15471896641489846,1.1403404905800085,0.7181001152457848,23.35,25.85,0.10706638115631684,0.04216420916928554,0.0649021719870313,23.35,24.3,23.35,26.9,0.15203426124196984,0.05966481347192021,0.09236944777004963,23.35,26.45,0.13276231263383287,0.08552896623962614,0.04723334639420673,0.00034397008,0.005,5
2025-05-07,23.35,24.35,23.3,24.3,10973900,0.03404255319148941,0.02748414376321362,0.06578947368421062,0.06578947368421062,0.1146788990825689,-0.11475409836065564,23.350000000000005,22.8,27.363333333333333,23.225794627425408,24.275838552273747,-1.0500439248483389,-1.49429978704997,0.44425586220163105,-0.0432116841501374,0.018282134246980702,49.63368430762475,22.8,1.191968738552162,25.183937477104326,20.416062522895675,0.209117322553011,0.8146055662965604,1.0124391057097166,0.04166416072879492,25.94345732641321,30.845943384743446,34.46776626606345,98.83720930232556,79.94573643410854,977470234.0,959733939.0,0.6884309088578179,-0.35180625518174913,-0.8721839639804136,11124095.0,-0.017619842546442357,0.9864982274962593,0.0432098765432099,0.06578947368421062,-0.11195029845291748,2.0,5.0,0.006147540983606703,1.0,1241.1,1250.37,0.006779661016949046,0.017197757946031178,0.01669322838743259,0.42216158522994557,0.027262892174540365,0.04859171573817944,-0.13144732674808823,-0.129289074696185,1.1511655193175263,0.7154815464507545,24.4,26.0,0.06557377049180335,0.0433269074513678,0.02224686304043555,24.4,24.55,24.4,26.45,0.08401639344262302,0.05393757866394755,0.030078814778675467,24.4,26.15,0.07172131147540983,0.07201236318447601,-0.0002910517090661813,0.00034397008,0.005,5
2025-05-08,24.4,24.7,24.0,24.55,9715500,0.010288065843621297,0.04468085106382991,0.038054968287526414,0.09111111111111114,0.12614678899082565,-0.03913894324853229,23.760000000000005,22.75,27.2875,23.429518530898424,24.296146807660875,-0.8666282767624516,-1.3687654849924664,0.5021372082300148,-0.035300540804987846,0.020453654103055594,51.176154582237835,22.75,1.0868835215767694,24.92376704315354,20.57623295684646,0.19110039939811332,0.9140278061693067,0.9901220267304511,0.04033083611936664,24.191506261758718,31.813200757983903,32.7271845329269,96.77419354838713,88.2038009502376,987185734.0,961167159.0,0.6469203695895932,-0.519992125482986,-0.38602328177172596,11552485.0,-0.22386474345244606,0.8409878913497831,0.028513238289205673,0.07912087912087906,-0.10032065964269354,3.0,5.0,-0.014256619144602856,0.0,1255.34,1269.8,0.015539400337500231,0.035050537985001684,0.048840724557476234,0.42023520271771087,-0.005251334493878934,0.05606057312610946,-0.08797966780600852,-0.08388277242298026,1.1484816385966445,0.71727429958537,24.55,25.6,0.04276985743380868,0.030364848960376722,0.012405008473431955,24.55,24.2,24.55,26.5,0.07942973523421593,0.030867006669281993,0.04856272856493393,24.55,26.3,0.07128309572301417,0.05303256178893667,0.018250533934077495,0.00034397008,0.005,5
2025-05-09,24.55,24.6,24.15,24.2,5053900,-0.014256619144602856,-0.004115226337448652,0.029787234042553123,0.06140350877192979,0.13348946135831374,0.01680672268907557,24.040000000000003,22.770000000000003,27.216666666666665,23.548054141529434,24.289024821908217,-0.7409706803787834,-1.2432065240697299,0.5022358436909464,-0.030618623156148078,0.020753547259956463,48.91748123951842,22.770000000000003,1.110642298758202,24.991284597516408,20.548715402483598,0.19510624484114228,0.821885813641094,0.9515418819639906,0.039319912477850855,22.564694558865263,30.738558446801203,31.621668068471774,89.24731182795699,94.95290489288993,982131834.0,962455924.0,0.5989541099160707,-0.5657615346195264,0.18013439661474362,11696940.0,-0.8246197961206563,0.4320702679504212,0.018595041322314168,0.0628019323671496,-0.11083894672382111,4.0,5.0,0.03298969072164959,1.0,1274.5,1267.3,-0.001968813986454543,0.03343390687433745,0.11874222053513894,0.3386553668098782,-0.012287805158148313,0.027969601897592344,-0.10193549784606337,-0.09111616239646658,1.144988505019814,0.7153667451679357,24.25,25.85,0.06597938144329896,0.022365898878169865,0.04361348256512909,24.25,25.05,24.25,26.5,0.09278350515463907,0.032633629764635685,0.06014987539000338,24.25,25.5,0.05154639175257736,0.04475536561606397,0.0067910261365133895,0.00034397008,0.005,5
2025-05-12,24.25,25.1,24.05,25.05,10467800,0.03512396694214881,0.020366598778004175,0.030864197530864113,0.059196617336152224,0.1438356164383563,0.13092550790067725,24.320000000000004,22.915,27.1525,23.77912273514029,24.34539335361872,-0.5662706184784305,-1.10781934295147,0.5415487244730395,-0.022605613512112994,0.02161871155580996,54.20377203816006,22.915,1.2102740011650779,25.335548002330157,20.49445199766984,0.21126319025355947,0.9410158356588526,0.9585746046808485,0.03826645128466461,21.292733376629442,32.05930769441975,29.14755171534243,98.95833333333331,94.99327956989252,992599634.0,964338199.0,0.5476483344986305,-0.6882856596660842,0.887882241157582,12150210.0,-0.2186927450985474,0.861532434418829,0.041916167664670684,0.09317041239362878,-0.07743301721756746,0.0,5.0,0.015717092337917515,1.0,1272.92,1283.26,0.012593703148425783,0.03484536913834124,0.17267659691126758,0.30467803960901196,0.022530263793723027,0.024351248197810982,-0.041751089010590325,-0.035603242292511994,1.157213906529902,0.7177736575047974,25.45,26.75,0.05108055009823187,0.00273834848191834,0.04834220161631353,25.45,25.85,25.45,27.3,0.07269155206286837,0.030756140011603206,0.041935412051265164,25.45,24.95,-0.01964636542239684,0.013784567781860435,-0.033430933204257274,0.00034397008,0.005,5
2025-05-13,25.45,25.9,25.15,25.85,7859600,0.031936127744510934,0.06818181818181834,0.05295315682281054,0.10000000000000009,0.13626373626373622,0.09071729957805919,24.790000000000003,23.0225,27.1,24.0977192374264,24.456845697795114,-0.35912646036871365,-0.9580807664349188,0.5989543060662051,-0.013892706397242306,0.023170379344920895,58.551327374547604,23.0225,1.3687753842880652,25.760050768576132,20.28494923142387,0.23781524756878109,1.0164287786835555,0.9508192757750735,0.03678217701257538,20.757439590694634,36.02202473552423,27.28634335766095,99.10714285714292,95.77092933947777,1000459234.0,966043184.0,0.5043225943438486,-1.11354773088619,1.1523302823959802,11972920.0,-0.5306323731139005,0.6564480511019868,0.029013539651837523,0.12281463785427293,-0.04612546125461259,1.0,5.0,0.005802707930367523,1.0,1292.75,1293.43,0.00792512818914326,0.041450944079874485,0.10706643614016476,0.20861068487264808,0.024010999555367674,0.0585490559201256,-0.01634913656210557,-0.014767981422242005,1.1676165650882504,0.7172816837504321,25.85,26.9,0.04061895551257244,0.015324635219640337,0.025294320292932104,25.85,26.0,25.85,27.25,0.05415860735009659,0.03436269590056362,0.019795911449532966,25.85,25.0,-0.03288201160541593,0.01615841889909686,-0.04904043050451279,0.00034397008,0.005,5
2025-05-14,25.85,26.0,25.4,26.0,6178300,0.005802707930367523,0.03792415169660668,0.07438016528925617,0.06995884773662553,0.14035087719298245,0.09704641350210963,25.130000000000003,23.1375,27.053333333333335,24.390377816283877,24.571153423884365,-0.18077560760048783,-0.8026197346680326,0.6218441270675448,-0.006952907984634147,0.023917081810290182,59.33091646191319,23.1375,1.517258174610499,26.172016349220996,20.102983650779002,0.2623028718937653,0.9716567107530735,0.9257607560768542,0.035606182926032855,20.338071775464734,35.12598832399664,26.023150132357234,99.99999999999999,99.35515873015878,1006637534.0,968057084.0,0.5040046400651595,-1.1459097914124436,1.2151960722205177,10500820.0,-0.7872939240914713,0.5883635754160151,0.02307692307692313,0.12371690977849825,-0.03893543617545592,2.0,5.0,-0.01538461538461533,0.0,1295.3,1309.73,0.012602150870166806,0.047473947711477615,0.07138883889861436,0.14506638566869126,-0.006799442939799283,0.022484900025147914,0.02565757460349527,0.023947957708679413,1.1642304124425402,0.7176616086880347,26.0,26.45,0.017307692307692246,0.006741795326398625,0.010565896981293621,26.0,25.6,26.0,26.9,0.03461538461538449,0.021062403457642986,0.013552981157741506,26.0,24.7,-0.050000000000000044,0.0007685342302101716,-0.050768534230210216,0.00034397008,0.005,5
2025-05-15,26.0,26.05,25.6,25.6,4836700,-0.01538461538461533,-0.009671179883945835,0.021956087824351433,0.04276985743380868,0.13777777777777778,0.07789473684210524,25.340000000000003,23.23,26.9875,24.576473536855588,24.64736428137441,-0.07089074451882382,-0.6562739366381909,0.5853831921193671,-0.0027691697077665556,0.022866530942162774,56.29042978681415,23.23,1.6101160468152076,26.450232093630415,20.009767906369586,0.277247705004771,0.8679858983903421,0.8917778449285074,0.03483507206751982,19.989685668754532,34.26040641708246,25.08518289997041,90.62500000000001,96.577380952381,1001800834.0,969280494.0,0.5091936603742195,-1.03555728016565,0.8907532632621953,10194000.0,-0.9511915934744816,0.4744653717873259,0.017578124999999972,0.10202324580284117,-0.05141269106067625,3.0,5.0,0.009765625,1.0,1314.19,1313.2,0.0026494010215847297,0.034178610804851184,0.05780384070112121,0.13792545679108695,-0.01803401640620006,0.008591246628957494,0.020090896140984027,0.018993026275710534,1.1579234345306408,0.7176582642082775,25.6,26.5,0.03515625,-0.0003119649990489526,0.03546821499904895,25.6,25.85,25.6,26.95,0.052734375,0.02100817957009693,0.03172619542990307,25.6,25.3,-0.01171875,0.0066501807114323075,-0.018368930711432307,0.00034397008,0.005,5
2025-05-16,25.6,25.9,25.3,25.85,6942000,0.009765625,-0.005769230769230749,0.0,0.06818181818181834,0.13377192982456143,0.1696832579185521,25.670000000000005,23.417499999999997,26.927500000000002,24.772400685031652,24.736448408680012,0.03595227635164022,-0.5178286940402247,0.5537809703918649,0.0013908037273361788,0.021422861523863246,57.7478200678047,23.417499999999997,1.6880598486525396,26.793619697305076,20.041380302694918,0.2883415990011811,0.8602508527677055,0.8709365702907568,0.033691936955155,19.321594183882514,32.57451655753679,26.311193969133676,95.18072289156629,95.2685742971888,1008742834.0,971930744.0,0.42827624640657347,-1.0395957674347374,1.8597395303483053,9461360.0,-0.5051638909900961,0.7337211563665266,0.023210831721469937,0.10387530692857916,-0.040014854702441705,4.0,5.0,0.013257575757575912,1.0,1314.25,1301.39,-0.008993298812062123,0.026899708040716508,0.05994510461886815,0.13542043273362375,0.018758923812062123,0.041282110141101835,0.10973815329968395,0.10353192143770817,1.1470340122972071,0.7114696328320829,26.4,26.5,0.0037878787878788955,0.016117686165073142,-0.012329807377194246,26.4,26.75,26.4,26.3,-0.0037878787878786735,0.030140459643942075,-0.03392833843182075,26.4,24.4,-0.0757575757575758,0.016913907591932675,-0.09267148334950848,0.00034397008,0.005,5
2025-05-19,26.4,26.75,25.95,26.75,14882400,0.03481624758220492,0.044921875,0.028846153846153744,0.06786427145708585,0.13107822410148007,0.29854368932038833,26.01,23.725,26.886666666666667,25.07664673348832,24.885600378407418,0.1910463550809034,-0.3760536842159991,0.5671000392969026,0.007141919816108538,0.021200001469043085,62.58440849461301,23.725,1.707837968402437,27.140675936804875,20.309324063195128,0.2879389620067333,0.9428113287043376,0.8730125295557026,0.03263598241329729,19.422993283394476,37.1304105136518,24.373725902236007,100.0,95.2685742971888,1023625234.0,976379604.0,0.3301856071158786,-0.12382261526761412,-1.3578715933521461,9150990.0,1.307984165548391,1.6263158412368497,0.029906542056074792,0.12750263435194942,-0.0050830647160922116,0.0,5.0,-0.0073800738007381295,0.0,1293.61,1296.29,-0.003918886728805471,0.01015382697193079,0.07104850037180865,0.12236140673139045,0.03873513431101039,0.057710444485155055,0.22749518894857967,0.2124041897912241,1.1399324158221662,0.6984505429477149,27.1,27.3,0.007380073800737907,0.02609693366804766,-0.018716859867309754,27.1,26.9,27.1,26.3,-0.029520295202952074,0.02901541636506444,-0.05853571156801651,27.1,25.25,-0.06826568265682664,0.030409203616146296,-0.09867488627297294,-0.00019596916,0.005,5
2025-05-20,27.1,27.4,26.9,26.9,8589400,0.005607476635513864,0.04061895551257244,0.05078124999999978,0.04061895551257244,0.14468085106382977,0.25116279069767433,26.220000000000006,23.995,26.832499999999996,25.357162620643965,25.034815165192054,0.32234745545191146,-0.23637345628241702,0.5587209117343285,0.01198317678259894,0.020770294116517787,63.33766614735561,23.995,1.7635117476817748,27.522023495363552,20.46797650463645,0.2939798704199667,0.9118203357333409,0.8570830631588666,0.031861823909251547,19.999426789007938,40.53608418942578,23.053390309718733,90.38461538461539,95.1884460920606,1032214634.0,980407999.0,0.3108834226659133,-0.04420886472672423,-1.2770622297903296,8730525.0,-0.03551526000220064,0.9838354509035826,0.01858736059479554,0.12106688893519468,0.002515606074722898,1.0,5.0,-0.025782688766114115,0.0,1298.62,1315.15,0.01454921352475158,0.016792559319019906,0.08042719244197993,0.12837980936057516,-0.008941736889237717,0.023826396193552535,0.1707355982556944,0.15802600994315785,1.123374138113664,0.6982388919582968,27.15,27.25,0.0036832412523020164,0.007504718648248199,-0.0038214773959461823,27.15,26.45,27.15,26.45,-0.025782688766114115,0.013099418722693823,-0.03888210748880794,27.15,25.2,-0.07182320441988943,0.01343028808193547,-0.0852534925018249,-0.00019596916,0.005,5
2025-05-21,27.15,27.15,26.35,26.45,7522600,-0.016728624535315983,-0.01121495327102806,0.02321083172146987,0.017307692307692246,0.08847736625514391,0.21330275229357798,26.310000000000002,24.2275,26.776666666666664,25.5252914482372,25.139643671474122,0.38564777676307926,-0.11196920967331776,0.497616986436397,0.014580256210324358,0.018813496651659625,59.469616722036854,24.2275,1.7654189155465223,27.758337831093044,20.696662168906954,0.2914735594752282,0.8147270005476261,0.8530057015046617,0.03224974296804014,19.878690221604174,37.820571662509195,26.11460647139096,81.73076923076924,90.70512820512825,1024692034.0,983617954.0,0.3262973781330845,0.06030896156738737,-1.443816521335026,8664345.0,-0.28668130538047887,0.8682248917835105,0.03024574669187135,0.09173459911257864,-0.012199676335117537,2.0,5.0,-0.003759398496240629,0.0,1329.83,1323.05,0.006006919362810281,0.010170035045391046,0.08525001640527607,0.12826591557017947,-0.022735543898126265,0.0071376572623012,0.1280527358883019,0.11799376544812867,1.1193558434109885,0.6952342313126988,26.6,26.9,0.011278195488721776,0.016591286165594576,-0.0053130906768728,26.6,26.5,26.6,26.15,-0.016917293233082775,0.019523170981158744,-0.03644046421424152,26.6,24.9,-0.06390977443609036,0.020348947324560385,-0.08425872176065075,-0.00019596916,0.005,5
2025-05-22,26.6,27.1,26.35,26.5,9721300,0.001890359168241984,-0.014869888475836368,-0.009345794392523366,0.03515625,0.07942973523421593,0.2155963302752293,26.490000000000002,24.4625,26.7275,25.675246610046862,25.240410806920483,0.43483580312637926,-0.0026082071133783544,0.4374440102397576,0.016408898231184122,0.016507321141122928,59.76364611773435,24.4625,1.7378809692147699,27.938261938429537,20.98673806157046,0.28417062347916516,0.7931012014189628,0.8456481513971859,0.03191125099612022,19.76657769472925,35.42465552409966,24.46025794246477,79.31034482758623,83.80857648099033,1034413334.0,987313974.0,0.32560395315960705,0.04843667882708114,-1.4294376019041743,8688600.0,0.2589669277070116,1.1188568929401745,0.02830188679245283,0.08329075114971896,-0.008511832382377627,3.0,5.0,0.0037878787878788955,1.0,1319.97,1313.84,-0.006961188163712606,0.00048735912275343907,0.08845385934535699,0.12439133851495865,0.00885154733195459,0.03466889087724656,0.1271424709298723,0.1168101613478969,1.1165671119234115,0.6950289861942276,26.4,26.95,0.02083333333333326,0.021256840166523183,-0.0004235068331899239,26.4,26.5,26.4,26.3,-0.0037878787878786735,0.021431887543476247,-0.02521976633135492,26.4,25.65,-0.02840909090909094,0.029004589285578364,-0.0574136801946693,-0.00019596916,0.005,5
2025-05-23,26.4,26.7,26.35,26.5,4764700,0.0,0.001890359168241984,-0.014869888475836368,0.025145067698259194,0.0950413223140496,0.2412177985948476,26.620000000000005,24.720000000000002,26.6725,25.80213174696273,25.33371371011156,0.468418036851169,0.09159704167953112,0.3768209951716379,0.01767615233400638,0.014219660195156148,59.76364611773436,24.720000000000002,1.6306601827419012,27.981320365483803,21.4586796345162,0.263860870993835,0.7728956067669149,0.8102447120116725,0.030575272151383868,19.66247320548825,34.331632175753846,23.7055397203077,78.0487804878049,79.69663151538683,1034413334.0,992081624.0,0.3075781197017591,0.10314346754465811,-1.3873660160815156,7855205.0,-1.1335150313372555,0.6065659648602424,0.01320754716981124,0.07200647249190939,-0.006467335270409547,4.0,5.0,0.024390243902439046,1.0,1313.93,1314.46,0.00047189916580414604,0.010043107754016845,0.09800940582894091,0.11635684029394963,-0.00047189916580414604,0.015101959944242349,0.1432083927659067,0.13042546995104454,1.1145466780454543,0.6944044512361097,26.65,26.3,-0.013133208255159401,0.011783642603334643,-0.024916850858494044,26.65,27.3,26.65,25.5,-0.04315196998123827,0.0097260606796854,-0.05287803066092367,26.65,25.75,-0.0337711069418386,0.024501169253196453,-0.058272276195035055,-0.00019596916,0.005,5
2025-05-26,26.65,27.3,25.5,27.3,12145100,0.030188679245283012,0.030188679245283012,0.032136105860113506,0.020560747663551426,0.08982035928143706,0.24657534246575352,26.73,24.990000000000002,26.634166666666665,26.03257301666077,25.479364546399594,0.5532084702611755,0.18391932739586,0.36928914286531545,0.02026404652971339,0.013527074830231335,64.53749628774561,24.990000000000002,1.5855930320100184,28.16118606402004,21.818813935979964,0.2537964036830762,0.8642170395185936,0.8809415182965531,0.032268920084122826,18.534225285345975,29.3210078580797,27.137746514668418,97.56097560975614,84.97336697504913,1046558434.0,997076984.0,0.31077373634001193,0.09216083453824289,-1.4376906834449381,8082915.0,1.4062807499117074,1.5025643595163378,0.06593406593406596,0.09243697478991586,0.024999217796689788,0.0,5.0,-0.016245487364620947,0.0,1317.08,1332.51,0.013731874686182977,0.02794127857192441,0.10033856317093304,0.11827192558097391,0.016456804559100036,-0.007380530908372984,0.14623677929482048,0.1329016215458252,1.1254620467490561,0.6977397061398956,27.7,26.3,-0.050541516245487306,-0.0013377276565851304,-0.049203788588902175,27.7,27.25,27.7,24.95,-0.09927797833935015,-0.020566628552638466,-0.07871134978671168,27.7,26.05,-0.05956678700361007,0.01501393777698068,-0.07458072478059075,-0.00019596916,0.005,5
2025-05-27,27.7,27.7,27.15,27.25,8040800,-0.001831501831501825,0.028301886792452935,0.028301886792452935,0.013011152416356975,0.05415860735009659,0.19780219780219777,26.8,25.215,26.594166666666663,26.219869475636035,25.61052272814777,0.6093467474882637,0.26900481141434074,0.34034193607392293,0.0223613485316794,0.012489612332987997,64.02620005463388,25.215,1.5702078306962157,28.35541566139243,22.07458433860757,0.24909106971187242,0.82400169586113,0.857302838418228,0.0314606546208524,17.886616069102512,31.310090412626494,25.894165240750716,87.83783783783785,87.815864645133,1038517634.0,1001061339.0,0.29612499271078707,0.2625351260381152,-1.2728466689096207,7875990.0,0.060520522684744615,1.0209256233184654,0.020183486238532135,0.08070592901050966,0.024660796540594943,1.0,5.0,-0.012844036697247763,0.0,1338.09,1339.81,0.005478382901441536,0.01875071284644325,0.09519761311153796,0.11659938125387799,-0.007309884732943361,-0.005739560430086277,0.1026045846906598,0.093685909704599,1.1240028507398798,0.6972910272880982,27.25,26.45,-0.029357798165137616,0.002358490566037874,-0.03171628873117549,27.25,26.9,27.25,25.0,-0.08256880733944949,-0.020720492827807857,-0.06184831451164163,27.25,25.8,-0.053211009174311874,0.016881435628831598,-0.07009244480314347,-0.00019596916,0.005,5
2025-05-28,27.25,27.5,26.85,26.9,7132900,-0.012844036697247763,-0.014652014652014711,0.015094339622641506,0.017013232514177634,0.03461538461538449,0.17982456140350878,26.890000000000004,25.419999999999998,26.54416666666667,26.3245049409228,25.70603956309979,0.6184653778230107,0.33889692469607474,0.27956845312693596,0.02299127798598553,0.010392879298399106,60.41785151141429,25.419999999999998,1.5045894701495566,28.42917894029911,22.410821059700886,0.23675680096767207,0.745914255908771,0.8424954928169259,0.031319535048956355,16.933863388146012,29.58464169325448,27.01064366753572,78.08219178082189,87.82700174280534,1031384734.0,1004363439.0,0.30552604936399574,0.28400542226006165,-1.3732388299612621,7907025.0,-0.2856176087109003,0.9020965533813287,0.02416356877323415,0.058221872541306174,0.013405330738077925,2.0,5.0,-0.01642335766423353,0.0,1344.08,1341.87,0.0015375314410250862,0.014224708060919689,0.09163460052227812,0.11709247650832949,-0.014381568138272849,0.0027885244532579456,0.08818996088123066,0.08078706999488405,1.1224455869192358,0.6958645870960746,27.4,26.15,-0.04562043795620441,-0.0006980128909614969,-0.04492242506524291,27.4,26.95,27.4,24.7,-0.0985401459854014,-0.023376006178156716,-0.07516413980724468,27.4,25.75,-0.06021897810218968,0.014903317788932835,-0.07512229589112251,-0.00019596916,0.005,5
2025-05-29,27.4,27.65,26.9,26.95,9999100,0.0018587360594795044,-0.011009174311926606,-0.012820512820512886,0.016981132075471583,0.052734375,0.19777777777777783,26.980000000000008,25.642500000000002,26.498333333333335,26.4207349500116,25.798184780647954,0.6225501693636453,0.3956275736295889,0.22692259573405638,0.023100191813122273,0.008420133422413966,60.75809317975812,25.642500000000002,1.3733626614993777,28.389225322998758,22.895774677001246,0.21423225683913472,0.7380106938710066,0.8358886719014312,0.03101627725051693,16.210255847953448,28.97036976313616,25.2795533722071,79.45205479452055,81.79069480439347,1041383834.0,1008434789.0,0.29592177974786266,0.26702602665980285,-1.27447306762481,8137685.0,0.6943913504932767,1.22874011466406,0.027829313543599257,0.05098956809983424,0.01704509717592284,3.0,5.0,-0.029520295202952074,0.0,1346.68,1341.86,-7.452286734155322e-06,0.021326797783596252,0.09378871861754146,0.11586796021686316,0.0018661883462136597,-0.004345665708124669,0.10398905916023637,0.09507234568269274,1.1219926258327206,0.6956168839010326,27.1,26.3,-0.029520295202952074,-0.000595730104476333,-0.02892456509847574,27.1,26.3,27.1,25.3,-0.06642066420664205,-0.014818786348844704,-0.05160187785779735,27.1,26.45,-0.023985239852398643,0.01696341472495888,-0.040948654577357524,-0.00019596916,0.005,5
2025-05-30,27.1,27.1,26.3,26.3,6096500,-0.024118738404452666,-0.022304832713754608,-0.034862385321100864,-0.007547169811320753,0.01740812379110257,0.15350877192982448,26.940000000000005,25.817500000000003,26.435,26.402160342317508,25.835356278377734,0.5668040639397738,0.4298628716916259,0.13694119224814788,0.021551485320903944,0.005206889439093075,54.23175156651137,25.817500000000003,1.2047357211834238,28.22697144236685,23.408028557633155,0.18665412548595695,0.6001256938588228,0.8333251953370434,0.031685368643994044,15.271155900050323,26.983810722303268,28.68898872185098,45.09803921568635,67.5440952636763,1035287334.0,1011910259.0,0.3180629155720718,0.2574555613010134,-1.241277293612543,8151455.0,-0.769992849384588,0.7479032884313291,0.03041825095057037,0.018688873825893237,-0.005106865897484325,4.0,5.0,0.01740812379110257,1.0,1342.89,1332.6,-0.006900868943108818,0.013800343867443665,0.0866835195302944,0.12167568636555315,-0.01721786946134385,-0.021347513678764418,0.06682525239953008,0.06149467733569236,1.125817835132658,0.6969019667553049,25.85,25.5,-0.013539651837524258,-0.0006162123978927792,-0.012923439439631479,25.85,26.3,25.85,24.4,-0.05609284332688602,-0.011437503287718642,-0.04465534003916738,25.85,26.45,0.02321083172146987,0.030607720690458473,-0.007396888968988602,-0.00019596916,0.005,5
2025-06-02,25.85,26.6,25.85,26.3,4743700,0.0,-0.024118738404452666,-0.022304832713754608,-0.03663003663003661,-0.016822429906542036,0.11205073995771686,26.740000000000002,25.95,26.363333333333333,26.386443366576355,25.869774331831234,0.5166690347451208,0.4472241043023249,0.06944493044279593,0.01964521044658254,0.0026404916518173354,54.23175156651137,25.95,1.094483776418215,28.13896755283643,23.76103244716357,0.1687065551319022,0.5799463654786652,0.8273733956701118,0.031459064474148736,14.879887386972547,25.2366415526637,30.7163389037214,41.66666666666669,55.40558689229124,1035287334.0,1015065104.0,0.2984656699627161,0.40387405306516894,-0.9208560076556475,8068015.0,-1.2084667400311717,0.587963706066486,0.028517110266159697,0.013487475915221703,-0.002402326463522564,0.0,6.0,0.0018939393939394478,1.0,1330.71,1336.3,0.0027765270898993943,0.0028442563282826683,0.07761783799040356,0.11887323543601303,-0.0027765270898993943,-0.03947429295831928,0.0344329019673133,0.03195279509434035,1.124480342057999,0.6984421559128736,26.4,24.95,-0.05492424242424243,-0.022917893700934222,-0.03200634872330821,26.4,26.45,26.4,25.25,-0.043560606060605966,-0.002385727385913805,-0.04117487867469216,26.4,26.75,0.013257575757575912,0.025914963729488427,-0.012657387971912515,8.182472e-05,0.005,5
2025-06-03,26.4,26.6,26.3,26.45,5097000,0.005703422053231932,0.005703422053231932,-0.01855287569573283,-0.029357798165137616,-0.016728624535315983,0.12553191489361692,26.580000000000002,26.097500000000004,26.300833333333333,26.396221310179993,25.912754010954846,0.483467299225147,0.45447274328688936,0.028994555938257616,0.01827853683270877,0.0010962024929397965,55.510744297881025,26.097500000000004,0.933932686631337,27.965365373262678,24.22963462673733,0.1431451574490027,0.5943590488495083,0.7897038674079611,0.029856478919015543,14.516566624828897,24.551846658720066,29.88285272062465,47.916666666666636,44.89379084967326,1040384334.0,1018759504.0,0.2951761571088092,0.32458875743428517,-0.8746131353233659,8038160.0,-1.0575725135782974,0.6341003413716572,0.011342155009451823,0.013507040904300993,0.005671556668039646,1.0,6.0,-0.011342155009451793,0.0,1341.31,1347.25,0.008194267754246809,0.005553026175353359,0.08478602198156127,0.11955919771866969,-0.0024908457010148766,-0.034910824340490976,0.04074589291205566,0.037561225980424995,1.122802047642555,0.6982188988700431,26.45,25.0,-0.05482041587901698,-0.025390220063382984,-0.029430195815633997,26.45,26.15,26.45,25.2,-0.047258979206049156,-0.0020954891449218582,-0.0451634900611273,26.45,26.25,-0.007561436672967825,0.02022924503154333,-0.027790681704511155,8.182472e-05,0.005,5
2025-06-04,26.45,26.65,26.05,26.15,7867500,-0.011342155009451793,-0.005703422053232043,-0.005703422053232043,-0.027881040892193343,-0.011342155009451793,0.07613168724279817,26.43,26.189999999999998,26.229166666666668,26.35834110861384,25.930327787921154,0.42801332069268483,0.4491808587680485,-0.021167538075363646,0.01636762220622122,-0.0008094660831879023,52.359281795782685,26.189999999999998,0.8326558649731542,27.855311729946305,24.52468827005369,0.12717157158811052,0.4879902365182737,0.7761535911645352,0.029680825665947812,14.455102822765925,23.196158800495148,30.533523674719945,35.4166666666666,41.66666666666668,1032516834.0,1021511834.0,0.28184022955478544,0.5178339282775523,-0.5177195641738479,7882840.0,-0.005694479435974508,0.998054000842336,0.022944550669215982,-0.0015273004963726189,-0.003018268467037455,2.0,6.0,0.003816793893129722,1.0,1350.52,1345.74,-0.0011208016329560255,0.002884034966129434,0.07627342306677232,0.12049970668855381,-0.010221353376495768,-0.030765075858322777,-0.00014173582397414286,-0.00013169127931289548,1.1238190018736887,0.6973308031943238,26.2,24.7,-0.057251908396946605,-0.02312211716295398,-0.034129791233992623,26.2,26.3,26.2,24.9,-0.04961832061068705,0.0003713799737063983,-0.04998970058439345,26.2,27.15,0.03625954198473269,0.02841799558800595,0.00784154639672674,8.182472e-05,0.005,5
2025-06-05,26.2,26.5,26.05,26.3,5016000,0.005736137667304186,-0.005671077504725841,0.0,-0.024118738404452666,-0.007547169811320753,0.07128309572301417,26.3,26.277500000000003,26.1625,26.349365553442478,25.95771091474181,0.3916546387006683,0.43767561475457245,-0.04602097605390415,0.014891811357439859,-0.001749846998247306,53.77243989898699,26.277500000000003,0.7377909773887678,27.75308195477754,24.801918045222468,0.11230763617372544,0.5076241105846911,0.752856906081354,0.02862573787381574,14.39802929227888,22.205810153143066,29.229909825106787,36.36363636363641,39.89898989898992,1037532834.0,1024029189.0,0.28091715653937327,0.5630523573725047,-0.444666331926049,7647865.0,-0.9639538249729472,0.655869317776922,0.01711026615969579,0.0008562458376937254,0.005255613951266058,3.0,6.0,-0.03041825095057038,0.0,1346.33,1342.09,-0.0027122623983830696,0.00017140387223713027,0.05693022523232005,0.11397356652356486,0.008448400065687256,-0.024290142276689797,0.014352870490694114,0.013579771065340918,1.124556391359121,0.6970760423586851,26.3,25.3,-0.03802281368821292,-0.012052601315779676,-0.025970212372433243,26.3,25.5,26.3,25.65,-0.024714828897338448,0.009640587545645118,-0.034355416442983566,26.3,26.6,0.011406844106463865,0.03198345194267915,-0.020576607836215288,8.182472e-05,0.005,5
2025-06-06,26.3,26.35,25.5,25.5,6234000,-0.03041825095057038,-0.0248565965583174,-0.03591682419659736,-0.03041825095057038,-0.037735849056603765,0.05371900826446274,26.140000000000004,26.3425,26.085,26.218693929835943,25.923806402538712,0.2948875272972309,0.40911799726310416,-0.11423046996587327,0.011564216756754153,-0.004479626273171501,45.94477857038122,26.3425,0.5869804533645435,27.516460906729087,25.168539093270915,0.08913056139159804,0.14117203768420528,0.7597956985041145,0.029795909745259395,14.95248779797485,20.431372755288,32.06474863281218,0.0,23.926767676767707,1031298834.0,1026487539.0,0.29976521961454505,0.31375294741683735,-0.39853444787347214,7706870.0,-0.5488360344115859,0.8088886928156307,0.03333333333333339,-0.03198253772421,-0.022426682001150167,4.0,6.0,-0.023483365949119483,0.0,1339.13,1329.89,-0.009090299458307416,-0.0020336184901694754,0.04938846366290561,0.12053722375293734,-0.021327951492262964,-0.028384632460400905,0.004330544601557129,0.004126731664689132,1.1338796583645248,0.6988764807409915,25.55,24.4,-0.045009784735812186,-0.010656859648331185,-0.034352925087481,25.55,24.95,25.55,25.75,0.007827788649706457,0.014808296857843128,-0.006980508208136671,25.55,26.8,0.048923679060665304,0.04310124392701886,0.005822435133646442,8.182472e-05,0.005,5
2025-06-09,25.55,25.65,24.85,24.95,6413400,-0.021568627450980427,-0.0513307984790875,-0.04588910133843205,-0.0513307984790875,-0.08608058608058611,-0.003992015968063978,25.869999999999997,26.3375,25.995833333333334,26.023510248322722,25.851672594943253,0.17183765337946966,0.3616619284863773,-0.18982427510690764,0.00688728069657193,-0.007608187379034375,41.47472074934446,26.3375,0.5988750418826463,27.53525008376529,25.139749916234706,0.09095396934145554,-0.07921098015631178,0.7626674343252491,0.03056783303908814,16.086680831813883,18.900552161616258,35.749953567381496,3.5087719298244893,13.290802764487005,1024885434.0,1028101829.0,0.2858811537860096,0.4077448409202786,-0.139473659286378,7504150.0,-0.4168928365630353,0.8546470952739484,0.03206412825651291,-0.05268153773137163,-0.04023080621894537,0.0,6.0,0.0,0.0,1329.66,1310.57,-0.014527517313462135,-0.019254658385093215,0.021281735579695482,0.12842459557851307,-0.007041110137518292,-0.03207614009399429,-0.02527375154775946,-0.024747090511134662,1.135228418040423,0.7013531483115404,25.0,25.25,0.010000000000000009,0.02322327068071628,-0.01322327068071627,25.0,25.0,25.0,26.05,0.04200000000000004,0.03857035802223696,0.003429641977763076,25.0,26.95,0.07800000000000007,0.07212442840319944,0.005875571596800633,8.182472e-05,0.005,5
2025-06-10,25.0,25.35,24.9,25.0,3171600,0.002004008016032177,-0.019607843137254943,-0.049429657794676785,-0.05482041587901698,-0.08256880733944949,-0.03288201160541593,25.580000000000005,26.294999999999998,25.907500000000002,25.86604713319615,25.788585736058568,0.07746139713758282,0.3048218222166184,-0.2273604250790356,0.003098455885503313,-0.009094417003161423,42.02691941753026,26.294999999999998,0.6621138397908507,27.619227679581698,24.9707723204183,0.1007208731379882,0.011035745601894608,0.7403340461591601,0.029613361846366405,17.139860077521554,18.079952661696257,34.19780875337265,5.263157894736796,2.923976608187133,1028057034.0,1029481719.0,0.2600440031552259,0.4120804491894964,0.49426292419752677,7269750.0,-1.4703067026317935,0.43627359950479727,0.018000000000000113,-0.049248906636242595,-0.035028466660233626,1.0,6.0,-0.017892644135188873,0.0,1307.74,1316.23,0.0043187315442898555,-0.023024679903507095,0.017627548456429665,0.12650040439184,-0.0023147235282576784,-0.03179573597550989,-0.05050956006184559,-0.049634623333910444,1.1350986655220303,0.7014733452192765,25.15,25.2,0.001988071570576677,0.019378701581610702,-0.017390630011034025,25.15,24.7,25.15,25.8,0.025844930417495027,0.03381061517166262,-0.00796568475416759,25.15,27.5,0.09343936381709739,0.07063922485193674,0.022800138965160643,8.182472e-05,0.005,5
2025-06-11,25.15,25.3,24.65,24.7,3575700,-0.01200000000000001,-0.01002004008016033,-0.03137254901960784,-0.055449330783938766,-0.0817843866171003,-0.050000000000000044,25.290000000000003,26.23,25.826666666666664,25.686655266550588,25.707949755609786,-0.02129448905919773,0.23959855996145518,-0.2608930490206529,-0.0008621250631254142,-0.010562471620269348,39.61193752148867,26.23,0.7505085994812004,27.7310171989624,24.7289828010376,0.11445041547559293,-0.009654386724427484,0.7338816142906488,0.02971180624658497,18.351681938045175,16.936135515670433,34.46755100532842,1.6393442622951049,3.4704246956188345,1024481334.0,1030373909.0,0.26105031885020474,0.5677008874388494,0.5690587992148075,7139620.0,-1.229186938605645,0.5008249738781616,0.0263157894736843,-0.05833015630956928,-0.043624161073825496,2.0,6.0,0.014028056112224574,1.0,1322.07,1315.2,-0.0007825380062754794,-0.02269383387578583,0.004176433310682404,0.1187700737768254,-0.011217461993724531,-0.03275549690815294,-0.05417643331068245,-0.05395111009732367,1.1307855598461487,0.7008640014016843,24.95,24.9,-0.002004008016032066,0.019360454115420866,-0.021364462131452933,24.95,25.3,24.95,25.75,0.03206412825651306,0.03443708609271523,-0.002372957836202172,24.95,27.75,0.1122244488977957,0.08330747398297067,0.028916974914825033,8.182472e-05,0.005,5
2025-06-12,24.95,25.3,24.9,25.3,4146400,0.02429149797570851,0.01200000000000001,0.014028056112224574,-0.03802281368821292,-0.061224489795918324,-0.01171875,25.090000000000003,26.214999999999996,25.758333333333333,25.627169840927422,25.677731255194246,-0.05056141426682359,0.18156656511579944,-0.23212797938262303,-0.001998474872206466,-0.009175018947929764,46.26277365551625,26.214999999999996,0.7665884780880431,27.74817695617608,24.68182304382391,0.11696944163082855,0.2016000024282559,0.7243186418413169,0.02862919532969632,19.476945094245682,15.934042876721017,32.4281436615991,21.31147540983613,9.404659188956048,1028627734.0,1031715254.0,0.27267443918964357,0.35668771670681215,-0.0016451254045315995,7105105.0,-1.0090416780192681,0.5835803974747734,0.01581027667984198,-0.03490368109860753,-0.017793594306049765,3.0,6.0,-0.035573122529644396,0.0,1321.25,1322.99,0.005923053527980615,-0.014231534397842083,0.00745507158087122,0.12021241745979165,0.018368444447727894,-0.023791279290370837,-0.01917382158087122,-0.01903193712726481,1.1366146198530114,0.7003746246081898,25.3,25.65,0.01383399209486158,0.029670697901118093,-0.015836705806256512,25.3,24.4,25.3,26.45,0.045454545454545414,0.04005087275718178,0.005403672697363637,25.3,27.4,0.08300395256916993,0.10095348341304433,-0.017949530843874406,8.182472e-05,0.005,5
2025-06-13,25.3,25.3,24.15,24.4,7075800,-0.035573122529644396,-0.012145748987854255,-0.02400000000000002,-0.04313725490196085,-0.07224334600760463,-0.05609284332688602,24.87,26.142500000000002,25.669166666666666,25.43837448078474,25.583084495550228,-0.1447100147654865,0.11631124913954226,-0.2610212639050288,-0.005930738310060923,-0.010697592782992984,39.275294237214794,26.142500000000002,0.8651551427652446,27.87281028553049,24.412189714469513,0.13237527287218048,-0.0035224070998852103,0.7547244531383659,0.03093133004665434,21.18739942222722,14.19981020108953,35.99686662233015,7.042253521126759,9.997691064419369,1021551934.0,1032355709.0,0.29659151526237376,0.28561399774901486,-0.06646630019731392,7111795.0,-0.012276795777306934,0.9949386898806841,0.047131147540983694,-0.06665391603710447,-0.04944323604843681,4.0,6.0,0.04554865424430643,1.0,1313.08,1315.49,-0.0056689770897738745,-0.01082796321500279,0.01083456919140291,0.11731183738046212,-0.029904145439870522,-0.032309291686958064,-0.06692741251828893,-0.06621005509519351,1.1420397080139066,0.6973827083510563,24.15,25.75,0.0662525879917184,0.027371707019948177,0.038880880971770226,24.15,25.25,24.15,26.45,0.09523809523809534,0.04419065022080093,0.05104744501729441,24.15,27.5,0.13871635610766053,0.10991320237551383,0.028803153732146702,8.182472e-05,0.005,5
2025-06-16,24.15,25.25,24.15,25.25,3444500,0.0348360655737705,-0.0019762845849802257,0.022267206477732726,0.012024048096192397,-0.03992395437262364,-0.05607476635514019,24.93,26.067500000000003,25.59916666666667,25.409393791433242,25.558411569953915,-0.14901777852067255,0.0632454436074993,-0.21226322212817184,-0.005901694198838517,-0.008406464242699875,47.3616402723718,26.067500000000003,0.8746841535214818,27.816868307042967,24.31813169295704,0.13421834138624447,0.26634422931159085,0.7793869921999113,0.030866811572273712,22.775678441067218,12.768301356178537,32.36795664190005,31.42857142857147,19.927433453178157,1024996434.0,1032424269.0,0.2966247844270603,0.28609226275642874,-0.06561339123167646,6539900.0,-1.2873045197529966,0.52669001055062,0.043564356435643624,-0.03136088999712294,-0.013639766919496199,0.0,6.0,-0.00982318271119842,0.0,1313.4,1338.11,0.01719511360785697,0.021013757372746245,0.03226129955488344,0.1298765054219736,0.01764095196591353,-0.008989709276553848,-0.08833606591002363,-0.0855752956621687,1.156480174374859,0.7023730980061491,25.45,26.05,0.023575638506876384,0.010776214928927663,0.012799423577948721,25.45,25.2,25.45,26.75,0.05108055009823187,0.024090198705068122,0.026990351393163747,25.45,28.35,0.11394891944990193,0.09430676490288015,0.019642154547021784,8.182472e-05,0.005,5
2025-06-17,25.45,25.45,25.1,25.2,3496400,-0.001980198019801982,0.032786885245901676,-0.0039525691699605625,0.008000000000000007,-0.047258979206049156,-0.06319702602230481,24.970000000000002,25.982499999999998,25.522499999999997,25.377179361981973,25.531862564772144,-0.15468320279017078,0.019659714327965285,-0.17434291711813607,-0.006138222332943285,-0.006918369726910162,46.965452402184425,25.982499999999998,0.8721230900572965,27.726746180114592,24.238253819885404,0.13426315251531562,0.2756910667424853,0.7487164927570603,0.02971097193480398,23.821258989838494,14.249988891311977,31.28717516603364,30.00000000000002,22.823608316566123,1021500034.0,1031888539.0,0.29501949513341336,0.3535954752609829,0.0399386221464087,6285250.0,-1.140436998402621,0.5562865438924466,0.013888888888888805,-0.030116424516501428,-0.012635909491624964,1.0,6.0,-0.005988023952095856,0.0,1343.7,1347.69,0.0071593516228114495,0.023901597745074943,0.024742424818461783,0.12256283135479694,-0.009139549642613432,-0.015901597745074936,-0.0879394508407666,-0.08581615117217922,1.1589826003315753,0.7055216336006941,25.05,25.8,0.029940119760478945,0.01229474806876163,0.017645371691717315,25.05,24.9,25.05,26.25,0.0479041916167664,0.02049371560618285,0.02741047601058355,25.05,28.1,0.12175648702594821,0.08182673292992737,0.03992975409602084,8.182472e-05,0.005,5
2025-06-18,25.05,25.25,24.9,24.9,3661900,-0.011904761904761973,-0.013861386138613874,0.020491803278688492,0.00809716599190291,-0.04780114722753348,-0.05860113421550095,25.01,25.905,25.443333333333335,25.303767152446284,25.485057930344578,-0.18129077789829395,-0.020530384117286565,-0.1607603937810074,-0.007280754132461605,-0.006456240714096683,44.55706182834435,25.905,0.8969098998347798,27.69881979966956,24.11118020033044,0.13849216750971316,0.21987152773507854,0.7202367432744132,0.02892517041262704,24.985168024151076,13.755360249258558,32.184646803598135,25.423728813559297,28.95076674737697,1017838134.0,1031545844.0,0.29254935934542947,0.33628931998316086,0.12133557170149187,6092215.0,-0.9742722192179313,0.6010785896426833,0.014056224899598452,-0.03879559930515353,-0.021354644307611803,2.0,6.0,0.028056112224448926,1.0,1350.17,1346.83,-0.0006381289465678952,0.024049574209245694,0.017973621556252484,0.12140723845782207,-0.011266632958194078,-0.015952408217342784,-0.07657475577175343,-0.07522273087458575,1.1593556902146123,0.7052130626085585,24.95,25.75,0.03206412825651306,0.015167158126165203,0.016896970130347855,24.95,25.65,24.95,27.15,0.08817635270541069,0.02841799558800595,0.05975835711740474,24.95,28.2,0.1302605210420842,0.09592001960886276,0.034340501433221426,8.182472e-05,0.005,5
2025-06-19,24.95,25.75,24.95,25.65,8173000,0.030120481927710774,0.017857142857142794,0.015841584158415856,0.01383399209486158,-0.024714828897338448,-0.03207547169811331,25.080000000000002,25.8625,25.384166666666665,25.357033744377624,25.497275861430165,-0.14024211705254075,-0.0444727307043374,-0.09576938634820334,-0.0054675289299236166,-0.0037336992728344382,51.28301043069237,25.8625,0.8873192922034224,27.637138584406845,24.087861415593157,0.13723642992029728,0.4401286544011923,0.729505547326241,0.02844076207899575,25.023714710327955,17.50623193101764,29.506027225160363,60.0,38.47457627118648,1026011134.0,1031125734.0,0.31492707029445377,0.2997196318666076,-0.4093411588088953,6014800.0,0.8999618657806762,1.358814923189466,0.031189083820662798,-0.008216529724504706,0.010472407340533785,3.0,6.0,0.003898635477582957,1.0,1346.33,1352.04,0.0038683427010091087,0.021957837927724322,0.02907507763502415,0.11812601186456836,0.026252139226701665,-0.008123845832862742,-0.06115054933313746,-0.05942282605237226,1.1629739637906054,0.702014450422696,25.65,26.45,0.031189083820662766,0.008105175353771088,0.02308390846689168,25.65,25.75,25.65,26.6,0.0370370370370372,0.020130066657316315,0.016906970379720887,25.65,28.4,0.1072124756335282,0.09989001173700252,0.007322463896525688,8.182472e-05,0.005,5
2025-06-20,25.65,25.85,25.5,25.75,6209700,0.003898635477582957,0.034136546184738936,0.021825396825396748,0.055327868852458995,0.009803921568627416,-0.028301886792452824,25.35,25.825,25.326666666666664,25.417490091396452,25.51599616799089,-0.09850607659443966,-0.05527939988235786,-0.0432266767120818,-0.0038254787026966858,-0.0016787058917313322,52.11709713439745,25.825,0.8747179996707346,27.574435999341468,24.07556400065853,0.13548391088801304,0.4785645202144488,0.7023980082315096,0.02727759255267998,24.86281674331426,17.90006834964129,28.455838198448483,64.00000000000006,49.80790960451983,1032220834.0,1031016109.0,0.31546744720838715,0.26659680990507695,-0.44407034742295154,6087050.0,0.051530221225174574,1.020149333420951,0.013592233009708793,-0.0029041626331074433,0.01671492498025806,4.0,6.0,0.03168316831683171,1.0,1354.69,1349.35,-0.001989586106919905,0.025739458300709117,0.02654321926874914,0.11872082576690395,0.005888221584502862,0.029588410551749877,-0.054845106061201965,-0.05342698196406237,1.1634711875970205,0.7016367323848013,25.25,26.45,0.04752475247524757,0.01947607861794176,0.028048673857305806,25.25,26.05,25.25,26.8,0.06138613861386144,0.031020487050637868,0.030365651563223572,25.25,28.45,0.12673267326732662,0.11302072492640725,0.013711948340919378,8.182472e-05,0.005,5
2025-06-23,25.25,26.3,25.15,26.05,8613400,0.011650485436893288,0.015594541910331383,0.04618473895582342,0.03168316831683171,0.044088176352705455,-0.045787545787545736,25.51,25.7625,25.263333333333332,25.51479930810469,25.555552007398973,-0.040752699294284156,-0.052374059764743124,0.011621360470458968,-0.0015644030439264552,0.00044611748447059374,54.6268755445631,25.7625,0.8057156021696281,27.373931204339257,24.15106879566074,0.12509897753240237,0.5892064145294637,0.7343695790721162,0.028190770789716553,23.87071420407476,20.27478948010697,25.27291243650611,76.00000000000009,66.66666666666676,1040834234.0,1030729899.0,0.297306740861537,0.22616462765484027,-0.1376811697696903,5910465.0,1.3453161264511673,1.4573134262701835,0.04414587332053751,0.011159631246967505,0.031138672648106658,0.0,6.0,-0.01338432122370925,0.0,1345.24,1358.18,0.006543891503316468,0.014998766917518225,0.019264395764384545,0.11127598848634045,0.0051065939335768196,0.016684401399313487,-0.06505194155193028,-0.06382244079382893,1.1645013833214042,0.7054111092207127,26.15,26.75,0.02294455066921608,0.007600553566329049,0.01534399710288703,26.15,25.8,26.15,26.95,0.030592734225621365,0.026631226705914113,0.0039615075197072525,26.15,28.35,0.08413001912045903,0.08739904370684415,-0.0032690245863851164,8.182472e-05,0.005,5
2025-06-24,26.15,26.25,25.75,25.8,7248300,-0.009596928982725572,0.001941747572815622,0.005847953216374435,0.023809523809523947,0.03200000000000003,-0.053211009174311874,25.630000000000003,25.689999999999998,25.2025,25.558676337627045,25.57365926611016,-0.014982928483114222,-0.044895833508417346,0.029912905025303124,-0.0005807336621362102,0.0011594149234613613,52.17272140736783,25.689999999999998,0.7261288851818076,27.142257770363614,24.237742229636382,0.11306016118050728,0.5378720645345424,0.7176288948526793,0.0278150734439023,22.94947613192379,19.265772661688334,24.015153695095908,70.21276595744686,70.0709219858157,1033585934.0,1030483314.0,0.2984636178990957,0.28879335474013923,-0.16240275721164377,5870840.0,0.6983684233304113,1.2346274127722778,0.01937984496124031,0.004281821720513834,0.023707965479615067,1.0,6.0,-0.0077071290944122905,0.0,1365.69,1366.77,0.006324640327497022,0.014157558488969935,0.020122256140796102,0.11176939548560764,-0.015921569310222594,0.009651965320554012,-0.07333326531510798,-0.07188674188183442,1.1589551624071317,0.7026671748811405,25.95,26.25,0.011560693641618602,0.006420510573025062,0.00514018306859354,25.95,25.75,25.95,27.5,0.05973025048169567,0.03389941930535789,0.025830831176337776,25.95,28.45,0.09633911368015413,0.10261860414155799,-0.006279490461403858,8.182472e-05,0.005,5
2025-06-25,25.95,26.2,25.7,25.75,4444800,-0.0019379844961240345,-0.01151631477927062,0.0,0.034136546184738936,0.04251012145748989,-0.04275092936802971,25.8,25.6325,25.139166666666668,25.588110747222885,25.58672154269459,0.0013892045282943855,-0.035638825901075,0.037028030429369384,5.3949690419199433e-05,0.0014379817642473547,51.67271971505755,25.6325,0.6685166218463559,26.969533243692712,24.295466756307288,0.1043232804987974,0.5439405678782825,0.7020839737917737,0.02726539704045723,22.17182242614515,18.28574272932859,23.30221731984583,72.72727272727269,72.98001289490658,1029141134.0,1030371134.0,0.2959809792485917,0.2084123793837711,-0.0915159360733515,5736435.0,-0.6545035061525792,0.7748366363429552,0.019417475728155338,0.004584024188042601,0.024298074054430296,2.0,6.0,0.025193798449612448,1.0,1369.05,1366.75,-1.4633039940870063e-05,0.014790285336679476,0.01854128939465083,0.1118098906968158,-0.0019233514561831644,0.01934626084805946,-0.06129221876268054,-0.06017646942826271,1.1598794190692532,0.7033063802687749,25.8,27.15,0.05232558139534871,0.011587383925244499,0.04073819747010421,25.8,26.45,25.8,27.75,0.07558139534883712,0.0457285220605963,0.029852873288240822,25.8,28.45,0.1027131782945736,0.10490016292475501,-0.00218698463018141,8.182472e-05,0.005,5
2025-06-26,25.8,26.7,25.8,26.45,10257000,0.027184466019417375,0.025193798449612448,0.015355086372360827,0.031189083820662766,0.045454545454545414,-0.01855287569573283,25.96,25.607499999999998,25.081666666666663,25.72070909380398,25.650668095087582,0.07004099871639724,-0.01450286097758055,0.08454385969397779,0.002648052881527306,0.0031963652058214667,57.773995943438216,25.607499999999998,0.6245577382610131,26.856615476522023,24.358384523477973,0.09755856499244558,0.8372386363932565,0.7197922613780755,0.027213318010513254,20.658192668978266,21.52363571574873,21.105441980064263,90.19607843137254,77.7120390386974,1039398134.0,1030271849.0,0.3135124293126585,0.14993392242260511,-0.5365855671278779,5749330.0,2.2500185073350387,1.7840339656968724,0.03402646502835534,0.032900517426535325,0.0545551199415244,3.0,6.0,-0.007504690431519689,0.0,1368.73,1365.67,-0.0007901957197731235,0.010081062690453058,0.017744026947669855,0.11193255356812513,0.0279746617391905,0.02110802113020971,-0.036296902643402684,-0.035664078277384936,1.163026841009077,0.7005955153420156,26.65,26.6,-0.0018761726078798668,0.00937091437628279,-0.011247086984162658,26.65,26.45,26.65,27.4,0.02814258911819878,0.055882202566593264,-0.027739613448394485,26.65,28.45,0.06754221388367743,0.11093906349287486,-0.04339684960919743,8.182472e-05,0.005,5
2025-06-27,26.65,26.75,26.35,26.45,6432900,0.0,0.027184466019417375,0.025193798449612448,0.027184466019417375,0.08401639344262302,0.005703422053231932,26.1,25.615,25.011666666666667,25.832907694757214,25.709877865821834,0.12302982893537973,0.013003677005011505,0.11002615193036822,0.004651411301904716,0.004159778900959101,57.773995943438216,25.615,0.6341384540839846,26.883276908167968,24.34672309183203,0.09902611033909581,0.8291867866640265,0.6969499569939271,0.026349714820186283,19.340236974992038,21.153712221644337,20.240225443424045,88.46153846153844,83.79496320672793,1039398134.0,1030477389.0,0.30111335206532386,0.06635051762058164,-0.2311763837162736,5766150.0,0.3320686846486761,1.1156317473530866,0.015122873345935674,0.0325980870583642,0.05750649696808163,4.0,6.0,0.009433962264151052,1.0,1369.13,1371.44,0.004225032401678375,0.016370845221773456,0.029146030316674176,0.10856024618596279,-0.004225032401678375,0.01081362079764392,-0.023442608263442244,-0.022778699594486862,1.1791469911594192,0.7137214776618696,26.5,26.8,0.01132075471698113,0.008778820277838273,0.0025419344391428567,26.5,26.75,26.5,27.5,0.037735849056603765,0.06026620117826753,-0.022530352121663766,26.5,29.2,0.10188679245283017,0.11363008218779558,-0.011743289734965412,8.182472e-05,0.005,5
2025-06-30,26.5,26.75,26.25,26.75,6810600,0.011342155009451904,0.011342155009451904,0.03883495145631066,0.026871401151631558,0.05940594059405946,0.017110266159695797,26.240000000000002,25.6375,24.94833333333333,25.97399881864072,25.786923949835032,0.1870748688056878,0.04781791536514676,0.13925695344054104,0.0069934530394649645,0.005205867418337983,60.2672662296851,25.6375,0.6668612654586202,26.971222530917238,24.30377746908276,0.10404466355278315,0.9170657592606248,0.6828821029229324,0.02552830291300682,17.990763567514332,20.047386958516384,20.227661810425676,99.99999999999999,92.88587229763702,1046208734.0,1031023459.0,0.30356750435871627,-0.02333727358576559,-0.33309488316833974,5869495.0,0.4692239072586743,1.1603383255288573,0.018691588785046728,0.04339346660165777,0.07221591288663243,0.0,6.0,-0.011299435028248594,0.0,1374.9,1376.07,0.003376013533220368,0.013172039052260942,0.029761281149442542,0.1086774847168301,0.007966141476231536,0.013699362099370616,-0.012651014989746745,-0.012285386158261247,1.1838284488231512,0.7146507383463284,26.55,26.95,0.015065913370998052,0.01735672718301462,-0.0022908138120165678,26.55,26.25,26.55,28.35,0.06779661016949157,0.0669598154033697,0.0008367947661218622,26.55,29.95,0.128060263653484,0.13008837999042178,-0.0020281163369377797,8.182472e-05,0.005,5
2025-07-01,26.55,27.05,26.25,26.25,5174300,-0.01869158878504673,-0.007561436672967825,-0.007561436672967825,0.01744186046511631,0.04166666666666674,-0.007561436672967825,26.330000000000002,25.627499999999998,24.894166666666663,26.016460538849838,25.82122587947688,0.19523465937295725,0.07730126416670886,0.11793339520624839,0.0074375108332555145,0.004492700769761843,54.49219781214568,25.627499999999998,0.6554377805796523,26.9383755611593,24.316624438840694,0.1023022582116323,0.7374367249052534,0.6912476669998658,0.026333244457137747,17.229149637356354,21.490129149788416,18.55551672502692,72.41379310344827,86.95844385499561,1041034434.0,1031055964.0,0.3108415620422542,0.12571038231149384,-0.5421345399943291,5873360.0,-0.3488027669805777,0.8809778389201411,0.030476190476190504,0.024290313140181485,0.05446389716466382,1.0,7.0,0.026465028355387554,1.0,1378.14,1377.84,0.0012862717739650087,0.008099387607278352,0.022705511226572606,0.10575206169083738,-0.01997786055901174,0.009342472857837958,-0.03026694789954043,-0.029594978776676384,1.1826572778427775,0.7190497681578751,26.45,27.5,0.03969754253308122,0.02773622990575486,0.01196131262732636,26.45,27.15,26.45,28.1,0.06238185255198503,0.0605477542366728,0.001834098315312227,26.45,29.0,0.0964083175803403,0.08433411265846691,0.012074204921873388,8.182472e-05,0.005,5
2025-07-02,26.45,27.2,26.3,27.15,9778700,0.03428571428571425,0.01495327102803734,0.026465028355387554,0.05436893203883497,0.09036144578313254,0.03824091778202687,26.610000000000003,25.677500000000002,24.889166666666668,26.190851225180634,25.919653592108222,0.2711976330724113,0.11608053794784935,0.15511709512456195,0.009988863096589735,0.005713336837000441,61.62113733866976,25.677500000000002,0.7311625566255199,27.139825113251042,24.21517488674896,0.11389933702666072,1.003479009782693,0.7097299764998753,0.026141067274396884,16.786812977685383,20.945090606799457,16.781427436298003,98.36065573770489,90.25814961371775,1050813134.0,1031970779.0,0.3307047247574989,0.011990554872501726,-0.7689478657526788,5968920.0,1.7762205896556498,1.638269569704402,0.03314917127071818,0.057345925421088406,0.09083603977634169,2.0,7.0,-0.007462686567164201,0.0,1377.26,1384.59,0.0048989723044765565,0.013052862630327455,0.02886887511703584,0.10619981330962992,0.029386741981237696,0.041316069408507516,0.009372042664991032,0.009109073946789392,1.2418794267710347,0.6845778263643294,26.8,27.75,0.035447761194029814,0.03595726817405387,-0.0005095069800240548,26.8,26.6,26.8,28.2,0.052238805970149294,0.06791204655337135,-0.01567324058322206,26.8,29.65,0.10634328358208944,0.09118873223126145,0.015154551350827994,8.182472e-05,0.005,5
2025-07-03,26.8,27.0,26.1,26.6,14047700,-0.02025782688766109,0.01333333333333342,-0.005607476635513975,0.005671077504725952,0.0370370370370372,0.011406844106463865,26.640000000000004,25.692500000000003,24.906666666666663,26.25379719053746,25.970049622322428,0.28374756821503055,0.1496139440012856,0.13413362421374495,0.010667201812595133,0.0050426174516445465,55.86196420408861,25.692500000000003,0.7475002200320777,27.18750044006416,24.197499559935846,0.11637640868456994,0.8035116163447598,0.7340349781784555,0.02759529993152088,15.945127310012609,18.80502665588505,17.012975490412334,80.32786885245909,83.70077256453744,1036765434.0,1031932409.0,0.3396482907794591,0.14694044739422468,-0.9498870064471825,6420505.0,2.7356874830320264,2.1879431602342807,0.033834586466165356,0.035321591904252214,0.06798715203426142,3.0,7.0,0.01132075471698113,1.0,1381.64,1381.96,-0.0018994792682309747,0.011928211061237315,0.029707396672354447,0.10581629013485543,-0.018358347619430115,-0.006257133556511363,-0.018300552565890582,-0.017772575612286956,1.1900761636441342,0.6800035498973519,26.5,27.4,0.03396226415094339,0.043640222640937365,-0.009677958489993976,26.5,26.8,26.5,28.4,0.07169811320754715,0.07567192948259804,-0.00397381627505089,26.5,31.65,0.19433962264150928,0.08470318151300549,0.10963644112850379,8.182472e-05,0.005,5
2025-07-04,26.5,26.8,26.45,26.8,3321200,0.007518796992481258,-0.012891344383057057,0.020952380952381056,0.013232514177693888,0.040776699029126284,0.050980392156862786,26.71,25.7575,24.956666666666663,26.337828391993234,26.031527428076323,0.306300963916911,0.1809513479844107,0.12534961593250027,0.011429140444660858,0.0046772244750932935,57.420382956830565,25.7575,0.7854390324428936,27.328378064885786,24.186621935114214,0.12197442025707356,0.8318207896918458,0.706603908308566,0.026365817474200224,15.163562047173604,18.139695399053352,16.41104790091112,82.60869565217399,87.0990734141127,1040086634.0,1032371799.0,0.31952331902377634,0.0814249326498695,-0.7607171313768678,6274865.0,-1.0280507714566716,0.5292862874340722,0.013059701492537367,0.04047364845190726,0.07386135969012964,4.0,7.0,-0.0018518518518518823,0.0,1385.19,1386.97,0.0036252858259284704,0.011323863967800163,0.04292084307724697,0.09832092454592162,0.0038935111665527877,0.0019086502098937252,0.008059549079615813,0.007727862697455734,1.2524417769889307,0.6338868976066587,27.0,27.5,0.0185185185185186,0.0462342285443611,-0.0277157100258425,27.0,26.95,27.0,28.45,0.05370370370370359,0.07459772919746799,-0.0208940254937644,27.0,31.5,0.16666666666666674,0.07311209037277333,0.09355457629389341,8.182472e-05,0.005,5
2025-07-07,27.0,27.25,26.55,26.95,5610200,0.005597014925373012,0.013157894736842035,-0.007366482504604033,0.007476635514018559,0.03454894433781175,0.08016032064128265,26.75,25.857499999999998,25.03666666666667,26.43200863937889,26.099562433404003,0.33244620597488606,0.21125031958250579,0.12119588639238027,0.012335666269940114,0.004497064430143981,58.6009944817396,25.857499999999998,0.8043099363335012,27.466119872667,24.248880127332995,0.12442191802509932,0.8395768069769947,0.7061322005722398,0.026201565883942107,15.28044255857854,21.407215195577628,15.249009978861128,87.23404255319146,83.39020235260821,1045696834.0,1033412369.0,0.30646234037685116,-0.026544479530641908,-0.4672837096716755,6234705.0,-0.21709483267031313,0.8998340739457601,0.025974025974025948,0.04225079764091655,0.07642124883504176,0.0,7.0,0.0073260073260073,1.0,1393.34,1402.06,0.010879831575304477,0.018887120567994353,0.06980931960902503,0.08111580780308555,-0.0052828166499314655,-0.011410485053975794,0.010351001032257612,0.00967555698247291,1.1459948404233347,0.5786341721129169,27.3,28.35,0.03846153846153855,0.04502263568976672,-0.006561097228228174,27.3,27.5,27.3,28.35,0.03846153846153855,0.05542012835182342,-0.01695858989028487,27.3,31.55,0.15567765567765557,0.08607958381601488,0.06959807186164069,8.182472e-05,0.005,5
2025-07-08,27.3,27.8,27.25,27.5,11341600,0.020408163265306145,0.026119402985074647,0.03383458646616533,0.04761904761904767,0.06589147286821695,0.10000000000000009,27.0,25.982499999999998,25.1,26.596315002551368,26.20329854944815,0.3930164531032183,0.2476035462866483,0.14541290681657001,0.014291507385571575,0.005287742066057091,62.686343714901,25.982499999999998,0.8565959251291845,27.695691850258367,24.26930814974163,0.13187274898553786,0.9428867671099257,0.7164084719599371,0.026051217162179528,16.223872872009764,25.076696715872856,13.956684741299807,89.47368421052629,86.43880747196395,1057038434.0,1034861439.0,0.3117584137774131,-0.14759624281605135,-0.6198256292884677,6643205.0,1.5680259944911483,1.7072482333452002,0.020000000000000025,0.05840469546810367,0.095617529880478,1.0,7.0,0.009090909090909038,1.0,1407.07,1415.46,0.009557365590630917,0.027303605643616224,0.07538955957545412,0.08399007641041288,0.010850797674675228,0.020315441975431447,0.024610440424545965,0.022885139813205724,1.2370104600918244,0.49778833358857566,27.5,28.1,0.02181818181818196,0.02781608871875707,-0.005997906900575112,27.5,27.75,27.5,28.45,0.034545454545454435,0.06221853186219328,-0.027673077316738848,27.5,32.45,0.18000000000000016,0.08868357351947775,0.0913164264805224,8.182472e-05,0.005,5
2025-07-09,27.5,27.95,27.45,27.75,9304400,0.009090909090909038,0.029684601113172615,0.035447761194029814,0.022099447513812098,0.07766990291262132,0.12348178137651833,27.120000000000005,26.134999999999998,25.1675,26.77380500215885,26.317869027266806,0.45593597489204285,0.2892700320077272,0.16666594288431563,0.016430125221334878,0.006005979923759122,64.40575988799645,26.134999999999998,0.8872043614342079,27.909408722868413,24.360591277131583,0.13578792598954775,0.9550811713180937,0.7009507239627987,0.025259485548208963,17.302328594953725,25.327544962598857,13.245574802419926,92.85714285714288,89.85495654028689,1066342834.0,1036954514.0,0.30546662719395107,-0.2991584451718765,-0.35893855616089226,6929640.0,0.8019270215337438,1.3426960130685,0.018018018018018018,0.06179452841017796,0.10261249627495772,2.0,7.0,-0.014388489208633115,0.0,1421.12,1431.32,0.011204838003193274,0.03375006319560314,0.08829075425790744,0.0863376448467772,-0.0021139289122842353,-0.011650615681791043,0.035191027118610885,0.03233605264119621,1.9489564400671344,0.632916422227655,27.8,28.2,0.014388489208633004,0.02667817107707715,-0.012289681868444147,27.8,27.4,27.8,28.45,0.02338129496402863,0.05231259524190568,-0.028931300277877048,27.8,33.15,0.19244604316546754,0.0950366355166199,0.09740940764884765,8.182472e-05,0.005,5
2025-07-10,27.8,27.95,27.4,27.4,5259400,-0.012612612612612706,-0.0036363636363636598,0.016697588126159513,0.03007518796992481,0.03591682419659725,0.08300395256916993,27.28,26.240000000000002,25.228333333333335,26.87014269413441,26.398026877098893,0.47211581703551886,0.32583918901328557,0.1462766280222333,0.017230504271369303,0.005338563066504865,60.2218708050841,26.240000000000002,0.9072224818529523,28.054444963705908,24.425555036294096,0.1382961100385599,0.8196569813919181,0.6901685293940274,0.025188632459636037,18.17218980297202,23.885852604019618,13.009083274418249,80.35714285714283,87.56265664160405,1061083434.0,1038577299.0,0.3042657929687629,-0.08515241267778255,-0.42068999215286407,6985290.0,-0.5917923979367574,0.7529250754084655,0.020072992700729955,0.04420731707317049,0.08608046508555178,3.0,7.0,0.0036496350364965124,1.0,1437.13,1445.64,0.010004750859346823,0.04607948131639117,0.0927066720081029,0.08857138860820327,-0.02261736347195953,-0.01600429334646636,-0.009702719438932972,-0.008879527953372879,1.9834936263758733,0.6310936788873881,27.4,28.4,0.03649635036496357,0.026799988974034017,0.009696361390929553,27.4,27.5,27.4,28.45,0.038321167883211604,0.04816968961905288,-0.009848521735841276,27.4,33.95,0.23905109489051113,0.09006146976128782,0.1489896251292233,8.182472e-05,0.005,5
2025-07-11,27.4,27.65,27.15,27.5,7142000,0.0036496350364965124,-0.009009009009009028,0.0,0.026119402985074647,0.03969754253308122,0.12704918032786883,27.420000000000005,26.395,25.318333333333335,26.967043818113734,26.47965451583231,0.4873893022814251,0.3581492116669135,0.12924009061451158,0.017723247355688185,0.004699639658709512,61.001380158510344,26.395,0.8385294144797837,28.072058828959566,24.717941171040433,0.1270739783261653,0.8294458074215361,0.6765850630087398,0.02460309320031781,18.330489624804397,22.62501163801346,14.961689444728739,80.00000000000003,84.40476190476194,1068225434.0,1040910974.0,0.26573074706954747,0.2623465614992289,-0.7391567235137876,6988600.0,0.05259687397714618,1.0219500329107403,0.01818181818181818,0.04186398939193037,0.0861694424330195,4.0,7.0,0.023465703971119245,1.0,1451.12,1457.76,0.008383829999169867,0.05103931591887356,0.10814981489787079,0.08098358976295295,-0.004734194962673355,-0.024919912933798916,0.01889936542999804,0.01705488299137592,1.7640536418018395,0.5987659178374907,27.7,28.45,0.02707581227436817,0.017588691042544458,0.009487121231823714,27.7,28.35,27.7,29.2,0.054151624548736566,0.04059399211635184,0.013557632432384725,27.7,33.25,0.20036101083032487,0.07717140138643463,0.12318960944389024,8.182472e-05,0.005,5
2025-07-14,27.7,28.45,27.5,28.35,8075700,0.030909090909090997,0.034671532846715536,0.021621621621621623,0.051948051948051965,0.059813084112149584,0.12277227722772288,27.7,26.55,25.447499999999998,27.1798063076347,26.618198625770656,0.561607681864043,0.3988409057063394,0.16276677615770357,0.019809794774745784,0.005741332492335223,66.93302399484477,26.55,0.900000000000221,28.350000000000442,24.74999999999956,0.13559322033901627,0.9999999999998777,0.6961147013652583,0.024554310453801,19.585436362043023,28.62835714878116,13.503226498832056,96.36363636363645,85.57359307359314,1076301134.0,1043476209.0,0.26041674503069734,0.20683012740106452,-0.793737327336251,7220160.0,0.3053401936132162,1.1184932189868368,0.03350970017636681,0.06779661016949157,0.11405835543766596,0.0,7.0,-0.014035087719298178,0.0,1471.4,1470.42,0.008684557128745496,0.04875682923697999,0.09887826860273075,0.0689492560450137,0.0222245337803455,0.0031912227110719726,0.023894008624992136,0.0217439995927613,1.5413125887484644,0.5485959457336174,28.5,28.35,-0.0052631578947367474,0.007633328809879325,-0.012896486704616072,28.5,28.1,28.5,29.95,0.050877192982456076,0.05673768489618691,-0.0058604919137308364,28.5,33.45,0.17368421052631589,0.08349843940833224,0.09018577111798365,8.182472e-05,0.005,5
2025-07-15,28.5,28.6,28.05,28.1,4889200,-0.00881834215167554,0.02181818181818196,0.025547445255474477,0.02181818181818196,0.07047619047619058,0.11507936507936511,27.820000000000004,26.695,25.5575,27.321374567998593,26.727961690528385,0.5934128774702074,0.437755300059113,0.15565757741109443,0.021117895995381046,0.005539415566231118,63.85665949915987,26.695,0.9046517212952523,28.504303442590505,24.885696557409496,0.13555373235366208,0.8882709685193452,0.6856779369820256,0.02440135007053472,20.92405757312476,28.550686736601612,12.729563136549615,82.14285714285714,86.16883116883123,1071411934.0,1045971804.0,0.26427554684425286,0.23196278823546598,-0.8896938268784019,7289800.0,-0.8823690154132431,0.6706905539246618,0.019572953736654828,0.05263157894736836,0.09948156118556195,1.0,7.0,0.010752688172043001,1.0,1473.8,1460.65,-0.0066443601147970766,0.03192601698387798,0.08381749512128156,0.07916416308473402,-0.0021739820368784635,-0.010107835165696022,0.031261869958083555,0.028844219713010988,1.5070044439633032,0.56111331284757,27.9,28.45,0.01971326164874565,0.03402357744182716,-0.014310315793081507,27.9,28.2,27.9,29.0,0.03942652329749108,0.022974648427599886,0.016451874869891192,27.9,33.55,0.20250896057347667,0.10161863727592202,0.10089032329755465,8.182472e-05,0.005,5
2025-07-16,27.9,28.25,27.9,28.2,5140300,0.003558718861209842,-0.005291005291005346,0.025454545454545396,0.016216216216216273,0.03867403314917128,0.1325301204819278,27.910000000000004,26.860000000000003,25.664166666666667,27.456547711383426,26.83700156530406,0.6195461460793652,0.4741134692631635,0.1454326768162017,0.021969721492176072,0.005157187121141904,64.55836640398888,26.860000000000003,0.8598653505363165,28.579730701072634,25.14026929892737,0.1280514297150135,0.8895958824146742,0.6617009414833096,0.023464572393025164,21.78006472012466,27.472001300829046,13.86782582562249,83.99999999999991,87.50216450216453,1076552234.0,1048907509.0,0.2562763683560668,0.16892612643007593,-0.7016030879642418,7363720.0,-0.8436015564147967,0.6980575035444042,0.012411347517730547,0.04988830975428127,0.09880832548624863,2.0,7.0,0.0035335689045936647,1.0,1459.87,1475.47,0.010146167802005834,0.03084565296369801,0.09551316795735176,0.07995529243908846,-0.006587448940795992,-0.014629436747481739,0.03701695252457604,0.03378960071616155,1.4862603763218563,0.5588891000260795,28.3,28.45,0.005300353356890497,0.020555386847521673,-0.015255033490631176,28.3,28.4,28.3,29.65,0.04770318021201403,0.017397172453352372,0.030306007758661657,28.3,33.8,0.19434628975265,0.0875594695819415,0.10678682017070851,8.182472e-05,0.005,5
2025-07-17,28.3,28.8,28.15,28.4,6292300,0.007092198581560183,0.010676156583629748,0.0017636684303350414,0.03649635036496357,0.06766917293233066,0.1072124756335282,28.110000000000003,26.997499999999995,25.774166666666666,27.601694217324436,26.95277922713339,0.6489149901910451,0.5090737734487398,0.13984121674230532,0.022849119372924127,0.004923986505010751,65.98090763312692,26.997499999999995,0.8759168129212765,28.74933362584255,25.24566637415744,0.12977747019854094,0.9002948622833584,0.6608651599487877,0.02326989999819675,23.216839807748993,31.48656556397718,12.893552432312124,85.1851851851851,83.77601410934743,1082844534.0,1051749179.0,0.2405164897850319,0.23278839044677632,-0.27828368936944226,7269685.0,-0.37039234399629206,0.8655533217739145,0.02288732394366205,0.051949254560607505,0.10187849590998743,3.0,7.0,-0.005244755244755317,0.0,1481.85,1490.01,0.00985448704480607,0.030692288536565027,0.10204579746161357,0.08204135510533238,-0.0027622884632458877,0.0058040618283985435,0.005166678171914629,0.004688260854326831,1.540593189319831,0.5664093266403559,28.6,28.45,-0.005244755244755317,0.01568582933230056,-0.020930584577055877,28.6,28.45,28.6,31.65,0.10664335664335645,0.0033321536129493623,0.10331120303040708,28.6,33.55,0.1730769230769229,0.09559741708012526,0.07747950599679765,8.182472e-05,0.005,5
2025-07-18,28.6,28.7,28.25,28.45,5571000,0.0017605633802817433,0.00886524822695045,0.01245551601423478,0.034545454545454435,0.06156716417910446,0.1048543689320387,28.3,27.1325,25.8925,27.73220279927452,27.063684469567953,0.6685183297065684,0.5409626847003056,0.12755564500626282,0.023498008074044584,0.004483502460677077,66.34459701190067,27.1325,0.8815767871145324,28.895653574229065,25.369346425770935,0.12996617150863837,0.873620318518219,0.6458033628095885,0.022699590959915236,24.55098810340016,29.919419529866914,12.251815894904311,87.03703703703698,85.40740740740738,1088415534.0,1054558914.0,0.24079110376983168,0.25483407004556635,-0.28447890981965096,7237750.0,-0.6275191427550556,0.7697143449276364,0.015817223198594,0.04855800239565089,0.09877377619001648,4.0,7.0,-0.012195121951219412,0.0,1497.53,1497.28,0.004879161884819627,0.027110086708374448,0.10963056286360096,0.07792988110348077,-0.003118598504537884,0.007435367837079987,-0.004776193931562256,-0.004304310003174772,1.5072891049843344,0.5487851218702108,28.7,29.2,0.017421602787456525,0.014934376242874414,0.0024872265445821107,28.7,28.35,28.7,31.5,0.09756097560975618,-0.008875778867824424,0.10643675447758061,28.7,32.8,0.1428571428571428,0.08047196075831908,0.06238518209882371,8.182472e-05,0.005,5
2025-07-21,28.7,28.75,28.15,28.35,3380400,-0.0035149384885764245,-0.0017605633802816323,0.005319148936170359,0.0,0.051948051948051965,0.08829174664107486,28.3,27.247500000000002,26.0,27.827248522463055,27.158967101451807,0.6682814210112475,0.566426431962494,0.10185498904875356,0.0235725368963403,0.0035927685731482737,64.85131658694516,27.247500000000002,0.8829488570753852,29.013397714150774,25.48160228584923,0.1296190633379775,0.8121641732602267,0.6425316940374751,0.02266425728527249,25.511431741647964,27.923781261913224,12.54628835746794,83.33333333333336,85.18518518518519,1085035134.0,1056768959.0,0.24134156420595337,0.4041645759085386,-0.2299701640364179,6976100.0,-1.2986465371583749,0.48456874184716386,0.02116402116402121,0.040462427745664664,0.09038461538461551,0.0,7.0,0.010657193605683846,1.0,1508.6,1485.05,-0.008168144902756969,0.009949538227173038,0.09341177163557113,0.0910278594003091,0.004653206414180544,-0.009949538227173038,-0.005120024994496264,-0.004682613748375419,1.441620078062424,0.5369385546364251,28.15,29.95,0.06394316163410307,0.04858408628792277,0.015359075346180306,28.15,28.45,28.15,31.55,0.12078152753108351,0.028904030270794356,0.09187749726028915,28.15,35.05,0.24511545293072823,0.10173976273514396,0.14337569019558427,8.182472e-05,0.005,5
2025-07-22,28.15,28.6,28.1,28.45,3357400,0.003527336860670083,0.0,0.0017605633802817433,0.01245551601423478,0.034545454545454435,0.1027131782945736,28.370000000000005,27.379999999999995,26.095000000000002,27.923056442084125,27.254599168010934,0.6684572740731909,0.5868326003846334,0.08162467368855753,0.023495862006087553,0.0028690570716540433,65.68313419886539,27.379999999999995,0.8526120855472429,29.08522417109448,25.67477582890551,0.12455983718732548,0.8137417408625026,0.632350858749084,0.022226743717015256,26.259603032359134,26.346685432259417,12.402477577975233,87.03703703703698,85.80246913580247,1088392534.0,1059509289.0,0.23571415682442928,0.3348280533240673,-0.047859959677260484,6781555.0,-1.1877007352167899,0.4950781937181074,0.01757469244288225,0.03907962016070132,0.09024717378808189,1.0,7.0,-0.00350262697022774,0.0,1485.26,1509.54,0.01649102723814022,0.03347139971930302,0.10445795561798987,0.10041372095044089,-0.012963690377470138,-0.02101588370506824,-0.001744777323416269,-0.001579758934725617,1.2976781287017785,0.5093328204719245,28.55,29.0,0.015761821366024442,-0.01722186393608749,0.03298368530211193,28.55,28.45,28.55,32.45,0.1366024518388793,0.018143171139393788,0.11845928069948553,28.55,37.5,0.31348511383537647,0.08859026836362682,0.22489484547174965,8.182472e-05,0.005,5
2025-07-23,28.55,29.0,28.4,28.45,4750400,0.0,0.003527336860670083,0.0,0.00886524822695045,0.02522522522522519,0.1048543689320387,28.420000000000005,27.514999999999997,26.18916666666667,28.00412468176349,27.3431473777879,0.6609773039755886,0.6016615411028244,0.05931576287276419,0.02323294565819292,0.0020849125790075285,65.68313419886539,27.514999999999997,0.7925807280816539,29.100161456163306,25.929838543836688,0.1152216213820323,0.7949226390676494,0.6300400831241496,0.022145521375189794,27.46445149002581,29.089366798168314,11.558825296828134,78.43137254901958,82.93391430646335,1088392534.0,1062471859.0,0.23505656008489287,0.31960197672569846,-0.021861483239905177,6796835.0,-0.712855096696782,0.6989135384336974,0.02108963093145875,0.033981464655642446,0.0863270436249084,2.0,7.0,-0.008710801393728262,0.0,1519.58,1512.31,0.0018349960915244878,0.024968315180925238,0.10650082312054132,0.0993983477332998,-0.0018349960915244878,-0.016103066953974787,-0.0016464541885026218,-0.0014879827959451974,1.3001445609237932,0.5102346620898345,28.7,29.65,0.03310104529616731,-0.00830126623910532,0.04140231153527263,28.7,28.45,28.7,33.15,0.15505226480836232,0.03516526887025173,0.11988699593811059,28.7,40.1,0.39721254355400704,0.0947936194704817,0.30241892408352533,8.182472e-05,0.005,5
2025-07-24,28.7,28.8,28.2,28.45,3391600,0.0,0.0,0.003527336860670083,0.0017605633802817433,0.038321167883211604,0.0756143667296787,28.43,27.615000000000002,26.288333333333338,28.072720884569108,27.42513646091472,0.6475844236543864,0.6108461176131369,0.0367383060412495,0.022762194153054003,0.001291328859094886,65.68313419886539,27.615000000000002,0.7771574384966199,29.16931487699324,26.060685123006763,0.11257033329663144,0.7686070925394706,0.6278943629009962,0.022070100629209007,28.003895271137672,27.103862193965483,13.045051733474205,77.55102040816323,81.00647666473996,1088392534.0,1064921579.0,0.2205420527284402,0.4764109282363262,0.6910865870326475,6453565.0,-1.0760394453323963,0.525538985041601,0.02108963093145875,0.03023718993300739,0.08222912572116892,3.0,7.0,0.024561403508772006,1.0,1520.25,1521.02,0.0057594011809747325,0.020811940859457367,0.11375368866563651,0.09694672084965537,-0.0057594011809747325,-0.019051377479175624,-0.038139321935957815,-0.034243946685960425,1.2759482072761081,0.5022231910040506,28.5,31.65,0.11052631578947358,-0.012513473014537646,0.12303978880401123,28.5,29.2,28.5,33.95,0.19122807017543875,0.03959751833644409,0.15163055183899465,28.5,39.75,0.39473684210526305,0.10938773364178878,0.2853491084634743,8.182472e-05,0.005,5
2025-07-25,28.5,29.25,28.4,29.2,8298000,0.026362038664323295,0.026362038664323295,0.026362038664323295,0.026362038664323295,0.06181818181818177,0.10396975425330823,28.580000000000005,27.752499999999998,26.394999999999996,28.246148440789245,27.556607834180298,0.6895406066089471,0.6265850154122989,0.06295559119664818,0.023614404335922847,0.0021560133971454854,71.91019477685192,27.752499999999998,0.8030329022557707,29.35856580451154,26.146434195488457,0.11574206320234509,0.9506353338492987,0.6437590512652108,0.022046542851548317,29.065213750771665,29.5406342719621,11.814745151303136,97.61904761904758,84.53381352541017,1096690534.0,1067786199.0,0.2340477452201065,0.3119024343833168,-0.00780057485424407,6546820.0,0.6090464337618849,1.2674855884230818,0.02910958904109594,0.05215746329159532,0.1062701269179771,4.0,7.0,0.015254237288135464,1.0,1521.56,1531.13,0.006646855399666141,0.02260766189356711,0.11643965466954453,0.09693227328298867,0.019715183264657155,0.003754376770756185,-0.012469900416236301,-0.011169345664210795,1.3151921278281677,0.5114142062182201,29.5,31.5,0.06779661016949157,-0.030230506803647583,0.09802711697313915,29.5,29.95,29.5,33.25,0.12711864406779672,0.02797343399359198,0.09914521007420474,29.5,40.8,0.3830508474576271,0.06722574619605415,0.3158251012615729,8.182472e-05,0.005,5
2025-07-28,29.5,30.1,29.2,29.95,8496700,0.02568493150684925,0.05272407732864681,0.05272407732864681,0.0564373897707231,0.0564373897707231,0.11962616822429895,28.9,27.9125,26.5,28.50827944989859,27.733896142759534,0.7743833071390576,0.6561446737576507,0.11823863338140683,0.025855870021337483,0.003947867558644636,76.5020672143793,27.9125,0.9050843229108354,29.72266864582167,26.102331354178332,0.1297030825487985,1.0627928659307704,0.6620619761748388,0.02210557516443535,30.85543030712041,35.84274487029163,10.667542384058537,94.91525423728807,90.028440754833,1105187234.0,1070735124.0,0.24445928179882845,0.254894528786358,-0.41814965334947707,6631125.0,0.6415417034796794,1.2813361232068465,0.03005008347245416,0.0729959695476936,0.1301886792452831,0.0,7.0,-0.06148867313915851,0.0,1541.82,1557.42,0.017170325184667545,0.048732365913605635,0.13178835379014164,0.10488836530289061,0.008514606322181706,0.007705023857117466,-0.012162185565842698,-0.010745989323104332,1.274899101979949,0.5148961740247037,30.9,31.55,0.021035598705501757,-0.022020990656597905,0.04305658936209966,30.9,29.0,30.9,33.45,0.08252427184466038,0.021924996800204877,0.0605992750444555,30.9,38.65,0.2508090614886731,0.03291309356201211,0.217895967926661,8.182472e-05,0.005,5
2025-07-29,30.9,30.9,29.0,29.0,10635100,-0.03171953255425708,-0.006849315068493178,0.019332161687170446,0.019332161687170446,0.03202846975088969,0.10476190476190483,29.01,28.05,26.591666666666665,28.583928765298808,27.827681613666236,0.7562471516325715,0.6761651693326349,0.08008198229993657,0.02607748798733005,0.0027614476655150543,62.55323404000378,28.05,0.8461989314451579,29.742397862890318,26.357602137109684,0.12067007935046824,0.780666863516823,0.7504861207337787,0.025878831749440646,33.06351978581635,36.97522843353688,8.738475536607897,49.33333333333337,80.62254506322304,1094552134.0,1073411009.0,0.2652451902767017,-0.14770219973326412,0.17161526635514104,6904165.0,1.236126746246423,1.540389026044424,0.0655172413793103,0.033868092691622165,0.09056722030711373,1.0,7.0,0.0016891891891890332,1.0,1562.6,1493.41,-0.04110002439932714,-0.010685374352451649,0.08387766358938631,0.19798227294679302,0.00938049184507006,0.030017536039622095,0.020884241172518525,0.019268079668103733,1.0824220057579128,0.5460941141394279,29.6,32.45,0.09628378378378377,0.03127520446864818,0.0650085793151356,29.6,29.65,29.6,33.55,0.13344594594594583,0.07198229604793926,0.06146364989800657,29.6,39.95,0.3496621621621623,0.11158289062343774,0.23807927153872455,8.182472e-05,0.005,5
2025-07-30,29.6,29.95,28.9,29.65,6501000,0.022413793103448265,-0.010016694490818101,0.015410958904109595,0.04217926186291732,0.05141843971631199,0.09208103130755063,29.250000000000007,28.175,26.680833333333336,28.747939724483604,27.96266816080207,0.7852715636815333,0.6979864482024146,0.08728511547911866,0.026484707038163014,0.0029438487514036648,66.98836257565196,28.175,0.889781167656258,29.954562335312517,26.395437664687485,0.12632208236468612,0.9144277417910645,0.7718799692527947,0.026033051239554628,34.86049014094419,33.38251681647061,8.814782801190947,66.66666666666667,70.30508474576276,1101053134.0,1075923009.0,0.2508943749272992,-0.34000118171423216,0.28796078544497933,6740280.0,-0.08133318991592536,0.9644999910982927,0.03541315345699834,0.05235137533274181,0.11128463004029099,2.0,7.0,0.03770491803278686,1.0,1500.23,1507.63,0.00952183258448791,-0.0030946036196281,0.08886385139283126,0.19890435453442193,0.012891960518960355,0.04527386548254542,0.0032171799147193703,0.002954620920332829,1.0783644791560805,0.5536920701177884,30.5,33.15,0.08688524590163937,0.034002207679571184,0.05288303822206819,30.5,31.65,30.5,33.8,0.1081967213114754,0.0588977371284396,0.0492989841830358,30.5,39.3,0.2885245901639344,0.09909590265184365,0.18942868751209074,8.182472e-05,0.005,5
2025-07-31,30.5,31.7,29.95,31.65,25721500,0.06745362563237767,0.09137931034482749,0.056761268781302165,0.11247803163444647,0.11443661971830976,0.18984962406015016,29.890000000000004,28.4275,26.799166666666665,29.19441053610151,28.23580385259451,0.958606683507,0.7501104952633317,0.20849618824366822,0.03028773091649289,0.006587557290479249,76.29254399610522,28.4275,1.1088727087499273,30.645245417499854,26.209754582500143,0.15602817113709302,1.2265261320284544,0.8631742571633094,0.02727248837798766,37.401788089106724,42.200951435789676,7.319446208005999,98.8095238095238,71.60317460317465,1126774634.0,1080423469.0,0.3196949435110991,0.9903291833030744,3.1709326534604014,7323970.0,3.7207679041537385,3.5119614089080105,0.05529225908372828,0.1133585436637059,0.18100687210423216,3.0,7.0,-0.015625,0.0,1521.96,1502.52,-0.003389425787494349,-0.012162890691772676,0.0872384150047758,0.19959353640416191,0.07084305141987202,0.12464092232621915,0.10261120905537435,0.0943778362126062,1.0049001000525266,0.46368465320453345,32.0,33.95,0.06093750000000009,0.04972526014015699,0.011212239859843098,32.0,31.5,32.0,33.55,0.04843749999999991,0.08879937354002965,-0.040361873540029736,32.0,40.3,0.2593749999999999,0.11545710341898485,0.14391789658101506,8.182472e-05,0.005,5
2025-08-01,32.0,32.25,31.0,31.5,7246800,-0.004739336492890933,0.062394603709949426,0.0862068965517242,0.07876712328767121,0.10720562390158173,0.17537313432835822,30.35,28.6625,26.920833333333334,29.54911660747051,28.477596159809732,1.0715204476607774,0.8143924857428209,0.2571279619179565,0.034016522147961185,0.00816279244183989,74.59444296571684,28.6625,1.236492811820603,31.13548562364121,26.189514376358794,0.17255896196362547,1.073699250993235,0.8908046673659302,0.02827951324971207,39.951735615186664,42.381270805427896,6.58581513623567,82.75862068965517,82.74493705528192,1119527834.0,1084395529.0,0.32334679197012633,1.0398763494850338,3.0346459918268316,7520250.0,-0.05633048047173691,0.9636381769223098,0.03968253968253968,0.09899694723070218,0.17009750812567703,4.0,8.0,0.0015873015873015817,1.0,1506.88,1495.21,-0.004865159864760549,-0.023459797665776327,0.07804062092186559,0.20221385331883251,0.00012582337186961556,0.10222692095344754,0.09733251340649263,0.09028649896630103,0.9937328997809601,0.4629063044603835,31.5,33.25,0.05555555555555558,0.06132438712442334,-0.0057688315688677605,31.5,31.55,31.5,32.8,0.04126984126984112,0.09149105713922201,-0.050221215869380886,31.5,39.65,0.2587301587301587,0.12645225228844836,0.13227790644171034,8.182472e-05,0.005,5
2025-08-04,31.5,31.85,30.9,31.55,6570300,0.0015873015873015817,-0.0031595576619272148,0.06408094435075884,0.05342237061769617,0.1128747795414462,0.1706864564007422,30.670000000000005,28.892500000000002,27.029166666666665,29.856944821705817,28.705181629453456,1.1517631922523606,0.8818666270447288,0.2698965652076317,0.0365059648891398,0.00855456625063809,74.79582344518101,28.892500000000002,1.3257842763316248,31.54406855266325,26.240931447336752,0.18354718717059787,1.0011184789717753,0.8950329054112212,0.028368713325236803,42.10527981914291,39.16812419358364,6.8845651756351645,83.90804597701153,88.49206349206354,1126098134.0,1088415594.0,0.32410457371116735,1.0633861363678712,3.0250072002189774,7568255.0,-0.20622190902212562,0.8681393531269758,0.03011093502377188,0.09197888725447778,0.16725759210729163,0.0,8.0,0.015649452269170583,1.0,1493.37,1528.19,0.02205710234682745,-0.018768219234374772,0.08996048671240886,0.21107120791260062,-0.02046980075952587,0.07219058985207094,0.08072596968833334,0.07406320749463391,0.8742112733643675,0.4272765022658669,31.95,33.45,0.04694835680751175,0.032103361578086576,0.014844995229425173,31.95,32.45,31.95,35.05,0.09702660406885744,0.05763997957587619,0.03938662449298125,31.95,39.6,0.23943661971830998,0.08667972259386358,0.1527568971244464,8.182472e-05,0.005,5
2025-08-05,31.95,33.75,30.3,32.45,23305300,0.028526148969889142,0.030158730158730274,0.02527646129541883,0.11896551724137949,0.1405975395430581,0.18000000000000016,31.360000000000003,29.139999999999997,27.139166666666664,30.25587638759723,28.982575582827273,1.2733008047699563,0.9601534625897744,0.3131473421801819,0.03923885376794935,0.009650149219728255,78.15275520110265,29.139999999999997,1.5024191019467301,32.14483820389346,26.135161796106537,0.20623460562069046,1.0507784072551958,1.0775305550247054,0.03320587226578445,44.66402869975747,42.805407296685075,5.310082156822053,76.99115044247792,81.21927236971491,1149403434.0,1093033844.0,0.3294291605351364,0.9909870256795223,2.570686653978886,8166440.0,2.547079718219269,2.8537894112979463,0.10631741140215713,0.11358956760466743,0.19568888752418112,1.0,8.0,0.004545454545454408,1.0,1547.19,1547.15,0.012406834228728236,0.035984759710997016,0.09303689260028536,0.21223353291156122,0.016119314741160906,0.08298075753038248,0.0869631073997148,0.0795609992566979,0.881205108283528,0.43512713243531176,33.0,33.55,0.016666666666666607,0.031862745098039325,-0.015196078431372717,33.0,33.15,33.0,37.5,0.13636363636363646,0.06136433631044058,0.07499930005319588,33.0,40.3,0.2212121212121212,0.08837003387742537,0.13284208733469582,8.182472e-05,0.005,5
2025-08-06,33.0,33.45,32.4,33.15,5834500,0.0215716486902926,0.05071315372424712,0.05238095238095242,0.11804384485666097,0.16520210896309306,0.1945945945945946,32.06,29.409999999999997,27.258333333333333,30.70112617412073,29.29127368780303,1.4098524863176998,1.0500932673353596,0.3597592189823402,0.04252948676674811,0.010852465127672404,80.34542788736618,29.409999999999997,1.7103092979740393,32.830618595948074,25.98938140405192,0.23261602148575847,1.046684743576827,1.0755640868086553,0.03244537215109066,47.040009803185285,39.82054978179993,4.939805604596015,89.3805309734513,83.42657579764695,1155237934.0,1097478599.0,0.3326836170208873,0.8770556168968517,2.209644745830603,7992945.0,-0.3621994522145961,0.729956230150464,0.03167420814479651,0.12716763005780352,0.21614185264445118,2.0,8.0,-0.015942028985507117,0.0,1558.56,1573.71,0.017167049090262676,0.04383038278622742,0.0994815974065899,0.21574158714563915,0.004404599600029924,0.07421346207043356,0.0951129971880047,0.08650712973491603,0.9062626210278688,0.4489267174789435,34.5,33.8,-0.020289855072463836,0.01496372430471582,-0.035253579377179656,34.5,33.95,34.5,40.1,0.16231884057971024,0.048191253526803646,0.1141275870529066,34.5,41.15,0.19275362318840572,0.04983499596936736,0.14291862721903836,8.182472e-05,0.005,5
2025-08-07,34.5,34.5,33.4,33.95,7684300,0.024132730015083093,0.046224961479198745,0.0760697305863709,0.07266982622432883,0.1933216168717049,0.23905109489051113,32.52,29.7375,27.3975,31.200952916563697,29.63636452574355,1.5645883908201483,1.1529922920323175,0.4115960987878309,0.046085077785571374,0.012123596429685739,82.50632821850058,29.7375,1.9194897211168402,33.57647944223368,25.89852055776632,0.25819113524900755,1.0486484185949416,1.0951666520366086,0.03225822244585003,49.472782475793615,43.1626541676796,4.504859565378852,91.40625000000004,85.92597713864313,1162922234.0,1102570539.0,0.3263337841364625,0.7224542541649953,2.2153944870071816,8114190.0,-0.07255159730271203,0.9470199736510977,0.03240058910162007,0.14165615804960074,0.23916415731362362,3.0,8.0,-0.024926686217008887,0.0,1587.84,1581.81,0.005147072840612221,0.05277134414184159,0.09419357516394111,0.21488720350971072,0.01898565717447087,0.019898482082487234,0.14485751972657002,0.1323874705669572,0.9111537004375699,0.4516676753368678,34.1,33.55,-0.016129032258064613,0.03215314737226205,-0.04828217963032666,34.1,33.25,34.1,39.75,0.16568914956011715,0.06191572616666052,0.10377342339345663,34.1,39.0,0.14369501466275647,0.021986939946400996,0.12170807471635547,8.182472e-05,0.005,5
2025-08-08,34.1,34.1,32.85,33.25,7580100,-0.020618556701030966,0.003016591251885359,0.024653312788905923,0.05555555555555558,0.13869863013698636,0.209090909090909,32.870000000000005,30.025,27.520833333333332,31.51619092940005,29.904041227540322,1.6121497018597282,1.2448237739977996,0.3673259278619285,0.04848570531908957,0.011047396326674543,74.76101366335683,30.025,1.9958179961318252,34.01663599226365,26.03336400773635,0.26588749323987687,0.9039697014269964,1.1062261768911366,0.03326996020725223,50.76203257458391,39.678910527966586,7.692590879448771,80.46875,87.08517699115048,1155342134.0,1106926374.0,0.34442431902854515,0.6228573454541207,1.5684037626386618,8136095.0,-0.09388118594457255,0.9316631627334735,0.03759398496240601,0.10741049125728575,0.20817562452687355,4.0,8.0,0.00601503759398514,1.0,1589.58,1584.95,0.0019850677388562055,0.06001832518509098,0.08725030183294913,0.21459267626587467,-0.02260362443988717,-0.004462769629535401,0.12184060725795987,0.11206307052989906,0.9549237536337062,0.4604359022477108,33.25,32.8,-0.013533834586466287,0.024525763994519112,-0.0380595985809854,33.25,33.45,33.25,40.8,0.2270676691729323,0.03424933060126456,0.19281833857166775,33.25,38.35,0.1533834586466165,0.029126701781291953,0.12425675686532456,8.182472e-05,0.005,5
2025-08-11,33.25,34.2,32.95,33.45,7389000,0.00601503759398514,-0.014727540500736325,0.009049773755656298,0.060221870047543646,0.11686143572621055,0.17989417989418,33.25,30.28,27.6325,31.813700017184658,30.166704840315113,1.6469951768695452,1.3252580545721488,0.32173712229739637,0.04923752397218371,0.009618449097082102,75.46956875344813,30.28,2.0939386207259747,34.46787724145195,26.09212275854805,0.2766101216282662,0.8784733669629906,1.1164957356846268,0.03337804889939093,51.99275356619745,37.145560812530086,7.077417485205406,83.33333333333337,85.0694444444445,1162731134.0,1111247874.0,0.33536509534708075,0.8123320013320114,2.278439735491063,8101760.0,-0.1203034460453205,0.912024054032704,0.03736920777279521,0.10468956406869223,0.2105310775355107,0.0,8.0,0.0014925373134326847,1.0,1590.98,1596.86,0.007514432631944068,0.04493551194550416,0.08598903714584938,0.21431409545288696,-0.0014993950379589283,0.015286358102039488,0.09390514274833062,0.08646969677993077,1.0065335262608848,0.49396123276699033,33.5,35.05,0.04626865671641789,0.020498908637355706,0.025769748079062182,33.5,33.55,33.5,38.65,0.15373134328358207,0.00656688493919555,0.14716445834438652,33.5,37.8,0.12835820895522376,0.024795759276582396,0.10356244967864137,8.182472e-05,0.005,5
2025-08-12,33.5,33.75,32.95,33.55,6429500,0.002989536621823552,0.009022556390977376,-0.011782032400589282,0.03389830508474567,0.15689655172413786,0.19395017793594294,33.470000000000006,30.5525,27.743333333333336,32.08082309146394,30.41731929658807,1.6635037948758722,1.3929072026328937,0.2705965922429785,0.04958282548065193,0.00806547219800234,75.83486534577696,30.5525,2.149202728553162,34.85090545710632,26.254094542893675,0.2813783132055526,0.8486758089612502,1.093888897421439,0.03260473613774781,53.13556591555288,35.205141195871384,6.707705481316552,84.92063492063488,82.90757275132279,1169160634.0,1116135309.0,0.3298450536822113,0.7919043360773436,2.5253204647330936,8178775.0,-0.2969583846545638,0.7861201708079755,0.023845007451564745,0.09810981098109806,0.2092995314189594,1.0,8.0,0.0029673590504448732,1.0,1603.5,1608.22,0.007113961148754511,0.039472578612287146,0.10103036319446823,0.21059511977252537,-0.004124424526930959,-0.005574273527541473,0.0929198147414747,0.08439350797909184,1.0237950708188552,0.49714035439003,33.7,37.5,0.11275964391691384,0.023911065444394364,0.08884857847251948,33.7,33.8,33.7,39.95,0.185459940652819,0.032223920969069786,0.15323601968374922,33.7,38.3,0.1364985163204746,0.026108432318005415,0.11039008400246919,8.182472e-05,0.005,5
2025-08-13,33.7,34.85,33.55,33.8,8069400,0.007451564828613977,0.010463378176382543,0.016541353383458635,0.019607843137254832,0.1399662731871838,0.19858156028368779,33.6,30.8325,27.865833333333335,32.34531184662333,30.667888237581543,1.6774236090417887,1.4498104839146728,0.22761312512711585,0.04962791742727186,0.00673411612802118,76.76636416286601,30.8325,2.19096680173731,35.21443360347462,26.45056639652538,0.28424121323114365,0.8386062259874206,1.1086111190341936,0.03279914553355603,54.55295546428718,39.34373763698324,6.145868823332389,83.72093023255809,83.99163282884216,1177230034.0,1121169199.0,0.3292659481764374,0.7658968682220209,2.531493109435839,8325230.0,-0.0437512641089028,0.9692705186523375,0.03846153846153859,0.09624584448228313,0.21295493286282463,2.0,8.0,-0.007396449704141994,0.0,1615.57,1611.6,0.0021017025033887027,0.024076862954419687,0.09226212664439126,0.20987629626004212,0.005349862325225274,-0.004469019817164854,0.10631943363929652,0.0973387532587322,1.0348091878835164,0.5071906108930523,33.8,40.1,0.18639053254437887,0.02536995280868415,0.16102057973569472,33.8,33.55,33.8,39.3,0.16272189349112431,0.030557301100309298,0.13216459239081502,33.8,38.85,0.1494082840236688,0.02715656920366194,0.12225171482000685,8.182472e-05,0.005,5
2025-08-14,33.8,34.1,33.2,33.55,5934300,-0.007396449704141994,0.0,0.002989536621823552,-0.011782032400589282,0.0600315955766193,0.181338028169014,33.52,31.090000000000003,27.983333333333334,32.53064848560436,30.881377997760687,1.6492704878436726,1.4897024847004727,0.15956800314319985,0.04915858384034792,0.004756125279976151,73.70662573174862,31.090000000000003,2.192667205410654,35.47533441082131,26.704665589178695,0.28210578390616325,0.7804803202612857,1.0937103248174656,0.032599413556407324,55.24290611274817,37.031205498196556,8.07042634557854,78.15126050420163,82.26427521913156,1171295734.0,1125591759.0,0.33452822636897184,0.8159433103384349,2.3157457229903673,8307330.0,-0.40533655261205503,0.714345042269899,0.026825633383010392,0.0791251206175616,0.19892793329362712,3.0,8.0,-0.029585798816568087,0.0,1623.18,1640.69,0.018050384710846412,0.03722318103944233,0.10112683807491218,0.21460927661996826,-0.025446834414988406,-0.049005213440031614,0.08021119009410183,0.07284464179833638,0.9778095809682995,0.4824737778880186,33.8,39.75,0.17603550295858006,0.01794673871092245,0.1580887642476576,33.8,32.8,33.8,40.3,0.1923076923076923,0.013640968737938852,0.17866672356975344,33.8,39.2,0.1597633136094676,0.016077286761868148,0.14368602684759946,8.182472e-05,0.005,5
2025-08-15,33.8,33.95,32.0,32.8,8247800,-0.02235469448584204,-0.029585798816568087,-0.02235469448584204,-0.013533834586466287,0.04126984126984112,0.15289982425307547,33.43,31.307499999999997,28.08833333333333,32.572087180126765,31.02349814607471,1.5485890340520534,1.501479794570789,0.04710923948126444,0.047213080306465045,0.0014362573012580624,65.29810077684627,31.307499999999997,2.1319175332127998,35.5713350664256,27.043664933574398,0.27238425721795734,0.6750184958785439,1.1548738730447896,0.03520956930014603,54.034635436867475,32.564987992488604,14.51903830842412,65.54621848739491,75.80613640805159,1163047934.0,1129323379.0,0.35156127167440676,0.7270814809175934,1.7062366766651484,8441170.0,-0.0332301628546934,0.9770920381890188,0.059451219512195216,0.04767228299928128,0.1677446152020412,4.0,8.0,0.06859756097560976,1.0,1658.24,1630.0,-0.006515551383869056,0.02842360957758916,0.08864073519982907,0.21841318905240778,-0.015839143101972986,-0.041957444164055446,0.0642590890532464,0.05902690113965936,1.0088337638053544,0.4944905257315312,32.8,40.8,0.24390243902439024,0.0043335754438864615,0.23956886358050378,32.8,35.05,32.8,39.65,0.20884146341463428,0.02675830245915156,0.18208316095548271,32.8,38.0,0.1585365853658538,0.025958727271617743,0.13257785809423606,8.182472e-05,0.005,5
2025-08-18,32.8,35.05,32.65,35.05,11213600,0.06859756097560976,0.04470938897168408,0.03698224852071008,0.04783258594917772,0.11093502377179076,0.23633156966490287,33.75,31.642500000000002,28.217500000000005,32.95330453703034,31.32175754266177,1.6315469943685699,1.5274932345303454,0.10405375983822451,0.046549129653882165,0.0029687235331875756,74.64366783517872,31.642500000000002,2.1688145561449867,35.98012911228997,27.304870887710027,0.2741647538778524,0.8927836972443536,1.2438114535415903,0.035486774708747226,53.505862257489305,34.39370043964076,12.51794884374456,100.0,81.23249299719889,1174261534.0,1133784699.0,0.41024272935336065,0.7714697986473996,0.8710934317636725,8832830.0,0.4159722305904717,1.26953649056984,0.06847360912981451,0.10768744568223099,0.24213697173739668,0.0,8.0,0.0,0.0,1638.37,1636.37,0.003907975460122559,0.024742306777050027,0.10189555907208514,0.21338448535981083,0.0646895855154872,0.023090279172127692,0.13443601059281773,0.12200431291875558,0.9820527641265114,0.4428550667776945,37.5,38.65,0.03066666666666662,-0.019857535843763152,0.05052420251042977,37.5,37.5,37.5,39.6,0.05600000000000005,0.020993119697825247,0.0350068803021748,37.5,36.6,-0.02399999999999991,0.014720081616294012,-0.03872008161629392,0.00034397008,0.005,5
2025-08-19,37.5,37.5,37.5,37.5,8296200,0.06990014265335254,0.14329268292682928,0.11773472429210141,0.11773472429210141,0.15562403697996907,0.31810193321616875,34.540000000000006,32.095000000000006,28.388333333333335,33.65279614671798,31.779405132094233,1.8733910146237491,1.596672790549026,0.276718224074723,0.049957093723299976,0.0073791526419926135,80.7294326448646,32.095000000000006,2.3995010446250657,36.89400208925014,27.295997910749875,0.2990498264059903,1.0631379086193056,1.3299677782886197,0.03546580742102986,53.94550721107691,43.02631741765249,10.870810406695972,100.0,88.51540616246501,1182557734.0,1138492959.0,0.45901557442247154,0.6623432971273797,0.036033042053560206,9079770.0,-0.14043868605331242,0.9137015585196542,0.0,0.16840629381523575,0.3209651852286737,1.0,8.0,0.0012484394506866447,1.0,1646.73,1654.2,0.010896068737510589,0.028590615711780787,0.09583051790611719,0.2102725876516298,0.05900407391584195,0.08914410858032062,0.22227141531005157,0.20283375182392405,1.0666747654206212,0.4480877072517654,40.05,39.95,-0.0024968789013731785,0.0033210798322615975,-0.005817958733634776,40.05,40.1,40.05,40.3,0.006242197253433224,0.020564222584546155,-0.01432202533111293,40.05,36.7,-0.08364544319600486,0.0018470498342468833,-0.08549249303025175,0.00034397008,0.005,5
2025-08-20,40.05,40.1,37.5,40.1,32657400,0.06933333333333347,0.14407988587731824,0.22256097560975618,0.18639053254437887,0.20965309200603333,0.40949033391915646,35.8,32.677499999999995,28.608333333333334,34.644673662607524,32.39574549267984,2.24892816992768,1.727123866424757,0.5218043035029232,0.05608299675630125,0.013012576147205066,84.8774885524309,32.677499999999995,2.841444915975858,38.36038983195171,26.99461016804828,0.34781668315824127,1.153056826675351,1.4206843655537185,0.03542853779435707,54.98230905918983,50.4740144725639,9.44975951125087,100.0,100.0,1215215134.0,1144834089.0,0.4949525679335664,0.4834064129171152,-0.5638663181069363,10475120.0,2.929074818336242,3.1176158363818267,0.06483790523690776,0.22714405936806692,0.40168948441596264,2.0,8.0,-0.05017921146953408,0.0,1662.11,1664.36,0.0061419417240962115,0.03273765202283441,0.10054155563343481,0.2100579307276458,0.06319139160923726,0.15365288052154447,0.30894877828572165,0.28072431859049707,1.0893080720126884,0.43211536018955526,41.85,39.3,-0.06093189964157719,-0.0011822589505362524,-0.05974964069104094,41.85,39.75,41.85,41.15,-0.016726403823178138,-0.004651412739735794,-0.012074991083442344,41.85,36.1,-0.13739545997610514,-0.009637201748310287,-0.12775825822779485,0.00034397008,0.005,5
2025-08-21,41.85,42.0,39.7,39.75,13472100,-0.008728179551122262,0.06000000000000005,0.13409415121255353,0.18479880774962743,0.1708394698085418,0.39718804920913886,37.040000000000006,33.24249999999999,28.821666666666665,35.430108483744824,32.94050508581467,2.4896033979301535,1.8796197727258364,0.6099836252043171,0.06263153202340009,0.015345500005140055,82.30900475631557,33.24249999999999,3.070799441599029,39.38409888319805,27.100901116801936,0.36950282819872504,1.0297887507602432,1.4834926251570242,0.03732056918634023,56.27514102937663,54.03269010155607,8.403269313182143,80.76923076923076,93.58974358974363,1201743034.0,1150501614.0,0.5000497275993413,0.49066820034299374,-0.6225128082950612,10979145.0,0.336404394110248,1.2270627630840107,0.05786163522012572,0.1957584417537792,0.3791707627363674,3.0,8.0,0.04615384615384599,1.0,1674.76,1688.0,0.014203657862481789,0.028835428996336843,0.10978159393038878,0.2126462904280121,-0.02293183741360405,0.15596337875329058,0.2874064552787501,0.25897569111853347,1.035806945722246,0.4132497873617001,39.0,40.3,0.033333333333333215,0.00026183930207923645,0.03307149403125398,39.0,40.8,39.0,39.0,0.0,-0.033259542257292884,0.033259542257292884,39.0,36.9,-0.05384615384615388,-0.027356256174051685,-0.02648989767210219,0.00034397008,0.005,5
2025-08-22,39.0,41.85,38.5,40.8,22198700,0.026415094339622636,0.0174563591022443,0.08799999999999986,0.24390243902439024,0.2270676691729323,0.3972602739726028,38.64,33.822500000000005,29.063333333333333,36.25624564009178,33.522689894272844,2.733555745818933,2.050406967344456,0.683148778474477,0.06699891533869934,0.016743842609668554,83.88455596727921,33.822500000000005,3.3498811840671103,40.52226236813423,27.122737631865785,0.39617191917417227,1.0207274240939321,1.6168145805029512,0.03962780834566057,56.35520146150512,46.035946998393605,12.461029770443556,89.74358974358971,90.17094017094018,1223941734.0,1156864174.0,0.5000624827360634,0.49037441724723646,-0.6230028918931961,11674180.0,1.351351574154044,1.9015211346749836,0.08210784313725494,0.2062975829699163,0.403830714531483,4.0,8.0,-0.08628841607565008,0.0,1680.42,1645.47,-0.025195497630331687,0.009490797546012342,0.07467687263654943,0.2384601481270845,0.05161059196995432,0.2344116414783779,0.32258340133605334,0.30016780815674027,0.7651315817161286,0.32833557066206914,42.3,39.65,-0.06264775413711576,0.013562692052780712,-0.07621044618989647,42.3,38.65,42.3,38.35,-0.09338061465721026,-0.013484364644212876,-0.07989625001299738,42.3,36.6,-0.13475177304964525,-0.014725552810748943,-0.12002622023889631,0.00034397008,0.005,5
2025-08-25,42.3,42.3,38.05,38.65,12220100,-0.05269607843137247,-0.02767295597484276,-0.03615960099750626,0.10271041369472189,0.15545590433482803,0.2904841402337228,39.36,34.2575,29.269166666666667,36.62451554161612,33.90249064284522,2.722024898770897,2.1847305536297443,0.5372943451411527,0.0704275523614721,0.013901535449965141,70.11486470879812,34.2575,3.3852339964210225,41.02796799284204,27.487032007157957,0.395269239894449,0.8243867340222191,1.804899253324169,0.046698557653924166,56.03259847522097,38.293022749185724,12.146038840311675,64.56310679611651,78.35864243631237,1211721634.0,1162190894.0,0.5568587170197065,0.2632302317539541,-0.4538126973688757,11860350.0,0.046403715095492605,1.030332157145447,0.10996119016817595,0.12822009778880528,0.3205022350027047,0.0,8.0,0.04855643044619429,1.0,1659.7,1614.03,-0.019107002862404077,-0.013652169130453307,0.03634857649189027,0.24596390431927656,-0.033589075568968396,0.1163625828251752,0.25413556374183255,0.24522208985136884,0.9108574408424776,0.38662216513470893,38.1,39.6,0.03937007874015741,0.043242471813900396,-0.0038723930737429857,38.1,39.95,38.1,37.8,-0.007874015748031593,0.019638746346820835,-0.027512762094852428,38.1,37.1,-0.026246719160105014,0.028449811058506747,-0.05469653021861176,0.00034397008,0.005,5
2025-08-26,38.1,40.0,37.5,39.95,10862800,0.03363518758085382,-0.02083333333333315,0.005031446540880502,0.06533333333333347,0.19076005961251874,0.37758620689655187,39.85000000000001,34.805,29.49416666666667,37.136128535213636,34.350454298930764,2.7856742362828726,2.3049192901603703,0.48075494612250225,0.06972901717854499,0.01203391604812271,73.00077643905182,34.805,3.3756441880341477,41.556288376068295,28.053711623931704,0.3879493392367933,0.8810383821136866,1.8545493066581569,0.04642175986628678,55.251394711527716,34.605852096946634,13.094860160432686,77.18446601941751,77.16372085304128,1222584434.0,1168592509.0,0.5344880270739868,0.12657960080156078,-0.2660057547501125,11871735.0,-0.1301702965748116,0.9150136858681566,0.06257822277847308,0.14782358856486155,0.35450512813268165,1.0,8.0,-0.027227722772277252,0.0,1611.61,1667.63,0.03320880033208806,0.008118728086083937,0.11665918937197417,0.21286079759676002,0.0004263872487657583,0.05721460524724953,0.2609270175245777,0.23366755050063848,0.9125860431353924,0.4081492154968736,40.4,40.3,-0.0024752475247524774,0.010574666078854156,-0.013049913603606633,40.4,39.3,40.4,38.3,-0.051980198019802026,-0.012385763818556605,-0.03959443420124542,40.4,36.9,-0.0866336633663366,-0.007417160151083735,-0.07921650321525286,0.00034397008,0.005,5
2025-08-27,40.4,40.4,39.3,39.3,10372500,-0.016270337922403177,0.01681759379042691,-0.03676470588235292,-0.01995012468827939,0.16272189349112431,0.32546374367622266,39.690000000000005,35.2875,29.71333333333333,37.46903183748846,34.717087313824784,2.751944523663674,2.394324336861031,0.35762018680264296,0.07002403368100953,0.009099750300321705,69.39253762084871,35.2875,3.2885717184465495,41.864643436893104,28.710356563106902,0.37277469001165286,0.8050336394895025,1.8006529276111458,0.045818140651683104,54.65781158635702,34.68255295297301,12.523466387667572,70.87378640776699,70.87378640776704,1212211934.0,1174150449.0,0.5464828275686243,0.25439377275882363,-0.43890756678830767,12065310.0,-0.22106633467598025,0.8596961039542291,0.027989821882951692,0.11370882040382568,0.32263854610724696,2.0,8.0,0.02284263959390853,1.0,1678.54,1672.78,0.0030882150117230722,0.0050590016582952035,0.109542792329683,0.21252046443343423,-0.01935855293412625,-0.025009126346574595,0.21592095134653966,0.19460353655506624,0.9052194671072586,0.40311880127387495,39.4,41.15,0.04441624365482233,-0.007360078126395608,0.05177632178121794,39.4,40.3,39.4,38.85,-0.013959390862944066,-0.0071873902091905695,-0.006772000653753496,39.4,37.6,-0.045685279187817174,-0.011093709991484624,-0.03459156919633255,0.00034397008,0.005,5
2025-08-28,39.4,40.55,38.8,40.3,9054700,0.025445292620865034,0.008760951188986121,0.04269081500646821,0.01383647798742138,0.20119225037257826,0.27330173775671396,39.8,35.72,29.946666666666665,37.904565400951775,35.130636401689614,2.7739289992621607,2.470245269341257,0.30368372992090364,0.06883198509335386,0.007535576424836319,71.70930652324287,35.72,3.3531760278401976,42.4263520556804,29.013647944319604,0.3754956358163716,0.841467310541851,1.7970348613532068,0.04459143576558826,53.65227199719609,32.27006824699629,13.63974705428723,80.58252427184466,76.21359223300975,1221266634.0,1178875049.0,0.5119949372064423,0.27357176477975637,0.02318987836180265,11231970.0,-0.3124200372021938,0.8061542187167523,0.043424317617866005,0.12821948488241874,0.34572573463935874,3.0,8.0,-0.03292682926829271,0.0,1679.33,1680.86,0.004830282523702989,-0.004229857819905258,0.11869392753507446,0.21005360549525362,0.020615010097162045,0.01806633580732664,0.1546078102216395,0.13820385220316855,0.9115149182844913,0.40303956650137895,41.0,39.0,-0.04878048780487809,-0.038802208140298555,-0.009978279664579537,41.0,39.65,41.0,39.2,-0.04390243902439017,-0.003082639591505787,-0.040819799432884385,41.0,37.3,-0.09024390243902447,-0.013981338492760731,-0.07626256394626374,0.00034397008,0.005,5
2025-08-29,41.0,41.0,39.6,39.65,8734300,-0.016129032258064502,0.008905852417302906,-0.007509386733416834,-0.028186274509803932,0.20884146341463428,0.2587301587301587,39.57000000000001,36.1275,30.1825,38.17309380080535,35.46540407563853,2.7076897251668157,2.517734160506369,0.18995556466044672,0.0682897786927318,0.004790808692571166,68.10097241157888,36.1275,3.3082621849255514,42.744024369851104,29.510975630148895,0.36628741927069985,0.7661896037178253,1.7686752283994063,0.044607193654461696,52.88946369938595,32.262875795714315,12.868562676552108,74.27184466019419,75.24271844660198,1212532334.0,1183525274.0,0.5186753008751865,0.2901223830100356,-0.0967038679666983,11306345.0,-0.3710330718881938,0.772513133112425,0.035308953341740196,0.09750190298249262,0.3136751428808082,4.0,8.0,0.0,0.0,1690.11,1682.21,0.0008031602869960075,0.022327967085391975,0.12506604423458922,0.2072142540760948,-0.01693219254506051,-0.05051424159519591,0.13366411449556947,0.11880557162002381,0.8733222963361083,0.386504189626071,39.6,38.35,-0.031565656565656575,-0.026627271700423893,-0.004938384865232681,39.6,39.6,39.6,38.0,-0.04040404040404044,-0.000719334645177705,-0.03968470575886274,39.6,36.1,-0.08838383838383834,-0.012133570337254929,-0.07625026804658341,0.00034397008,0.005,5
2025-09-03,39.6,41.85,39.55,39.6,12051700,-0.0012610340479192184,-0.017369727047146344,0.007633587786259666,0.024579560155239433,0.12981455064194014,0.25515055467511893,39.760000000000005,36.529999999999994,30.426666666666666,38.39261783145068,35.77167044040605,2.6209473910446306,2.5383768066140213,0.08257058443060927,0.06618554017789471,0.002085115768449729,67.81827664687196,36.529999999999994,3.210279541852993,42.95055908370598,30.10944091629401,0.35152253401073025,0.7390757533709963,1.8066269977994491,0.04562189388382447,52.48953799077644,32.68969271882993,11.69835930102249,73.78640776699032,76.21359223300976,1200480634.0,1187244399.0,0.5195366669682807,0.30115630608417726,-0.11192927750830692,11580415.0,0.06887313244078483,1.0406967280533557,0.058080808080808184,0.084040514645497,0.30148992112182293,2.0,9.0,0.00749999999999984,1.0,1682.11,1681.3,-0.0005409550531741969,0.04167828355111114,0.10019042134813083,0.19935162652152502,-0.0007200789947450215,-0.017098723395871707,0.1549601333269881,0.14084846615652769,0.8410917325518684,0.3676635097478642,40.0,37.8,-0.05500000000000005,-0.0262682286574345,-0.02873177134256555,40.0,40.3,40.0,36.6,-0.08499999999999996,-0.009848363642827929,-0.07515163635717204,40.0,36.35,-0.09124999999999994,-0.013356324699719702,-0.07789367530028024,0.00034397008,0.005,5
2025-09-04,40.0,41.25,39.65,40.3,8054000,0.017676767676767513,0.016393442622950838,0.0,0.008760951188986121,0.07466666666666666,0.24191063174113991,39.83,36.9225,30.681666666666665,38.686061241996725,36.10710225963523,2.578958982361499,2.546493241763517,0.032465740597981796,0.0639940194134367,0.0008056015036720049,69.71377681080578,36.9225,3.1647513829347065,43.25200276586941,30.592997234130586,0.3428534235693365,0.7668061082311628,1.7954393550994885,0.04455184503968954,52.11817840421046,30.54385929160968,10.930449652936163,80.58252427184466,76.21359223300976,1208534634.0,1190200959.0,0.5163570639291939,0.3549028719956954,-0.004600929672518659,10817850.0,-0.43903347854833025,0.744510230775986,0.03970223325062038,0.09147538763626506,0.31348796784181654,3.0,9.0,0.008578431372548989,1.0,1687.59,1696.29,0.008915719978588088,0.017186066453589666,0.09639660020036822,0.1979792623389485,0.008761047698179425,-0.008425115264603544,0.1455140315407717,0.13272025060473447,0.8449339623686822,0.3696543515346972,40.8,38.3,-0.06127450980392157,-0.027786737668095696,-0.03348777213582588,40.8,41.15,40.8,36.7,-0.10049019607843124,-0.023429298645851082,-0.07706089743258016,40.8,35.0,-0.14215686274509798,-0.030742524030425877,-0.1114143387146721,0.00034397008,0.005,5
2025-09-05,40.8,43.1,40.4,41.15,23269800,0.021091811414392092,0.039141414141414144,0.03783102143757877,0.04707379134860057,0.026184538653366562,0.2413273001508296,40.2,37.322500000000005,30.955833333333334,39.065128743227994,36.48065024040299,2.5844785028250072,2.554090293975815,0.030388208849192022,0.0628062819641557,0.0007384740911103772,71.87968609364783,37.322500000000005,3.1684079930658995,43.6593159861318,30.985684013868205,0.33957082114712556,0.8020049823425934,1.8671936868780967,0.04537530223276055,52.37741583787453,34.349310170058196,9.759660598779535,82.4324324324324,78.93378815708917,1231804434.0,1194029284.0,0.5162343128218557,0.35737310918947884,-6.162932909705739e-05,11689615.0,1.713291771564673,1.9906386993925804,0.06561360874848124,0.10255207984459758,0.3293132689046221,4.0,9.0,-0.06474820143884896,0.0,1705.13,1666.97,-0.01728478031468672,-0.0034732600820190918,0.05926123618709922,0.2067480229260354,0.03837659172907881,0.05054705143061966,0.18206606396373037,0.17188022911051926,0.7442541307348515,0.3369735608597421,41.7,38.85,-0.06834532374100721,0.003823205351283221,-0.07216852909229043,41.7,39.0,41.7,36.1,-0.13429256594724226,-0.0013787622447936076,-0.13291380370244865,41.7,34.65,-0.1690647482014389,-0.009085380905648144,-0.15997936729579076,0.00034397008,0.005,5
