date,open,high,low,close,volume,return_1d,return_2d,return_3d,return_5d,return_10d,return_20d,sma_5,sma_20,sma_60,ema_12,ema_26,macd,macd_signal,macd_hist,macd_pct,macd_hist_pct,rsi_14,bb_mid_20,bb_std_20,bb_upper_20,bb_lower_20,bb_width_20,bb_position_20,atr_14,atr_pct_14,adx_14,plus_di_14,minus_di_14,stoch_k_14,stoch_d_3,obv,obv_sma_20,volatility_20d,return_skew_20d,return_kurtosis_20d,volume_sma_20,volume_z_20,volume_ratio_20,range_pct,close_vs_sma20,close_vs_sma60,day_of_week,month_of_year,next_return,target_next_up,market_open,market_close,market_return_1d,market_return_5d,market_return_20d,market_volatility_20d,excess_return_1d,excess_return_5d,excess_return_20d,relative_strength_20d,beta_60d,corr_60d,target_entry_open_5d,target_exit_close_5d,target_return_5d,target_market_return_5d,target_excess_return_5d,swing_execution_open,swing_execution_close,target_entry_open_10d,target_exit_close_10d,target_return_10d,target_market_return_10d,target_excess_return_10d,target_entry_open_20d,target_exit_close_20d,target_return_20d,target_market_return_20d,target_excess_return_20d,predicted_excess_return_5d,entry_margin,fold
2023-04-14,12.42,12.51,12.01,12.01,6249979,-0.024370430544273014,-0.030669895076674836,-0.030669895076674836,-0.014766201804757961,0.010092514718250456,-0.014766201804757961,12.258,12.0185,12.2265,12.20538592192215,12.187033331785688,0.01835259013646251,0.0011571752155041745,0.017195414920958337,0.0015281090871325986,0.0014317581116534835,46.144619850051505,12.0185,0.3311904365519727,12.680880873103945,11.356119126896054,0.1102268790787445,0.4935837519279743,0.3813490577462175,0.03175262762249938,14.156545253847842,23.59310236434444,22.08702761937958,28.828828828828822,51.80565180565181,602496432.0,609195958.7,0.3120646074210281,-1.0705301803423104,4.347295921027481,3884593.15,1.3278341188992757,1.608914694193908,0.041631973355537054,-0.0007072430003743913,-0.017707438760070304,4.0,4.0,-0.007493755203996644,0.0,1067.21,1052.89,-0.010720661467631176,-0.015723887782669976,0.007415274508678182,0.12220573842736591,-0.013649769076641838,0.000957685977912015,-0.022181476313436144,-0.02201820527711784,1.5593126921270881,0.6831463799738741,12.01,11.89,-0.009991673605328821,-0.009572740481865849,-0.0004189331234629723,12.01,11.92,12.01,12.28,0.02248126561198993,-0.0036752485778593913,0.026156514189849323,12.01,12.86,0.07077435470441307,0.0070750909315377974,0.06369926377287527,-0.0015867287,0.005,1
2023-04-17,12.01,12.1,11.89,11.92,2579158,-0.007493755203996644,-0.03168155970755493,-0.03793381759483461,-0.022149302707136997,-0.03793381759483461,0.04013961605584626,12.204,12.041500000000001,12.229833333333334,12.161480395472589,12.167253084986749,-0.005772689514159879,-0.00022879773042863618,-0.005543891783731243,-0.0004842860330671039,-0.0004650915925949029,44.384996875110424,12.041500000000001,0.30532596903759796,12.652151938075196,11.430848061924806,0.10142456306526514,0.4005161595139,0.36910983933577335,0.030965590548303133,13.28116218164964,22.634318561392952,23.511637279740903,20.72072072072074,35.8897358897359,599917274.0,609423558.75,0.22252796469556263,0.8432327165415751,2.721226068793425,3682594.2,-0.6563289937429446,0.7003644333117127,0.017617449664429453,-0.010090105053357279,-0.02533422368797611,0.0,4.0,0.0075125208681134925,1.0,1052.99,1053.81,0.0008737854856630811,-0.01083212089923491,0.03001661616655249,0.09216601012826471,-0.008367540689659725,-0.011317181807902088,0.010122999889293771,0.009827996685110696,1.564650524073852,0.6831772930263796,11.98,11.95,-0.0025041736227046085,-0.013723540275607293,0.011219366652902685,11.98,12.07,11.98,11.89,-0.0075125208681134925,-0.014433868447222609,0.006921347579109116,11.98,13.13,0.09599332220367285,0.011800918691101892,0.08419240351257096,-0.0019378182,0.005,1
2023-04-18,11.98,12.07,11.95,12.07,2232840,0.012583892617449743,0.004995836802664577,-0.019496344435418367,-0.025827280064568248,-0.02346278317152095,0.045927209705372674,12.14,12.068000000000001,12.226333333333335,12.147406488476806,12.160049152765508,-0.012642664288701866,-0.0027115710420832825,-0.009931093246618583,-0.0010474452600415796,-0.0008227914868780931,47.94764067879459,12.068000000000001,0.28158573528521474,12.63117147057043,11.504828529429572,0.09333302462221235,0.501775658129462,0.3534591365260753,0.02928410410323739,12.46830647175131,21.9482122171111,22.798937073709553,34.234234234234265,27.927927927927954,602150114.0,609633985.6,0.22504513895284212,0.7708369419852772,2.388180277326728,3665421.0,-0.8452709782394673,0.6091633130273439,0.009942004971002567,0.00016572754391774858,-0.012786608140898159,1.0,4.0,-0.0024793388429751317,0.0,1055.85,1055.02,0.0011482145737846672,-0.013502141267555667,0.021880418042869554,0.08765394972562009,0.011435678043665076,-0.01232513879701258,0.02404679166250312,0.023531903770656504,1.5217160253522288,0.6634961711534246,12.1,12.01,-0.007438016528925617,-0.02176995500434853,0.014331938475422912,12.1,12.07,12.1,12.04,-0.0049586776859504855,-0.016608689076265892,0.011650011390315407,12.1,13.74,0.13553719008264475,0.008687185692138888,0.12685000439050587,-0.0019378182,0.005,1
2023-04-19,12.1,12.19,11.98,12.07,1941123,0.0,0.012583892617449743,0.004995836802664577,-0.025827280064568248,-0.037480063795853225,0.043215211754537686,12.076,12.093,12.223833333333335,12.135497797941913,12.153378845153249,-0.01788104721133621,-0.005745466275933868,-0.012135580935402342,-0.001481445502181956,-0.0010054333832147757,47.9476406787946,12.093,0.25608592308114886,12.605171846162298,11.580828153837702,0.0847055066835852,0.4775465986930572,0.3432120553456413,0.028435133002952882,11.843289203934368,23.48638567478446,21.802515034392673,34.234234234234265,29.72972972972977,602150114.0,609736498.25,0.2251948607938301,0.7995803660323333,2.4079957684675786,3654562.95,-1.0045709549528548,0.531150516917488,0.017398508699254273,-0.001901926734474424,-0.012584704743465736,2.0,4.0,-0.004971002485501308,0.0,1057.88,1048.98,-0.005725009952417981,-0.019140679788676396,0.008111173044765163,0.08702011059140509,0.005725009952417981,-0.006686600275891852,0.03510403870977252,0.034821594729228966,1.5438843978886516,0.6700602713601093,12.07,12.13,0.004971002485501197,-0.008780785127902369,0.013751787613403565,12.07,12.01,12.07,12.42,0.028997514498757315,0.0032570808175083066,0.02574043368124901,12.07,13.83,0.14581607290803644,0.01963772118626328,0.12617835172177316,-0.0019378182,0.005,1
2023-04-20,12.07,12.07,11.89,12.01,2046070,-0.004971002485501308,-0.004971002485501308,0.007550335570469802,-0.024370430544273014,-0.024370430544273014,0.024744027303754246,12.016,12.107499999999998,12.218833333333333,12.116190444412387,12.142758189956712,-0.02656774554432495,-0.009909922129612085,-0.016657823414712863,-0.002212135349236049,-0.0013869961211251344,46.56388627710915,12.107499999999998,0.24165819706943437,12.590816394138868,11.624183605861129,0.07983752122880354,0.399134396037077,0.3315540513923812,0.027606498866975953,11.047661552336033,22.57562070433537,22.895969000322047,13.186813186813099,27.218427218427223,600104044.0,609617501.45,0.22282379487698034,1.0045219823297236,2.928758670574781,3637660.5,-0.9250711046958366,0.5624686525859134,0.014987510407993315,-0.008052859797645917,-0.017091102532974967,3.0,4.0,-0.009991673605328821,0.0,1050.02,1049.25,0.0002573928959559435,-0.014140749788593365,0.003970911874461969,0.08575047655802119,-0.0052283953814572515,-0.010229680755679649,0.020773115429292277,0.02069095347643879,1.5537067607690795,0.6700433165022801,12.01,12.16,0.012489592006661221,-0.009970479001999655,0.022460071008660876,12.01,11.89,12.01,12.83,0.06827643630308078,0.003494905247119373,0.0647815310559614,12.01,13.95,0.16153205661948378,0.014998571564612817,0.14653348505487096,-0.0019378182,0.005,1
2023-04-21,12.01,12.1,11.89,11.89,2447802,-0.009991673605328821,-0.014913007456503702,-0.014913007456503702,-0.009991673605328821,-0.024610336341263195,0.01191489361702125,11.992,12.1145,12.212833333333332,12.08139191450279,12.12403536107103,-0.04264344656824015,-0.0164566270173377,-0.026186819550902452,-0.0035864967677241505,-0.0022024238478471365,43.83888947803629,12.1145,0.23261612832780443,12.579732256655609,11.64926774334439,0.07680585358960074,0.2587226629406025,0.3228716191500682,0.027154888069812293,10.316665659374014,22.19048745351991,21.832265922582035,0.0,15.807015807015802,597656242.0,609228802.2,0.22632100245155512,1.0762864395907814,2.784859816685809,3612738.25,-0.6715874348053693,0.6775475638181094,0.017661900756938527,-0.01853151182467283,-0.026433942437599667,4.0,4.0,0.005046257359125228,1.0,1050.1,1042.91,-0.006042411246128143,-0.009478672985781977,-0.0037065696080397226,0.0883565665001927,-0.003949262359200678,-0.000513000619546844,0.015621463225060972,0.0156795806822847,1.5805875911293803,0.6780827215122931,11.89,12.28,0.032800672834314426,0.0036736568192254904,0.029127016015088936,11.89,11.95,11.89,12.8,0.07653490328006729,0.012417725394152868,0.06411717788591442,11.89,13.71,0.15306980656013458,0.015794810959742778,0.1372749956003918,-0.0019378182,0.005,1
2023-04-24,11.89,11.95,11.81,11.95,1122659,0.005046257359125228,-0.004995836802664466,-0.009942004971002616,0.00251677852348986,-0.01968826907301069,0.00929054054054057,11.998000000000001,12.12,12.211333333333332,12.061177773810053,12.111143852843547,-0.049966079033493926,-0.023158517420568944,-0.026807561612924982,-0.004181261843807024,-0.002243310595223848,45.55455650245007,12.12,0.22701727270317046,12.57403454540634,11.665965454593659,0.07492319231127732,0.31278957546296665,0.30980936063934894,0.02592546950956895,9.82046801883553,21.47422480065088,22.972018160777985,14.141414141414016,9.109409109409052,598778901.0,608736871.15,0.22544171738664862,1.1143715338852929,2.9305121770702303,3509506.45,-1.3110513008498528,0.31989084960935177,0.011715481171548017,-0.014026402640264002,-0.02140088442430521,0.0,4.0,-0.002491694352159457,0.0,1045.28,1041.36,-0.0014862260405981154,-0.011814273920346174,-0.010349251603706477,0.08611132567493592,0.006532483399723343,0.014331052443836034,0.019639792144247048,0.019845174851909064,1.5835103967052166,0.6745310810907519,12.04,11.89,-0.012458471760797174,-0.005029305745455903,-0.007429166015341271,12.04,12.01,12.04,13.07,0.08554817275747517,0.01075659498790471,0.07479157776957046,12.04,14.03,0.16528239202657802,0.017937219730941978,0.14734517229563604,-0.0019378182,0.005,1
2023-04-25,12.04,12.13,11.89,12.01,1661096,0.00502092050209213,0.010092514718250456,0.0,-0.004971002485501308,-0.030669895076674836,0.011794439764111209,11.986,12.127,12.206333333333333,12.053304270146969,12.103651715595877,-0.050347445448908346,-0.028596303026236825,-0.02175114242267152,-0.004192127014896615,-0.0018110859635863048,47.288702690557926,12.127,0.22098106611035576,12.568962132220712,11.68503786777929,0.07288894734406053,0.3676357186846357,0.3048229777365383,0.025380764174566056,9.552911245162973,24.484446420151677,21.68010103386865,20.202020202020126,11.447811447811395,600439997.0,608199538.15,0.22590330438584716,1.080072626748761,2.831202213711656,3464104.5,-0.9713339662144447,0.47951671203914314,0.019983347210657802,-0.009647893131029983,-0.0160845462737923,1.0,4.0,0.004971002485501197,1.0,1045.87,1034.85,-0.0062514404240607835,-0.01911812098348853,-0.018438949435164997,0.08791594979011334,0.011272360926152913,0.014147118497987221,0.030233389199276206,0.03080133342890745,1.561635016521174,0.6670441960964901,12.07,12.04,-0.0024855012427507095,0.006083054486373474,-0.008568555729124183,12.07,12.13,12.07,13.15,0.08947804473902243,0.03179822440571756,0.057679820333304876,12.07,13.98,0.15824357912178955,0.028761532658942768,0.12948204646284678,-0.0019378182,0.005,1
2023-04-26,12.07,12.13,11.84,12.13,1789212,0.009991673605328932,0.015062761506276168,0.020185029436501356,0.004971002485501197,-0.02098466505246166,0.021903959561921038,11.998000000000001,12.14,12.216166666666664,12.06510361320128,12.105603440366552,-0.040499827165271896,-0.03097700785404384,-0.009522819311228056,-0.0033388151001872953,-0.000785063422195223,50.672672146930125,12.14,0.2125533988642436,12.565106797728488,11.714893202271513,0.07003406881853166,0.4882382497134441,0.30376419361249996,0.025042390240107168,9.102887616365473,22.81480322530518,21.37741575390255,32.32323232323235,22.222222222222175,602229209.0,607751665.75,0.22827509735417315,0.9467767367227292,2.4107655650546995,3465893.15,-0.9041148284748624,0.5162340333544327,0.02390766694146751,-0.0008237232289950436,-0.007053494686003248,2.0,4.0,-0.007346938775510181,0.0,1034.02,1040.8,0.005749625549596571,-0.007798051440446985,-0.014701845067355834,0.0905594150186225,0.004242048055732361,0.012769053925948182,0.03660580462927687,0.037152007690280486,1.4798968229335945,0.6212085184261136,12.25,12.42,0.013877551020408108,0.011571073277062416,0.0023064777433456918,12.25,12.16,12.25,12.8,0.044897959183673564,0.023353402663747413,0.02154455651992615,12.25,13.89,0.13387755102040821,0.03225496691921359,0.10162258410119462,-0.0019378182,0.005,1
2023-04-27,12.25,12.48,12.16,12.16,3846530,0.002473206924979321,0.012489592006661221,0.017573221757322344,0.012489592006661221,-0.012185215272136452,0.032258064516129004,12.028,12.159,12.227,12.07970305732416,12.109632815154216,-0.029929757830055692,-0.030767557849246212,0.0008378000191905204,-0.0024613287689190535,6.889802789395726e-05,51.51076616992782,12.159,0.19493318693527015,12.54886637387054,11.769133626129461,0.0641280325471732,0.5012824907032525,0.3070667512116071,0.025252199935165056,9.839445234708494,29.098876351925174,19.63696228006073,35.35353535353531,29.292929292929273,606075739.0,607633288.55,0.22593366388999903,0.8724109613879424,2.4883376962132067,3521050.95,0.17609887046683748,1.0924380404094975,0.026315789473684233,8.224360555963983e-05,-0.005479676126605049,3.0,4.0,0.007383100902379036,1.0,1041.39,1039.63,-0.0011241352805532179,-0.009168453657374176,-0.018698557728611287,0.08951874116325509,0.003597342205532539,0.021658045664035397,0.05095662224474029,0.05192759334664032,1.482089513689406,0.6220395455589067,12.19,12.83,0.05250205086136184,0.010161335161095408,0.04234071570026643,12.19,12.28,12.19,13.1,0.07465135356849872,0.021798939770123704,0.05285241379837502,12.19,14.09,0.1558654634946679,0.033436544379152,0.1224289191155159,-0.0019378182,0.005,1
2023-04-28,12.19,12.39,12.16,12.28,2351848,0.009868421052631415,0.012366034624896827,0.02248126561198993,0.032800672834314426,0.02248126561198993,0.032800672834314426,12.106,12.1785,12.243166666666667,12.11051797158198,12.122252606624274,-0.011734635042293107,-0.026960973287855593,0.015226338245562486,-0.0009555891728251716,0.0012399298245572058,54.817647910057644,12.1785,0.1859053239528198,12.55031064790564,11.80668935209436,0.06106017126996596,0.6364942082370901,0.3015619832679209,0.024557164761231345,10.523391594598442,27.51362026805718,18.567174789070787,47.47474747474735,38.383838383838345,608427587.0,607477150.7,0.2261797631045401,0.8653789374946599,2.456006523392306,3483290.3,-0.606730654009351,0.6751800158602916,0.01872964169381111,0.00833435973231511,0.0030084809213302144,4.0,4.0,-0.014913007456503702,0.0,1043.17,1049.12,0.009128247549608837,0.005954492717492155,-0.014577697625488661,0.09429386557344116,0.0007401735030225787,0.02684618011682227,0.04737837045980309,0.048079255305708335,1.4726694471530613,0.6258408718234995,12.07,12.8,0.06048053024026512,0.011672482194923894,0.048808048045341224,12.07,11.89,12.07,12.86,0.06545153272576631,0.013756512595000325,0.05169502013076599,12.07,14.18,0.17481358740679376,0.027838057454232734,0.14697552995256102,-0.0015867287,0.005,1
2023-05-04,12.07,12.13,11.89,11.89,3020771,-0.03175895765472303,-0.022203947368421018,-0.019785655399835123,-0.005020920502091908,-0.00251677852348986,-0.04035512510088779,12.094,12.1535,12.252333333333333,12.076592129800138,12.105048709837291,-0.02845658003715279,-0.027260094637715032,-0.0011964853994377578,-0.0023933204404670136,-0.00010062955419997962,44.25439271492817,12.1535,0.18955002117287162,12.532600042345743,11.774399957654255,0.0623853280694029,0.15246640653275975,0.3078789844630693,0.025893943184446537,10.049412299478732,25.024165355565792,23.15125833891124,8.080808080808087,30.303030303030265,605406816.0,606822749.3,0.2020319175170133,-0.7167884289676562,0.3110008893440202,3287103.85,-0.15866176423034634,0.9189764418303973,0.02018502943650128,-0.021680997243592293,-0.02957259841662807,3.0,5.0,0.010067114093959662,1.0,1046.05,1040.61,-0.008111560164709486,-0.0007202120304217186,-0.03582944185012238,0.08076575163561348,-0.023647397490013544,-0.004300708471670189,-0.004525683250765411,-0.004693861695434509,1.5355500564481857,0.6370089768506455,11.92,13.07,0.09647651006711411,0.016344267969080395,0.08013224209803371,11.92,12.04,11.92,13.13,0.10151006711409405,0.027102642002845956,0.0744074251112481,11.92,14.0,0.17449664429530198,0.03679383148098325,0.13770281281431873,-0.0015867287,0.005,1
2023-05-05,11.92,12.04,11.92,12.04,1608314,0.01261564339781307,-0.019543973941368087,-0.009868421052631637,0.0024979184013320666,-0.0024855012427507095,-0.02588996763754048,12.1,12.1375,12.264,12.070962571369348,12.100230286886381,-0.02926771551703311,-0.02766161881357865,-0.0016060967034544592,-0.0024308733818133813,-0.00013339673616731388,48.374890596983526,12.1375,0.18464403876906763,12.506788077538134,11.768211922461864,0.06085076457888941,0.36798923939003736,0.29660191414427856,0.024634710477099548,9.609288668296143,24.120206059973935,22.314954914491423,23.23232323232309,26.26262626262619,607015130.0,606411892.45,0.20854216611736948,-0.7625189215007864,0.15098543372740622,3204390.7,-0.9278784669486334,0.5019094581693799,0.009966777408637809,-0.008032955715757018,-0.0182648401826484,4.0,5.0,0.016366612111292866,1.0,1040.12,1040.31,-0.0002882924438549761,0.005276126974923967,-0.035365570958319936,0.08086592688634484,0.012903935841668046,-0.0027782085735919004,0.009475603320779458,0.009822999299530455,1.6607216978312722,0.660339866924937,12.22,13.15,0.07610474631751218,0.022483324388560932,0.05362142192895125,12.22,12.42,12.22,13.74,0.12438625204582654,0.022646247029057598,0.10174000501676894,12.22,14.24,0.16530278232405893,0.045426665644406894,0.11987611667965203,-0.0015867287,0.005,1
2023-05-08,12.22,12.57,12.13,12.42,5217246,0.031561461794020085,0.04457527333894018,0.01140065146579805,0.023907666941467287,0.028997514498757315,-0.009569377990430561,12.158,12.131499999999999,12.2805,12.124660637312525,12.123916932302205,0.0007437050103202836,-0.021980554048798867,0.02272425905911915,5.9879630460570334e-05,0.0018296504878517834,57.03844418059948,12.131499999999999,0.17242160690191236,12.476343213803824,11.786656786196174,0.05685087809484818,0.9183060423571551,0.3132732059911159,0.025223285506531072,10.76862780422926,33.28981311292949,19.618329668882126,80.26315789473679,37.19209640262267,612232376.0,606097501.65,0.23291811189561742,-0.16083023946238242,0.555481608790001,3300856.75,1.077721586925995,1.5805732860112758,0.035426731078904955,0.023781065820384972,0.011359472334188325,0.0,5.0,0.03301127214170685,1.0,1043.44,1053.44,0.012621237900241278,0.01214450422751745,-0.02536868789667468,0.09490233521383831,0.018940223893778807,0.011763162713949837,0.01579930990624412,0.016210550297371507,1.68619832728939,0.6699062167331603,12.42,12.8,0.030595813204508993,0.009749673115915902,0.02084614008859309,12.42,12.83,12.42,13.83,0.11352657004830924,0.01442079930264728,0.09910577074566196,12.42,14.18,0.14170692431561993,0.040173580186086966,0.10153334412953297,-0.0015867287,0.005,1
2023-05-09,12.42,13.13,12.42,12.83,11285114,0.03301127214170685,0.06561461794019952,0.0790580319596299,0.05509868421052633,0.06827643630308078,0.04224207961007309,12.292,12.1575,12.290666666666665,12.233174385418291,12.176219381761301,0.05695500365698969,-0.006193442507641156,0.06314844616463085,0.004439205273342922,0.004921936567781048,64.04871022256143,12.1575,0.23026015035699376,12.618020300713988,11.696979699286013,0.07575904597392354,1.2301523938872616,0.3416108341346077,0.026625941865518917,12.937869278884461,40.05696062530847,16.705864733204184,77.27272727272722,60.25606946659571,623517490.0,606568361.6,0.25101569833622683,-0.03843950228185413,0.6248603379906109,3644117.4,3.0376992255784945,3.0968030832376585,0.05533904910366336,0.055315648776475435,0.04388153612497314,1.0,5.0,-0.002338269680436378,0.0,1055.42,1053.77,0.00031325941676785263,0.013600992660850464,-0.01600507979195276,0.09024201100126227,0.032698012724938996,0.041497691549675864,0.05824715940202585,0.059194573270470396,1.801993330238158,0.7531202721640844,12.83,13.1,0.02104442712392829,0.00974782592220702,0.011296601201721268,12.83,12.8,12.83,13.95,0.08729540140296166,0.009690987287092057,0.0776044141158696,12.83,14.18,0.10522213561964144,0.04991379473674251,0.05530834088289893,-0.0015867287,0.005,1
2023-05-10,12.83,12.95,12.77,12.8,3568655,-0.002338269680436378,0.030595813204508993,0.06312292358803995,0.04234527687296419,0.07653490328006729,0.05004101722723564,12.396,12.187999999999999,12.305833333333334,12.32037832612317,12.222425353482686,0.09795297264048308,0.014635840521983693,0.08331713211849939,0.007652575987537741,0.006509150946757765,63.235620696920236,12.187999999999999,0.2714987641734058,12.73099752834681,11.645002471653187,0.08910363116948004,1.0635384767434142,0.3300672031249928,0.025786500244140063,14.952164933921434,38.49661757908493,16.05511940802999,75.0,77.51196172248801,619948835.0,607037802.65,0.24769795759422875,-0.094409947414197,0.834678867883394,3645536.3,-0.0305650243542251,0.9789108395382046,0.014062499999999978,0.050213324581555696,0.04015710706304598,2.0,5.0,0.016329704510108956,1.0,1055.62,1058.26,0.0042608918454691835,0.008712063443648166,-0.010703835618999569,0.09198631677974982,-0.006599161525905561,0.03363321342931602,0.06074485284623521,0.06140209073209446,1.771717121721367,0.7467875163047988,12.86,12.86,0.0,-0.00029224605232136547,0.00029224605232136547,12.86,13.07,12.86,13.71,0.0660964230171075,0.0009804383690783514,0.06511598464802915,12.86,14.33,0.11430793157076202,0.04599575771859521,0.06831217385216681,-0.0015867287,0.005,1
2023-05-11,12.86,13.48,12.86,13.07,8785736,0.02109374999999991,0.01870615744349191,0.052334943639291476,0.09924306139613126,0.09372384937238509,0.07219031993437253,12.632,12.232,12.322499999999998,12.435704737488836,12.285208660632117,0.15049607685671873,0.0418078877889307,0.10868818906778803,0.01151461949936639,0.008315852262263812,67.26359057644302,12.232,0.335584329350431,12.903168658700862,11.560831341299137,0.10973980685102395,1.1242842161477438,0.35506240290177904,0.027166212922859912,17.598807999931392,43.892510129443636,13.85882918084813,75.44910179640718,75.90727635637815,628734571.0,607946530.5,0.25598479620071246,-0.21485568245436193,0.45541414179896705,3953141.7,1.7571288380068926,2.222469283102096,0.04743687834736044,0.0685088293001963,0.0606613917630352,3.0,5.0,0.006120887528691776,1.0,1060.75,1057.12,-0.0010772399977322378,0.01586569416015604,-0.0077251607452949456,0.09106093918902051,0.02217098999773215,0.08337736723597522,0.07991548067966747,0.0805376469483916,1.839071269666286,0.7634970520685738,13.07,13.13,0.004590665646518888,0.010031199773092414,-0.005440534126573526,13.07,13.15,13.07,14.03,0.07345065034429976,0.0065519523494375065,0.06689869799486226,13.07,13.86,0.06044376434582999,0.041240427342346564,0.019203337003483423,-0.0015867287,0.005,1
2023-05-12,13.07,13.24,12.92,13.15,3955378,0.006120887528691776,0.02734375,0.02494154325798914,0.09219269102990046,0.09492089925062452,0.06133979015334945,12.854,12.27,12.3405,12.545596316336708,12.34926727836307,0.1963290379736371,0.07271211782587199,0.12361692014776511,0.014929964864915369,0.009400526246978335,68.36939268307295,12.27,0.3926026516792468,13.055205303358493,11.484794696641506,0.1279878245083119,1.0603630007566491,0.352557945551652,0.026810490156019162,20.056405132654923,41.046857699692055,12.96032939544767,80.23952095808383,76.89620758483035,632689949.0,608758444.75,0.25173587801193953,-0.14824082968731675,0.6690475563483356,3856328.1,0.03651923926776868,1.0256850292380464,0.024334600760456293,0.0717196414017931,0.0655970179490295,4.0,5.0,-0.031037093111279335,0.0,1057.7,1066.9,0.009251551384894974,0.02555968893887406,-0.0023937314158546386,0.09624887352010959,-0.0031306638562031974,0.0666330020910264,0.06373352156920409,0.06388644856818915,1.826829624517938,0.7619916517726164,13.21,13.74,0.04012112036336113,-0.007210509666734866,0.047331630030095995,13.21,12.8,13.21,13.98,0.058289174867524496,-0.010290095085688677,0.06857926995321317,13.21,13.83,0.04693414080242242,0.030433002735341663,0.016501138067080756,-0.0008278253,0.005,1
2023-05-15,13.21,13.24,12.8,12.8,7370315,-0.026615969581749055,-0.02065799540933433,0.0,0.030595813204508993,0.05523495465787298,0.03309120258272791,12.930000000000001,12.2905,12.347333333333333,12.584735344592598,12.382654887373214,0.2020804572193846,0.09858578570457452,0.1034946715148101,0.015787535720264423,0.008085521212094538,58.98230544630896,12.2905,0.4095372870374512,13.109574574074902,11.471425425925098,0.133285801891689,0.8110217409540835,0.35880380658367683,0.02803154738934975,21.836433497944707,37.451455211027756,14.213990061099802,59.281437125748525,71.65668662674652,625319634.0,609201843.25,0.2729209008071536,-0.1594042502668417,0.04116076974764466,4039254.95,1.179924577389478,1.8246718989599802,0.03437499999999996,0.04145478214881426,0.03666108741428653,0.0,5.0,0.006917755572636519,1.0,1074.82,1065.71,-0.0011153810104039819,0.011647554678007266,-0.0034971246902613107,0.0963147432926182,-0.025500588571345073,0.018948258526501727,0.03658832727298922,0.03671673025691624,1.8184427814587432,0.7512513528269014,13.01,13.83,0.06302843966179861,0.0019934301036024227,0.061035009558196185,13.01,13.1,13.01,13.89,0.06764027671022288,0.006055160925026559,0.06158511578519632,13.01,13.71,0.05380476556495006,0.04446378601978451,0.00934097954516555,-0.0015867287,0.005,1
2023-05-16,13.01,13.33,12.92,13.1,5486476,0.0234375,-0.0038022813688213253,0.002295332823259333,0.02104442712392829,0.07730263157894735,0.06417546709991861,12.984,12.33,12.349833333333333,12.66400683003989,12.435791562382605,0.22821526765728528,0.12451168209511668,0.1037035855621686,0.017421012798266054,0.007916304241386916,63.59606875511304,12.33,0.44782515385065347,13.225650307701308,11.434349692298692,0.1452798552637969,0.9298552645932816,0.37103210611341414,0.028323061535375126,23.630810376006032,35.36282747637629,12.76370841849559,77.24550898203589,72.25548902195608,630806110.0,610304828.2,0.28146524931832395,-0.31445828478013643,-0.1440329307434818,3928316.1,0.5743492637473138,1.3966482992547367,0.03129770992366413,0.06244931062449299,0.060743059960323365,1.0,5.0,-0.02056359482102066,0.0,1068.51,1065.91,0.0001876683150201508,0.011520540535411072,0.0015127313727334446,0.09472991412535522,0.02324983168497985,0.009523886588517216,0.06266273572718517,0.0625680870190195,1.7667487626319425,0.7419865724479687,13.13,13.95,0.06245239908606237,-0.00039389648025367485,0.06284629556631605,13.13,12.86,13.13,14.09,0.07311500380807301,0.011047858422350787,0.06206714538572222,13.13,13.98,0.06473724295506478,0.05269772196535594,0.01203952098970884,-0.0015867287,0.005,1
2023-05-17,13.13,13.24,12.83,12.86,4406050,-0.018320610687022953,0.004687499999999956,-0.02205323193916353,0.004687499999999956,0.04723127035830621,0.07077435470441307,12.996,12.3725,12.348833333333335,12.694159625418369,12.467214409613522,0.2269452158048466,0.14499838883706268,0.08194682696778394,0.017647372924171588,0.006372226047261582,57.97758822692058,12.3725,0.4561148862665963,13.284729772533193,11.460270227466808,0.14746086442241954,0.7672024169120508,0.37381552710531313,0.02906808142343026,24.905232541657984,32.59240841479354,13.483482760055008,62.19512195121946,66.2406893530013,626400060.0,611500009.6,0.2743156104765512,-0.27284609378951236,-0.05154099945757094,3836119.65,0.2142039246737198,1.1485694926121504,0.03188180404354589,0.039401899373610716,0.04139392385245544,2.0,5.0,0.013899613899613916,1.0,1066.27,1060.44,-0.005131765346042427,0.0020599852588212286,0.007170739583432173,0.08811497640975771,-0.013188845340980526,0.002627514741178727,0.0636036151209809,0.0631507773421689,1.777166124574006,0.7439197703761724,12.95,13.71,0.05868725868725888,-0.0017580805896622032,0.060445339276921084,12.95,13.13,12.95,14.18,0.09498069498069506,0.010821127051877433,0.08415956792881762,12.95,13.71,0.05868725868725888,0.0505424665776657,0.00814479210959318,-0.0015867287,0.005,1
2023-05-18,12.95,13.3,12.86,13.13,5803707,0.020995334370140117,0.0022900763358779663,0.02578125000000009,0.004590665646518888,0.10428931875525649,0.10151006711409405,13.008,12.433,12.348,12.76121199073862,12.51630963853104,0.24490235220758017,0.1649791815111662,0.07992317069641397,0.018652121264857588,0.006087065551897484,62.040575274017534,12.433,0.4728758599756074,13.378751719951214,11.487248280048785,0.1521357226656824,0.868489945773482,0.3785429894549337,0.02883038762033006,26.197724055332472,31.018580807577983,12.364015188774703,78.65853658536588,72.69972250620708,632203767.0,613114334.25,0.27769955384716327,-0.46243806555128897,-0.027432533666953883,3997347.1,0.6744792273760336,1.451889679532708,0.033511043412033606,0.05606048419528675,0.0633300939423389,3.0,5.0,0.03308270676691727,1.0,1063.66,1068.31,0.007421447700954209,0.010585364007870579,0.01375959613213018,0.09160568396211562,0.013573886669185908,-0.005994698361351691,0.08775047098196387,0.0865594479369316,1.942964007372613,0.761557766813896,13.3,14.03,0.05488721804511276,-0.005139562483062798,0.06002678052817556,13.3,13.74,13.3,14.0,0.05263157894736836,0.007718688383654415,0.04491289056371395,13.3,14.3,0.07518796992481214,0.043770383037574856,0.03141758688723728,-0.0015867287,0.005,1
2023-05-19,13.3,13.89,13.3,13.74,11789033,0.046458492003046414,0.06842923794712297,0.04885496183206106,0.04486692015209126,0.14119601328903664,0.13835956917978454,13.126,12.516499999999999,12.360166666666666,12.911794761394217,12.606953369010222,0.3048413923839952,0.19295162368573202,0.1118897686982632,0.022186418659679418,0.008143360167268065,69.26965014257789,12.516499999999999,0.5470329057746858,13.610565811549371,11.422434188450627,0.17481976775446367,1.059152834813168,0.4057899187795813,0.02953347298250228,28.279451124971096,37.254368790254986,10.709983472115336,92.49999999999999,77.78455284552847,643992800.0,615206468.55,0.3136844942651332,-0.07018121618550936,-0.013656112229434369,4475156.75,2.3170703759740516,2.6343285070405633,0.042940320232896644,0.09775096872128808,0.11163549574574239,4.0,5.0,-0.012142857142857122,0.0,1070.13,1067.07,-0.0011607117784163679,0.0001593401443433784,0.01142158442493968,0.09182199698335346,0.04761920378146278,0.04470758000774788,0.12693798475484486,0.12550452423557634,1.9275497498590333,0.7304746065902817,14.0,13.98,-0.0014285714285714457,-0.003335457032567546,0.0019068856039961002,14.0,13.83,14.0,14.24,0.017142857142857126,0.02203650264213164,-0.004893645499274513,14.0,13.98,-0.0014285714285714457,0.04487876175842298,-0.046307333186994426,-0.0015867287,0.005,1
2023-05-22,14.0,14.06,13.77,13.83,4312844,0.0065502183406114245,0.05331302361005319,0.0754276827371696,0.08046874999999987,0.11352657004830924,0.14581607290803644,13.331999999999999,12.6045,12.382666666666665,13.053057105795107,12.697549415750206,0.35550769004490057,0.22546283695756575,0.13004485308733482,0.025705545194859042,0.009403098560183284,70.1722211376114,12.6045,0.6094300616151865,13.823360123230373,11.385639876769627,0.19340078911981798,1.0027238058917005,0.39966206743818267,0.028898197211726873,30.413308207964114,38.16202882193983,10.097466943366602,89.40092165898615,86.85315274811735,648305644.0,617514245.05,0.31269321075791046,-0.1239929175800209,0.038214812646967904,4593742.8,-0.09060200326263712,0.9388518660644214,0.020968908170643594,0.09722718076877301,0.11688381608700338,0.0,5.0,0.004319654427645592,1.0,1067.32,1070.64,0.0033456099412412232,0.004626023965243808,0.020648630097809484,0.08916266690927918,0.0032046083993702013,0.07584272603475606,0.12516744281022696,0.12263519405128886,1.9784513346441106,0.7123511437820179,13.89,13.89,0.0,0.001733263754286618,-0.001733263754286618,13.89,13.95,13.89,14.18,0.020878329733621248,0.023016997167138786,-0.002138667433517538,13.89,14.06,0.01223902087832962,0.030080512896973444,-0.017841492018643823,-0.0008278253,0.005,1
2023-05-23,13.89,14.12,13.62,13.95,6587943,0.00867678958785234,0.015283842794759694,0.06245239908606237,0.06488549618320616,0.08729540140296166,0.16153205661948378,13.502,12.7015,12.402333333333333,13.191048320288168,12.790323533102043,0.4007247871861246,0.26051522700327756,0.14020956018284703,0.028725791196137964,0.010050864529236347,71.37925171589703,12.7015,0.6619530512850184,14.025406102570036,11.377593897429962,0.20846452821635822,0.9715213554708847,0.40682906262116963,0.029163373664599975,31.757086795471277,34.81190041173652,11.844649771070602,92.37668161434978,91.42586775777865,654893587.0,620253722.2,0.3094925509576136,-0.2309840869612836,0.20806205370290465,4820836.45,0.575582171473382,1.366556005026887,0.03584229390681004,0.09829547691217577,0.12478834627892588,1.0,5.0,-0.024893314366998598,0.0,1073.12,1065.85,-0.004473959500859492,-5.628993066975063e-05,0.01582082439837973,0.09126847509153838,0.013150749088711833,0.06494178611387591,0.14571123222110405,0.14344186368437728,1.9633280549143206,0.7140243147035245,14.06,14.09,0.002133712660028486,0.00834323234779677,-0.0062095196877682834,14.06,13.71,14.06,14.18,0.008534850640113723,0.03664661921375312,-0.028111768573639395,14.06,14.33,0.01920341394025593,0.03983612844088169,-0.02063271450062576,-0.0008278253,0.005,1
2023-05-24,14.06,14.06,13.71,13.71,4213629,-0.017204301075268713,-0.008676789587852451,-0.0021834061135370675,0.0660964230171075,0.07109374999999996,0.15306980656013458,13.672,12.7925,12.427666666666669,13.270887040243835,12.858447715835226,0.4124393244086093,0.2909000464843439,0.12153927792426539,0.030083101707411325,0.00886500933072687,65.656683500475,12.7925,0.6695786184728916,14.131657236945784,11.453342763054216,0.20936599365968872,0.842566195621861,0.40276984386251463,0.0293778150155007,33.0048811981565,32.651119202430074,11.109450130906271,81.36363636363643,87.71374654565746,650679958.0,622904908.0,0.31595090458760067,-0.23016342312387178,0.01952194192771089,4909127.8,-0.23004483078027316,0.8583253831770279,0.025528811086797932,0.07172171194059018,0.10318375667194157,2.0,5.0,0.02334062727935793,1.0,1069.13,1061.79,-0.0038091663930196473,0.0012730564671268318,0.018103192029992776,0.08937216654579865,-0.013395134682249066,0.06482336654998067,0.1349666145301418,0.1325667334968592,1.8982089094209948,0.6979137680810521,13.71,14.18,0.03428154631655711,0.012372531849382806,0.021909014467174304,13.71,14.03,13.71,14.33,0.04522246535375629,0.04473508281310323,0.0004873825406530585,13.71,14.59,0.06418672501823486,0.05313409225728094,0.011052632760953918,-0.0015867287,0.005,1
2023-05-25,13.71,14.24,13.39,14.03,10043708,0.02334062727935793,0.005734767025089571,0.014461315979754197,0.06854531607006842,0.07345065034429976,0.17405857740585784,13.851999999999999,12.8965,12.456333333333333,13.38767364943709,12.945229366514099,0.44244428292299176,0.3212088937720735,0.12123538915091825,0.03153558680848124,0.008641153895289968,69.20207255070653,12.8965,0.6929591390704949,14.28241827814099,11.51058172185901,0.21492936504338225,0.9089346456706046,0.43471485501519214,0.03098466536102581,32.85734907824967,28.090912995356103,14.815815206195747,90.04739336492887,87.92923711430502,660723666.0,626002146.25,0.32082970719982773,-0.3416606132909576,-0.10411621035705569,5355180.25,1.5160612924913595,1.875512593623716,0.06058446186742692,0.08789206373822345,0.1263346624207231,3.0,5.0,-0.009915014164305846,0.0,1062.03,1064.63,0.0026747285244730357,-0.003444693019816203,0.0223457785972192,0.08911104178885042,0.020665898754884893,0.07199000908988462,0.15171279880863864,0.148396757716168,2.1417589355707416,0.7457373850417228,14.12,14.0,-0.008498583569405027,0.010447509463663351,-0.01894609303306838,14.12,13.98,14.12,13.86,-0.018413597733710985,0.03193283610059594,-0.050346433834306925,14.12,14.65,0.037535410764872656,0.0544020089202053,-0.016866598155332646,-0.0015867287,0.005,1
2023-05-26,14.12,14.12,13.92,13.98,4044263,-0.0035637918745544672,0.01969365426695835,0.0021505376344086446,0.017467248908296984,0.06311787072243336,0.16402997502081607,13.9,12.995,12.482333333333335,13.478800780292923,13.02187904306861,0.45692173722431306,0.34835146246252147,0.1085702747617916,0.03268395831361324,0.007766114074520143,68.02048448154153,12.995,0.7002894138555547,14.395578827711109,11.59442117228889,0.2155565721756229,0.8516403291665252,0.41794950822839266,0.029896245223776298,32.720354966907614,27.130752140573573,14.30940354933601,85.71428571428574,85.70843848095035,656679403.0,628814116.55,0.3234120682690716,-0.2744681230079189,-0.23663263978467258,5474338.6,-0.4787905062230714,0.7387674193189293,0.014306151645207387,0.07579838399384387,0.11998290917830534,4.0,5.0,-0.01419446415897796,0.0,1067.24,1063.76,-0.0008171853132075135,-0.0031019520743718054,0.027936415905686962,0.08514807504188143,-0.0027466065613469537,0.02056920098266879,0.1360935591151291,0.1323949195779981,2.142234349464233,0.7454791990706353,14.09,14.24,0.010645848119233525,0.02201735154683604,-0.011371503427602514,14.09,13.89,14.09,13.83,-0.018452803406671436,0.03765435568797204,-0.05610715909464348,14.09,14.15,0.004258339247693366,0.05812580808364731,-0.05386746883595395,-0.0015867287,0.005,1
2023-05-29,14.09,14.18,13.83,13.89,5469313,-0.006437768240343367,-0.009978617248752597,0.013129102844638973,0.004338394793926392,0.08515625000000004,0.14509480626545757,13.912,13.082999999999998,12.499,13.542062198709397,13.086184299137603,0.45587789957179403,0.369856749884376,0.08602114968741803,0.03282058312251937,0.0061930273353072735,65.84125830801283,13.082999999999998,0.6964428415736662,14.47588568314733,11.690114316852666,0.21293062495564202,0.7896863718839164,0.4130959719263646,0.029740530736239352,32.23366609152715,25.48883633986651,14.999611330336995,76.19047619047622,83.98405175656363,651210090.0,631263160.6,0.32718473925569985,-0.15157939465975326,-0.41274790986898735,5658343.65,-0.06612984540627485,0.9665925822656599,0.025197984161267072,0.06168310020637491,0.11128890311224904,0.0,5.0,0.012212643678160884,1.0,1067.34,1074.98,0.010547491915469775,0.004053650153179378,0.03284012298232142,0.08997112557219956,-0.016985260155813142,0.00028474464074701444,0.11225468328313615,0.10868544006501346,2.029636510745058,0.7092420755864894,13.92,14.18,0.01867816091954011,0.017611835153223065,0.0010663257663170445,13.92,14.09,13.92,13.71,-0.015086206896551713,0.03448211935262613,-0.04956832624917784,13.92,14.36,0.031609195402298784,0.0493224078159471,-0.017713212413648316,-0.0015867287,0.005,1
2023-05-30,13.92,14.12,13.86,14.09,5380245,0.014398848092152639,0.007868383404864066,0.004276550249465494,0.01003584229390686,0.07557251908396956,0.15871710526315796,13.940000000000001,13.179499999999999,12.521833333333332,13.626360321984874,13.160541017720004,0.46581930426487084,0.38904926076047497,0.07677004350439587,0.03306027709473888,0.005448548155031645,68.27376108846738,13.179499999999999,0.6955306569354729,14.570561313870945,11.788438686129053,0.2110947022073593,0.8272681049070104,0.4021605453601957,0.028542267236351716,31.781740707245287,24.31178376990171,14.306942162179169,89.5833333333333,83.82936507936509,656590335.0,633788890.4,0.32773523891819306,-0.24380931658299745,-0.40475145750563757,5735029.4,-0.12546660081864097,0.9381373005690258,0.018452803406671384,0.06908456314731226,0.12523459024903194,1.0,5.0,0.008534850640113723,1.0,1078.82,1078.05,0.002855867085899133,0.011446263545527025,0.03695545530621458,0.08946172273550872,0.011542981006253505,-0.0014104212516201642,0.12176164995694339,0.11742225698690878,2.0268102314627554,0.7083103670398312,14.06,14.18,0.008534850640113723,0.027745064401561548,-0.019210213761447825,14.06,14.18,14.06,13.98,-0.005689900426742556,0.040866476877567504,-0.04655637730431006,14.06,14.5,0.031294452347083945,0.05187362642457716,-0.020579174077493212,-0.0015867287,0.005,1
2023-05-31,14.06,14.3,13.95,14.18,6587658,0.0063875088715401596,0.020878329733621248,0.014306151645207432,0.03428154631655711,0.10264385692068423,0.1547231270358307,14.034,13.2745,12.546666666666669,13.711535657064124,13.236056497888892,0.4754791591752312,0.4063352404434262,0.06914391873180498,0.033531675541271594,0.004876157879534907,69.33211873405853,13.2745,0.6959618486218073,14.666423697243614,11.882576302756386,0.20971391724639185,0.8252692664810345,0.39843479212018185,0.028098363337107322,31.795301287555528,26.013240833576678,13.409245572603744,91.99999999999993,85.92460317460315,663177993.0,636526410.7,0.3276478164975891,-0.21598540774162794,-0.41099952519329674,5946819.9,0.23582182042783315,1.107761477693313,0.02468265162200292,0.06821349203359817,0.13018065887353858,2.0,5.0,-0.004267425320056972,0.0,1078.39,1075.17,-0.0026714901906218502,0.012601361851213522,0.024830333994204867,0.08645070384363084,0.00905899906216201,0.021680184465343588,0.12989279304162582,0.12674565606911514,2.111496332487433,0.7188550911313675,14.06,14.33,0.01920341394025593,0.030912317541137435,-0.011708903600881504,14.06,14.0,14.06,13.71,-0.024893314366998598,0.038233900415323374,-0.06312721478232197,14.06,14.41,0.024893314366998487,0.05768069350627614,-0.03278737913927765,-0.0015867287,0.005,1
2023-06-01,14.06,14.09,13.86,14.0,4035364,-0.012693935119887145,-0.0063875088715400485,0.007919366450683807,-0.002138275124732636,0.06626047220106623,0.17746005046257363,14.028,13.38,12.568999999999999,13.755914786746567,13.292644905452677,0.4632698812938898,0.41772216861351896,0.04554771268037083,0.033090705806706415,0.0032534080485979167,64.68451725206612,13.38,0.6320309785880517,14.644061957176104,12.115938042823897,0.18894797566159993,0.7452411436323384,0.39283230696874033,0.028059450497767167,31.409952547418687,24.499647497788136,14.265489051642227,79.99999999999996,87.19444444444441,659142629.0,639213201.35,0.30351093517815486,-0.0029351203242496157,-0.49587248591801975,5997549.55,-0.735174344283373,0.6728354582747883,0.01642857142857146,0.046337817638266054,0.11385153950194926,3.0,6.0,0.008498583569405138,1.0,1076.27,1078.39,0.0029948752290336333,0.012924678057165462,0.03630562842947915,0.07919938478779255,-0.01568881034892078,-0.015062953181898098,0.14115442203309447,0.13620925927712468,2.1014132420783667,0.7129940148098487,14.12,13.86,-0.018413597733710985,0.015799813685792863,-0.03421341141950385,14.12,14.24,14.12,14.3,0.012747875354107707,0.03023455298425559,-0.017486677630147884,14.12,14.36,0.016997167138810276,0.038000719431096064,-0.021003552292285788,-0.0015867287,0.005,1
2023-06-02,14.12,14.3,13.95,14.24,5939812,0.017142857142857126,0.004231311706629048,0.010645848119233525,0.01859799713876975,0.0363901018922852,0.18272425249169455,14.079999999999998,13.49,12.592500000000001,13.830389434939402,13.362819356900628,0.46757007803877393,0.42769175049857,0.03987832754020393,0.03283497739036334,0.002800444349733422,67.78530378838025,13.49,0.575454054135756,14.640908108271512,12.339091891728488,0.17063129848354514,0.8258296620771859,0.38977285647097326,0.02737168935891666,31.556312389983397,26.776637282533176,13.350501718968342,95.91836734693874,89.30612244897956,665082441.0,642116566.9,0.30477295037897795,-0.03725998594324772,-0.5419703487474883,6214124.45,-0.11142783291889796,0.955856621120615,0.024578651685393357,0.055596738324684924,0.13083184435179662,4.0,6.0,-0.028101439342015144,0.0,1084.19,1090.84,0.011544988362280684,0.025456869970670093,0.04857206025127114,0.08592137829508263,0.005597868780576443,-0.006858872831900342,0.1341521922404234,0.12793798092262376,2.1025910570088824,0.7148400947420234,14.59,13.83,-0.052090472926662135,0.006662425013633788,-0.05875289794029592,14.59,14.18,14.59,13.98,-0.04180945853324192,0.013652063261225145,-0.05546152179446706,14.59,14.36,-0.015764222069910905,0.018160334484639273,-0.03392455655455018,-0.0015867287,0.005,1
2023-06-05,14.59,14.59,14.15,14.18,5164186,-0.004213483146067398,0.0128571428571429,0.0,0.020878329733621248,0.025307302964569844,0.14170692431561993,14.138,13.578,12.607666666666665,13.884175675717955,13.42335125638947,0.4608244193284854,0.4343182842645531,0.02650613506393229,0.03249819600341928,0.0018692619932251264,66.21992269588155,13.578,0.5364660189368032,14.650932037873606,12.505067962126393,0.15803977579519904,0.7805396701514645,0.3933605095801894,0.027740515485203766,32.285500184222144,29.903227481661453,12.283828307014351,76.70454545454545,84.20763760049472,659918255.0,644500860.85,0.29533498261915064,0.1515350942693705,-0.29570083295977073,6211471.45,-0.42521520973881777,0.8313949507084991,0.03102961918194637,0.04433642657239645,0.12471247653544149,0.0,6.0,0.0,0.0,1100.2,1097.82,0.006398738586777197,0.021246906919198505,0.04212864520048587,0.0786210740843425,-0.010612221732844596,-0.00036857718557725683,0.09957827911513406,0.09555277035492771,2.0300812911948287,0.6959194667992514,14.18,13.71,-0.03314527503526088,0.014572859753270384,-0.04771813478853126,14.18,14.18,14.18,14.06,-0.008462623413258097,0.004918226529332159,-0.013380849942590256,14.18,14.56,0.026798307475317307,0.02319111991927203,0.003607187556045277,-0.0015867287,0.005,1
2023-06-06,14.18,14.44,14.03,14.18,3726793,0.0,-0.004213483146067398,0.0128571428571429,0.0063875088715401596,0.016487455197132572,0.10522213561964144,14.156,13.645499999999998,12.625166666666667,13.929687110222885,13.479399311471731,0.45028779875115355,0.43751218716187323,0.012775611589280311,0.0317551339034664,0.0009009599146177935,66.21992269588155,13.645499999999998,0.5221360480102789,14.689772096020556,12.60122790397944,0.15305735898582803,0.755919890053961,0.3945490446101759,0.027824333188305777,32.42902359395826,27.68363681679517,13.544513582530143,76.30057803468208,82.97449694538876,659918255.0,646320899.1,0.27930460663461076,0.2963335269991072,0.22672748956766062,5833555.4,-0.9531107351148846,0.6388544797226062,0.028913963328631886,0.039170422483602696,0.12315348972290785,1.0,6.0,0.006320224719101208,1.0,1099.99,1108.31,0.009555300504636488,0.028069199016743207,0.05175702477770283,0.08261422277120399,-0.009555300504636488,-0.021681690145203047,0.05346511084193861,0.05083408960661706,2.0182136458065463,0.6990508249327523,14.24,13.98,-0.018258426966292096,0.009706117822735116,-0.027964544789027213,14.24,14.33,14.24,14.33,0.006320224719101208,4.4977376379540246e-05,0.006275247342721668,14.24,15.15,0.06390449438202239,0.018287801235978174,0.04561669314604422,-0.0015867287,0.005,1
2023-06-07,14.24,14.36,14.12,14.33,3701925,0.010578279266572732,0.010578279266572732,0.006320224719101208,0.010578279266572732,0.04522246535375629,0.11953124999999987,14.186000000000002,13.722,12.650166666666667,13.991273708650134,13.542406769881232,0.4488669387689015,0.4397831374832789,0.009083801285622584,0.03132358260773911,0.000633900996903181,68.33978554954285,13.722,0.5034888803457198,14.72897776069144,12.71502223930856,0.14676836622816494,0.8018934596840145,0.3835098271380205,0.026762723456944908,32.562295331570375,26.446180570402127,12.939074960141884,79.84496124031008,77.61669490984588,663620180.0,648504466.35,0.27846694660192456,0.18252693292087085,0.2261204070693909,5840218.9,-0.970447835890235,0.6338675079456354,0.016748080949057935,0.044308409852791275,0.13279139932280204,2.0,6.0,-0.05003427004797811,0.0,1111.67,1109.54,0.0011097978002545528,0.031967037770771034,0.048456900950617054,0.08250031503373453,0.00946848146631818,-0.021388758504198302,0.07107434904938281,0.06778948088847625,1.9977023600527066,0.6978468085778834,14.59,13.71,-0.06031528444139811,0.00500062957566616,-0.06531591401706427,14.59,13.86,14.59,14.59,0.0,0.00593599913658216,-0.00593599913658216,14.59,14.94,0.0239890335846471,0.020470203083121863,0.0035188305015252386,-0.0015867287,0.005,1
2023-06-08,14.59,14.62,13.86,13.86,6269016,-0.032798325191905175,-0.02256699576868837,-0.02256699576868837,-0.010000000000000009,-0.012116892373485344,0.06044376434582999,14.157999999999998,13.761499999999998,12.667333333333334,13.97107775347319,13.565932194334474,0.40514555913871675,0.4328556218143665,-0.027710062675649738,0.02923128132313974,-0.00199928302133115,56.39725469818393,13.761499999999998,0.48009072607514786,14.721681452150294,12.801318547849702,0.1395460454384037,0.551292388422737,0.4104019823424476,0.029610532636540232,32.68604765935305,22.948025434310892,11.227565375323163,38.21138211382109,64.78564046293776,657351164.0,649935296.0,0.30378412973189206,0.10330056404226969,0.19431741021806082,5714382.9,0.26467013321548283,1.0970591417666464,0.05483405483405482,0.007157649965483515,0.09415293931898305,3.0,6.0,-0.0021645021645021467,0.0,1111.86,1101.32,-0.007408475584476437,0.021263179369244822,0.041811714847888704,0.08883835253846536,-0.02538984960742874,-0.03126317936924483,0.018632049497941283,0.01788427719941854,2.0468708574834853,0.7059637778807849,13.86,14.3,0.031746031746031855,0.012564476797418234,0.01918155494861362,13.86,13.83,13.86,14.65,0.05699855699855716,0.020115854266573585,0.036882702731983574,13.86,14.65,0.05699855699855716,0.020949859941438387,0.03604869705711877,-0.0019378182,0.005,1
2023-06-09,13.86,13.92,13.51,13.83,5402138,-0.0021645021645021467,-0.0348918353105373,-0.024682651622002783,-0.028792134831460703,-0.010729613733905574,0.05171102661596949,14.075999999999999,13.7955,12.696666666666667,13.949373483708085,13.58549277253192,0.36388071117616505,0.41906063968672624,-0.055179928510561194,0.026310969716280913,-0.003989871909657353,55.72782810949272,13.7955,0.45807922780625043,14.7116584556125,12.8793415443875,0.13281989860642962,0.5188286206325162,0.4103732693179871,0.029672687586260817,31.256166308226778,21.310371701631283,16.518340605158382,35.77235772357724,51.276233692569484,651949026.0,650898249.85,0.3041191429657236,0.1736035741297907,0.1929632450311188,5786720.9,-0.18703122572881162,0.9335404442954903,0.029645697758496032,0.002500815483309715,0.08926227356261474,4.0,6.0,-0.006521739130434745,0.0,1103.11,1107.53,0.005638688119711022,0.015300135675259563,0.03808229449807854,0.08583698267659347,-0.007803190284213168,-0.044092270506720266,0.013628732117890952,0.013128758856715272,1.8691754553998743,0.6806521962097792,13.8,13.98,0.01304347826086949,0.0044674220452867175,0.008576056215582772,13.8,13.71,13.8,14.15,0.0253623188405796,0.01722119143263745,0.00814112740794215,13.8,14.56,0.05507246376811592,0.02504818691117383,0.03002427685694209,-0.0019378182,0.005,1
2023-06-12,13.8,13.83,13.48,13.71,4830599,-0.008676789587852451,-0.010822510822510734,-0.04326587578506624,-0.03314527503526088,-0.01295896328293733,0.07109374999999996,13.982,13.841,12.715666666666667,13.912546793906841,13.594715530122148,0.3178312637846936,0.39881476450631975,-0.08098350072162613,0.023182440830393405,-0.005906892831628456,53.01698314933091,13.841,0.3948204122065321,14.630640824413064,13.051359175586935,0.11410170138184587,0.4170508945650258,0.4060608929381309,0.02961786235872581,29.81053930581826,19.998353475286216,16.029072112923846,26.01626016260168,33.33333333333334,647118427.0,651988189.5,0.2873918998937825,0.2741710253867601,0.5680841575695793,5659735.1,-0.40812389187427156,0.8535026665823989,0.025528811086797932,-0.009464634058232724,0.07819749914803253,0.0,6.0,0.01969365426695835,1.0,1110.26,1116.02,0.0076657065722824935,0.016578309741123398,0.04720796464328947,0.08741175123122713,-0.016342496160134945,-0.04972358477638428,0.023885785356710487,0.022809018039551265,1.7952537287107118,0.6322871276043256,13.71,14.06,0.025528811086797942,-0.010765775037362535,0.03629458612416048,13.71,13.98,13.71,14.36,0.04741064916119608,0.013065695390315213,0.03434495377088087,13.71,14.59,0.06418672501823486,0.02827022721781214,0.03591649780042272,-0.0019378182,0.005,1
2023-06-13,13.71,13.98,13.65,13.98,3984954,0.01969365426695835,0.010845986984815648,0.008658008658008809,-0.014104372355430161,-0.007806955287437911,0.06717557251908413,13.941999999999998,13.885,12.747499999999999,13.922924210228866,13.62325512048347,0.29966908974539486,0.3789856295541348,-0.07931653980873993,0.021435557206394482,-0.00567357223238483,57.97091164523179,13.885,0.3549128877554782,14.594825775510957,13.175174224489043,0.10224353986473995,0.5669178291895757,0.4006279720139787,0.028657222604719507,28.93282641734827,21.496099146721132,15.085982376885948,47.96747967479679,36.58536585365858,651103381.0,653003053.05,0.2842535984218729,0.2811209968492384,0.7043835912884518,5584659.0,-0.7743847829272461,0.7135536834030511,0.02360515021459228,0.0068419157364061345,0.09668562463228092,1.0,6.0,-0.024893314366998598,0.0,1117.43,1122.46,0.005770505904912238,0.012767186076097836,0.05305325965606844,0.08784785622354711,0.013923148362046112,-0.026871558431527998,0.014122312863015685,0.013410824888028916,1.717055149678253,0.6020401106708921,14.06,14.33,0.01920341394025593,-0.011417798961371517,0.030621212901627448,14.06,13.71,14.06,14.5,0.031294452347083945,0.008687842356121411,0.022606609990962534,14.06,14.56,0.03556187766714092,0.024196130041971964,0.011365747625168954,-0.0015867287,0.005,1
2023-06-14,14.06,14.15,13.71,13.71,3421163,-0.01931330472102999,0.0,-0.008676789587852451,-0.04326587578506624,-0.03314527503526088,0.0660964230171075,13.818000000000001,13.9275,12.772833333333333,13.890166639424425,13.629680667114325,0.26048597231010007,0.35528569810532784,-0.09479972579522777,0.018999706222472653,-0.006914640831161763,52.05947180079571,13.9275,0.26528782780056065,14.458075655601121,13.39692434439888,0.07619108319527851,0.29503394312958003,0.40344025972726594,0.029426714786817354,28.600404358919775,22.83135018780836,13.910762841228669,20.175438596491286,31.3863928112966,647682218.0,654067160.95,0.28528000176271445,0.27248025412335375,0.6775009105052702,5535414.65,-1.00359225608582,0.6180499955861481,0.032093362509117394,-0.01561658589122239,0.07337186998447232,2.0,6.0,0.04761904761904767,1.0,1124.56,1117.42,-0.004490137733193178,0.007102042287794985,0.05373241296065778,0.08712516810370957,-0.014823166987836811,-0.05036791807286123,0.012364010056449715,0.011733538709045366,1.7645150499556885,0.614792356829026,13.65,14.59,0.06886446886446884,0.001253289885950748,0.0676111789785181,13.65,14.3,13.65,14.41,0.0556776556776557,0.01905895833706328,0.03661869734059242,13.65,14.8,0.08424908424908417,0.03324799026014724,0.05100109398893693,-0.0019378182,0.005,1
2023-06-15,13.65,14.3,13.65,14.3,7136451,0.0430342815463165,0.022889842632331847,0.0430342815463165,0.031746031746031855,0.021428571428571574,0.08910891089108919,13.906,13.986,12.820166666666665,13.953217925666822,13.679333951031783,0.273883974635039,0.3390053534112701,-0.06512137877623109,0.019152725498953777,-0.004553942571764411,61.33733322700582,13.986,0.2015048647713102,14.389009729542622,13.58299027045738,0.057630448955043746,0.889568758496676,0.42105166974674696,0.029444172709562722,28.682332724321128,22.858429045921056,12.376849327506301,71.9298245614036,46.690914277563905,654818669.0,655197906.05,0.3127551669040621,0.4558211720943563,0.36988466496189243,5602051.85,0.7181887743007841,1.273899490951695,0.04545454545454548,0.022451022451022373,0.11543011661314861,3.0,6.0,-0.03185595567867028,0.0,1117.06,1116.97,-0.00040271339335262724,0.014210220462717471,0.04554857672398471,0.08584084058022011,0.04343699493966913,0.017535811283314384,0.043560334167104475,0.041662659331995755,1.4425110695439036,0.47590970721734294,14.44,14.65,0.01454293628808867,0.00301269252709635,0.01153024376099232,14.44,13.98,14.44,14.36,-0.005540166204986208,0.0030929121505989254,-0.008633078355585133,14.44,14.82,0.026315789473684292,0.038772818026240774,-0.012457028552556482,-0.0015867287,0.005,1
2023-06-16,14.44,14.44,13.98,13.98,5869684,-0.02237762237762242,0.01969365426695835,0.0,0.010845986984815648,-0.018258426966292096,0.017467248908296984,13.936000000000002,13.998000000000001,12.860833333333334,13.957338244795004,13.701605510214614,0.2557327345803895,0.322350829645094,-0.06661809506470451,0.018292756407753182,-0.00476524285155254,55.107989646495724,13.998000000000001,0.19305303334679264,14.384106066693587,13.611893933306416,0.05516589036913639,0.47669034294883855,0.42383369333626497,0.03031714544608476,29.0980128695502,23.445775770030593,11.41735055978431,43.85964912280706,45.32163742690066,648948985.0,655445715.3,0.2843086715164548,0.3047803943464381,0.3482366397827739,5306084.4,0.35923152159014804,1.1062176093542726,0.032904148783977044,-0.001285897985426554,0.08702131795503143,4.0,6.0,0.004285714285714226,1.0,1121.92,1115.22,-0.0015667385874285067,0.006943378508934339,0.045123562652871874,0.08606620124124921,-0.020810883790193913,0.0039026084758813084,-0.02765631374457489,-0.02646224306183853,1.5114341135121543,0.48243196047994075,14.0,14.15,0.010714285714285676,0.012279506668578799,-0.0015652209542931228,14.0,14.06,14.0,14.36,0.02571428571428558,0.0040334145991682835,0.021680871115117295,14.0,14.74,0.052857142857142936,0.04725369281514413,0.005603450041998803,-0.0019378182,0.005,1
2023-06-19,14.0,14.3,13.95,14.06,4909661,0.005722460658083017,-0.016783216783216814,0.025528811086797942,0.025528811086797942,-0.008462623413258097,0.016630513376717282,14.006,14.0095,12.902333333333333,13.973132360980388,13.728153250198718,0.24497911078167078,0.30687648587240934,-0.06189737509073856,0.017423834337245432,-0.004402373761787949,56.302791214134785,14.0095,0.1893333178902866,14.388166635780573,13.630833364219425,0.0540585510946963,0.5666813434670602,0.4185598580979604,0.029769548940110982,29.336265661043452,22.04539209034771,11.24736758522913,50.8771929824562,55.555555555555635,653858646.0,655723365.4,0.28411015513366583,0.3124630673487882,0.3623248631492911,5335925.25,-0.27419043491725303,0.9201142763384851,0.024893314366998678,0.0036046968128771173,0.08972537267160985,0.0,6.0,0.010578279266572732,1.0,1115.68,1105.4,-0.008805437492154011,-0.00951595849536735,0.03246656205634002,0.09437135125817842,0.014527898150237029,0.03504476958216529,-0.01583604867962274,-0.015338074143614322,1.4571835612350106,0.4720417816387406,14.18,14.36,0.012693935119887145,0.02376667420302958,-0.011072739083142435,14.18,14.33,14.18,14.56,0.026798307475317307,0.017861180194438164,0.008937127280879142,14.18,14.91,0.0514809590973202,0.06093601627854417,-0.00945505718122397,-0.0019378182,0.005,1
2023-06-20,14.18,14.41,14.0,14.33,3751421,0.01920341394025593,0.025035765379112895,0.002097902097901949,0.025035765379112895,0.010578279266572732,0.027240143369175795,14.075999999999999,14.0285,12.945833333333333,14.028035074675714,13.772734490924739,0.25530058375097475,0.2965613054481224,-0.04126072169714767,0.01781581184584611,-0.0028793246125015824,60.1570160561602,14.0285,0.2017104490683189,14.431920898136637,13.625079101863362,0.05751447384062981,0.8736792037703058,0.41794843966239187,0.029165976249992454,29.83377672302409,22.380599064090646,10.459262732311158,74.56140350877199,56.432748538011765,657610067.0,655859189.4,0.29028423116873725,0.2505209077814593,0.06741825741087298,5194099.15,-0.9225723037116116,0.7222467056679116,0.028611304954640624,0.021491962790034735,0.10691985838429363,1.0,6.0,0.012491325468424685,1.0,1105.75,1111.72,0.005717387371087401,-0.009568269693352116,0.04303607449453506,0.09256563225185312,0.01348602656916853,0.03460403507246501,-0.015795931125359264,-0.015144184857665777,1.4712663800661887,0.4758627286446055,14.41,14.5,0.006245662734212232,0.019411717128144268,-0.013166054393932036,14.41,14.59,14.41,15.15,0.051353226925745954,0.017317768012006463,0.03403545891373949,14.41,14.85,0.03053435114503822,0.0551436556936542,-0.024609304548615984,-0.0015867287,0.005,1
2023-06-21,14.41,14.82,14.33,14.59,8039021,0.018143754361479303,0.03769559032716918,0.043633762517882646,0.06418672501823486,0.018143754361479303,0.06418672501823486,14.252,14.0725,12.993166666666667,14.114491217033295,13.833272676782165,0.28121854025113,0.29349275240872397,-0.012274212157593944,0.01927474573345648,-0.0008412756790674397,63.49602635736738,14.0725,0.2233919142865353,14.519283828573071,13.625716171426928,0.06349743522090195,1.0791391349735961,0.4230949796865068,0.028998970506271884,31.1458903340185,27.450974663720274,9.594033379076727,82.83582089552236,69.42480579558352,665649088.0,656607645.9,0.2871716649733362,0.042189356794654305,0.09635081926664565,5385368.75,1.5909237856775875,1.492752190831872,0.03358464701850584,0.03677384970687503,0.12289793352916267,2.0,6.0,-0.002043596730245234,0.0,1112.73,1118.46,0.006062677652646453,0.0009307153979702942,0.05337213573305455,0.09078727701326438,0.01208107670883285,0.06325600962026456,0.01081458928518031,0.010266636944648466,1.4907030723470613,0.482482178748497,14.68,14.41,-0.018392370572207106,0.010779517141563222,-0.029171887713770328,14.68,14.65,14.68,14.94,0.017711171662125436,0.007467523818825761,0.010243647843299675,14.68,14.62,-0.004087193460490468,0.041528666944885995,-0.04561586040537646,-0.0015867287,0.005,1
2023-06-22,14.68,14.94,14.5,14.65,6775298,0.004112405757368043,0.022330774598743997,0.041963015647226154,0.02447552447552437,0.05699855699855716,0.044191019244476104,14.322,14.1035,13.04,14.196877183643558,13.893770997020523,0.3031061866230349,0.29541543925158614,0.007690747371448758,0.020689842090309548,0.0005249656908838743,64.24078653369796,14.1035,0.25758544826537483,14.61867089653075,13.58832910346925,0.07305575162629838,1.0304065152750534,0.42430248113747054,0.02896262669880345,32.57005595778118,27.437771675029826,8.883392322880033,80.13698630136992,79.17807023522143,672424386.0,657192681.9,0.2772889284345581,0.14182110842904153,0.530716785065685,5221948.25,1.1866065710949742,1.297465557993609,0.03003412969283273,0.03874924664090473,0.12346625766871178,3.0,6.0,-0.030157642220699055,0.0,1126.21,1125.3,0.0061155517407862625,0.007457675676159514,0.05698693442792324,0.09163304878276354,-0.0020031459834182197,0.017017848799364854,-0.012795915183447137,-0.012106029664759044,1.476839886063771,0.47922843882754745,14.59,14.36,-0.015764222069910905,-0.0008966619318181435,-0.014867560138092761,14.59,14.15,14.59,14.65,0.004112405757368043,-0.00015980113636371307,0.004272206893731756,14.59,14.53,-0.004112405757368043,0.04120205965909074,-0.04531446541645878,-0.0015867287,0.005,1
2023-06-23,14.59,14.65,14.06,14.15,13812023,-0.03412969283276446,-0.030157642220699055,-0.012561060711793415,0.012160228898426384,0.02313810556760676,0.012160228898426384,14.356,14.112,13.078000000000001,14.189665309236856,13.91275092316715,0.27691438606970564,0.29171522861521004,-0.0148008425455044,0.019569921277010998,-0.0010459959396116184,54.29886187002865,14.112,0.25609619903089825,14.624192398061796,13.599807601938204,0.07258962557565132,0.537095435371354,0.43613801819907977,0.030822474784387262,31.94919427208158,24.786532746596617,15.231120550475975,45.89041095890414,69.62107271859881,658612363.0,657289329.9,0.30565108634229204,-0.02366221814546758,0.08244336469222623,5710336.25,3.528065978151424,2.418775776995619,0.041696113074204934,0.0026927437641723895,0.08196972014069415,4.0,6.0,0.012693935119887145,1.0,1126.4,1129.38,0.003625699813383232,0.012697046322698746,0.06168684665714075,0.09066487857600265,-0.03775539264614769,-0.0005368174242723622,-0.049526617758714364,-0.046648988743390185,1.4241400394807513,0.44573322714781816,14.18,14.36,0.012693935119887145,-0.00876044173863788,0.021454376858525026,14.18,14.36,14.18,14.56,0.026798307475317307,0.007070295908254254,0.019728011567063053,14.18,14.71,0.03737658674189004,0.04939473311623965,-0.012018146374349614,-0.0015867287,0.005,1
2023-06-26,14.18,14.36,13.95,14.36,5571128,0.014840989399293125,-0.01979522184300353,-0.015764222069910905,0.021337126600284417,0.04741064916119608,0.03383729301655869,14.416,14.135500000000002,13.119499999999999,14.21587064627734,13.945880484414028,0.26999016186331204,0.2873702152648305,-0.017380053401518436,0.018801543305244573,-0.00121031012545393,57.28862733579713,14.135500000000002,0.25621691057253576,14.647933821145074,13.62306617885493,0.07250310511054743,0.7190526764005694,0.43427101689914555,0.03024171426874273,30.963532986568055,23.115015910558462,16.01325895668848,60.2739726027397,62.10045662100459,664183491.0,657937999.95,0.3083071462902367,-0.18066096396712458,0.001885350763091885,5715427.0,-0.06285062727591699,0.9747527175134946,0.028551532033426193,0.015881999221817322,0.09455390830443244,0.0,6.0,0.0020732550103661485,1.0,1130.08,1132.03,0.002346420159733631,0.02409082685000885,0.05307075480474044,0.08618852510413944,0.012494569239559494,-0.0027537002497244334,-0.01923346178818175,-0.018264168575973794,1.4320333942609882,0.4468670705333076,14.47,14.56,0.0062197650310988895,-0.007976730862456427,0.014196495893555316,14.47,14.5,14.47,14.59,0.008293020041465038,0.012753955312678977,-0.004460935271213939,14.47,15.06,0.04077401520387003,0.04950861575073828,-0.008734600546868254,-0.0015867287,0.005,1
2023-06-27,14.47,14.82,14.36,14.5,4165044,0.009749303621169991,0.02473498233215543,-0.010238907849829393,0.011863224005582707,0.03719599427753928,0.02909865152590485,14.45,14.156,13.164833333333332,14.259582854542364,13.986926374457433,0.2726564800849314,0.2844274682288507,-0.011770988143919303,0.018803895178271128,-0.0008117922857875381,59.204707104121006,14.156,0.26849286964984176,14.692985739299685,13.619014260700316,0.07586687472445382,0.8203064577176954,0.4361088014063495,0.030076469062506862,31.055905687172537,28.907655035587503,14.806794112476156,69.86301369863016,58.67579908675801,668348535.0,658525909.95,0.3062307910719702,-0.15628316886151983,0.07748236252107632,5654666.95,-0.6417519200906557,0.7365675179154451,0.03172413793103454,0.024300649901102034,0.10141918494980318,1.0,6.0,-0.012337217272104128,0.0,1134.55,1134.33,0.002031748275222345,0.020337854855539073,0.05220537080840404,0.08620608152067916,0.0077175553459476465,-0.008474630849956366,-0.02310671928249919,-0.021960274983909622,1.447073604937358,0.45223674757953725,14.59,15.15,0.03838245373543536,-0.004555127596334807,0.04293758133177017,14.59,14.41,14.59,14.56,-0.0020562028786840214,0.012829982940255613,-0.014886185818939635,14.59,15.06,0.03221384509938319,0.05163650433528555,-0.019422659235902362,-0.0015867287,0.005,1
2023-06-28,14.59,14.62,14.3,14.41,3332149,-0.006206896551724128,0.0034818941504177747,0.018374558303887012,-0.012337217272104128,0.051057622173595885,0.016220028208744797,14.414000000000001,14.167499999999999,13.206833333333334,14.282723953843538,14.018265161534659,0.26445879230887925,0.2804337330448564,-0.01597494073597716,0.018352449153981903,-0.0011086010226215935,57.42133289101523,14.167499999999999,0.27443482593210544,14.716369651864209,13.618630348135788,0.07748292244421535,0.7209085519452219,0.4278153155916102,0.029688779707953517,30.91838019661919,27.363188587723887,15.017470114483269,63.698630136986324,64.61187214611874,665016386.0,658617829.6,0.30688841812397305,-0.051411682793244054,0.03123076991161332,5491891.5,-0.912814258307181,0.6067397726266078,0.022206800832754926,0.01711664019763548,0.09110182859883142,2.0,6.0,-0.0116999311768754,0.0,1137.18,1138.35,0.003543942239030873,0.017783380719918362,0.05876280030134762,0.08399669552237327,-0.009750838790755001,-0.03012059799202249,-0.04254277209260282,-0.04018158938007099,1.4296035307895858,0.4451022977151027,14.53,14.94,0.02821748107364086,-0.0042126696038337075,0.03243015067747457,14.53,14.36,14.53,14.8,0.018582243633860962,0.012971511821804116,0.005610731812056846,14.53,15.18,0.04473503097040599,0.05390461813905301,-0.00916958716864702,-0.0015867287,0.005,1
2023-06-29,14.53,14.59,14.36,14.36,5796843,-0.00346981263011803,-0.0096551724137931,0.0,-0.01979522184300353,0.00419580419580412,0.02571428571428558,14.356,14.1855,13.239666666666666,14.294612576329147,14.043578853272832,0.2510337230563149,0.27455373104714814,-0.023520007990833258,0.017481457037347835,-0.0016378835648212576,56.40481597405205,14.1855,0.27467636458809297,14.734852729176186,13.636147270823813,0.07745271286541706,0.6588232757682678,0.4136856501922095,0.028808192910320995,30.79067795539108,26.27652266634608,14.421085926785205,60.2739726027397,64.61187214611874,659219543.0,658621675.3,0.3031603970178271,-0.11311240202569703,0.200030225958328,5579965.45,0.09261885678551829,1.0388671851005815,0.016016713091922034,0.012301293574424665,0.08461945164782603,3.0,6.0,0.0,0.0,1139.42,1125.39,-0.01138489919620489,7.997867235420841e-05,0.043583490202987685,0.09805171762770425,0.00791508656608686,-0.019875200515357738,-0.017869204488702106,-0.017122927543848365,1.2155495050918954,0.3923320267131059,14.36,14.65,0.020194986072423537,0.0017077292537579503,0.018487256818665587,14.36,14.36,14.36,14.82,0.03203342618384397,0.03657386818464836,-0.00454044200080439,14.36,15.12,0.052924791086351064,0.06495597260517649,-0.012031181518825429,-0.0015867287,0.005,1
2023-06-30,14.36,14.41,14.24,14.36,2742114,0.0,-0.00346981263011803,-0.0096551724137931,0.014840989399293125,0.027181688125894166,0.008426966292134797,14.398,14.1915,13.273,14.304672179970817,14.067017456734103,0.2376547232367141,0.26717392948506136,-0.02951920624834725,0.016549771813141653,-0.0020556550312219534,56.40481597405205,14.1915,0.2772282927768414,14.745956585553682,13.637043414446318,0.0781392503334647,0.6519505804333943,0.3962795323213374,0.02759606771039954,30.192675192998568,25.471353499320426,16.142168181257997,55.03875968992245,59.67045414321617,659219543.0,658328530.4,0.29743911888751534,-0.0015927525447633295,0.44293503194488965,5420080.55,-1.1050052421641385,0.5059175734943644,0.011838440111420608,0.011873304442800325,0.08189557748813381,4.0,6.0,0.008310249307479367,1.0,1124.3,1120.18,-0.00462950621562308,-0.00814606244133953,0.02689670345788575,0.09423925221845536,0.00462950621562308,0.022987051840632655,-0.018469737165750955,-0.017985973763045005,1.2024091653492759,0.39097404461610535,14.44,14.56,0.008310249307479367,0.011123450757407394,-0.0028132014499280267,14.44,14.56,14.44,14.74,0.020775623268698196,0.03807027675358721,-0.01729465348488901,14.44,15.5,0.07340720221606656,0.0729598862778198,0.00044731593824676175,-0.0015867287,0.005,1
2023-07-03,14.44,14.62,14.33,14.56,3061974,0.013927576601671321,0.013927576601671321,0.010409437890353868,0.013927576601671321,0.03556187766714092,0.026798307475317307,14.437999999999999,14.2105,13.306666666666667,14.343953383052229,14.103534682161206,0.24041870089102346,0.2618228837662538,-0.021404182875230326,0.016512273412845016,-0.0014700675051669179,59.713323596177034,14.2105,0.2891634940928068,14.788826988185614,13.632173011814386,0.0813943194378261,0.8021646984662497,0.3886881371555275,0.02669561381562689,30.131792610396097,27.973048336733015,15.281906568434875,70.54263565891479,61.95178931719232,662281517.0,658446693.5,0.30051103815863855,-0.13996742551072977,0.31433261348965275,5314969.95,-0.9084304491372365,0.5761037275478857,0.019917582417582357,0.024594489989796298,0.094188376753507,0.0,7.0,0.03838245373543536,1.0,1125.55,1125.5,0.0047492367298112015,-0.005768398364000893,0.025213605144741358,0.09324258418207826,0.00917833987186012,0.019695974965672214,0.001584702330575949,0.0015457289316329614,1.2077695816542013,0.3943360236774975,14.59,14.59,0.0,0.019439096450213356,-0.019439096450213356,14.59,15.15,14.59,14.91,0.02193283070596297,0.04083008756909279,-0.01889725686312982,14.59,15.35,0.052090472926662024,0.08498726832341141,-0.03289679539674939,-0.0015867287,0.005,1
2023-07-04,14.59,15.21,14.5,15.15,10160616,0.0405219780219781,0.05501392757660173,0.05501392757660173,0.04482758620689653,0.057222609909281186,0.0684062059238364,14.568000000000001,14.259,13.354000000000001,14.467960554890348,14.181050631630747,0.28690992325960174,0.2668402916649234,0.02006963159467834,0.018937948730006714,0.001324728158064577,67.53958560794986,14.259,0.35713627061619113,14.973272541232383,13.544727458767618,0.10018550266251247,1.1237115026588433,0.41163898450156133,0.02717089006610966,31.14808909840471,34.764563848856525,13.399162209542196,96.15384615384612,73.91174716756113,672442133.0,659072887.4,0.3307433355371361,-0.04579788862172534,-0.07947063777376442,5636661.1,1.6924547648382164,1.8025948020894853,0.04686468646864692,0.062486850410267136,0.13449153811592018,1.0,7.0,-0.011904761904761862,0.0,1127.11,1132.0,0.005775211017325699,-0.0020540759743636894,0.02137488608782756,0.08968088505477119,0.0347467670046524,0.04688166218126022,0.047031319836008834,0.04604706898184352,1.2412519109937115,0.3872618260277163,15.12,14.56,-0.03703703703703698,0.013311162725225145,-0.050348199762262125,15.12,14.94,15.12,14.85,-0.017857142857142794,0.03294798704954949,-0.05080512990669228,15.12,14.94,-0.011904761904761862,0.07119228603603589,-0.08309704794079775,-0.0015867287,0.005,1
2023-07-05,15.12,15.18,14.94,14.94,3886860,-0.013861386138613874,0.026098901098901006,0.04038997214484685,0.03678001387925045,0.0239890335846471,0.042568039078855424,14.674000000000001,14.289499999999999,13.399833333333333,14.54058200798414,14.237269103361802,0.30331290462233795,0.27413481425640635,0.029178090365931608,0.02030206858248581,0.0019530180967825708,62.85887778160638,14.289499999999999,0.38821419752252756,15.065928395045054,13.513071604954943,0.10867117744428503,0.918905338954182,0.39937905703716414,0.026732199266209112,32.091792980126996,33.272337500995654,12.824019573630824,78.5714285714285,81.75597012806314,668555273.0,659319642.05,0.33517304541647447,0.11433221896850089,-0.2214091152131078,5645907.85,-0.6597385850345434,0.6884384413039969,0.016064257028112466,0.04552293642184835,0.11493924053781757,2.0,7.0,-0.019410977242302452,0.0,1136.64,1134.62,0.002314487632508744,-0.0032766723766856076,0.022603962002271105,0.08978928498267079,-0.016175873771122617,0.04005668625593606,0.01996407707658432,0.019522784790990233,1.2151248403822503,0.37758955655427273,14.94,14.8,-0.009370816599732157,0.018082385110699484,-0.02745320171043164,14.94,14.65,14.94,14.62,-0.021419009370816644,0.03464761400723293,-0.056066623378049574,14.94,15.18,0.016064257028112428,0.07650172003175437,-0.060437463003641945,-0.0015867287,0.005,1
2023-07-06,14.94,15.03,14.41,14.65,6607155,-0.019410977242302452,-0.03300330033003296,0.006181318681318659,0.020194986072423537,0.0,0.05699855699855716,14.732,14.329000000000002,13.440833333333334,14.55741554521735,14.26784176237204,0.2895737828453093,0.27722260797418696,0.012351174871122361,0.01976612852186412,0.0008430836089503318,56.985586373187836,14.329000000000002,0.3823597093949406,15.093719418789883,13.564280581210122,0.10673730459765236,0.7098809001790225,0.4151376958202238,0.028337044083291726,31.098601350711913,29.722938718320314,20.575166846644386,55.55555555555558,76.76027676027674,661948118.0,659549489.75,0.3195872413436795,0.257512638928332,-0.1462134541660552,5662814.8,0.3534860681162042,1.1667616253316284,0.04232081911262793,0.0224021215716379,0.08996217992435973,3.0,7.0,0.002064693737095835,1.0,1133.7,1126.22,-0.007403359715146829,0.0007375221034484625,0.022609232557294856,0.08978283155278055,-0.012007617527155623,0.019457463968975075,0.0343893244412623,0.03362899859143953,1.2784372629288068,0.396796178470538,14.53,14.82,0.019958706125258185,0.035947305729879586,-0.0159885996046214,14.53,14.56,14.53,14.53,0.0,0.04251631140109158,-0.04251631140109158,14.53,14.77,0.01651754989676535,0.07641913634020159,-0.05990158644343624,-0.0015867287,0.005,1
2023-07-07,14.53,14.68,14.41,14.56,3912286,-0.006143344709897636,-0.025435073627844695,-0.038943894389438904,0.013927576601671321,0.028975265017667784,0.052783803326102774,14.772,14.3655,13.477,14.55781315364545,14.289483113307444,0.26833004033800556,0.27544409444695067,-0.0071140541089451115,0.018429261012225657,-0.0004886026173726038,55.259929492892184,14.3655,0.3667420576403325,15.098984115280667,13.632015884719335,0.10211745018003768,0.6325863750475188,0.40477071754735067,0.02780018664473562,30.176351980540765,28.306758942948438,19.594842005979828,48.41269841269845,60.84656084656084,658035832.0,659853830.05,0.3207445573707495,0.2831541523012912,-0.17925696848511935,5588322.2,-0.6208048611467507,0.7000823968238624,0.018543956043956013,0.013539382548466872,0.08035913037026043,4.0,7.0,-0.015519568151147078,0.0,1124.98,1138.07,0.01052192289250753,0.015970647574496732,0.02757487381831636,0.09457781621361724,-0.016665267602405165,-0.0020430709728254115,0.025208929507786415,0.024532450286677276,1.1611260227698903,0.3690636639903434,14.82,14.74,-0.005398110661268607,0.022571131007080414,-0.02796924166834902,14.82,14.59,14.82,14.71,-0.007422402159244279,0.03788694305143503,-0.04530934521067931,14.82,15.15,0.022267206477732726,0.07296452857930547,-0.05069732210157274,-0.0015867287,0.005,1
2023-07-10,14.82,14.91,14.56,14.59,6555201,0.002060439560439553,-0.004095563139931757,-0.023427041499330614,0.002060439560439553,0.016016713091921986,0.06418672501823486,14.778,14.4095,13.513666666666667,14.562764976161535,14.311743623432818,0.25102135272871706,0.27055954610330396,-0.0195381933745869,0.01720502760306491,-0.0013391496487036943,55.74105010140482,14.4095,0.3354098043323449,15.08031960866469,13.73868039133531,0.0931079646989403,0.6345369139993517,0.4008585234368256,0.027474881661194352,29.808624790597808,30.639722107272473,18.37278728714909,50.79365079365078,51.5873015873016,664591033.0,660727460.35,0.3179150926127992,0.212313755859892,-0.09978162200894423,5674552.3,0.325943448587068,1.1551926307913314,0.023989033584646994,0.012526458239356053,0.07964776399200812,0.0,7.0,-0.006143344709897636,0.0,1142.61,1149.02,0.00962155227710082,0.020897378942692058,0.029569362556226553,0.09653695333364314,-0.007561112716661267,-0.018836939382252504,0.034617362462008305,0.03362314742550221,1.1159135522158692,0.361071954757601,14.65,14.91,0.01774744027303754,0.019111655503722513,-0.001364215230684973,14.65,14.56,14.65,15.06,0.027986348122866822,0.03439229279056222,-0.006405944667695396,14.65,15.18,0.036177474402730336,0.07843597161050453,-0.04225849720777419,-0.0015867287,0.005,1
2023-07-11,14.65,14.77,14.53,14.56,4753895,-0.0020562028786840214,0.0,-0.006143344709897636,-0.038943894389438904,0.0041379310344829,0.0414878397711016,14.66,14.4385,13.551166666666667,14.562339595213606,14.330132984660017,0.2322066105535896,0.2628889589933611,-0.030682348439771523,0.015948256219339943,-0.002107304151083209,55.1029093072793,14.4385,0.3210881990654624,15.080676398130924,13.796323601869075,0.08895333976949472,0.5946001755542798,0.3893686289056238,0.02674235088637526,29.363485423642167,29.290737263634423,18.114224203171467,48.41269841269845,49.20634920634924,659837138.0,661164148.2,0.3123701430752085,0.37327053372754776,0.19341797250967457,5712999.35,-0.3576166296918953,0.8321189464164739,0.016483516483516498,0.008415001558333746,0.07444623464154376,1.0,7.0,0.008174386920980936,1.0,1151.13,1151.77,0.0023933438930567874,0.017464664310953948,0.026112289079343487,0.09528033745085485,-0.004449546771740809,-0.05640855870039285,0.01537555069175811,0.01498427692114812,1.1045797565251148,0.3548306532094864,14.68,14.85,0.011580381471389734,0.01708291102506121,-0.005502529553671476,14.68,14.8,14.68,15.06,0.02588555858310637,0.035976333411298134,-0.010090774828191762,14.68,15.29,0.04155313351498635,0.07611077903964936,-0.034557645524663005,-0.0015867287,0.005,1
2023-07-12,14.68,14.91,14.65,14.8,4256476,0.016483516483516425,0.014393420150788261,0.016483516483516425,-0.009370816599732157,0.02706453851492019,0.07950401167031362,14.632000000000001,14.493,13.597666666666667,14.598902734411514,14.364937948759275,0.23396478565223866,0.25710412432513663,-0.02313933867289797,0.015808431462989096,-0.0015634688292498627,59.13362485134825,14.493,0.2809214162455651,15.054842832491131,13.93115716750887,0.07753299282289804,0.7732080772827575,0.3865565839837935,0.026118688107013073,29.251075388442782,29.983343674964804,16.94271238875034,67.46031746031748,55.55555555555558,664093614.0,661984718.0,0.305411664155771,0.19413081345799327,0.2933072627482218,5754765.0,-0.5652454491858003,0.7396437560873468,0.01756756756756755,0.021182639895121813,0.08842203319196917,2.0,7.0,-0.006036217303822977,0.0,1154.37,1154.2,0.002109796226677174,0.01725687895506889,0.03291510801668118,0.09280249577297738,0.01437372025683925,-0.026627695554801045,0.04658890365363244,0.04510429104197011,1.0158714139828178,0.31900743234479506,14.91,14.62,-0.019450033534540667,0.011294271821222779,-0.030744305355763446,14.91,14.82,14.91,15.18,0.01810865191146882,0.035313997999792957,-0.017205346088324136,14.91,15.12,0.014084507042253502,0.06389454081456702,-0.04981003377231352,-0.0015867287,0.005,1
2023-07-13,14.91,15.03,14.71,14.82,3777811,0.0013513513513512265,0.017857142857142794,0.015764222069911016,0.011604095563140016,0.03203342618384397,0.036363636363636376,14.666,14.519,13.646000000000003,14.632917698348203,14.39864624885118,0.2342714494970224,0.2525375893595138,-0.018266139862491426,0.015807790114508932,-0.001232533054149219,59.46024912963943,14.519,0.2861339399286572,15.091267879857314,13.946732120142686,0.07883020591739295,0.7629887248564865,0.3818025422706653,0.02576265467413396,29.396456086276363,30.43333881226165,15.92841322993905,69.04761904761904,61.64021164021167,667871425.0,662637355.8,0.26835860843326825,-0.020467064278232864,0.7001773562712613,5586833.0,-0.6788333503393825,0.676199020088841,0.021592442645074122,0.02073145533438936,0.0860325370071815,3.0,7.0,-0.005398110661268607,0.0,1159.88,1165.42,0.009721018887541177,0.034806698513611956,0.043376276891948784,0.09672626603644888,-0.00836966753618995,-0.02320260295047194,-0.007012640528312408,-0.0067211040576865555,0.9671987127315205,0.30998134830680396,14.82,14.53,-0.019568151147098534,0.0030875812521380386,-0.022655732399236572,14.82,14.74,14.82,15.12,0.020242914979756943,0.02405918576804633,-0.0038162707882893887,14.82,15.03,0.014170040485829816,0.043970236058843426,-0.02980019557301361,-0.0015867287,0.005,1
2023-07-14,14.82,14.97,14.56,14.74,5146896,-0.005398110661268607,-0.004054054054054124,0.012362637362637319,0.012362637362637319,0.026462395543175532,0.05436337625178833,14.701999999999998,14.556999999999999,13.690499999999998,14.649391898602326,14.423931711899241,0.22546018670308499,0.24712210882822808,-0.02166192212514309,0.015295806424904001,-0.0014696012296569261,57.48121642813666,14.556999999999999,0.2600627454655775,15.077125490931154,14.036874509068843,0.07146053320480257,0.6759190841352397,0.3838166463941892,0.02603912119363563,28.957579394275935,28.11123508489781,17.50456584925636,51.546391752577286,62.68477608683795,662724529.0,663326133.0,0.2543695102354981,-0.0024226230520425682,1.3110957516829647,5550693.6,-0.15147550786591046,0.9272527671136451,0.027815468113975585,0.0125712715532047,0.07665899711478774,4.0,7.0,0.009478672985782088,1.0,1169.2,1168.4,0.0025570180707383816,0.0266503817867092,0.04768565843510708,0.09573106463962079,-0.007955128732006989,-0.01428774442407188,0.00667771781668125,0.006373779924271794,0.9655957002935232,0.30948615714354505,14.77,14.71,-0.004062288422477911,0.012075954768508756,-0.016138243190986667,14.77,14.91,14.77,15.5,0.049424509140149064,0.030655003200341424,0.01876950593980764,14.77,14.94,0.011509817197020933,0.05159803712395994,-0.040088219926939006,-0.0015867287,0.005,1
2023-07-17,14.77,15.06,14.65,14.91,5521251,0.011533242876526462,0.006072874493927127,0.007432432432432412,0.02193283070596297,0.024038461538461453,0.060455192034139404,14.766,14.5995,13.737833333333333,14.689485452663506,14.459936770277075,0.22954868238643122,0.24360742353986872,-0.014058741153437498,0.015395619207674797,-0.0009429068513371897,60.490553333491185,14.5995,0.24349375870124296,15.086487517402487,14.112512482597515,0.06671290351073478,0.8187966723009213,0.3856868859374614,0.025867665052814313,28.75857499108008,27.643496972363245,16.17542106148176,69.07216494845356,63.22205858288331,668245780.0,664045489.7,0.2560938562954874,-0.05340384828409617,1.1900598734554102,5581273.1,-0.02255176433161223,0.989245804868427,0.027498323272971168,0.021267851638754776,0.08532398364613547,0.0,7.0,-0.010000000000000009,0.0,1171.75,1173.13,0.004048271140020487,0.02098309864058079,0.06127193776008677,0.08627214050296038,0.007484971736505974,0.0009497320653821806,-0.0008167457259473654,-0.0007695913713418046,0.9873134337015669,0.31175872335401494,15.0,15.06,0.0040000000000000036,0.01490756288195838,-0.010907562881958377,15.0,14.85,15.0,15.35,0.023333333333333206,0.04233611482829458,-0.019002781494961374,15.0,15.03,0.0020000000000000018,0.054217843048677494,-0.05221784304867749,-0.0015867287,0.005,1
2023-07-18,15.0,15.18,14.82,14.85,3227633,-0.004024144869215318,0.00746268656716409,0.002024291497975561,0.019917582417582347,-0.01980198019801982,0.03628750872295883,14.824000000000002,14.625499999999999,13.785166666666667,14.714179998407582,14.488830342849143,0.2253496555584391,0.2399558699435828,-0.014606214385143701,0.01517506098036627,-0.0009835834602790372,58.905894600607674,14.625499999999999,0.24095151292135267,15.107403025842704,14.143596974157294,0.06589901553351404,0.7329306810300861,0.3838521083704999,0.025848626826296288,28.846897832866546,28.024659598966018,15.091828215034905,62.88659793814423,61.16838487972504,665018147.0,664415893.7,0.24987390537783677,0.12052736508815155,1.6009893859621493,5555083.7,-0.8674904776567418,0.5810232886319967,0.024242424242424204,0.015349902567433737,0.0772448646492001,1.0,7.0,-0.019450033534540667,0.0,1173.23,1174.09,0.0008183236299470487,0.01937886904503494,0.05610225596373186,0.08597151403190946,-0.004842468499162367,0.0005387133725474058,-0.019814747240773034,-0.018762148389401268,0.9849739508467271,0.31102278500106517,14.91,15.06,0.010060362173038184,0.015626326963906756,-0.005565964790868572,14.91,14.62,14.91,14.94,0.002012072434607548,0.03402123142250524,-0.03200915898789769,14.91,14.97,0.004024144869215318,0.04802547770700638,-0.04400133283779106,-0.0019378182,0.005,1
2023-07-19,14.91,14.91,14.53,14.62,5834548,-0.015488215488215551,-0.019450033534540667,-0.008141112618724633,-0.01216216216216226,-0.021419009370816644,0.0020562028786839104,14.788,14.627,13.830666666666666,14.699690767883338,14.498546613749207,0.20114415413413056,0.23219352678169236,-0.0310493726475618,0.013758150077573911,-0.002123760099012435,53.157172291835046,14.627,0.24081222210662562,15.108624444213252,14.14537555578675,0.06585416616028593,0.49273292698895693,0.3835769577726071,0.026236454020014167,27.82602241765888,26.041565159745616,19.424187603391314,39.17525773195864,57.04467353951882,659183599.0,664092619.25,0.2493961505234363,0.33551690038065596,1.7492978911422836,5444860.05,0.14873028452401527,1.071569874417617,0.02599179206566353,-0.0004785670335681891,0.057071242649185505,2.0,7.0,-0.008191126279863514,0.0,1177.5,1172.98,-0.0009454130432929864,0.0162710102235315,0.04874559662392941,0.08598566346697013,-0.014542802444922565,-0.02843317238569376,-0.0466893937452455,-0.04451927511833731,0.9853967409473929,0.30505938191957893,14.65,15.18,0.036177474402730336,0.024756150636184415,0.011421323766545921,14.65,14.53,14.65,15.18,0.036177474402730336,0.04147359258595551,-0.005296118183225174,14.65,15.09,0.03003412969283281,0.06095594070812327,-0.030921811015290457,-0.0019378182,0.005,1
2023-07-20,14.65,14.65,14.39,14.53,3245030,-0.006155950752393946,-0.02154882154882154,-0.025486250838363533,-0.019568151147098534,-0.008191126279863514,-0.008191126279863514,14.73,14.620999999999999,13.873666666666669,14.673584495901286,14.500876494212228,0.17270800168905787,0.22029642176316547,-0.0475884200741076,0.01188630431445684,-0.0032751837628429183,51.05740730818857,14.620999999999999,0.24170229622438788,15.104404592448775,14.137595407551222,0.06612469632019376,0.4058759459244876,0.37475003221742087,0.02579146814985691,26.402173425234057,24.751027399439756,21.13003158580009,22.727272727272627,41.59637613245851,655938569.0,663268328.4,0.24993328004262824,0.4373309153112168,1.7673630146622996,5268346.65,-0.7650886996197105,0.6159484588964926,0.01789401238816241,-0.0062239244921687975,0.04730784940294552,3.0,7.0,0.008224811514736086,1.0,1171.83,1172.81,-0.0001449300073318449,0.00634106159152914,0.04221985248378202,0.08526290776435129,-0.006011020745062101,-0.025909212738627674,-0.05041097876364553,-0.04836885292820692,1.003840245612164,0.3093813517750215,14.59,15.12,0.03632625085675123,0.0205589792108829,0.01576727164586833,14.59,14.71,14.59,14.77,0.012337217272104128,0.03216815403891893,-0.0198309367668148,14.59,14.94,0.0239890335846471,0.05137187715754221,-0.02738284357289511,-0.0019378182,0.005,1
2023-07-21,14.59,14.74,14.53,14.71,2391066,0.012388162422574123,0.006155950752394057,-0.00942760942760934,-0.002035278154681075,0.010302197802197766,0.03957597173144878,14.724,14.649000000000001,13.918666666666667,14.679186881147242,14.516367124270582,0.16281975687665984,0.20880108878586434,-0.045981331909204504,0.011068644247223645,-0.003125855330333413,54.894912916618196,14.649000000000001,0.21525749574364184,15.079514991487285,14.218485008512717,0.05877738978596271,0.5708453842562666,0.36298217277331946,0.02467587850260499,25.33468097672102,25.499250734460542,20.256846901920483,39.02439024390246,33.642306901044584,658329635.0,663254192.0,0.21904390618123773,0.9898624800636073,1.8354937807550527,4697298.8,-1.2803895324050618,0.5090299982619798,0.01427600271923867,0.004164106764966924,0.0568541047993103,4.0,7.0,0.0161943319838056,1.0,1173.21,1185.9,0.011161228161424397,0.01497774734679913,0.05004515752005534,0.09106873983085204,0.0012269342611497258,-0.017013025501480206,-0.010469185788606561,-0.009970224340953293,1.0491048230067541,0.32364695415360234,14.82,15.5,0.045883940620782715,0.014218049280279477,0.03166589134050324,14.82,15.06,14.82,15.15,0.022267206477732726,0.029595041738750716,-0.00732783526101799,14.82,13.92,-0.06072874493927127,-0.010707627189814772,-0.0500211177494565,-0.0015867287,0.005,1
2023-07-24,14.82,15.23,14.74,15.06,6761315,0.023793337865397612,0.036476256022023534,0.030095759233926156,0.010060362173038184,0.03221384509938319,0.048746518105849734,14.754000000000001,14.684000000000001,13.967500000000001,14.737773514816897,14.556636226176465,0.1811372886404321,0.20326832875677792,-0.022131040116345813,0.012027708409059236,-0.0014695245761185798,61.25619361297056,14.684000000000001,0.22257819442100835,15.129156388842018,14.238843611157984,0.06063148853745806,0.9223234906030285,0.37419773186093946,0.024847126949597575,25.5132567625028,32.321539474758815,18.24615280470889,79.76190476190477,47.17118924435996,665090950.0,663299564.95,0.22810485070286105,0.9343515063696034,1.2136193499240995,4756808.15,1.083183225859063,1.4213974553503907,0.03253652058432936,0.025606101879596777,0.07821729013781997,0.0,7.0,-0.007905138339920903,0.0,1190.74,1190.72,0.0040644236444893345,0.014994075677887242,0.05184491577078343,0.0912442672088868,0.019728914220908278,-0.004933713504849058,-0.003098397664933694,-0.002945679176158067,1.062000896966669,0.3237459875409896,15.18,15.35,0.011198945981554687,0.02381849386747037,-0.012619547885915683,15.18,15.06,15.18,15.18,0.0,0.039323538030055616,-0.039323538030055616,15.18,14.06,-0.07378129117259546,-0.012298547448616581,-0.06148274372397888,-0.0015867287,0.005,1
2023-07-25,15.18,15.18,14.88,15.06,3928889,0.0,0.023793337865397612,0.036476256022023534,0.014141414141414232,0.03434065934065944,0.0386206896551724,14.796000000000001,14.712,14.015833333333331,14.787346820229683,14.593922431644875,0.19342438858480726,0.2012995407223838,-0.00787515213757653,0.012843584899389592,-0.0005229184686305797,61.25619361297056,14.712,0.23318391205707237,15.178367824114144,14.245632175885856,0.0633996498251963,0.8730960649579755,0.3688978938708723,0.02449521207641914,25.679077135014452,30.44404321136541,17.186268768588057,79.76190476190477,66.18273325590401,665090950.0,663136685.7,0.22660411033917893,1.0588842914611578,1.505055464354079,4745000.4,-0.43988291113086697,0.8280060418962241,0.019920318725099532,0.023654159869494373,0.07449907842321202,1.0,7.0,0.007968127490039834,1.0,1194.45,1195.9,0.004350309056705193,0.01857608871551597,0.05427873722814369,0.09144185013425593,-0.004350309056705193,-0.004434674574101738,-0.01565804757297129,-0.014851904928044557,1.0597772448641356,0.32228733612979266,15.06,14.94,-0.007968127490039945,0.01845253032204086,-0.026420657812080806,15.06,15.18,15.06,15.29,0.015272244355909681,0.039088247595148395,-0.023816003239238714,15.06,14.06,-0.06640106241699872,-0.0125554161438729,-0.053845646273125825,-0.0015867287,0.005,1
2023-07-26,15.06,15.29,14.94,15.18,5118105,0.007968127490039834,0.007968127490039834,0.03195105370496254,0.03830369357045149,0.025675675675675524,0.05343511450381677,14.907999999999998,14.750500000000002,14.064166666666667,14.847755001732809,14.637335584856366,0.2104194168764426,0.20312351595319555,0.007295900923247056,0.013861621665114798,0.00048062588427187457,63.31353996129928,14.750500000000002,0.2440119712337809,15.238523942467564,14.26247605753244,0.06617049489407976,0.9400398859821775,0.3675480443086671,0.0242126511402284,26.069881447936766,30.51100916537135,16.017287662940074,87.77777777777783,82.43386243386247,670209055.0,663396319.15,0.22538454884339362,0.9252457586221886,1.360603544731314,4834298.2,0.1553856609124243,1.0587069287533815,0.023056653491436076,0.02911765702857516,0.07933874503762506,2.0,7.0,-0.00917431192660556,0.0,1195.5,1200.84,0.004130780165565451,0.02375147061330951,0.05489524311503491,0.09154058375260272,0.0038373473244743828,0.01455222295714198,-0.0014601286112181366,-0.0013841456018954812,1.066344339484507,0.32053968418346257,15.26,15.18,-0.005242463958060273,0.01559470412502395,-0.020837168083084223,15.26,15.12,15.26,15.12,-0.00917431192660556,0.026878812339288904,-0.036053124265894465,15.26,14.24,-0.06684141546526867,-0.024240860787724028,-0.042600554677544644,-0.0015867287,0.005,1
2023-07-27,15.26,15.38,14.91,15.12,5199382,-0.0039525691699605625,0.003984063745019917,0.003984063745019917,0.04060564349621476,0.020242914979756943,0.052924791086351064,15.026,14.788500000000003,14.118,14.88963884762007,14.673088504496635,0.21655034312343524,0.20580888138724351,0.010741461736191726,0.014322112640438839,0.0007104141359915164,61.5535392576748,14.788500000000003,0.2391272508632019,15.266754501726407,14.310245498273598,0.064679244240647,0.8465727962866498,0.3748660411437624,0.024792727588873173,26.6241116489593,29.49346961759986,14.58284663690379,73.73737373737357,80.4256854256854,665009673.0,663685825.65,0.2255662939597726,0.9274591500655239,1.3534954356945055,4804425.15,0.21763780102096641,1.0822068900376145,0.031084656084656128,0.022416066538188284,0.07097322566935826,3.0,7.0,0.02310231023102305,1.0,1201.69,1197.33,-0.0029229539322473963,0.020907052293210215,0.06392450617119372,0.07824487557823138,-0.0010296152377131662,0.019698591203004545,-0.010999715084842654,-0.010338811655375757,0.9208650395535467,0.27916892724108444,15.15,14.77,-0.025082508250825142,0.011383757057428445,-0.03646626530825359,15.15,15.5,15.15,15.03,-0.007920792079208039,0.019451775632245427,-0.027372567711453466,15.15,14.36,-0.052145214521452155,-0.0066231249791198765,-0.04552208954233228,-0.0015867287,0.005,1
2023-07-28,15.15,15.65,15.09,15.5,8432246,0.025132275132275117,0.021080368906455815,0.02921646746347939,0.05370496261046909,0.05156037991858886,0.0793871866295266,15.184000000000001,14.845500000000001,14.175666666666668,14.983540563370829,14.734341207867255,0.24919935550357408,0.21448697621050963,0.03471237929306445,0.016077377774424133,0.002239508341488029,67.6811263356003,14.845500000000001,0.26597338608475213,15.377446772169506,14.313553227830496,0.07166437939705698,1.1151931304429856,0.3880898953477794,0.025038057764372863,27.666536392656756,31.423003606616447,13.079808623112099,88.09523809523806,83.20346320346316,673441919.0,664396944.45,0.2388600965778969,0.6967064977986073,0.3651327413002466,5088931.75,1.7435502900268958,1.6569776161765188,0.03612903225806455,0.04408743390252923,0.09342300185764318,4.0,7.0,-0.024157660521296975,0.0,1197.32,1207.67,0.008635881503010978,0.018357365713803864,0.07810351907729118,0.07492996915005277,0.01649639362926414,0.03534759689666522,0.0012836675522354124,0.001190671887736805,0.9931236871889074,0.30085809855547957,15.73,15.15,-0.03687221869040047,0.005181771969237303,-0.042053990659637774,15.73,15.35,15.73,14.94,-0.05022250476795942,0.010289752881950776,-0.060512257649910195,15.73,14.44,-0.08200890019071838,-0.029754193791712624,-0.05225470639900576,-0.0015867287,0.005,1
2023-07-31,15.73,15.73,15.35,15.35,5284656,-0.009677419354838679,0.015211640211640232,0.011198945981554687,0.019256308100929598,0.02951039570757885,0.05425824175824179,15.241999999999999,14.885,14.2245,15.039918938236855,14.77994556284005,0.25997337539680565,0.22358425604776885,0.0363891193490368,0.0169363762473489,0.0023706266676896937,63.38652907708744,14.885,0.2796520394311785,15.444304078862357,14.325695921137642,0.07515002739165033,0.9156951625901109,0.3875120456800809,0.025245084409125793,28.77895894144501,30.696622247370428,12.163647742771001,71.64179104477607,77.82480095912923,668157263.0,664690731.75,0.2404515719269435,0.8840206335095536,0.5865022871770087,5200065.85,0.04554374529042375,1.0162671305402797,0.02475570032573295,0.031239502855223478,0.0791240465394214,0.0,7.0,-0.0286085825747725,0.0,1219.66,1222.9,0.012611060968642063,0.027025665143778577,0.08653931585961794,0.08121497129455228,-0.02228848032348074,-0.007769357042848979,-0.03228107410137615,-0.02970999174184219,0.749168423026335,0.2304958294787589,15.38,15.18,-0.013003901170351218,0.009022043045711747,-0.022025944216062965,15.38,14.94,15.38,15.03,-0.022756827048114547,0.005299434293517091,-0.02805626134163164,15.38,14.41,-0.06306892067620284,-0.023245984784446283,-0.03982293589175656,-0.0013671372,0.005,1
2023-08-01,15.38,15.47,14.94,14.94,6489572,-0.026710097719869763,-0.03612903225806452,-0.011904761904761862,-0.007968127490039945,0.0060606060606061,-0.013861386138613874,15.218,14.874500000000001,14.259666666666668,15.024546793892723,14.79180144707412,0.2327453468186036,0.2254164742019358,0.0073288726166677864,0.015578671139130093,0.0004905537226685266,53.41047903140561,14.874500000000001,0.2730427959517996,15.4205855919036,14.328414408096402,0.07342574095312106,0.5599722836228583,0.3976897567029324,0.026619126954680883,28.179128349319974,27.774529349417026,18.36971776773522,41.04477611940291,66.92726841980569,661667691.0,664152009.65,0.21774599178241427,0.22414946523871632,-0.24735250277854587,5016513.65,0.9916380537125439,1.2936418502519174,0.035475234270415074,0.004403509361659008,0.04771032515954077,1.0,8.0,0.014028056112224352,1.0,1230.32,1217.56,-0.004366669392427913,0.0181118822644033,0.07558303886925799,0.08637289018648832,-0.02234342832744185,-0.026080009754443245,-0.08944442500787186,-0.08315901401894854,0.8844645602600515,0.2754143594134476,14.97,15.29,0.02137608550434189,0.020588742739305,0.0007873427650368914,14.97,15.18,14.97,14.97,0.0,0.013868235332780143,-0.013868235332780143,14.97,14.71,-0.01736806947227787,-0.010466902733389793,-0.006901166738888076,-0.0024948046,0.005,1
2023-08-02,14.97,15.26,14.82,15.18,5484200,0.016064257028112428,-0.011074918566775227,-0.020645161290322567,0.0,0.03830369357045149,0.016064257028112428,15.218,14.886500000000002,14.299333333333333,15.04846267175538,14.820556895439,0.22790577631638165,0.225914334624825,0.0019914416915566557,0.015013555752067302,0.00013118851723034622,57.61561111799137,14.886500000000002,0.2812242970713599,15.44894859414272,14.324051405857283,0.07556492045043749,0.7609127332315135,0.40071191693843716,0.026397359482110486,27.210336218777982,25.59612201323787,19.067997150825985,58.95522388059696,57.21393034825866,667151891.0,664081840.55,0.21949197018278419,0.010668391244000356,-0.36144420946543415,5096380.65,0.26484289245678017,1.076097014064285,0.02898550724637678,0.019715849931145613,0.061587952818313196,2.0,8.0,-0.025082508250825142,0.0,1217.17,1220.43,0.002357173363119802,0.0163135804936545,0.07562884489961408,0.08636417829274468,0.013707083664992625,-0.0163135804936545,-0.05956458787150165,-0.05537652523353509,0.8912921140594238,0.2761401446505157,15.15,15.12,-0.001980198019802093,0.011691111967402579,-0.013671309987204672,15.15,14.77,15.15,15.09,-0.003960396039603964,0.019291154599788474,-0.023251550639392438,15.15,14.71,-0.029042904290428995,-0.005386437982176306,-0.023656466308252688,-0.0024948046,0.005,1
2023-08-03,15.15,15.15,14.77,14.77,5288029,-0.027009222661396604,-0.011378848728246349,-0.03778501628664499,-0.02314814814814814,0.01651754989676535,0.008191126279863514,15.148,14.892499999999998,14.327666666666667,15.005622260716091,14.816811940221296,0.1888103204947953,0.21849353179881906,-0.029683211304023766,0.012783366316506114,-0.002009696093705062,49.41076770875114,14.892499999999998,0.277163736520901,15.4468274730418,14.338172526958196,0.07444384395390996,0.38950574709224184,0.40137535144283454,0.02717504072057106,26.1385095309583,23.728541671277764,18.566528740537443,28.35820895522381,42.78606965174123,661863862.0,664077627.75,0.23020745125851377,-0.15933889116208502,-0.22735082862359482,5030424.35,0.1811823136571327,1.0512093278969596,0.025727826675694027,-0.008225616921268997,0.030872670590698537,3.0,8.0,0.016096579476861272,1.0,1219.73,1210.95,-0.0077677539883483915,0.011375310064894562,0.07523396849638608,0.08699103756385218,-0.019241468673048212,-0.0345234582130427,-0.06704284221652257,-0.062351864041531035,1.0445721767852658,0.32713394007708213,14.91,15.03,0.008048289738430636,0.0035682866468793595,0.004480003091551277,14.91,15.15,14.91,14.94,0.002012072434607548,0.014149818708017126,-0.012137746273409578,14.91,14.94,0.002012072434607548,0.006396606016756179,-0.004384533582148631,-0.0015867287,0.005,1
2023-08-04,14.91,15.29,14.74,15.15,5327829,0.025727826675693954,-0.0019762845849802257,0.014056224899598346,-0.022580645161290325,0.029911624745071252,0.0405219780219781,15.078,14.922,14.360999999999999,15.027834220605923,14.84149253724194,0.18634168336398282,0.21206316211185183,-0.02572147874786901,0.012299781080130879,-0.0016977873760969642,55.70660526837556,14.922,0.2712466347113369,15.464493269422675,14.379506730577326,0.07271053068257267,0.7101408559802401,0.4119913977683463,0.027194151667877645,25.51733119744551,23.893125912242027,16.796105019728643,56.716417910447745,48.00995024875618,667191691.0,664535420.7,0.24529778814548017,-0.217836918900057,-0.4367811396581927,5101201.5,0.16207992812907213,1.0444262983926433,0.03630363036303623,0.015279453156413325,0.05494046375600603,4.0,8.0,-0.005242463958060273,0.0,1216.27,1225.98,0.012411742846525353,0.015161426548643275,0.07724480919451349,0.08920226490986304,0.013316083829168601,-0.0377420717099336,-0.036722831172535386,-0.03408958749125379,1.1258206987977681,0.3527371673802513,15.26,14.94,-0.020969855832241202,-0.0007217581704646037,-0.0202480976617766,15.26,15.18,15.26,13.92,-0.08781127129750987,-0.044692239072256834,-0.04311903222525304,15.26,15.18,-0.005242463958060273,0.00152461276457716,-0.006767076722637433,-0.0015867287,0.005,1
2023-08-07,15.26,15.26,15.06,15.18,3599900,0.001980198019801982,0.02775897088693302,0.0,-0.011074918566775227,0.007968127490039834,0.04043865661411927,15.044,14.951500000000001,14.400666666666666,15.051244340512705,14.866567164112908,0.18467717639979675,0.20658596496944082,-0.021908788569644067,0.012165821897219813,-0.0014432667041926262,56.17035716457292,14.951500000000001,0.2652560828214923,15.482012165642987,14.420987834357016,0.07096440700170356,0.7153579265454305,0.39684915507060725,0.026142895590949095,24.940522744897923,23.033024874319555,16.19148143830259,58.95522388059696,48.00995024875618,670791591.0,664845448.6,0.24529813178785592,-0.21697055655280262,-0.43707743930576465,4953436.45,-0.9719168818597792,0.7267479933047288,0.013175230566534867,0.015282747550412923,0.05411786491366133,0.0,8.0,-0.0058517555266580645,0.0,1233.1,1241.42,0.012594006427511184,0.015144329053888184,0.08041635480670495,0.09236853922882977,-0.010613808407709202,-0.02621924762066341,-0.039977698192585676,-0.03700212238987999,1.0177549803938177,0.3339501721023969,15.38,15.03,-0.022756827048114547,-0.006035279463173504,-0.016721547584941043,15.38,15.29,15.38,14.06,-0.08582574772431728,-0.05190661791296658,-0.0339191298113507,15.38,15.26,-0.007802340702210753,0.0009241772813115556,-0.008726517983522308,-0.0015867287,0.005,1
2023-08-08,15.38,15.59,15.23,15.29,7496579,0.007246376811594235,0.009240924092409175,0.03520649966147604,0.023427041499330725,0.015272244355909681,0.05013736263736246,15.113999999999999,14.988,14.437166666666666,15.087975980433827,14.897932559363804,0.1900434210700226,0.2032774561895572,-0.01323403511953461,0.012429262332898797,-0.0008655353250186142,57.910468118995155,14.988,0.2586930715409163,15.505386143081832,14.470613856918167,0.06904005111847247,0.7918516508783204,0.3977885011369925,0.026016252526945227,25.23173484250029,27.26292158256633,14.999443212186858,67.16417910447751,60.94527363184074,678288170.0,665768000.2,0.24543138914924728,-0.31363702347220973,-0.40412864836243223,5090570.65,1.6011718069294523,1.4726402039032696,0.023544800523217755,0.020149452895649844,0.05907207092804456,1.0,8.0,-0.011118378024852826,0.0,1244.35,1242.23,0.0006524786132009464,0.020261835145701346,0.07853998628198333,0.0929477536434207,0.006593898198393289,0.0031652063536293795,-0.028402623644620872,-0.026334326038789047,1.039266825570998,0.3446401130291724,15.29,14.97,-0.02092871157619347,-0.005343843698616957,-0.015584867877576514,15.29,15.12,15.29,14.06,-0.08044473512099404,-0.04851371828352202,-0.031931016837472015,15.29,15.53,0.015696533682145297,0.0019827836347809935,0.013713750047364304,-0.0015867287,0.005,1
2023-08-09,15.29,15.32,15.03,15.12,3561151,-0.011118378024852826,-0.0039525691699605625,-0.001980198019802093,-0.0039525691699605625,-0.0039525691699605625,0.021621621621621623,15.101999999999999,15.004,14.474833333333333,15.092902752674776,14.91438199941093,0.17852075326384664,0.1983261156044151,-0.019805362340568455,0.011806928125915784,-0.001309878461677808,54.32109624993485,15.004,0.2563385918747414,15.516677183749483,14.491322816250516,0.06833873417081889,0.6131316193473146,0.39008932248435024,0.02579955836536708,24.72951449924254,25.815222518488252,17.86511682047651,49.166666666666615,58.428689883913705,674727019.0,666299670.45,0.24422024092220687,-0.10291087134939714,-0.4567085586319427,5055804.4,-0.9764193045507126,0.7043688240787163,0.01917989417989424,0.007731271660890382,0.04457161279922617,2.0,8.0,-0.015072083879423381,0.0,1240.68,1233.99,-0.006633232171176062,0.011110837983333788,0.06913013342574947,0.0999765337036386,-0.004485145853676764,-0.01506340715329435,-0.04750851180412785,-0.04443660347679024,1.0089248515394067,0.33909610233948523,15.26,15.09,-0.011140235910878094,0.005458912584613174,-0.016599148495491267,15.26,15.03,15.26,14.24,-0.06684141546526867,-0.05171814219052018,-0.015123273274748494,15.26,15.5,0.01572739187418093,0.004019377117855827,0.011708014756325102,-0.0015867287,0.005,1
2023-08-10,15.26,15.44,14.97,15.03,3942309,-0.005952380952380931,-0.017004578155657257,-0.00988142292490124,0.01760324983073791,-0.005952380952380931,0.014170040485829816,15.154,15.014500000000002,14.506499999999999,15.083225406109426,14.922946295750862,0.16027911035856413,0.19071671455524492,-0.03043760419668079,0.010663946131640994,-0.0020251233663792943,52.46702635874529,15.014500000000002,0.25267984736276833,15.519859694725538,14.509140305274466,0.06731622028379713,0.5153356116067148,0.3957972280211823,0.026333814239599622,24.563427052259254,25.791192431820743,16.349801778333884,29.292929292929202,48.54125835469111,670784710.0,666445334.7,0.24552589179173664,-0.02829947407813396,-0.5263773359855648,5064029.3,-0.7360619894971131,0.7784925336036267,0.03127079174983359,0.0010323354091044123,0.03608727122324473,3.0,8.0,-0.013861386138613874,0.0,1236.51,1220.61,-0.010842875550045039,0.0079772079772078,0.047356317893977984,0.1088912362304573,0.004890494597664108,0.00962604185353011,-0.03318627740814817,-0.03168575664381257,0.9485634529149168,0.33299607413825555,15.15,14.94,-0.013861386138613874,0.0037105751391466324,-0.017571961277760506,15.15,14.94,15.15,14.36,-0.052145214521452155,-0.03216645509878591,-0.019978759422666248,15.15,15.23,0.005280528052805211,-0.00430459265045724,0.00958512070326245,-0.0015867287,0.005,1
2023-08-11,15.15,15.15,14.74,14.94,4386412,-0.0059880239520957446,-0.011904761904761862,-0.022890778286461688,-0.013861386138613874,-0.03612903225806452,0.013568521031207537,15.112,15.0245,14.526499999999999,15.061190728246437,14.92420953310265,0.13698119514378782,0.1799696106729535,-0.042988415529165686,0.009168754695032652,-0.0028774039845492426,50.60686055972859,15.0245,0.2450880615102461,15.514676123020491,14.534323876979508,0.06525024100908404,0.41380649114515544,0.396811711733955,0.026560355537747993,23.570725192809338,23.887736786961693,19.283287572546623,20.202020202020126,32.88720538720531,666398298.0,666629023.15,0.245732801009244,-0.023060000743559298,-0.5359379852187468,5026005.1,-0.41769571462947785,0.8727432449282633,0.02744310575635878,-0.005624147226197196,0.028465218738168208,4.0,8.0,0.0,0.0,1228.92,1232.21,0.009503444998812283,0.005081648966541064,0.0546131461828141,0.11182827208047598,-0.015491468950908027,-0.018943035105154937,-0.04104462515160656,-0.038919129066585345,0.976389137272647,0.36653893793295156,15.03,13.92,-0.07385229540918159,-0.04781188871105946,-0.02604040669812213,15.03,15.03,15.03,14.44,-0.03925482368596145,-0.04346314887563263,0.00420832518967118,15.03,15.5,0.031270791749833604,0.006709022422684452,0.024561769327149152,-0.0019378182,0.005,1
2023-08-14,15.03,15.09,14.88,15.03,3990993,0.006024096385542244,0.0,-0.005952380952380931,-0.00988142292490124,-0.02084690553745927,0.008048289738430636,15.081999999999999,15.0305,14.546500000000002,15.056392154670062,14.932045863983936,0.12434629068612679,0.16884494667558816,-0.04449865598946137,0.008273206299808836,-0.002960655754455181,52.42339379071649,15.0305,0.24360181055438831,15.517703621108776,14.543296378891224,0.06482866452995922,0.4994868675248526,0.3834680180386725,0.02551350752086976,22.648930609034416,22.95332756650804,18.528989169598642,29.292929292929202,26.262626262626174,670389291.0,666736198.7,0.24330377687182445,0.018336878039029263,-0.4316975430759245,4949492.2,-0.62104035840561,0.8063439316057514,0.013972055888223492,-3.326569309081151e-05,0.0332382360017871,0.0,8.0,-0.011881188118811892,0.0,1237.14,1236.84,0.0037574764041843345,-0.0036893235166182148,0.0543077067332689,0.1117860363806788,0.002266619981357909,-0.006192099408283025,-0.046259416994838265,-0.043876580527113185,0.9765991457715071,0.3667544826698102,15.15,14.06,-0.07194719471947197,-0.04813541817947109,-0.023811776540000884,15.15,14.97,15.15,14.41,-0.048844884488448814,-0.03041745332494239,-0.018427431163506425,15.15,15.53,0.02508250825082503,-0.0008310338706813969,0.025913542121506428,-0.0019378182,0.005,1
2023-08-15,15.15,15.15,14.97,14.97,3108478,-0.003992015968063756,0.002008032128514081,-0.003992015968063756,-0.02092871157619347,0.002008032128514081,0.008080808080808133,15.018,15.0365,14.5635,15.043101053951592,14.934857281466607,0.10824377248498429,0.1567247118374674,-0.0484809393524831,0.007230712924848649,-0.0032385397029046823,51.07481313169317,15.0365,0.24037853919469535,15.517257078389392,14.555742921610609,0.06394534344952503,0.4308382518019448,0.3689345881787673,0.024644929070057935,21.972900763687992,23.315064365599852,17.883265324816303,23.23232323232327,24.242424242424203,667280813.0,666849332.0,0.243295857987363,0.01802127450406527,-0.4313179124465673,4943534.45,-1.183459681836002,0.628796669961509,0.012024048096192366,-0.004422571742094261,0.027912246369348193,1.0,8.0,-0.001984126984126977,0.0,1239.42,1234.05,-0.0022557485204229843,-0.006584931936919891,0.0510693388070762,0.11298796200533114,-0.0017362674476407713,-0.01434377963927358,-0.04298853072626807,-0.040899804740816115,1.0230716365640746,0.3822347518575318,15.12,14.06,-0.07010582010582,-0.04795354651397232,-0.022152273591847682,15.12,15.09,15.12,14.71,-0.027116402116401983,-0.028646316383725168,0.0015299142673231847,15.12,15.7,0.03835978835978837,-0.01301665389733464,0.05137644225712301,-0.0015867287,0.005,1
2023-08-16,15.12,15.44,15.0,15.09,6297954,0.008016032064128265,0.003992015968063978,0.010040160642570406,-0.001984126984126977,-0.005928853754940677,0.032147742818057434,15.012,15.059999999999999,14.5865,15.050316276420578,14.946349334691304,0.1039669417292739,0.1461731578158287,-0.04220621608655481,0.006889790704391908,-0.002796965943442996,53.6433091648445,15.059999999999999,0.21959292482156584,15.49918584964313,14.620814150356868,0.05832481402963229,0.5341541058578939,0.3761535461659981,0.024927339043472375,22.13879228109138,26.741081657144562,16.28719698890587,35.35353535353531,29.292929292929262,673578767.0,667569090.4,0.2370161373724197,-0.1640353222298922,-0.16661671424778324,4966704.75,0.8490291989633816,1.2680347065124014,0.029158383035122564,0.0019920318725099584,0.03451821890103868,2.0,8.0,-0.007968127490039945,0.0,1239.95,1243.26,0.007463230825331291,0.007512216468528843,0.05991577008985649,0.11351104572835512,0.0005528012387969738,-0.00949634345265582,-0.027768027271799056,-0.026198333919916106,0.9903539486031178,0.372314417961534,15.06,14.24,-0.054448871181938974,-0.05635049654750601,0.001901625365567039,15.06,14.94,15.06,14.71,-0.023240371845949515,-0.023676543964975982,0.0004361721190264678,15.06,15.94,0.05843293492695878,-0.012248708332662672,0.07068164325962145,-0.0015867287,0.005,1
2023-08-17,15.06,15.18,14.94,14.94,4704807,-0.00994035785288272,-0.002004008016032177,-0.0059880239520957446,-0.0059880239520957446,0.011509817197020933,0.02821748107364086,14.994,15.0805,14.601666666666667,15.033344541586642,14.945879013603058,0.08746552798358387,0.13443163184937976,-0.04696610386579589,0.005854453010949389,-0.0031436481837882123,50.102515392534855,15.0805,0.18371817662159123,15.447936353243183,14.713063646756819,0.04872999611991405,0.30881042558816507,0.3664282928684268,0.024526659495878636,22.04668166891634,25.490035950205908,16.69481381391637,20.202020202020126,26.262626262626238,668873960.0,668215859.95,0.23904947751215688,-0.13666476149882115,-0.2693196074856047,5039693.6,-0.22079309941235445,0.933550206306193,0.016064257028112466,-0.009316667219256725,0.02317087090514769,3.0,8.0,-0.0663983903420523,0.0,1242.58,1233.48,-0.007866415713527308,0.01054390837368202,0.051730459324187184,0.11944635012349746,-0.0020739421393554114,-0.016531932325777765,-0.023512978250546324,-0.02235646789735002,0.9941692188699617,0.38754253998674487,14.91,14.36,-0.036887994634473564,-0.03066779677592857,-0.006220197858544996,14.91,13.92,14.91,14.94,0.002012072434607548,-0.002420498443383212,0.00443257087799076,14.91,15.62,0.04761904761904745,-0.012395885967628972,0.06001493358667642,-0.0015867287,0.005,1
2023-08-18,14.91,15.0,13.92,13.92,7335980,-0.06827309236947787,-0.07753479125248508,-0.07014028056112231,-0.06827309236947787,-0.08118811881188126,-0.05370496261046909,14.790000000000001,15.041,14.600666666666665,14.862060765957928,14.869887975558386,-0.007827209600458573,0.1059798635594121,-0.11380707315987067,-0.0005622995402628286,-0.008175795485622892,33.776167725476256,15.041,0.3094630323983218,15.659926064796643,14.422073935203358,0.08229852600181407,-0.4056008978781023,0.41739770052068204,0.029985466991428306,21.88901451567405,20.7790032841896,31.06439141618575,0.0,18.518518518518476,661537980.0,668376277.2,0.3403328716596671,-1.4360173848319981,3.72807112867128,5286939.3,1.3992365682870476,1.3875665264399764,0.07758620689655173,-0.07452961904128719,-0.046618875850417685,4.0,8.0,0.018840579710144967,1.0,1227.02,1177.99,-0.04498654214093456,-0.04400223987794294,-0.0066700396323468025,0.20289684856618417,-0.023286550228543312,-0.024270852491534933,-0.047034922978122284,-0.047350754386501825,1.2259459337668164,0.5852979069511806,13.8,14.44,0.046376811594202705,0.005403522484940471,0.040973289109262234,13.8,14.06,13.8,15.18,0.09999999999999987,0.049251917995599026,0.05074808200440084,13.8,15.62,0.13188405797101432,0.029303064544906166,0.10258099342610816,-0.0019378182,0.005,1
2023-08-21,13.8,14.39,13.77,14.06,4264843,0.010057471264367956,-0.058902275769745605,-0.06825712392312788,-0.0645375914836992,-0.07378129117259546,-0.06640106241699872,14.596,14.991,14.603499999999999,14.738666801964401,14.809896273665172,-0.07122947170077154,0.07053799650737537,-0.1417674682081469,-0.0050661075178358135,-0.010083034723196792,36.81933784366368,14.991,0.379166676306302,15.749333352612604,14.232666647387395,0.10117181677174363,-0.11384613824021121,0.4318692933406334,0.03071616595594832,22.032461507997514,18.64823590439413,30.359825947002868,15.934065934065982,12.045362045362035,665802823.0,668411870.85,0.3295624707741798,-1.5773524252421,4.281784787890148,5162115.7,-0.6238530413795321,0.8261812109325639,0.044096728307254696,-0.06210392902408102,-0.037217105488410174,0.0,8.0,-0.004249291784702458,0.0,1177.01,1179.76,0.0015025594444775248,-0.04614986578700553,-0.009204514915345352,0.2023765251615928,0.008554911819890432,-0.01838772569669367,-0.05719654750165337,-0.057727904862996504,1.2610909481121684,0.5959510263959769,14.12,14.41,0.02053824362606238,0.015034799648624864,0.0055034439774375166,14.12,14.06,14.12,15.26,0.08073654390934859,0.05201364957091692,0.02872289433843167,14.12,15.82,0.12039660056657242,0.035635853773903436,0.08476074679266898,-0.0019378182,0.005,1
2023-08-22,14.12,14.21,13.39,14.06,3226299,0.0,0.010057471264367956,-0.058902275769745605,-0.0607882431529726,-0.08044473512099404,-0.06640106241699872,14.413999999999998,14.940999999999999,14.603000000000002,14.634256524739108,14.754348401541826,-0.12009187680271793,0.03241202184535671,-0.15250389864807465,-0.008541385263351204,-0.010846649974969747,36.81933784366368,14.940999999999999,0.4318613325205608,15.80472266504112,14.077277334958877,0.11561778529430719,-0.0100016681616512,0.4595929152448739,0.032687974057245654,22.825305217740365,16.271667900347744,32.39655738114841,30.454545454545464,15.462870462870484,665802823.0,668447464.5,0.3295624707741798,-1.5773524252421,4.281784787890146,5126986.2,-1.2859740601851657,0.6292778786882632,0.058321479374110974,-0.05896526336925234,-0.03718414024515515,1.0,8.0,0.012802275960170695,1.0,1183.92,1180.49,0.0006187699193056506,-0.04340180705806085,-0.012885692783677682,0.20165099494396604,-0.0006187699193056506,-0.01738643609491175,-0.05351536963332104,-0.054213953989011854,1.25721610012471,0.597115563914411,14.06,14.71,0.046230440967283126,0.00961473980686689,0.036615701160416236,14.06,14.24,14.06,15.53,0.10455192034139404,0.04206343884120178,0.06248848150019226,14.06,15.53,0.10455192034139404,0.01658060622317592,0.08797131411821812,-0.0019378182,0.005,1
2023-08-23,14.06,14.27,13.83,14.24,2303903,0.012802275960170695,0.012802275960170695,0.02298850574712641,-0.0563286944996686,-0.05820105820105814,-0.06192358366271411,14.244,14.894,14.604000000000001,14.573601674779246,14.716248519946134,-0.14264684516688853,-0.0025997515570923384,-0.1400470936097962,-0.010017334632506217,-0.009834767809676698,40.870939468693,14.894,0.4550118564101444,15.804023712820289,13.983976287179711,0.12220004200621577,0.1406687041301573,0.45819342129881147,0.032176504304691815,23.369263744945506,16.090906142438,30.17440081939099,38.63636363636363,28.34165834165836,668106726.0,668342348.05,0.33217544937985943,-1.5616126320527453,4.1455438153933875,4986276.1,-1.6689566524281343,0.46204882236665556,0.030898876404494346,-0.04391029944944269,-0.024924678170364367,2.0,8.0,0.016997167138810276,1.0,1192.96,1172.56,-0.00671754949216008,-0.056866624841143465,-0.023550181539588988,0.20197324888544066,0.019519825452330775,0.0005379303414748682,-0.03837340212312512,-0.03929889831269495,1.225443624604112,0.5835395919021112,14.12,14.71,0.041784702549575226,0.03230088495575223,0.009483817593822996,14.12,14.36,14.12,15.5,0.09773371104815864,0.05639891082368953,0.041334800224469115,14.12,14.91,0.05594900849858364,0.015188904016337545,0.040760104482246096,-0.0019378182,0.005,1
2023-08-24,14.12,14.36,14.06,14.36,2346366,0.008426966292134797,0.021337126600284417,0.021337126600284417,-0.038821954484605126,-0.044577511643379863,-0.050264550264550234,14.128,14.855999999999998,14.610000000000001,14.540739878659362,14.689859740690865,-0.14911986203150285,-0.03190377365197444,-0.1172160883795284,-0.010384391506372066,-0.008162680249270781,43.47342692507984,14.855999999999998,0.4667288179165803,15.789457635833159,13.922542364166837,0.125667425394879,0.23432109773396836,0.4468938912060392,0.031120744512955375,23.57970662504472,16.757847483768746,28.727537669107846,44.09090909090905,37.72727272727271,670453092.0,668614519.0,0.3345915844982011,-1.6166750244740622,4.159646667999734,4843625.3,-1.459879534666114,0.48442351641032183,0.02089136490250689,-0.033387183629509876,-0.017111567419575757,3.0,8.0,0.007676203768318235,1.0,1175.2,1189.39,0.014353210070273681,-0.035744397963485386,-0.006631421579681329,0.20910338269259654,-0.005926243778138884,-0.0030775565211197398,-0.043633128684868905,-0.04392440996498548,1.2088108051856077,0.5875843477523657,14.33,14.94,0.042568039078855424,0.029487211835255156,0.013080827243600268,14.33,14.44,14.33,15.23,0.0628053035589673,0.029133970849208213,0.03367133270975908,14.33,14.06,-0.018841591067690122,-0.03010117831100345,0.01125958724331333,-0.0019378182,0.005,1
2023-08-25,14.33,14.5,14.15,14.44,2660586,0.0055710306406684396,0.014044943820224587,0.027027027027026973,0.03735632183908044,-0.03346720214190091,-0.06838709677419363,14.232,14.802999999999997,14.613333333333333,14.525241435788692,14.6713516117508,-0.14611017596210907,-0.05474505411400137,-0.09136512184810769,-0.010118433238373204,-0.0063272245047165995,45.20492733101969,14.802999999999997,0.4496208929404288,15.702241785880855,13.90375821411914,0.12149453298397046,0.29816329395524077,0.43997289897703634,0.030469037325279526,23.321158555873623,18.078505674890906,27.09519066910506,47.72727272727269,43.48484848484846,673113678.0,668598106.95,0.3201684743947102,-1.8279188290892296,4.938502281868693,4555042.3,-1.2199499082422567,0.5840968809444427,0.02423822714681438,-0.024522056339930987,-0.011861313868613221,4.0,8.0,-0.010302197802197877,0.0,1188.99,1183.37,-0.0050614180378179,0.00456710158829865,-0.020121390777282033,0.2070266664202853,0.01063244867848634,0.03278922025078179,-0.0482657059969116,-0.049256821755909175,1.1798505273788553,0.573679006563717,14.56,15.18,0.04258241758241743,0.0382956542209294,0.004286763361488033,14.56,14.41,14.56,15.5,0.06456043956043955,0.04708978250086182,0.017470657059577732,14.56,14.06,-0.03434065934065933,-0.04327282816138822,0.008932168820728892,-0.0019378182,0.005,1
2023-08-28,14.56,14.56,14.36,14.41,2073915,-0.0020775623268697307,0.0034818941504177747,0.011938202247190999,0.024893314366998487,-0.041250831669993326,-0.06123778501628663,14.302000000000001,14.756,14.617166666666666,14.507511984128893,14.651992233102593,-0.14448024897370004,-0.07269209308594111,-0.07178815588775893,-0.010026387853830676,-0.004981828999844478,44.65255463615193,14.756,0.4384230113055605,15.63284602261112,13.87915397738888,0.11884603179874229,0.3027019618737266,0.42283197762153385,0.029342954727379172,22.88661605183244,18.481282831777825,26.179758126388887,49.75609756097561,47.19142645971912,671039763.0,668742231.95,0.3193077528837003,-1.9038744020462146,5.204350393849386,4394505.25,-1.4174357223312641,0.47193367216935284,0.013879250520471969,-0.023448088912984555,-0.014172833312429356,0.0,8.0,0.008224811514736086,1.0,1189.43,1201.72,0.01550656176850862,0.018613955380755387,-0.017319486466595868,0.20977608645606705,-0.01758412409537835,0.0062793589862431,-0.04391829854969076,-0.04469234704957625,1.1341003052111602,0.5620311526724175,14.59,15.26,0.04592186429061007,0.03382444490558201,0.012097419385028063,14.59,14.71,14.59,15.53,0.06442769019876615,0.027922805561319874,0.03650488463744628,14.59,14.77,0.012337217272104128,-0.04224942934218723,0.054586646614291356,-0.0019378182,0.005,1
2023-08-29,14.59,14.77,14.44,14.71,4242493,0.020818875780707957,0.018698060941828354,0.024373259052924867,0.046230440967283126,-0.01736806947227787,-0.01539491298527429,14.431999999999999,14.744499999999999,14.626,14.538663986570603,14.656289104724623,-0.11762511815402021,-0.08167869809955694,-0.035946420054463274,-0.007996269079131217,-0.0024436723354495766,51.08888953134105,14.744499999999999,0.43635421391357165,15.617208427827142,13.871791572172855,0.11837748690388197,0.48023394818937676,0.41834397921999567,0.028439427547246474,21.823222515983076,20.93086275595366,24.570570917221854,64.39024390243907,53.95787139689579,675282256.0,669422960.2,0.31697636207749214,-2.1477126654165266,6.61108352392964,4282151.3,-0.025402922524743077,0.9907386971590658,0.02243371855880354,-0.0023398555393534526,0.005743197046355952,1.0,8.0,0.0,0.0,1204.75,1204.43,0.002255101021868766,0.020279714355903034,-0.010783862807582256,0.2095949568471909,0.01856377475883919,0.025950726611380093,-0.004611050177692033,-0.0046613171826928035,1.1541970436381095,0.5621271246307782,14.71,15.53,0.05574439157036015,0.03071055468037498,0.025033836889985173,14.71,14.71,14.71,15.7,0.06730115567641048,0.014683691236215823,0.05261746444019466,14.71,15.32,0.041468388851121585,-0.04449879777796195,0.08596718662908354,-0.0019378182,0.005,1
2023-08-30,14.71,14.77,14.53,14.71,1502567,0.0,0.020818875780707957,0.018698060941828354,0.03300561797752821,-0.025182239893969505,-0.030961791831356944,14.526,14.721,14.632333333333333,14.565023373252048,14.660267689559836,-0.09524431630778807,-0.08439182174120317,-0.010852494566584894,-0.006474800564771452,-0.0007377630568718487,51.08888953134105,14.721,0.4241511647118846,15.569302329423769,13.872697670576231,0.11525063914459188,0.49351646245774705,0.4056051235614246,0.027573427842381003,20.83578566126581,20.046222081419074,23.532098366742378,64.39024390243907,59.512195121951244,675282256.0,669829478.45,0.3108580035261291,-2.176147559691827,6.941486723473665,4083069.65,-1.5629015753561242,0.3679993555828762,0.01631543167912986,-0.0007472318456626104,0.005307879809554272,2.0,8.0,0.011509817197020933,1.0,1206.1,1213.16,0.007248241906960162,0.034625093811830654,-0.005956916824397918,0.21117928168248545,-0.007248241906960162,-0.0016194758343024418,-0.025004875006959026,-0.025154719579233542,1.1459595231527564,0.561494219896039,14.77,15.5,0.049424509140149064,0.020953947368421044,0.02847056177172802,14.77,14.94,14.77,15.94,0.07921462423832093,0.009342105263157707,0.06987251897516322,14.77,15.12,0.023696682464454888,-0.05086348684210518,0.07456016930656006,-0.0019378182,0.005,1
2023-08-31,14.77,14.94,14.65,14.94,4282099,0.015635622025832685,0.015635622025832685,0.03678001387925045,0.04038997214484685,0.0,0.011509817197020933,14.642,14.729500000000002,14.650333333333332,14.622712085059424,14.680988601444293,-0.058276516384868415,-0.07916876066993622,0.020892244285067807,-0.003900703907956387,0.001398409925372678,55.67233296608087,14.729500000000002,0.4268794357095583,15.583258871419119,13.875741128580884,0.1159250309133531,0.6232783676087049,0.3973476147356085,0.02659622588591757,19.387474090041326,22.057162912486735,22.305337236315758,75.60975609756096,68.13008130081305,679564355.0,670714503.1,0.3009307409993198,-2.588519498829527,9.534364010728838,4032773.15,0.15318487932834185,1.0618249132113966,0.019410977242302487,0.014291048575986842,0.01977201883916191,3.0,8.0,-0.007194244604316502,0.0,1216.0,1224.05,0.008976557090573323,0.029140988237667864,0.010817952846938317,0.21159849676522693,0.006659064935259362,0.011248983907178989,0.000691864350082616,0.0006844598952107095,1.1101905318717369,0.5556626068256659,15.29,15.23,-0.003924133420536213,-0.006334099380395086,0.002409965959858873,15.29,15.18,15.29,15.62,0.021582733812949728,-0.015932696133763247,0.037515429946712975,15.29,15.23,-0.003924133420536213,-0.06186303728185938,0.057938903861323166,-0.0015867287,0.005,1
2023-09-05,15.29,15.38,15.12,15.18,5416191,0.016064257028112428,0.03195105370496254,0.03195105370496254,0.05124653739612195,0.09051724137931028,0.001980198019801982,14.790000000000001,14.731,14.672833333333333,14.708448687357974,14.717952408744715,-0.009503721386741049,-0.06523575281329719,0.05573203142655614,-0.0006260686025521112,0.0036714118199312343,59.895564129645244,14.731,0.42848447739510104,15.587968954790203,13.874031045209797,0.11634905366780295,0.7619698166953557,0.4003942136830651,0.026376430413904157,19.119707313429885,28.17521342130215,20.55450053435276,87.31707317073172,75.77235772357726,684980546.0,671603945.85,0.2921176455610958,-2.854959842325665,10.598200438154503,4037191.25,0.8452706480556843,1.341574046064823,0.017127799736495492,0.03047994026203238,0.03456501243795218,1.0,9.0,-0.003916449086161955,0.0,1231.43,1234.98,0.008929373800089957,0.043612733126579206,0.00734106592277195,0.20937486699816626,0.0071348832280224705,0.007633804269542743,-0.005360867902969968,-0.005321800216750994,1.1266587331331959,0.5631063316138092,15.32,15.5,0.011749347258485532,0.006765987373390514,0.004983359885095018,15.32,15.26,15.32,15.62,0.01958224543080922,-0.020669808499114817,0.040252053929924037,15.32,14.39,-0.060704960835509136,-0.09617079065857226,0.03546582982306312,-0.0015867287,0.005,1
2023-09-06,15.32,15.41,15.15,15.26,4264661,0.005270092226614009,0.021419009370816644,0.03738953093133923,0.05898681471200562,0.08534850640113789,0.005270092226614009,14.960000000000003,14.735,14.698666666666666,14.793302735456747,14.758104082171032,0.0351986532857147,-0.045148871593494816,0.08034752487920951,0.002306595890282746,0.005265237541232603,61.221800837396934,14.735,0.43324358044884126,15.601487160897682,13.868512839102317,0.11760938729524019,0.8029473624606852,0.39036605556284615,0.025580999709229762,18.941504368648143,27.383730030649048,19.576632625359665,91.21951219512195,84.71544715447155,689245207.0,672526626.65,0.2926068538063332,-2.869288586798778,10.63014735207661,4070429.3,0.11924677310516668,1.0477177431874325,0.017038007863695925,0.03562945368171033,0.03818940493468803,2.0,9.0,0.015696533682145297,1.0,1237.07,1245.5,0.008518356572576158,0.03643111540125821,0.003286558940567952,0.2067225315586409,-0.0032482643459621485,0.022555699310747412,0.0019835332860460575,0.0019770356418813417,1.1419361980570566,0.5728904139491823,15.29,15.53,0.015696533682145297,-0.008423345156976847,0.024119878839122144,15.29,15.53,15.29,15.82,0.03466317854807066,-0.018255919161508927,0.05291909770957959,15.29,14.91,-0.024852844996729795,-0.096275952630694,0.0714231076339642,-0.0015867287,0.005,1
2023-09-07,15.29,15.59,15.09,15.53,8396667,0.01769331585845335,0.02305665349143604,0.03949129852744315,0.05574439157036015,0.10455192034139404,0.015696533682145297,15.123999999999999,14.747,14.7245,14.906640776155708,14.81528155756577,0.0913592185899379,-0.017847253556808277,0.10920647214674617,0.005882757153247772,0.007031968586397049,65.38264093295157,14.747,0.4523284786874576,15.651656957374914,13.842343042625085,0.1226903041126893,0.9327607241711086,0.3981970515940714,0.02564050557592218,19.194256380977702,28.15652311448764,17.820804830787136,97.27272727272725,91.93643754619364,697641874.0,673494311.85,0.29813249300620315,-2.7627960729067724,10.032167252147781,4115433.7,2.4643149774592628,2.040287272760584,0.03219575016097875,0.053095544856580856,0.05470474379435619,3.0,9.0,-0.0019317450096586475,0.0,1248.91,1243.14,-0.0018948213568846795,0.032139684332007645,0.0007325535528848182,0.20685381922110943,0.01958813721533803,0.023604707238352507,0.014963980129260479,0.01495302623676431,1.1150435258609368,0.5602855344682823,15.53,15.7,0.010946555054732743,-0.014867823679041825,0.025814378733774568,15.53,15.5,15.53,15.53,0.0,-0.02377885822841863,0.02377885822841863,15.53,15.15,-0.02446877012234383,-0.10335029139968432,0.0788815212773405,-0.0015867287,0.005,1
2023-09-08,15.53,15.59,15.38,15.5,4072444,-0.0019317450096586475,0.01572739187418093,0.021080368906455815,0.05370496261046909,0.08848314606741581,0.025132275132275117,15.282,14.766,14.754333333333333,14.997926810593292,14.866001442190528,0.13192536840276325,0.01210727083510603,0.11981809756765723,0.008511314090500856,0.00773019984307466,64.55382603209017,14.766,0.4761733430503105,15.71834668610062,13.81365331389938,0.1289918307057592,0.8853638652355479,0.3847544050516377,0.02482286484204114,19.428954678140865,27.05881548288657,17.12604456566183,95.90909090909092,94.80044345898006,693569430.0,674436432.4,0.2949660517523452,-2.9193370584539773,10.963105310218577,4140998.35,-0.03957050270103844,0.9834449704622558,0.013548387096774134,0.049708790464580765,0.05053882475205018,4.0,9.0,-0.02309172546504168,0.0,1242.28,1241.48,-0.001335328281609538,0.023343994196973084,0.006069741245877225,0.20541002770813918,-0.0005964167280491095,0.030360968413496003,0.019062533886397892,0.018947527298447175,1.096121930838047,0.555657739246836,15.59,15.94,0.022450288646568284,-0.018488900262299324,0.04093918890886761,15.59,15.23,15.59,14.91,-0.04361770365618989,-0.04592636427611807,0.0023086606199281823,15.59,15.12,-0.030147530468248918,-0.09751455441110612,0.06736702394285721,-0.0015867287,0.005,1
2023-09-11,15.59,15.94,15.23,15.23,8479718,-0.0174193548387096,-0.01931745009658714,-0.001965923984272533,0.019410977242302563,0.06058495821727017,0.01330671989354637,15.34,14.776,14.769833333333334,15.033630378194324,14.892964298324564,0.1406660798697601,0.03781903264203684,0.10284704722772325,0.009236118179235725,0.00675292496570737,57.49036794015883,14.776,0.48404436508294385,15.744088730165888,13.807911269834111,0.1310352910349064,0.7344826387567825,0.407986233262235,0.026788327857008205,20.403907459555285,29.822956545915762,14.997210192222791,72.15686274509807,88.44622697563875,685089712.0,675151682.5,0.3014989324981989,-2.686579227275151,9.406352434813682,4367868.8,2.0725913864916454,1.9413856936362193,0.04661851608667098,0.03072550081212788,0.031155846940272403,0.0,9.0,0.01572739187418093,1.0,1250.48,1223.63,-0.014378000451074402,-0.00034312323842966563,0.0024741727496908617,0.2083350513643442,-0.003041354387635198,0.01975410048073223,0.010832547143855509,0.010805811699011514,1.1194899051419143,0.6054799382190877,15.26,15.62,0.023591087811271283,-0.012508556341471522,0.036099644152742805,15.26,15.5,15.26,14.06,-0.07863695937090431,-0.06026923954496566,-0.018367719825938655,15.26,15.53,0.01769331585845335,-0.07317709182176746,0.09087040768022081,-0.0015867287,0.005,1
2023-09-12,15.26,15.5,15.15,15.5,3619168,0.017728168089297336,0.0,-0.0019317450096586475,0.021080368906455815,0.07340720221606656,0.03748326639892907,15.404,14.803999999999998,14.795166666666667,15.105379550779812,14.937929905856079,0.1674496449237335,0.06374515509837617,0.10370448982535732,0.010803202898305386,0.006690612246797246,61.97151404159578,14.803999999999998,0.5095550174314853,15.82311003486297,13.784889965137028,0.13768036137030137,0.8414744120803331,0.4038443594577896,0.026054474803728363,20.999741211136858,27.976765318560457,15.483779614380438,82.7450980392157,83.60368389780156,688708880.0,676267211.6,0.3060953564043606,-2.730725155462992,9.486130167966653,4329506.6,-0.3567846389643267,0.8359308194610444,0.0225806451612903,0.0470143204539315,0.04763943179641994,1.0,9.0,-0.007667731629393049,0.0,1227.16,1245.44,0.017824015429500628,0.008469772789842844,0.010736806226211426,0.2152387144792688,-9.584734020329222e-05,0.012610596116612971,0.026746460172717645,0.026462339164812665,1.1009644653112294,0.615957880884966,15.65,15.62,-0.00191693290734829,-0.02997742085288324,0.02806048794553495,15.65,15.53,15.65,14.06,-0.10159744408945681,-0.088859352731116,-0.012738091358340808,15.65,15.35,-0.019169329073482455,-0.08427146219994552,0.06510213312646307,-0.0015867287,0.005,1
2023-09-13,15.65,15.91,15.38,15.53,6801134,0.001935483870967758,0.019697964543663682,0.001935483870967758,0.01769331585845335,0.07772380291464254,0.03326679973386559,15.457999999999998,14.828999999999999,14.819666666666667,15.170705773736763,14.98178694986674,0.1889188238700239,0.08877988885270571,0.10013893501731819,0.012164766508050477,0.006448096266408126,62.44522033005033,14.828999999999999,0.5329550193324997,15.894910038664998,13.763089961335,0.1437602048236562,0.8288269997334715,0.41285547663937605,0.0265843835569463,22.32827306382963,32.50486566603113,14.063980943907358,80.56872037914691,78.49022705448691,695510014.0,677523247.75,0.30573048981440654,-2.705653951907005,9.405449265664732,4470013.65,1.129620726118546,1.5215018414988508,0.034127495170637435,0.04727223683323212,0.04793180233473526,2.0,9.0,0.01881894873458778,1.0,1248.94,1238.39,-0.005660650051387384,-0.005708550782818067,0.0012531936224573492,0.2160144160860461,0.007596133922355142,0.023401866641271418,0.032013606111408244,0.0319735370786538,1.121332015170475,0.6241431201196815,15.41,15.82,0.026606099935106986,-0.009756176354194568,0.036362276289301554,15.41,15.7,15.41,14.77,-0.0415314730694355,-0.06811555577092376,0.026584082701488265,15.41,16.29,0.057105775470473574,-0.07057075246933031,0.12767652793980389,-0.0015867287,0.005,1
2023-09-14,15.41,15.88,15.38,15.7,6530575,0.010946555054732743,0.012903225806451646,0.030860144451740013,0.010946555054732743,0.06730115567641048,0.04876419505678009,15.491999999999999,14.8655,14.842500000000001,15.252135654700337,15.034987916543278,0.21714773815705968,0.11445345871357651,0.10269427944348317,0.013831066124653483,0.0065410369072282275,65.09834970300524,14.8655,0.5670280323527296,15.99955606470546,13.731443935294541,0.15257556956785306,0.8679271360436387,0.4190800854508492,0.026692999073302498,23.561909784187208,29.734779231949634,12.865439063372483,87.23404255319147,83.5159536571847,702040589.0,679261236.55,0.3065618173407219,-2.8049280416146516,9.792356462163093,4641118.5,0.9055444980308922,1.4071123157057939,0.03184713375796178,0.05613669234132712,0.05777328617146704,3.0,9.0,0.0037783375314861534,1.0,1238.19,1223.81,-0.011773350883001465,-0.01554933474910325,-0.008297880961063209,0.22002605861597696,0.02271990593773421,0.026495889803835992,0.0570620760178433,0.057539532206649424,1.0489429544586972,0.597388827424302,15.88,15.53,-0.0220403022670026,-0.013125879873379542,-0.008914422393623056,15.88,15.94,15.88,15.32,-0.035264483627204024,-0.062203487757044984,0.02693900412984096,15.88,16.41,0.033375314861460836,-0.062870767453026,0.09624608231448684,-0.0015867287,0.005,1
2023-09-15,15.88,16.52,15.82,15.94,6374553,0.015286624203821653,0.02640051513200259,0.028387096774193488,0.028387096774193488,0.08361658735554034,0.0563286944996686,15.579999999999998,14.908000000000001,14.865,15.357960938592592,15.102025848651182,0.2559350899414099,0.1427497849591432,0.1131853049822667,0.016056153697704512,0.007100709220970307,68.48350168395402,14.908000000000001,0.6145995701097333,16.13719914021947,13.678800859780534,0.1649046337831322,0.9197855197880059,0.44771722220436,0.028087655094376413,25.639984253704085,36.05533143144836,11.182351820424227,75.52742616033754,81.11006303089198,708415142.0,681003055.3,0.3093497505895037,-2.776977504862165,9.58400494505113,4644948.45,0.827636882961119,1.3723624855298446,0.043914680050188164,0.06922457740810284,0.07231752438614181,4.0,9.0,-0.012642225031605614,0.0,1228.87,1227.36,0.002900777081409567,-0.011373521925443941,-0.012788958061869637,0.21847496212297543,0.012385847122412086,0.03976061869963743,0.06911765256153823,0.07001304647671258,1.0419447506080355,0.5939588605571889,15.82,14.91,-0.05752212389380529,-0.02655842036553524,-0.030963703528270048,15.82,15.62,15.82,15.12,-0.04424778761061954,-0.058297976501305304,0.014050188890685766,15.82,16.67,0.053729456384323804,-0.057824738903394124,0.11155419528771793,-0.0015867287,0.005,1
2023-09-18,15.82,16.11,15.56,15.62,3912319,-0.020075282308657516,-0.005095541401273884,0.0057952350289762755,0.025607353906762942,0.045515394912985174,0.045515394912985174,15.657999999999998,14.942000000000002,14.881166666666667,15.398274640347578,15.14039430430665,0.2578803360409285,0.1657758951755003,0.09210444086542824,0.016509624586487102,0.005896571118145214,60.11177263390102,14.942000000000002,0.634935554127233,16.211871108254467,13.672128891745537,0.16997337816282493,0.7669562271292084,0.4550231349040485,0.029130802490656114,26.62756542558767,32.94239202147461,14.29831685543792,58.333333333333314,73.69826734895412,704502823.0,682784498.45,0.3169408804439033,-2.571356380564867,8.158262925601658,4605324.05,-0.33061329463747086,0.8495208931063168,0.035211267605633735,0.04537545174675395,0.049648885056055025,0.0,9.0,-0.005095541401273884,0.0,1225.6,1211.81,-0.012669469430321989,-0.009659782777473702,-0.017568181081168754,0.22125525790854894,-0.007405812878335527,0.035267136684236644,0.06308357599415393,0.0642116580299461,1.0613942761869128,0.6066900100903774,15.7,14.06,-0.10445859872611463,-0.051613539919076246,-0.05284505880703838,15.7,15.62,15.7,15.23,-0.02993630573248396,-0.04992762919832894,0.01999132346584498,15.7,16.82,0.07133757961783438,-0.06130135859732222,0.1326389382151566,-0.0015867287,0.005,1
2023-09-19,15.7,15.82,15.29,15.62,3897772,0.0,-0.020075282308657516,-0.005095541401273884,0.00774193548387081,0.02898550724637672,0.12212643678160906,15.681999999999999,15.026999999999997,14.905666666666665,15.432386234140258,15.175920652135787,0.25646558200447167,0.18391383254129456,0.0725517494631771,0.016419051344716495,0.004644798301099687,60.11177263390102,15.026999999999997,0.6039527691537939,16.234905538307586,13.81909446169241,0.16076469532276413,0.7454662145315025,0.4603786252680451,0.02947366358950353,26.666887614628415,30.233524206234776,17.31165832834127,56.73076923076921,63.53050957481336,704502823.0,684932740.6,0.17649323010558693,-0.9134363086789461,0.6037125228159762,4433413.65,-0.2679376768998303,0.8791807640146548,0.033930857874519924,0.03946230119118921,0.04792360847105126,1.0,9.0,0.00957243139757491,1.0,1215.96,1211.5,-0.00025581568067600813,-0.027251413155190196,0.028446761008158017,0.1473974479819247,0.00025581568067600813,0.034993348639061006,0.09367967577345104,0.09108850290083992,1.0780260578232905,0.6408386661952588,15.67,14.06,-0.10274409700063813,-0.0616310711635194,-0.04111302583711873,15.67,15.82,15.67,14.39,-0.08168474792597313,-0.07800775129875492,-0.0036769966272182097,15.67,15.82,0.00957243139757491,-0.07508039910942521,0.08465283050700012,-0.0015867287,0.005,1
2023-09-20,15.67,15.85,15.67,15.82,3096814,0.012804097311139628,0.012804097311139628,-0.007528230865746499,0.018673535093367777,0.03669724770642202,0.12517780938833578,15.74,15.115,14.930000000000001,15.492019121195604,15.223630233459062,0.2683888877365419,0.20080884358034404,0.06758004415619787,0.016965163573738427,0.00427181062934247,63.35854128778809,15.115,0.5835147587544984,16.282029517508995,13.947970482491003,0.15442004862838188,0.8020489153971063,0.4439230091774705,0.02806087289364542,26.75766805291513,29.597360070032135,16.67099359703765,64.82412060301512,59.962741055705884,707599637.0,687022581.3,0.17763005066466697,-0.9259434527466938,0.5629772564559063,4375012.2,-0.6323800084281077,0.7078412261341808,0.011378002528444987,0.04664240820377108,0.05961152042866713,2.0,9.0,-0.025721455457967335,0.0,1212.7,1226.11,0.012059430458109643,-0.009916100743707745,0.03928765172577475,0.15213988787748983,0.0007446668530299849,0.028589635837075522,0.08589015766256103,0.08264329660795777,1.0746872498320252,0.6465840931939809,15.94,14.77,-0.07340025094102887,-0.05945597861084628,-0.013944272330182583,15.94,15.53,15.94,14.91,-0.06461731493099121,-0.07998108885791366,0.015363773926922453,15.94,16.29,0.021957340025094085,-0.10057956129410894,0.12253690131920303,-0.0015867287,0.005,1
2023-09-21,15.94,15.94,15.53,15.53,3449512,-0.018331226295828174,-0.005761843790012766,-0.005761843790012766,-0.010828025477707004,0.0,0.10455192034139404,15.706,15.1885,14.947166666666668,15.497862333319357,15.246324290239873,0.2515380430794849,0.2109546834801722,0.040583359599312696,0.016196911981937213,0.0026132234127052606,56.21357039898372,15.1885,0.534122743630398,16.256745487260794,14.120254512739203,0.1406650409534576,0.6598415364597879,0.4414999370933655,0.028428843341491664,26.386693163768886,27.634098565786285,17.830173931303385,47.05882352941173,56.20457112106536,704150125.0,688939946.4,0.19670120494451884,-0.8696423695535486,-0.10860624316006398,4386172.85,-0.46480241688109397,0.7864514504940224,0.026400515132002585,0.02248411627217961,0.03899289720459831,3.0,9.0,-0.022935779816513735,0.0,1226.79,1212.74,-0.010904404988133165,-0.00904552177217044,0.027319164075934488,0.15884998467150094,-0.0074268213076950085,-0.0017825037055365645,0.07723275626545956,0.07517893072201165,1.088118500527851,0.6563761318866933,15.26,15.32,0.003931847968545288,-0.037628706711538285,0.04156055468008357,15.26,14.91,15.26,15.15,-0.007208387942332806,-0.06981269154648462,0.06260430360415181,15.26,16.29,0.06749672346002611,-0.09155817585115544,0.15905489931118155,-0.0015867287,0.005,1
2023-09-22,15.26,15.32,14.59,14.91,7739815,-0.039922730199613565,-0.05752212389380529,-0.045454545454545414,-0.06461731493099121,-0.03806451612903228,0.0470505617977528,15.5,15.222,14.955499999999999,15.407421974347148,15.221411379851734,0.18601059449541424,0.20596586568322062,-0.019955271187806378,0.012475559657640124,-0.0013383817027368462,44.62665143797478,15.222,0.4907523761908303,16.20350475238166,14.24049524761834,0.12895871138899764,0.3410603722279899,0.47710708444383937,0.03199913376551572,25.261215714968316,23.74517636619856,29.393860728398796,16.580310880829032,42.82108500441863,696410310.0,690355125.6,0.25077173652232915,-1.2148637933214967,1.271370588768687,4657968.45,1.478153557071912,1.6616289017586625,0.048960429242119415,-0.020496649586125293,-0.003042358998361694,4.0,9.0,-0.05700871898054993,0.0,1197.49,1193.05,-0.016235961541633093,-0.027954308434363195,0.017474585522275987,0.16859260723826597,-0.023686768657980473,-0.036663006496628014,0.029575976275476812,0.029068024593749797,1.156069322746803,0.6805551553130538,14.91,15.12,0.014084507042253502,-0.030598531808026186,0.04468303885027969,14.91,14.06,14.91,15.12,0.014084507042253502,-0.052109056090308914,0.06619356313256242,14.91,16.58,0.1120053655264921,-0.0693359539048195,0.1813413194313116,-0.0019378182,0.005,1
2023-09-25,14.91,15.26,14.06,14.06,3627641,-0.05700871898054993,-0.0946555054732775,-0.11125158027812898,-0.0998719590268885,-0.07682206172028894,-0.02089136490250687,15.187999999999999,15.207000000000003,14.9505,15.200126285986048,15.135380907270124,0.06474537871592467,0.17772176828976144,-0.11297638957383677,0.004604934474816833,-0.008035305090600055,34.214344853539714,15.207000000000003,0.5220717837314385,16.25114356746288,14.162856432537126,0.13732407016017315,-0.049253970307479876,0.5287422926978508,0.03760613746072907,25.100444338517477,19.89585154483135,31.78867674081485,0.0,21.21304480341359,692782669.0,691471604.45,0.3262097832560698,-1.4325155559458735,1.8573087951368497,4722032.2,-0.539348025797796,0.7682372432784342,0.08534850640113793,-0.07542579075425804,-0.059563225310190204,0.0,9.0,-0.00636042402826853,0.0,1190.58,1153.2,-0.033401785340094636,-0.048365667885229446,-0.03042736192502038,0.20035396225079583,-0.023606933640455297,-0.051506291141659055,0.00953599702251351,0.009835257976593237,1.2605403082452842,0.7359187197083799,14.15,15.23,0.07632508833922258,0.0037447651484872058,0.07258032319073537,14.15,14.06,14.15,15.53,0.09752650176678435,-0.011799051210315215,0.10932555297709956,14.15,16.35,0.15547703180212014,-0.04988096686186949,0.20535799866398963,-0.0019378182,0.005,1
2023-09-26,14.15,14.62,13.89,14.06,3502471,0.0,-0.05700871898054993,-0.0946555054732775,-0.0998719590268885,-0.0929032258064516,-0.02631578947368418,14.876,15.188000000000002,14.945500000000001,15.024722241988195,15.055723062287152,-0.031000820298956455,0.13597725057201787,-0.16697807087097433,-0.002204894758105011,-0.011876107458817519,34.214344853539714,15.188000000000002,0.5571884307561732,16.30237686151235,14.073623138487656,0.1467443852399719,-0.0061124467665129335,0.5431178432194328,0.038628580598821675,25.2022902829929,17.98571996327974,30.97252473751569,6.4638783269961975,7.6813964026084145,692782669.0,692455054.0,0.3253534936085595,-1.4003444007587196,1.8180875148741216,4764126.45,-0.6332065629203757,0.7351759103707249,0.05192034139402551,-0.07426915986304994,-0.059248603258505894,1.0,9.0,0.039408866995073843,1.0,1150.94,1137.96,-0.013215400624349671,-0.06070160957490711,-0.03837345885057075,0.2043447350326546,0.013215400624349671,-0.03917034945198139,0.01205766937688657,0.012538827560306443,1.2322007849647767,0.7275364174682903,14.21,14.39,0.012667135819845132,-0.01900400084228271,0.03167113666212784,14.21,14.77,14.21,15.35,0.08022519352568613,0.003448094335649632,0.0767770991900365,14.21,16.17,0.13793103448275867,-0.029708008703586586,0.16763904318634526,-0.0019378182,0.005,1
2023-09-27,14.21,14.77,14.03,14.77,3116077,0.050497866287339876,0.050497866287339876,-0.009389671361502372,-0.0663716814159292,-0.04893754024468766,0.02498265093684937,14.666,15.206,14.949,14.985534204759242,15.034558391006621,-0.049024186247379475,0.09897696320813841,-0.1480011494555179,-0.0033191730702355773,-0.010020389265776431,46.34243454785868,15.206,0.5361500182834725,16.278300036566943,14.133699963433054,0.14103643779652036,0.296698692002339,0.5571808544180448,0.03772382223548035,24.92099601923688,18.20244457070914,28.0343061111647,33.46007604562735,13.307984790874523,695898746.0,693698003.15,0.3733106746672383,-0.6825036179960011,1.5035838227988623,4816234.55,-0.8804041105017633,0.6469944450691256,0.05010155721056197,-0.028672892279363427,-0.011974045086627916,2.0,9.0,0.025435073627844806,1.0,1139.76,1153.85,0.01396358395725672,-0.058934353361443925,-0.039834570449023166,0.2026705114105203,0.036534282330083157,-0.0074373280544852705,0.06481722138587254,0.067506306091633,1.2894332368298596,0.7295448592271497,14.94,14.91,-0.00200803212851397,-0.021729332431916992,0.019721300303403022,14.94,15.32,14.94,16.29,0.09036144578313254,-0.002539566973495,0.09290101275662754,14.94,15.82,0.058902275769745716,-0.04514015289406614,0.10404242866381186,-0.0019378182,0.005,1
2023-09-28,14.94,15.32,14.71,15.32,4508435,0.03723764387271511,0.08961593172119486,0.08961593172119486,-0.013522215067610976,-0.02420382165605084,0.041468388851121585,14.624,15.236500000000001,14.951833333333333,15.036990480950127,15.05570221389502,-0.018711732944892034,0.07543922397753233,-0.09415095692242437,-0.0012213924898754592,-0.00614562382000159,53.494829116805654,15.236500000000001,0.5236539134320822,16.283807826864166,14.189192173135837,0.13747354403756304,0.5398641153336997,0.5609536505310415,0.0366157735333578,23.437983646161996,23.79197039368065,25.8567736802485,54.3726235741445,31.432192648922683,700407181.0,694954249.4,0.38880796291676484,-0.5628985040734327,1.1298631804120178,4829531.65,-0.16655559067178122,0.9335139153710691,0.039817232375979075,0.005480261214845905,0.024623513281537335,3.0,9.0,-0.014983713355048889,0.0,1153.74,1152.43,-0.0012306625644580294,-0.04973036264986719,-0.0431739495030844,0.2020875592203203,0.03846830643717314,0.03620814758225621,0.08464233835420598,0.0884615738777681,1.2563045505193569,0.7134868062531373,15.35,15.15,-0.013029315960912058,-0.0378921365395245,0.024862820578612443,15.35,15.12,15.35,16.41,0.06905537459283395,-0.005311981757877393,0.07436735635071134,15.35,14.74,-0.03973941368078171,-0.08836891929242674,0.04862950561164503,-0.0019378182,0.005,1
2023-09-29,15.35,15.41,15.0,15.12,2401996,-0.013054830287206332,0.023696682464454888,0.07539118065433836,0.014084507042253502,-0.05144291091593478,0.027872195785179965,14.666,15.257,14.954833333333333,15.04976117618857,15.060465012865759,-0.010703836677189216,0.058210611846588024,-0.06891444852377723,-0.0007079257061633079,-0.004557833897075214,50.840920901824404,15.257,0.5097997542896487,16.2765995085793,14.237400491420702,0.13365661775962484,0.4328167585178145,0.5501712469216814,0.03638698723026994,21.880445986591404,23.69398689365591,24.48041297331041,46.76806083650187,44.86692015209125,698005185.0,696090395.85,0.3925845450670333,-0.4728123240693615,0.8961629773496667,4874503.1,-1.3326749487029428,0.49276735509717906,0.02711640211640213,-0.008979484826637019,0.011044366927080329,4.0,9.0,0.007275132275132323,1.0,1157.76,1154.15,0.0014924984597763924,-0.032605506894094805,-0.048641564179498165,0.1995631179585489,-0.014547328746982724,0.04669001393634831,0.07651375996467813,0.08042579650716886,1.2584712205016364,0.7149449790967188,15.12,15.12,0.0,-0.022968304951215046,0.022968304951215046,15.12,15.23,15.12,16.67,0.10251322751322767,-0.0002943544547082677,0.10280758196793593,15.12,15.12,0.0,-0.08176993602119353,0.08176993602119353,-0.0019378182,0.005,1
2023-10-02,15.12,15.53,14.88,15.23,2761328,0.007275132275132323,-0.005874673629242766,0.031144211238998132,0.08321479374110963,-0.024967989756722098,0.019410977242302563,14.9,15.2715,14.9645,15.077490226005713,15.073023160060888,0.004467065944824711,0.047461902666235366,-0.042994836721410655,0.00029330702198455093,-0.002823035897663208,52.244211097303406,15.2715,0.5044045473313284,16.280309094662655,14.262690905337342,0.1321165693825304,0.4794311925717344,0.5573018721415612,0.0365923750585398,20.434161016990142,21.72005136982134,22.44096064209061,50.950570342205346,50.697084917617246,700766513.0,697150503.75,0.38975075329694864,-0.43651245393748545,0.9800897265293202,4798464.55,-1.0659071820991428,0.5754607481678696,0.042678923177938186,-0.002717480273712436,0.017741989374853828,0.0,10.0,-0.03874415497661987,0.0,1155.07,1155.25,0.0009530823549797063,0.0017776621574747686,-0.056206854295167696,0.195479336056512,0.006322049920152617,0.08143713158363486,0.07561783153747026,0.08012119168443244,1.247925586594395,0.7116221117487721,14.97,15.53,0.03740814963259842,-0.00740934677313787,0.04481749640573629,14.97,14.39,14.97,16.82,0.12358049432197715,-0.0038661255836277553,0.1274466199056049,14.97,14.36,-0.04074816299265205,-0.09028232316620832,0.049534160173556274,-0.0019378182,0.005,1
2023-10-03,14.97,14.97,14.36,14.39,3546427,-0.05515430072225869,-0.048280423280423146,-0.060704960835509136,0.023470839260312903,-0.07874519846350825,-0.05204216073781287,14.966,15.232,14.961666666666668,14.97172249892791,15.02242885190823,-0.050706352980320446,0.027828251536924205,-0.07853460451724464,-0.003523721541370427,-0.005457581967841879,42.31139525915704,15.232,0.5415144455478038,16.315028891095608,14.14897110890439,0.14220442372578895,0.11127537458939867,0.5796374527028784,0.04028057350263227,20.073496542678264,19.391447441423697,26.443014498580972,19.01140684410647,38.91001267427123,697220086.0,697762480.75,0.43338996953315195,-0.405160898390407,0.32501464652696116,4704976.35,-0.6018282667765592,0.7537608557798596,0.042390548992355885,-0.055278361344537785,-0.03820875570903426,1.0,10.0,0.04265734265734267,1.0,1145.85,1118.1,-0.032157541657649946,-0.017452283032795668,-0.09464120876451454,0.21605986251935907,-0.02299675906460874,0.04092312229310857,0.04259904802670167,0.047052117281116246,1.3330940374833695,0.7575973225356641,14.3,15.35,0.07342657342657333,0.03350773985414923,0.039918833572424095,14.3,14.91,14.3,15.82,0.10629370629370616,0.013591057373419924,0.09270264892028623,14.3,13.8,-0.034965034965035,-0.07086507441646095,0.03590003945142595,-0.0019378182,0.005,1
2023-10-04,14.3,15.09,14.18,14.91,3613233,0.03613620569840159,-0.02101116217990806,-0.01388888888888884,0.009478672985782088,-0.05752212389380529,-0.022935779816513735,14.994,15.214499999999997,14.967,14.962226729862078,15.014100788803917,-0.05187405894183961,0.011887789441171442,-0.06376184838301105,-0.0034791454689362578,-0.004276448583702954,48.800816737375776,15.214499999999997,0.5461971400415584,16.306894280083114,14.122105719916881,0.1435991034977313,0.36062724533085755,0.6032347775098157,0.04045840224747255,20.037983292665963,17.301972280698184,25.72508232218812,38.78326996197718,36.24841571609634,700833319.0,698341886.35,0.4539144834219886,-0.39167133898629175,-0.01168274007045214,4672404.95,-0.546427725342676,0.7733133233668028,0.061032863849765265,-0.020013802622498078,-0.0038083784325516623,2.0,10.0,0.022267206477732726,1.0,1106.61,1128.67,0.0094535372506932,-0.021822593924686773,-0.0938016860698514,0.21685250535062287,0.02668266844770839,0.03130126691046886,0.07086590625333766,0.07820132212119746,1.3739360958976776,0.7616294764652993,14.82,16.29,0.0991902834008096,0.017254638510019626,0.08193564489078997,14.82,15.15,14.82,16.29,0.0991902834008096,-0.024653271928506304,0.1238435553293159,14.82,14.47,-0.023616734143049878,-0.08099603107956399,0.05737929693651411,-0.0019378182,0.005,1
2023-10-05,14.82,15.41,14.8,15.15,5527360,0.016096579476861272,0.05281445448227928,-0.005252790544977071,-0.011096605744125299,-0.02446877012234383,-0.02446877012234383,14.959999999999999,15.195500000000001,14.976833333333332,14.991114925267912,15.024167397040664,-0.03305247177275206,0.002899737198386743,-0.0359522089711388,-0.0021816813051321487,-0.0023730831004052013,51.51190495980228,15.195500000000001,0.5412312960182354,16.27796259203647,14.11303740796353,0.1424714674787233,0.4789831074372745,0.603718007687686,0.03984937344473175,19.265152382246754,19.839320209424304,23.86845626064584,56.75675675675677,38.18381118761348,706360679.0,698777826.6,0.45308779510488445,-0.3882563733791104,0.004863110562266728,4528939.6,0.5722545574472309,1.2204534589068048,0.04026402640264023,-0.002994307525254203,0.01156230177718931,3.0,10.0,-0.005917159763313751,0.0,1131.29,1113.89,-0.013095058786004699,-0.03344237827894103,-0.10397059060121949,0.21848469528721262,0.02919163826286597,0.022345772534815733,0.07950182047887566,0.0887267980771076,1.3258729287958368,0.7387452167652406,15.21,16.41,0.07889546351084809,0.03262107367986866,0.04627438983097942,15.21,15.12,15.21,16.29,0.07100591715976323,-0.024550989481990304,0.09555690664175354,15.21,15.03,-0.01183431952662728,-0.035651838634183086,0.023817519107555807,-0.0019378182,0.005,1
2023-10-06,15.21,15.21,14.77,15.12,2153774,-0.001980198019802093,0.014084507042253502,0.05072967338429457,0.0,0.014084507042253502,-0.024516129032258083,14.959999999999999,15.1765,14.982166666666666,15.010943398303617,15.031266108370986,-0.020322710067368632,-0.0017447522547643318,-0.0185779578126043,-0.001344094581175174,-0.0012287009135320305,51.14732046055574,15.1765,0.5366295889993206,16.24975917799864,14.103240822001359,0.14143698191264664,0.47367830568877173,0.5920238642814228,0.03915501747893008,18.603741432143856,18.786116901390425,22.963314085605084,59.999999999999964,51.846675572911316,704206905.0,699309700.35,0.45308936531982513,-0.38796985141447654,0.004651233173751066,4433006.1,-1.250837044727277,0.4858495457518094,0.029100529100529186,-0.0037228610022074227,0.009199826460347227,4.0,10.0,0.0,0.0,1115.23,1128.54,0.013152106581439726,-0.02218949010094018,-0.09097206559912363,0.22789418818658058,-0.01513230460124182,0.02218949010094018,0.06645593656686555,0.07310659447519119,1.2892949006718746,0.7292426206351503,15.53,16.67,0.07340631036703171,0.02165892501658928,0.05174738535044243,15.53,15.53,15.53,16.58,0.06761107533805522,-0.019659367396593685,0.0872704427346489,15.53,15.09,-0.028332260141661236,-0.047308117673081185,0.01897585753141995,-0.0015867287,0.005,1
2023-10-09,15.53,15.76,15.44,15.53,5720609,0.027116402116402094,0.02508250825082503,0.041582830315224584,0.019697964543663682,0.10455192034139404,0.019697964543663682,15.02,15.1915,14.994,15.09079826010306,15.068209359602765,0.022588900500295495,0.0031219782962476333,0.01946692220404786,0.0014545331938374433,0.0012535043273694695,55.75615134774299,15.1915,0.5423659184294212,16.27623183685884,14.106768163141158,0.14280773285835388,0.6560293468384895,0.5954507311184641,0.038341965944524416,17.708637016677308,23.941501474204994,21.200361340405774,79.99999999999999,65.58558558558558,709927514.0,700551590.45,0.45902814794855085,-0.5664270823770442,0.04684556221831018,4295050.65,0.897016872399301,1.3319072267517962,0.02060528010302642,0.022282197281374483,0.03574763238628775,0.0,10.0,-0.015394483643361156,0.0,1130.25,1137.36,0.00781540751767773,-0.01548582557887912,-0.07050333842746603,0.22895450187186991,0.019300994598724364,0.0351837901225428,0.09020130297112972,0.09704317046015642,1.3191702175894644,0.7351125906642567,15.59,16.82,0.07889672867222575,-0.0019062609303951428,0.08080298960262089,15.59,15.35,15.59,16.35,0.04874919820397694,-0.04378279118572925,0.09253198938970619,15.59,15.15,-0.02822322001282873,-0.047166841552990446,0.018943621540161715,-0.0015867287,0.005,1
2023-10-10,15.59,15.67,15.29,15.35,5479793,-0.011590470057952329,0.015211640211640232,0.013201320132013139,0.06671299513551077,0.09174964438122335,-0.009677419354838679,15.212,15.184000000000001,15.004166666666666,15.130675450856435,15.08908274037293,0.04159271048350455,0.010816124733699016,0.030776585749805532,0.002709622832801599,0.002004989299661598,53.37538520717269,15.184000000000001,0.5389014166266507,16.261802833253302,14.1061971667467,0.1419655997435855,0.5770085190344763,0.580061393181431,0.0377890158424385,16.56562069056026,22.821204964320575,22.055426335282707,71.21951219512195,70.40650406504064,704447721.0,701338532.5,0.4569691134708175,-0.42027880354035607,-0.019749478927772488,4388081.9,0.6814753644688586,1.2487900465121218,0.02475570032573295,0.010932560590094731,0.023049153013051882,1.0,10.0,0.06540222367560489,1.0,1143.6,1143.69,0.005565520151930903,0.022887040515159773,-0.08169803442959922,0.21763171016856764,-0.017155990209883232,0.04382595462035099,0.07202061507476054,0.07842803105623886,1.308559165260609,0.728768583369131,15.29,15.82,0.03466317854807066,-0.021418600593264614,0.056081779141335275,15.29,16.29,15.29,16.17,0.05755395683453246,-0.035159658000348926,0.09271361483488139,15.29,15.41,0.007848266841072649,-0.057503053568312756,0.0653513204093854,-0.0015867287,0.005,1
2023-10-11,15.29,16.41,15.29,16.29,15298076,0.06123778501628663,0.04893754024468766,0.07738095238095233,0.09255533199195165,0.10291130670277582,0.04893754024468766,15.488,15.222,15.027166666666666,15.309033073801599,15.17803957441938,0.13099349938221927,0.034851599663403066,0.0961418997188162,0.008041344345133166,0.005901896851983807,62.40374013032869,15.222,0.5890456152474176,16.400091230494834,14.043908769505164,0.15478796879448628,0.9532755920572498,0.6186284365256146,0.03797596295430415,16.76405625697324,28.414251911856706,19.203255302324447,95.2380952380952,82.15253581107238,719745797.0,702550321.65,0.5062776391151905,-0.20410473212198918,-0.19305698222798073,4812929.0,3.6319036294649303,3.178537643085946,0.06875383670963787,0.0701616081986598,0.08403668910750528,2.0,10.0,0.014842300556586085,1.0,1146.2,1150.81,0.006225463193697545,0.01961600822206666,-0.07072085530406425,0.22061558042857574,0.05501232182258908,0.07293932376988499,0.1196583955487519,0.12876474871057675,1.345409950920941,0.7067303785696262,16.17,16.29,0.007421150278293043,-0.04477456887596076,0.052195719154253806,16.17,16.41,16.17,15.82,-0.02164502164502169,-0.04628090587990841,0.024635884234886718,16.17,16.03,-0.008658008658008698,-0.03609148833021658,0.027433479672207883,-0.0015867287,0.005,1
2023-10-12,16.17,16.76,16.17,16.41,9749188,0.007366482504604033,0.06905537459283395,0.056664520283322695,0.08316831683168324,0.07114882506527409,0.04522292993630583,15.74,15.257499999999999,15.053166666666666,15.478412600909046,15.269295902240167,0.20911669866887905,0.06970461946449827,0.13941207920438078,0.012743247938383854,0.008495556319584447,63.37865289886739,15.257499999999999,0.6386735843672593,16.534847168734515,13.98015283126548,0.16743859331273378,0.9511302910475768,0.6165835482023564,0.03757364705681635,17.430771816253607,30.52676731168375,17.89073237296131,87.80487804878044,84.75416182733254,729494985.0,703923041.45,0.5056798374720722,-0.1868852947192589,-0.18292420774799723,4973859.65,1.5546956575251516,1.9600850619096177,0.035953686776355874,0.07553662133377048,0.09013607325147532,3.0,10.0,0.023327194597912992,1.0,1155.12,1151.61,0.0006951625376907522,0.033863307867024295,-0.05899608599374084,0.21889764251168317,0.0066713199669132806,0.04930500896465895,0.10421901593004668,0.110753010034083,1.3467957196631963,0.7074896614821169,16.29,16.29,0.0,-0.049937556221234414,0.049937556221234414,16.29,16.67,16.29,14.74,-0.09515039901780231,-0.07823375806747412,-0.016916640950328188,16.29,15.91,-0.02332719459791277,-0.02719579399666372,0.0038685993987509493,-0.0015867287,0.005,1
2023-10-13,16.29,16.82,16.23,16.67,8018585,0.01584399756246202,0.023327194597912992,0.08599348534201967,0.10251322751322767,0.10251322751322767,0.04579673776662507,16.05,15.294,15.087333333333332,15.661733739230732,15.373051761333487,0.2886819778972445,0.11350009115104752,0.17518188674619695,0.01731745518279811,0.010508811442483319,65.46804100172169,15.294,0.6978493277281467,16.689698655456294,13.898301344543707,0.18251584352769623,0.9929430843186375,0.6146847233307595,0.03687370865811394,18.130231962787466,29.131070082331156,16.66414165099035,94.88054607508538,92.64117312065368,737513570.0,705377962.85,0.5058677227778917,-0.18909179604113677,-0.18676390295166775,5056061.25,0.945766018215056,1.5859350991841723,0.035392921415716844,0.08996992284556038,0.10490035791613295,4.0,10.0,-0.008254716981132115,0.0,1145.03,1154.73,0.0027092505275223555,0.02320697538412464,-0.05917579194368394,0.21883085550380907,0.013134747034939664,0.07930625212910303,0.10497252971030901,0.11157507301728087,1.3487100195339783,0.7102787224401077,16.96,16.58,-0.022405660377358694,-0.03874415497661998,0.01633849459926129,16.96,16.82,16.96,15.12,-0.10849056603773599,-0.07987403378184954,-0.02861653225588645,16.96,15.7,-0.07429245283018882,-0.04425300818086386,-0.030039444649324953,-0.0008278253,0.005,1
2023-10-16,16.96,17.52,16.64,16.82,11824269,0.008998200359927822,0.024984765386959262,0.03253529772866792,0.08306503541532528,0.10439921208141834,0.07682458386683755,16.308,15.354,15.125499999999999,15.83992854857985,15.480233112345822,0.3596954362340288,0.16273916016764378,0.196956276066385,0.021384984318313243,0.011709647804184601,66.65021245495154,15.354,0.7747080944323766,16.903416188864753,13.804583811135245,0.2018257377705815,0.9730814130301971,0.6336358145214195,0.03767157042338998,19.614432094877632,34.132214420497895,15.011046437079338,79.94269340974215,87.542705844536,749337839.0,707619713.65,0.49896781124765677,-0.3285367800918681,0.0401250801270348,5451658.75,1.8404295911859605,2.1689305112870465,0.0523186682520808,0.09548000521036881,0.11202935440150741,0.0,10.0,-0.06279620853080559,0.0,1152.69,1141.42,-0.011526504031245333,0.003569670113244827,-0.05808666375091798,0.21819451221190816,0.020524704391173154,0.07949536530208046,0.13491124761775553,0.14323106216438508,1.3208244430089466,0.7011239775930234,16.88,16.35,-0.03139810426540268,-0.045235475928545155,0.013837371663142473,16.88,15.82,16.88,14.36,-0.14928909952606628,-0.08987724169242306,-0.05941185783364322,16.88,16.03,-0.05035545023696675,-0.039525381109539515,-0.010830069127427233,0.00019073454,0.0,2
2023-10-17,16.88,16.9,15.82,15.82,7676279,-0.05945303210463737,-0.050989802039592136,-0.03595368677635591,0.030618892508143425,0.09937456567060465,0.012804097311139628,16.402,15.364,15.144,15.836862618029103,15.505401029949835,0.33146158807926795,0.19648364574996863,0.13497794232929933,0.020952059929157267,0.0085321076061504,53.50063950112133,15.364,0.7795977370279134,16.923195474055827,13.804804525944174,0.20296738792707972,0.6462292597649217,0.6655189706270322,0.04206820294734717,19.321295265045737,30.175818499087804,22.07192381801268,49.101796407185645,74.64167863067107,741661560.0,709477650.5,0.5478095044902256,-0.3269047905410737,-0.4408279104500828,5640584.1,0.5855797355747823,1.3609014357218787,0.06826801517066992,0.02967977089299656,0.04463814051769677,1.0,10.0,0.014321295143213009,1.0,1145.34,1121.65,-0.017320530567188186,-0.01927095629060316,-0.0741642591828311,0.2237911880840197,-0.042132501537449185,0.04988984879874658,0.08696835649397072,0.09393497427222885,1.4028535303786858,0.7093654704733727,16.06,16.17,0.0068493150684934,-0.01586680074395086,0.02271611581244426,16.06,16.29,16.06,13.8,-0.1407222914072228,-0.08502042305536028,-0.05570186835186253,16.06,16.06,0.0,-0.012458508716506667,0.012458508716506667,-0.0025520266,0.0,2
2023-10-18,16.06,16.52,15.44,16.29,13620578,0.02970922882427307,-0.03151010701545787,-0.022795440911817733,0.0,0.09255533199195165,0.02970922882427307,16.402,15.3875,15.1645,15.906576061409242,15.563519472175773,0.34305658923346805,0.22579823444666852,0.11725835478679952,0.021059336355645678,0.007198180158796779,57.72248295298222,15.3875,0.8008605568880529,16.989221113776104,13.785778886223893,0.20818471015773912,0.781728196075386,0.6951247584393871,0.04267186976300719,18.40928729981354,26.826996827320375,23.527194164872224,63.173652694610766,64.07271417051287,755282138.0,711861775.55,0.555785196217885,-0.3640939715888641,-0.5453893040857102,6166772.3,1.937212589107413,2.208704543866489,0.06629834254143648,0.05865150284321685,0.07421939397935962,2.0,10.0,0.003696857670979492,1.0,1123.73,1103.4,-0.016270672669727593,-0.04119706988990346,-0.1000807431633376,0.21980537684181362,0.04597990149400066,0.04119706988990346,0.12978997198761066,0.14422401899014803,1.3104284046611843,0.6674790023469968,16.23,15.82,-0.025261860751694454,-0.0011514783349804159,-0.024110382416714038,16.23,16.29,16.23,14.47,-0.10844115834873691,-0.05736538130253055,-0.05107577704620636,16.23,15.79,-0.02711028958718431,0.01774364646895088,-0.04485393605613519,-0.0028152096,0.0,2
2023-10-19,16.23,16.58,16.11,16.29,7224080,0.0,0.02970922882427307,-0.03151010701545787,-0.007312614259597838,0.07524752475247509,0.04893754024468766,16.378,15.4255,15.185,15.965564359653973,15.617332844607198,0.3482315150467752,0.25028489056668984,0.09794662448008534,0.021377011359531933,0.00601268413014643,57.72248295298222,15.4255,0.825625600123349,17.076751200246697,13.774248799753302,0.21409370201895533,0.7617711950401135,0.6790444185508594,0.041684740242532804,17.649290167662766,26.1318299629637,22.36402796128612,63.173652694610766,58.48303393213573,755282138.0,714418376.2,0.5506542937708123,-0.4506134924505495,-0.38776442143294015,6355500.7,0.22859324884156793,1.1366657547532013,0.028852056476365802,0.05604356422806389,0.07276918011195255,3.0,10.0,0.010359536867763364,1.0,1102.93,1087.85,-0.014092804060177766,-0.05536596590859755,-0.10298167785345591,0.2211962327635203,0.014092804060177766,0.04805335164899971,0.15191921809814357,0.16936021745308882,1.2950110564121795,0.664370900872613,16.41,14.74,-0.10176721511273612,-0.027978597017949247,-0.07378861809478687,16.41,16.58,16.41,15.03,-0.08409506398537481,-0.00954108838400114,-0.07455397560137367,16.41,16.0,-0.02498476538695915,0.0365618927456417,-0.06154665813260085,-0.0029653662,0.0,2
2023-10-20,16.41,16.58,15.62,16.58,8848267,0.017802332719459635,0.017802332719459635,0.04804045512010102,-0.005398920215957004,0.09656084656084651,0.1120053655264921,16.36,15.508999999999997,15.208333333333334,16.06009291970721,15.688641522784442,0.3714513969227671,0.2745181918379053,0.09693320508486175,0.02240358244407522,0.005846393551559817,60.30174835368629,15.508999999999997,0.8546830745339613,17.21836614906792,13.799633850932075,0.2204353793368911,0.8132740169752377,0.6991126743686551,0.0421660237858055,16.62426758480663,23.568728223513357,25.176831571031986,71.85628742514966,66.06786427145707,764130405.0,717804380.95,0.5287065480412814,-0.6686611950823269,0.1975841030511081,6410923.3,0.6365653445140508,1.3801860646188047,0.0579010856453558,0.06905667676832827,0.0901917808219177,4.0,10.0,-0.012084592145015116,0.0,1085.83,1108.03,0.018550351610975735,-0.04044235448979416,-0.07126272997778804,0.23261070604500902,-0.0007480188915161001,0.03504343427383716,0.18326809550428014,0.19733039840201205,1.2751780467767488,0.6650947788518808,16.55,15.12,-0.08640483383685804,-0.041516049739733996,-0.044888784097124046,16.55,16.35,16.55,15.09,-0.08821752265861027,-0.02691223250433772,-0.06130529015427255,16.55,15.47,-0.06525679758308156,-0.004852877385772003,-0.06040392019730956,-0.005759518,0.0,2
2023-10-23,16.55,16.55,15.82,16.35,6587161,-0.013872135102532934,0.0036832412523022384,0.0036832412523022384,-0.027942925089179504,0.05280103026400518,0.16287339971550496,16.266,15.623499999999998,15.228833333333334,16.104694008983024,15.737631039615223,0.3670629693678009,0.29302714734388446,0.07403582202391645,0.022450334517908312,0.004528184833267061,57.31519122731667,15.623499999999998,0.8021239896281149,17.22774797925623,14.019252020743767,0.20536345623659627,0.7264300810703924,0.7034617690566082,0.04302518465178031,15.672460900725934,21.74994388767785,23.233950883830623,64.97005988023957,66.66666666666667,757543244.0,721042409.7,0.4806719300566189,-0.6205706326208431,0.778107500201474,6558899.3,0.007491617711102397,1.0043089089658688,0.04464831804281348,0.04650046404454855,0.07362131045275966,0.0,10.0,-0.007366482504603922,0.0,1106.56,1093.53,-0.013086288277393221,-0.0419565103117171,-0.05174297606659739,0.20794427867961823,-0.0007858468251397133,0.014013585222537595,0.21461637578210235,0.22632721969394565,1.2752939422105767,0.6678702637224396,16.29,14.36,-0.1184775936157152,-0.04840152635518791,-0.07007606726052729,16.29,16.17,16.29,15.15,-0.06998158379373842,-0.005258257106863118,-0.0647233266868753,16.29,15.65,-0.03928790669122151,0.007522228916762463,-0.04681013560798397,0.0021641874,0.0,2
2023-10-24,16.29,16.35,15.85,16.17,4364364,-0.011009174311926606,-0.02472858866103722,-0.007366482504603922,0.02212389380530988,0.053420195439739526,0.15007112375533427,16.336000000000002,15.729,15.24,16.1147410845241,15.769658370014096,0.34508271451000283,0.30343826077710817,0.04164445373289466,0.021340922356833814,0.0025754145784103065,55.01861975473722,15.729,0.720240456923624,17.16948091384725,14.288519086152752,0.18316242785266051,0.6530738782307691,0.6889287855525649,0.042605367071896404,14.788640408365287,20.622419930827675,22.02949553584967,50.90909090909099,62.578479404826744,753178880.0,724062220.25,0.48467723254636663,-0.5582899530724621,0.5952805113486802,6601993.95,-0.5982203964764626,0.661067555204288,0.03092145949288817,0.028037383177570208,0.06102362204724421,1.0,10.0,-0.02164502164502169,0.0,1095.42,1105.9,0.01131198961162494,-0.014041813399901959,-0.028173222257372843,0.2095122983621568,-0.022321163923551546,0.03616570720521184,0.1782443460127071,0.1834116429954067,1.226463099725724,0.6481772117737089,16.17,13.8,-0.14656771799628943,-0.07069711951265811,-0.07587059848363131,16.17,15.82,16.17,15.41,-0.0470006184291899,-0.023607884961271197,-0.023392733467918703,16.17,16.29,0.007421150278293043,0.003660487522708644,0.0037606627555843986,0.005114713,0.0,2
2023-10-25,16.17,16.29,15.82,15.82,4799233,-0.02164502164502169,-0.0324159021406728,-0.045838359469239975,-0.028852056476365795,-0.028852056476365795,0.07109004739336489,16.241999999999997,15.7815,15.24783333333333,16.069396302289622,15.773387379642681,0.2960089226469407,0.3019523931510747,-0.0059434705041340186,0.01871105705732874,-0.0003756934579098621,50.75960923482938,15.7815,0.6840150429248195,17.149530085849637,14.41346991415036,0.17337136341281104,0.5140713279620933,0.673291015155953,0.042559482626798546,14.021773292539843,19.59415119993213,21.249333748841412,38.18181818181821,51.35365632371626,748379647.0,726686265.3,0.46704321868616067,-0.4527789078845527,0.5959514841382142,6686151.75,-0.5132652179302992,0.7177870289886854,0.029709228824273,0.0024395653138169493,0.0375244570266815,2.0,10.0,-0.037859007832898195,0.0,1106.41,1101.66,-0.003833981372637685,-0.0015769439912995953,-0.045231182562724626,0.2016418611597367,-0.017811040272384004,-0.0272751124850662,0.11632122995608951,0.12183182759184663,1.272759178188324,0.6621012103372423,15.32,14.47,-0.055483028720626604,-0.039841152567417715,-0.01564187615320889,15.32,14.74,15.32,16.03,0.04634464751958234,0.02828777244181757,0.018056875077764767,15.32,16.23,0.05939947780678856,0.02864794975988172,0.03075152804690684,0.0041347914,0.0,2
2023-10-26,15.32,15.41,14.74,14.74,13807496,-0.06826801517067005,-0.08843537414965996,-0.09847094801223244,-0.09515039901780231,-0.10176721511273612,-0.037859007832898195,15.932000000000002,15.752500000000001,15.244499999999999,15.864873794245065,15.696840166335816,0.16803362790924936,0.27516864010270964,-0.10713501219346028,0.01139983907118381,-0.007268318330628241,40.37382468447658,15.752500000000001,0.7161510793269311,17.184802158653863,14.32019784134614,0.1818507739919202,0.14654804369226407,0.7023416569305279,0.047648687715775295,14.899748338146987,17.441995205856696,29.89904338313534,0.0,29.696969696969735,734572151.0,728394513.8,0.5147357221307962,-0.4981959056958992,0.33089899257984395,7151104.8,1.679537595342414,1.9308199762363991,0.04545454545454545,-0.06427551182352009,-0.03309390271901336,3.0,10.0,0.023696682464454888,1.0,1082.8,1055.45,-0.04194579089737305,-0.029783517948246407,-0.08415261664482876,0.24589140693711015,-0.026322224273297,-0.0653668810695559,0.046293608811930564,0.050547296037835254,1.3318338531826166,0.7094545980800602,14.77,15.03,0.01760324983073791,0.01515938116498794,0.002443868665749971,14.77,15.12,14.77,15.91,0.07718348002708186,0.051424849680482554,0.02575863034659931,14.77,15.59,0.05551794177386604,0.027449240615059267,0.028068701158806775,-0.0019154493,0.0,2
2023-10-27,14.77,15.29,14.56,15.12,7642627,0.02578018995929443,-0.04424778761061954,-0.06493506493506507,-0.08805790108564526,-0.09298140371925634,0.0,15.64,15.752500000000001,15.2435,15.750277825899671,15.654111265125756,0.09616656077391461,0.23936822423695064,-0.14320166346303603,0.006360222273407051,-0.009471009488296035,44.6639842902635,15.752500000000001,0.7161510793269311,17.184802158653863,14.32019784134614,0.1818507739919202,0.2792016174176361,0.7043172528640615,0.046581828893125767,15.925429587603016,16.150708558245753,29.510997710522265,18.91891891891888,19.033579033579034,742214778.0,730604993.45,0.5215096864557066,-0.6404985521379638,0.3248003491778557,7413136.35,0.06034931439480476,1.030957295153488,0.048280423280423194,-0.04015235676876694,-0.008101813887886666,4.0,10.0,-0.057124097176625144,0.0,1059.41,1060.62,0.004898384575299453,-0.042787650153876755,-0.08103799332842365,0.24724356998908953,0.020881805383994978,-0.04527025093176851,0.08103799332842365,0.08818426957817138,1.3381303578821915,0.7101206464010457,15.23,15.09,-0.009192383453709874,0.021583825887308672,-0.030776209341018546,15.23,14.36,15.23,15.7,0.030860144451740013,0.04520744191341808,-0.014347297461678066,15.23,15.82,0.038739330269205396,0.03944859254480426,-0.0007092622755988653,-0.00027368419,0.0,2
2023-10-30,15.23,15.59,14.36,14.36,3227210,-0.050264550264550234,-0.02578018995929454,-0.09228824273072067,-0.1217125382262998,-0.14625445897740785,-0.057124097176625144,15.241999999999999,15.708999999999998,15.236666666666666,15.536388929607414,15.558251171412737,-0.021862241805322924,0.18712213102849595,-0.20898437283381888,-0.0015224402371394794,-0.014553229305976245,38.67107838594886,15.708999999999998,0.7736713568571159,17.25634271371423,14.161657286285767,0.19700079110245483,0.06409139745070835,0.7418660205166286,0.05166197914461203,16.259695882150258,17.126493961258486,26.01609179758585,0.0,6.306306306306298,738987568.0,732516046.2,0.5507970671232205,-0.4504002498104201,-0.34358317517994563,7436430.45,-1.1153122273034932,0.43397299574018067,0.08565459610027859,-0.085874339550576,-0.057536644060380726,0.0,10.0,-0.046302695231513424,0.0,1054.03,1042.4,-0.01717863136655895,-0.04675683337448433,-0.09768448387794837,0.2506818784515604,-0.033085918897991284,-0.07495570485181546,0.040560386701323226,0.044951445449638916,1.3685888049503172,0.7163530768228337,14.47,15.15,0.04699378023496892,0.042138485080336796,0.004855295154632122,14.47,13.8,14.47,16.03,0.10780926053904638,0.052094491201224224,0.055714769337822156,14.47,16.03,0.10780926053904638,0.040608263198163685,0.0672009973408827,0.0043691853,0.0,2
2023-10-31,14.47,14.53,13.36,13.8,10711176,-0.03899721448467963,-0.08730158730158721,-0.06377204884667564,-0.14656771799628943,-0.1276864728192162,-0.04100069492703262,14.768,15.679499999999999,15.214166666666667,15.269252171206274,15.428010343900683,-0.15875817269440873,0.11794607028391503,-0.27670424297832374,-0.011504215412638312,-0.020051032099878532,34.94986466826235,15.679499999999999,0.8353976361747713,17.35029527234954,14.008704727650457,0.21311843774986985,-0.06245670283617904,0.7724470190511552,0.055974421670373566,17.668962061246777,15.273570030604375,32.4484490505024,10.576923076923107,9.831947331947333,728276392.0,734068861.5,0.5329526926868535,-0.42597515819392495,-0.18708862904497223,7794667.9,0.7829390878684143,1.3741670764446552,0.08478260869565217,-0.11986989381038926,-0.09295064906611161,1.0,10.0,0.048550724637681064,1.0,1045.6,1028.19,-0.013632003069838916,-0.07026855954426259,-0.08041320096592419,0.2319984357782675,-0.025365211414840716,-0.07629915845202684,0.03941250603889157,0.042858929771817156,1.3836422040996035,0.7142244939473842,13.8,15.41,0.1166666666666667,0.049844509232264356,0.06682215743440234,13.8,14.47,13.8,16.06,0.16376811594202878,0.07845481049562686,0.08531330544640192,13.8,16.0,0.1594202898550725,0.06455782312925185,0.09486246672582066,0.011391735,0.0,2
2023-11-01,13.8,14.47,13.54,14.47,3898438,0.048550724637681064,0.0076601671309193264,-0.04298941798941791,-0.0853350189633375,-0.11172498465316139,-0.02951039570757874,14.498000000000001,15.657500000000002,15.202333333333334,15.146290298713001,15.357046614722854,-0.2107563160098529,0.05220559302516145,-0.2629619090350144,-0.014565052937792183,-0.018172903181410807,42.12545122128017,15.657500000000002,0.8620958244455176,17.38169164889104,13.933308351108968,0.2202384351130174,0.1556357291360916,0.7837008034046442,0.05416038724289179,18.97756637040783,13.978941476774214,29.698031919202457,26.682692307692335,12.419871794871819,732174830.0,735635937.05,0.5462516473077685,-0.35207992801878757,-0.2524093035981482,7808928.15,-1.0543994379055084,0.49922830958561193,0.06427090532135463,-0.07584224812390239,-0.048172429670883865,2.0,11.0,0.030157642220699055,1.0,1029.0,1039.66,0.01115552572968026,-0.05627870667901169,-0.07886273224237372,0.233389781455782,0.037395198908000804,-0.029056312284325814,0.04935233653479498,0.05357761352435131,1.4469006832532145,0.7248421820692594,14.59,16.03,0.09869773817683347,0.06180503900364309,0.03689269917319038,14.59,15.03,14.59,15.79,0.08224811514736108,0.07045450210753201,0.011793613039829065,14.59,16.73,0.14667580534612745,0.05166790639125707,0.09500789895487038,7.383527e-05,0.0,2
2023-11-02,14.59,15.18,14.53,15.03,4680390,0.03870076019350366,0.08913043478260851,0.04665738161559885,0.019674355495250984,-0.07734806629834257,-0.007920792079208039,14.556000000000001,15.651499999999999,15.198,15.128399483526385,15.332820939558198,-0.20442145603181316,0.0008801832137665245,-0.20530163924557968,-0.013600895278231082,-0.013659457035634044,47.352809975840124,15.651499999999999,0.866221528733953,17.383943057467903,13.919056942532093,0.22137725553051213,0.3206290252020268,0.7784364603043125,0.05179217966096557,18.85611060378204,19.58311954634554,27.763237555493404,40.14423076923077,25.801282051282072,736855220.0,737160664.1,0.5612819162395786,-0.3553221057763444,-0.4327520544392787,7766579.65,-0.8249953804339191,0.6026320736954007,0.04324683965402531,-0.039708654122608045,-0.011054086063955859,3.0,11.0,-0.003960396039603964,0.0,1048.62,1075.47,0.03444395283073298,0.01896821261073467,-0.03449173616784429,0.2673405332114373,0.004256807362770676,0.0007061428845163142,0.02657094408863625,0.027520162264768944,1.402757248311868,0.7324027390396296,15.15,15.91,0.05016501650165006,0.03009201461136568,0.02007300189028438,15.15,15.09,15.15,16.0,0.05610561056105601,0.040856336986174746,0.015249273574881261,15.15,16.41,0.08316831683168324,0.011818560133167066,0.07134975669851618,0.0003849737,0.0,2
2023-11-03,15.15,15.15,14.74,15.09,4245300,0.003992015968063978,0.0428472702142364,0.09347826086956523,-0.001984126984126977,-0.0898673100120626,-0.001984126984126977,14.55,15.65,15.197499999999998,15.122491870676171,15.314834203294629,-0.19234233261845723,-0.03776431995267823,-0.154578012665779,-0.01274634410990439,-0.010243738413901856,47.895829050800735,15.65,0.8672157504882035,17.384431500976408,13.915568499023593,0.22165258798420545,0.3385638176875981,0.7521195702825759,0.04984225117843445,18.74333024905809,18.820600305366618,26.682204333088194,48.87005649717517,38.56565985803276,741100520.0,739005344.85,0.5613743857050035,-0.383208474938152,-0.4193881501938368,7871155.95,-1.0065216833135349,0.5393489885053033,0.027170311464546067,-0.03578274760383393,-0.007073531830893098,4.0,11.0,0.003976143141153132,1.0,1081.35,1076.78,0.0012180720987102767,0.015236371179121688,-0.04586456838038522,0.2618963339099679,0.002773943869353701,-0.017220498163248665,0.04388044139625824,0.04598974101797326,1.4006448928604631,0.7319932387350465,15.09,15.7,0.04042412193505629,0.017990962936953014,0.022433158998103275,15.09,15.15,15.09,15.47,0.025182239893969616,0.017538185749531143,0.007644054144438472,15.09,16.61,0.10072895957587802,0.018434499773611446,0.08229445980226657,-0.000992227,0.0,2
2023-11-06,15.09,15.21,14.85,15.15,3042121,0.003976143141153132,0.007984031936127733,0.04699378023496892,0.05501392757660173,-0.07339449541284404,-0.02446877012234383,14.707999999999998,15.631,15.1995,15.126723890572144,15.302624262309841,-0.17590037173769701,-0.06539153030968199,-0.11050884142801502,-0.011610585593247328,-0.007294312965545546,48.46822907085671,15.631,0.8741185033476978,17.379237006695394,13.882762993304604,0.22368844049586015,0.36243284001028864,0.7241110295481064,0.04779610756093111,18.527137535387276,18.744110840719593,25.734678611602963,55.59006211180129,48.20144979273575,744142641.0,740716101.2,0.5527660104385089,-0.3166504205471558,-0.30619380218952613,7737231.55,-1.257425355386368,0.39317952168563447,0.023762376237623842,-0.03077218348154309,-0.0032566860751997995,0.0,11.0,0.017161716171617103,1.0,1082.21,1089.66,0.011961589182562848,0.04533768227168067,-0.04193922768516545,0.26440396616019,-0.007985446041409716,0.00967624530492106,0.017470457562821617,0.018235228983032092,1.3872621580953814,0.7285602017155857,15.15,16.03,0.05808580858085821,0.01232193470018772,0.04576387388067049,15.15,15.41,15.15,15.65,0.03300330033003296,0.01562557514631724,0.01737772518371572,15.15,16.88,0.114191419141914,0.03111311517650095,0.08307830396541305,-0.002459963,0.0,2
2023-11-07,15.15,15.73,14.91,15.41,5313960,0.017161716171617103,0.021206096752816483,0.02528276779773786,0.1166666666666667,-0.0470006184291899,0.003908794788273662,15.030000000000001,15.634,15.207333333333334,15.170304830484122,15.31057802065726,-0.14027319017313822,-0.08036786228237323,-0.059905327890764984,-0.009102737843811695,-0.0038874320500171954,50.98125031942985,15.634,0.8732058297175492,17.380411659435097,13.887588340564902,0.22341200709160774,0.4358684996204001,0.7309602417232417,0.04743414936555754,17.413266395208577,22.323534475136906,23.672573446273223,63.66459627329196,56.041571627422805,749456601.0,742966545.2,0.5546420079716219,-0.44113413583196753,-0.26977856717054033,7728939.9,-0.645826221522515,0.6875406030780495,0.053212199870214166,-0.01432774721760266,0.01332690368681777,1.0,11.0,0.05252790544977026,1.0,1086.68,1080.29,-0.008599012536020467,0.05067156848442389,-0.05543460203376793,0.26380291212919266,0.02576072870763757,0.0659950981822428,0.059343396822041594,0.062826138825131,1.394182100870361,0.7278969129987592,15.23,16.06,0.054497701904136386,0.028346646403617726,0.02615105550051866,15.23,16.03,15.23,16.29,0.06959947472094541,0.0290231109957928,0.04057636372515261,15.23,16.85,0.10636900853578468,0.03412902867097878,0.0722399798648059,-0.0035000835,0.0,2
2023-11-08,15.23,16.03,15.15,16.03,5018336,0.040233614536015594,0.05808580858085821,0.062292909211398406,0.10780926053904638,0.013274336283185972,-0.015960712093308627,15.342000000000002,15.621,15.223999999999998,15.302565625794257,15.363868537645612,-0.061302911851354835,-0.07655487219616956,0.015251960344814727,-0.0038242615003964337,0.0009514635274369761,56.43686002865929,15.621,0.8648206385385285,17.350641277077056,13.891358722922943,0.22145077486422846,0.61823260852423,0.7416059387430102,0.046263626871054904,16.432201615195222,23.320915305892942,21.666130060139228,82.91925465838517,67.39130434782614,754474937.0,744703002.2,0.5286794854923931,-0.6568361875106803,-0.3314506754754423,7214952.9,-0.6600255324107511,0.6955466057165806,0.054897067997504725,0.026182702771909705,0.05294272201786665,2.0,11.0,0.003785488958990557,1.0,1079.14,1113.43,0.03067694785659425,0.070955889425389,-0.03248146957360454,0.28796630234412895,0.009556666679421344,0.036853371113657385,0.01652075748029591,0.017075391282702412,1.380279331182293,0.7376181178848725,15.85,15.79,-0.003785488958990557,0.005445979111803778,-0.009231468070794335,15.85,15.91,15.85,16.23,0.023974763406940047,-0.0023288726464951726,0.02630363605343522,15.85,17.05,0.0757097791798107,0.008966159689005826,0.06674361949080487,-0.001930139,0.0,2
2023-11-09,15.85,16.08,15.7,15.91,7639593,-0.007485963817841612,0.03244646333549639,0.05016501650165006,0.05854956753160345,0.07937584803256437,-0.030469226081657474,15.518,15.596,15.239666666666666,15.396017067979756,15.404322720042233,-0.00830565206247691,-0.06290502816943104,0.05459937610695413,-0.0005220397273712702,0.003431764683026658,55.15730680151426,15.596,0.8478728802436812,17.291745760487363,13.900254239512638,0.21745906136026705,0.5925846336510243,0.7157769431185094,0.04498912276043428,15.599625114834668,22.935525111227214,20.844532384054887,79.93730407523509,75.50705166897075,746835344.0,745570020.15,0.5284628598329746,-0.5845739238231887,-0.39476202776050173,7109473.15,0.16179141696495225,1.074565279144489,0.02388434946574475,0.020133367530135837,0.04398608893457867,3.0,11.0,-0.007585335018963413,0.0,1116.42,1113.89,0.0004131377814502457,0.035723916055306226,-0.0327541441981225,0.2879396148199123,-0.007899101599291858,0.022825651476297226,0.002284918116465029,0.002362293002093896,1.3783135038667285,0.7362792538589455,15.82,16.0,0.011378002528444897,0.017888311101062593,-0.006510308572617696,15.82,15.7,15.82,15.59,-0.014538558786346467,-0.01560931494460771,0.0010707561582612435,15.82,16.55,0.04614412136536039,0.01423468234230163,0.03190943902305876,0.0022976946,0.0,2
2023-11-10,15.82,16.11,15.7,15.7,5561113,-0.013199245757385292,-0.02058640049906435,0.01881894873458778,0.04042412193505629,0.03835978835978837,-0.05818836232753466,15.639999999999997,15.5475,15.249833333333333,15.442783672905946,15.426224740779844,0.016558932126102377,-0.04701223611032436,0.06357116823642674,0.0010547090526179857,0.004049118995950748,52.897090360908656,15.5475,0.8101063932725994,17.1677127865452,13.9272872134548,0.20842100486190052,0.5470617196908987,0.6939357328957587,0.04419972820992094,14.87624111669487,22.276389834815078,19.96484426470789,78.26086956521733,80.37247609961253,741274231.0,745758053.2,0.5262270884747405,-0.4565302838803947,-0.4591201184652044,6986599.55,-0.4337084061545156,0.7959684765387763,0.026114649681528674,0.009808650908506245,0.029519448299981432,4.0,11.0,0.017131979695431454,1.0,1105.75,1101.68,-0.010961585075725644,0.023124500826538386,-0.045941475496436346,0.2893699405963813,-0.002237660681659648,0.017299621108517904,-0.012246886831098314,-0.01283662009882558,1.3835030139017244,0.7377962119644353,15.76,15.47,-0.0184010152284263,-0.0022380080821992054,-0.016163007146227093,15.76,16.03,15.76,15.82,0.0038071065989848663,-0.007293912980447015,0.011101019579431881,15.76,16.7,0.05964467005076135,0.018828262327166057,0.040816407723595294,0.0029801745,0.0,2
2023-11-13,15.76,16.08,15.67,16.03,4845684,0.021019108280254883,0.007542426147077341,0.0,0.05808580858085821,0.11629526462395545,-0.04696789536266344,15.815999999999999,15.508,15.267999999999999,15.533124646305032,15.470948834055411,0.06217581224962032,-0.025174626438335426,0.08735043868795575,0.003878715673713058,0.005449185195755193,55.95169828789163,15.508,0.7626656851914275,17.033331370382854,13.982668629617145,0.19671542047754123,0.671110360061952,0.6736546091174901,0.04202461691313101,14.14568010217949,21.307970738159266,19.415009073801176,91.1262798634813,83.10815116797791,746119915.0,745597157.0,0.5314045383720402,-0.4853309607894977,-0.5205089202007447,6637670.3,-0.5758473789073043,0.7300278231656068,0.02557704304429185,0.033660046427650414,0.049908304951532756,0.0,11.0,-0.01411909146715784,0.0,1103.66,1100.07,-0.00146140440055198,0.009553438687296856,-0.03622680520754862,0.28726104162159344,0.022480512680806863,0.048532369893561356,-0.010741090155114819,-0.011144831806022437,1.3827435428782089,0.7344053328124303,16.29,15.65,-0.03928790669122151,-0.004886933314098063,-0.034400973377123445,16.29,16.06,16.29,16.03,-0.015960712093308627,-0.01895264543585673,0.002991933342548103,16.29,16.67,0.023327194597912992,0.014805063656363915,0.008522130941549078,-0.0047850884,0.0,2
2023-11-14,16.29,16.29,15.88,16.06,3748214,0.0018714909544601532,0.02292993630573248,0.00942803268384651,0.04218040233614517,0.16376811594202878,0.015170670037926604,15.946000000000002,15.52,15.303666666666667,15.614182393027335,15.51458225375501,0.09960013927232403,-0.00021967329620353374,0.09981981256852757,0.006201752134017686,0.006215430421452527,56.229593025109544,15.52,0.7696889323822105,17.05937786476442,13.980622135235578,0.19837343618098222,0.6753955322992247,0.6548221370376692,0.04077348300359086,13.846050263317009,22.64570935053536,18.546708543886165,92.15017064846415,87.1791066923876,749868129.0,746007485.45,0.4858948115632713,-0.5803590674568453,0.07870092029751433,6441267.05,-0.850511681266175,0.5819063191922775,0.025529265255292553,0.03479381443298957,0.04942170721613559,1.0,11.0,-0.02711028958718431,0.0,1109.08,1109.73,0.008781259374403438,0.027251941608271935,-0.010627200998528985,0.28333612438429445,-0.006909768419943285,0.014928460727873238,0.02579787103645559,0.02607497503720757,1.3329244445530324,0.6961146031773182,16.23,16.29,0.003696857670979492,-0.012538237177207034,0.016235094848186526,16.23,15.79,16.23,16.0,-0.014171287738755423,-0.025903464466102144,0.011732176727346721,16.23,16.73,0.030807147258163914,0.0027299566052501056,0.028077190652913808,0.0019003234,0.0,2
2023-11-15,16.23,16.29,15.79,15.79,5039262,-0.016811955168119508,-0.014971927635683224,0.005732484076433009,-0.014971927635683224,0.09122322045611608,-0.030693677102516914,15.898,15.495,15.332500000000001,15.641231255638514,15.534983568291677,0.10624768734683698,0.02107379883240457,0.08517388851443242,0.006728795905436161,0.005394166467031819,52.98942485136766,15.495,0.751262095970637,16.997524191941274,13.992475808058725,0.19393664949225875,0.5981681365206032,0.64376341296355,0.040770323810231164,13.371295134199352,21.38938549356978,18.516378604741448,82.93515358361775,88.73720136518773,744828867.0,745484821.9,0.47768713480948943,-0.4148500036261418,0.07722474201072371,6012201.25,-0.36201681742042385,0.8381725412135863,0.031665611146295125,0.01903839948370445,0.02983857818359681,2.0,11.0,0.019108280254777066,1.0,1124.56,1122.5,0.01150730357834795,0.008145999299461915,0.01731013231828893,0.2798117184286282,-0.028319258746467457,-0.02311792693514514,-0.04800380942080584,-0.047186996271641135,1.2950106107346302,0.6780247837079666,15.7,16.23,0.033757961783439594,-0.005500098216039695,0.03925805999947929,15.7,16.0,15.7,16.73,0.06560509554140137,-0.01533955963499356,0.08094465517639493,15.7,16.11,0.026114649681528768,-0.005160806442972121,0.03127545612450089,0.003608573,0.0,2
2023-11-16,15.7,16.0,15.67,16.0,2520521,0.013299556681444002,-0.0037359900373598043,-0.0018714909544604863,0.0056568196103079504,0.06453759148369942,-0.017802332719459746,15.916,15.480500000000001,15.364833333333333,15.696426447078743,15.5694292298997,0.1269972171790421,0.04225848250173208,0.08473873467731002,0.007937326073690132,0.0052961709173318765,55.15397085516308,15.480500000000001,0.737788123914694,16.95607624782939,14.004923752170614,0.19063676855778408,0.6760329229899832,0.6213517406090108,0.03883448378806317,12.664862413276149,20.57796365405861,19.193427261670177,90.10238907849832,88.39590443686006,747349388.0,745088184.4,0.4804268276581225,-0.4747208309523497,0.0467252403851843,5777023.3,-1.1713508532700694,0.43630099258903804,0.020625000000000004,0.033558347598591665,0.04133898838256189,3.0,11.0,-0.029485570890840584,0.0,1119.98,1125.53,0.002699331848552422,0.010449864887915217,0.03463712828055354,0.27408360745519106,0.01060022483289158,-0.004793045277607266,-0.05243946100001329,-0.05068391570981179,1.2973276876441542,0.6786383771856226,15.94,15.59,-0.021957340025094085,-0.03514634708458175,0.013189007059487667,15.94,15.47,15.94,16.41,0.029485570890840584,-0.030146967574946393,0.05963253846578698,15.94,15.94,0.0,-0.015964330668179483,0.015964330668179483,-0.004798058,0.0,2
2023-11-17,15.94,15.97,15.23,15.47,8469019,-0.03312499999999996,-0.020265991133628813,-0.03673723536737228,-0.014649681528662306,0.025182239893969616,-0.06694813027744262,15.87,15.425,15.385333333333334,15.661591609066628,15.562064101758983,0.09952750730764492,0.053712287462914655,0.04581521984473027,0.006433581597132833,0.002961552672574678,49.01944622107482,15.425,0.6909908979521543,16.80698179590431,14.043018204095691,0.1791872668919688,0.5162809669900731,0.6319694734226529,0.04085129110682953,12.401976540031509,18.78707335227928,22.496147932909583,72.01365187713316,81.68373151308306,738880369.0,743825682.6,0.48869283100554617,-0.2567365725446672,-0.2685008848870206,5758060.9,0.9824838750874161,1.4708109460947174,0.04783451842275373,0.00291734197730964,0.0055030765230956735,4.0,11.0,0.023544800523217946,1.0,1128.14,1101.19,-0.021625367604595103,-0.000444775252341878,-0.006173118056370219,0.2786704761440856,-0.011499632395404857,-0.014204906276320428,-0.0607750122210724,-0.06115251390887566,1.320104981788315,0.6930635509259461,15.29,15.82,0.03466317854807066,0.009406670351943758,0.025256508196126903,15.29,15.65,15.29,16.61,0.08633093525179869,0.01544131195872489,0.0708896232930738,15.29,15.82,0.03466317854807066,0.015570296664823902,0.01909288188324676,-3.0286481e-05,0.0,2
2023-11-20,15.29,15.79,15.29,15.65,2805673,0.011635423400129241,-0.021874999999999978,-0.008866371120962557,-0.023705552089831605,0.03300330033003296,-0.042813455657492394,15.794,15.39,15.406833333333333,15.659808284594838,15.568577871999059,0.09123041259577924,0.06121591248948758,0.030014500106291662,0.005829419335193562,0.0019178594317119273,51.01228705165079,15.39,0.6586429429637001,16.7072858859274,14.0727141140726,0.17118724963319049,0.5986877650393079,0.622543082463892,0.03977911070056818,12.157868229161487,17.70928946175237,21.20558045673275,76.72727272727276,79.61443789430142,741686042.0,743032822.5,0.48955644693878353,-0.3845001393271758,-0.22448204321542703,5568986.5,-0.9770618868742221,0.5038031605930451,0.03194888178913738,0.016894087069525554,0.01578303999307673,0.0,11.0,0.02581863979848853,1.0,1085.4,1103.66,0.0022430279969851696,0.003263428690901682,0.009263577588177752,0.27452324521794697,0.009392395403144072,-0.026968980780733287,-0.052077033245670146,-0.051599041521064204,1.3390562274719486,0.6961035532495287,15.88,16.03,0.009445843828715494,-0.02206523399933491,0.031511077828050404,15.88,16.29,15.88,16.88,0.06297229219143574,0.007082445780641988,0.05588984641079375,15.88,15.82,-0.0037783375314861534,-0.018631865613287446,0.014853528081801293,0.0008736751,0.0,2
2023-11-21,15.88,16.29,15.7,16.29,7378610,0.04089456869009567,0.053005817711699876,0.018124999999999947,0.014321295143213009,0.057105775470473574,0.007421150278293043,15.839999999999998,15.395999999999997,15.437666666666667,15.756760856195632,15.622016548147277,0.13474430804835436,0.07592159160126094,0.058822716447093415,0.00827159656527651,0.0036109709298399887,57.3900866304992,15.395999999999997,0.6666207001697673,16.729241400339532,14.062758599660462,0.17319321906203367,0.8352731169960399,0.6237900051450425,0.038292817995398555,11.714260278658937,22.136838845995637,19.65153509572869,100.0,82.91364153480197,749064652.0,742827111.1,0.5107183019153084,-0.4707591876765397,-0.38460419690019376,5719698.8,0.5839386833397796,1.2900347130167065,0.03621853898096991,0.05806703039750594,0.05521127977025886,1.0,11.0,-0.0036832412523019054,0.0,1112.61,1110.46,0.00616131779714757,0.0006578176673606162,0.0041233384573649,0.27245957201657633,0.0347332508929481,0.013663477475852392,0.0032978118209281426,0.003284269665511985,1.359335099857826,0.696162211491184,16.29,16.0,-0.017802332719459746,-0.01432492014216935,-0.003477412577290395,16.29,16.23,16.29,16.85,0.03437691835481904,0.004157106222162366,0.030219812132656676,16.29,16.11,-0.011049723756906049,-0.013542088450983036,0.0024923646940769872,-0.0034114486,0.0,2
2023-11-22,16.29,16.29,16.03,16.23,3897433,-0.0036832412523019054,0.03706070287539931,0.04912734324499035,0.027865737808739688,0.012476606363069243,0.025916561314791364,15.928,15.4165,15.467999999999998,15.82956687831938,15.667052359395626,0.16251451892375357,0.09324017706575947,0.0692743418579941,0.010013217432147477,0.004268289701663222,56.645517186821706,15.4165,0.6863578551042093,16.789215710208417,14.043784289791581,0.17808396331312787,0.7963104428507227,0.5978050047775393,0.03683333362769804,11.302338610335141,21.449135133012142,19.041039905102014,96.1290322580646,90.95210166177912,745167219.0,742666489.7,0.5041554394265271,-0.5630183121819249,-0.16322839820855553,5674608.8,-0.6206640410494223,0.6868196799751201,0.016019716574245103,0.05276813803392488,0.04926299456943384,2.0,11.0,-0.039433148490449765,0.0,1111.35,1113.82,0.0030257731030383095,-0.007732739420935442,0.011037888277689811,0.2721516155390895,-0.006709014355340215,0.03559847722967513,0.014878673037101553,0.014716236858786313,1.3930526440360547,0.7056652559699034,16.23,16.73,0.030807147258163914,-0.013339775075824734,0.04414692233398865,16.23,15.59,16.23,17.05,0.05052372150338891,0.007801665906183253,0.042722055597205655,16.23,16.41,0.01109057301293892,-0.015164935448372163,0.026255508461311083,-0.0021213286,0.0,2
2023-11-23,16.23,16.58,15.59,15.59,7001936,-0.039433148490449765,-0.042971147943523635,-0.003833865814696469,-0.02562500000000001,-0.020113136392206132,0.05766621438263231,15.846,15.459,15.482666666666667,15.792710435501014,15.661344777218172,0.1313656582828422,0.10086527330917602,0.030500384973666167,0.008426276990560757,0.0019564069899721723,49.29843543387459,15.459,0.668343592693779,16.795687185387557,14.122312814612442,0.17293320206838184,0.5490017415563156,0.625818933007715,0.040142330532887426,10.998589771099713,19.02549437987845,21.911492542380262,42.774566473988486,79.63453291068436,738165283.0,742846146.3,0.4594373559182581,-0.2502552576724898,-0.7830806738802673,5334330.8,0.7701651066028343,1.3126175077106204,0.06350224502886456,0.008474028074261009,0.006932483637616338,3.0,11.0,0.007643312101910826,1.0,1117.71,1088.49,-0.022741556086261605,-0.032908940676836695,0.031304183049883916,0.23873511623704227,-0.01669159240418816,0.0072839406768366866,0.026362031332748392,0.0255618388502874,1.4090033007978813,0.7166002398412671,15.7,16.41,0.04522292993630583,0.002896504945140599,0.042326424991165235,15.7,15.82,15.7,16.55,0.05414012738853513,0.027975104723319655,0.026165022665215476,15.7,16.44,0.04713375796178365,0.010504413503579446,0.036629344458204205,0.019627227,0.0,2
2023-11-24,15.7,15.82,15.26,15.82,4066021,0.014753046824887761,-0.025261860751694454,-0.028852056476365795,0.02262443438914019,0.007643312101910826,0.04629629629629628,15.916,15.494,15.501166666666666,15.79690883003932,15.673097015942751,0.12381181409656783,0.10545458146665439,0.018357232629913442,0.00782628407690062,0.0011603813293244907,51.7218753835841,15.494,0.6679851873555319,16.829970374711063,14.158029625288936,0.17245002900620415,0.6220086935200588,0.6211175806500211,0.039261541128319914,11.31508246392273,17.800251690082575,24.29539407982839,54.49101796407192,64.46487223204167,742231304.0,742846972.6,0.4538849849455046,-0.22019484088159424,-0.6959154640323115,5155500.5,-0.5159469042471854,0.7886762885582108,0.03539823008849561,0.021040402736543173,0.020568344318169673,4.0,11.0,0.007542426147077341,1.0,1090.97,1095.61,0.006541171714944394,-0.0050672454344846685,0.03299013784390259,0.23910258359809305,0.008211875109943367,0.02769167982362486,0.01330615845239369,0.012881205700730813,1.4202303089886068,0.7206423773593704,15.91,16.61,0.043997485857950824,0.005996768864265034,0.03800071699368579,15.91,16.03,15.91,16.7,0.049654305468259,0.026332843490721958,0.02332146197753704,15.91,16.29,0.023884349465744803,0.006818244051150613,0.01706610541459419,0.0011095331,0.0,2
2023-11-27,15.91,16.14,15.65,16.03,4920598,0.013274336283185972,0.02822322001282873,-0.012322858903265566,0.024281150159744413,0.0,0.11629526462395545,15.992,15.5775,15.519333333333334,15.832769010033271,15.699534274021067,0.13323473601220392,0.1110106123757643,0.02222412363643962,0.008311586775558573,0.0013864082118802009,53.889036694791315,15.5775,0.6215335448457358,16.820567089691473,14.334432910308529,0.15959776468515127,0.682009484344208,0.6117520391750196,0.03816294692295818,10.89953842150945,20.518191917635626,22.9053884266544,61.53846153846169,52.934681992174035,747151902.0,743255189.3,0.40949701682535194,-0.20359210963382346,-0.5264805943692813,5240169.9,-0.1548592391344643,0.9390149735412204,0.030567685589519663,0.02904830685283266,0.03290519352205856,0.0,11.0,-0.0018714909544604863,0.0,1095.59,1088.06,-0.00689113827000476,-0.014134787887574163,0.043802762854949995,0.23096142212534496,0.020165474553190732,0.038415938047318576,0.07249250176900546,0.06945038310755969,1.4131948725527734,0.7149577251848024,16.03,16.88,0.053025577043044114,0.029294506705860757,0.023731070337183358,16.03,16.0,16.03,16.67,0.03992514036182171,0.03389674811684751,0.006028392244974201,16.03,16.58,0.03431066749844014,0.026694837405842442,0.007615830092597697,0.010802322,0.0,2
2023-11-28,16.03,16.08,15.65,16.0,2460993,-0.0018714909544604863,0.011378002528444897,0.026298909557408656,-0.017802332719459746,-0.0037359900373598043,0.1594202898550725,15.934000000000001,15.6875,15.533,15.858496854643537,15.721790994463952,0.13670586017958541,0.11614966193652854,0.020556198243056878,0.008544116261224088,0.0012847623901910549,53.51943072588791,15.6875,0.46548079275210974,16.61846158550422,14.75653841449578,0.11868832962603604,0.6678372152330783,0.5987697506625181,0.037423109416407384,10.513676096411404,19.465697852593916,21.730441556418338,57.037037037037095,57.688838846523566,744690909.0,744075915.15,0.3753759245455842,-0.13012350500466122,-0.20507381846575004,4827660.75,-1.3872233323471703,0.5097692500451694,0.02687499999999987,0.019920318725099584,0.030065022854567802,1.0,11.0,0.030807147258163914,1.0,1088.6,1095.43,0.006773523518923685,-0.013534931469841305,0.06539647341444677,0.22359614218141155,-0.008645014473384172,-0.004267401249618441,0.09402381644062574,0.08825241943902129,1.4027087496765878,0.7099484405844492,16.23,16.85,0.03820086260012334,0.017033027121609923,0.02116783547851342,16.23,16.73,16.23,16.73,0.030807147258163914,0.02765930300379127,0.003147844254372645,16.23,16.47,0.014787430683918634,0.022756270049577143,-0.007968839365658509,0.017294351,0.0,2
2023-11-29,16.23,16.79,16.06,16.73,10977297,0.04562500000000003,0.04366812227074224,0.05752212389380529,0.030807147258163914,0.05953134895503487,0.15618521078092606,16.034,15.8005,15.5575,15.992574261621455,15.796473143022178,0.1961011185992767,0.13213995326907818,0.06396116533019852,0.011721525319741584,0.0038231419802868213,60.60073097590253,15.8005,0.4271013068533788,16.654702613706757,14.946297386293242,0.10812349149795986,1.0440746639526748,0.612429054186624,0.03660663802669599,10.736023708856731,25.95299139718758,19.728221437764258,96.15384615384623,71.57644824311501,755668206.0,745250583.95,0.37127295485391687,-0.17594861689605157,-0.23404658449931642,5181603.7,2.6666380717088773,2.1185134247144375,0.04363419007770475,0.058827252302142474,0.07536557930258736,2.0,11.0,-0.02088305489260156,0.0,1097.28,1102.8,0.006727951580657754,-0.009893878723671645,0.06073139295538921,0.22207126297818716,0.03889704841934227,0.04070102598183556,0.09545381782553686,0.08998867994241722,1.4348832071371926,0.7109405554973987,16.76,17.05,0.017303102625298328,0.022400726117540293,-0.005097623492241965,16.76,16.41,16.76,16.11,-0.038782816229117056,0.01130020422055833,-0.050083020449675386,16.76,16.58,-0.010739856801909475,0.018370773769003756,-0.029110630570913232,0.009743462,0.0,2
2023-11-30,16.76,16.9,16.41,16.41,5422505,-0.019127316198445876,0.02562500000000001,0.023705552089831494,0.05259781911481731,0.02562500000000001,0.09181636726546905,16.198,15.869499999999999,15.572166666666668,16.056793605987384,15.841919576872387,0.21487402911499665,0.1486867684382619,0.06618726067673475,0.013094090744362989,0.004033349218570064,56.53471937926649,15.869499999999999,0.4070752549074506,16.6836505098149,15.055349490185097,0.10260569139732206,0.8319410806012302,0.6036841217447222,0.03678757597469361,11.123609847658201,25.749838110941067,18.584431622113396,70.6586826347306,74.61652194187131,750245701.0,745920108.0,0.3635678829815689,-0.003797366923884495,-0.1935190333994367,5218709.45,0.09388323664360963,1.0390509477395795,0.02985984156002428,0.034059044078263545,0.05380326009011793,3.0,11.0,0.005447941888619745,1.0,1101.75,1094.13,-0.007861806311207697,0.005181489953973051,0.017350553711400707,0.19138995345922188,-0.011265509887238179,0.04741632916084426,0.07446581355406834,0.07319582545309422,1.44074773430857,0.7136120426679617,16.52,16.55,0.001815980629539915,0.02029694863443643,-0.018480968004896514,16.52,16.61,16.52,15.94,-0.03510895883777243,0.009961971651594848,-0.04507093048936728,16.52,16.41,-0.006658595641646503,0.027065630742917346,-0.03372422638456385,0.0063616065,0.0,2
2023-12-01,16.52,16.79,16.32,16.61,3946535,0.01218769043266299,-0.0071727435744173285,0.038124999999999964,0.049936788874841875,0.07369101486748542,0.10072895957587802,16.356,15.9455,15.590666666666667,16.141902281989324,15.898814423029988,0.2430878589593366,0.16756698654247684,0.07552087241685976,0.01463503064174212,0.004546711162965669,58.41280372613443,15.9455,0.3956137802933084,16.736727560586615,15.154272439413383,0.09924148638633049,0.9199171218880065,0.5941352559058134,0.035769732444660654,11.274294925552097,24.294851485800702,18.61632877671984,82.63473053892218,83.14908644249967,754192236.0,746574693.8,0.3645338174952192,-0.061187626753201274,-0.22522854360454106,5203771.2,-0.5770319023816409,0.7583990241538675,0.028296207104154057,0.04167319933523572,0.06538099717779855,4.0,12.0,0.005360333531864159,1.0,1099.18,1102.16,0.007339164450293811,0.005978404724308994,0.02357027433644765,0.19274095450397405,0.004848525982369178,0.04395838415053288,0.07715868523943037,0.07538191287300733,1.4389509498851714,0.7144895058810815,16.79,16.7,-0.005360333531864159,0.015075739794536691,-0.02043607332640085,16.79,16.88,16.79,15.82,-0.05777248362120302,-0.004910899669597568,-0.05286158395160545,16.79,16.58,-0.012507444907683185,0.020031776409626945,-0.03253922131731013,-0.0040031574,0.0,2
2023-12-04,16.79,16.99,16.64,16.88,6107753,0.01625526791089693,0.02864107251675807,0.008965929468021328,0.053025577043044114,0.07859424920127789,0.114191419141914,16.526,16.032,15.618166666666667,16.25545577706789,15.971494836138877,0.28396094092901336,0.19084577741978415,0.09311516350922922,0.016822330623756716,0.005516301155760025,60.87085754307451,16.032,0.4016099180994567,16.835219836198913,15.228780163801087,0.1002020753741159,1.0278754095597287,0.5788398804839695,0.03429146211397924,11.766920309004773,25.62361229050256,17.743375185325128,93.75000000000003,82.34780439121761,760299989.0,747382561.2,0.3666493578203234,-0.1420967786509457,-0.2842232637299034,5357052.8,0.3531189249346595,1.1401330597301562,0.02073459715639798,0.05289421157684626,0.08079266665955243,0.0,12.0,-0.0017772511848339612,0.0,1107.74,1120.49,0.016630979168178683,0.029805341617190395,0.02829322908063059,0.1968561657063077,-0.00037571125728175225,0.02322023542585372,0.08589819006128341,0.08353472300705778,1.4205696919518322,0.7114306972018389,16.88,16.67,-0.012440758293838727,0.0028691592116050213,-0.015309917505443749,16.88,16.85,16.88,15.82,-0.06279620853080559,-0.027087714295897514,-0.03570849423490807,16.88,16.41,-0.027843601895734538,0.00841144812346295,-0.03625505001919749,-0.0050080298,0.0,2
2023-12-05,16.88,17.46,16.82,16.85,7874664,-0.0017772511848339612,0.014449127031908704,0.026812918951858666,0.05312500000000009,0.03437691835481904,0.09344581440622979,16.696,16.104,15.640666666666666,16.346924119057448,16.036569292721182,0.31035482633626543,0.2147475872030804,0.09560723913318503,0.018418684055564714,0.005674020126598517,60.443370854922904,16.104,0.41314455224859326,16.930289104497184,15.277710895502812,0.10261911382230329,0.9514158518730315,0.5832084604494003,0.03461177806821367,12.960193040699547,29.3714621110941,16.352576221035935,72.64573991031394,83.01015681641205,752425325.0,747530997.4,0.36493807846041415,-0.016007184000343132,-0.24368185298485595,5485088.0,1.0866479028934,1.43564952832115,0.03798219584569736,0.04632389468455056,0.07731980733984067,1.0,12.0,0.010071090047393483,1.0,1122.28,1115.97,-0.004033949432837414,0.01875062760742363,0.03302816836219913,0.19441131248486973,0.0022566982480034525,0.03437437239257646,0.06041764604403066,0.05848596184924859,1.4395229113155361,0.7118121440666383,16.88,16.73,-0.008886255924170583,0.008559469080371418,-0.017445725004542,16.88,17.05,16.88,16.11,-0.045616113744075815,-0.01946228288285068,-0.026153830861225136,16.88,16.52,-0.02132701421800942,0.02335295064665588,-0.0446799648646653,-0.001256938,0.0,2
2023-12-06,16.88,17.08,16.58,17.05,5334311,0.011869436201780381,0.010071090047393483,0.026490066225165698,0.019127316198445987,0.05052372150338891,0.0636306924516532,16.759999999999998,16.155,15.666,16.455089639202455,16.111638234001095,0.3434514052013604,0.24048835080273642,0.102963054398624,0.020143777431164835,0.006038888821033665,62.342098671124525,16.155,0.46342546099107784,17.081850921982156,15.228149078017845,0.11474477523765464,0.9828176672069123,0.5772649989887289,0.033857184691421044,13.474061664116661,27.55430570715559,18.310542037330098,81.61434977578475,82.67002989536624,757759636.0,747695232.35,0.3414696963824006,-0.06031237784994965,0.169138723461616,5500886.75,-0.07583212821870751,0.9697183822226481,0.029325513196480937,0.05540080470442588,0.08834418485893014,2.0,12.0,-0.01252983293556087,0.0,1118.06,1126.43,0.00937301181931427,0.021427276024664543,0.01167563295402485,0.16473457237427638,0.0024964243824661114,-0.002299959826218556,0.05195505949762835,0.05135545208885084,1.436234116354957,0.7125252201125369,16.76,16.11,-0.038782816229117056,-0.012820399230953239,-0.025962416998163818,16.76,16.55,16.76,16.41,-0.02088305489260156,-0.024728219940283735,0.0038451650476821753,16.76,16.47,-0.01730310262529844,0.019536268351245223,-0.03683937097654366,-0.002865909,0.0,2
2023-12-07,16.76,16.93,16.23,16.55,7683901,-0.029325513196480912,-0.017804154302670683,-0.019549763033175238,0.008531383302864182,0.061577934573444626,0.040226272784412265,16.788,16.187,15.680166666666667,16.469691233171307,16.14410947592694,0.3255817572443682,0.2575070320910628,0.06807472515330543,0.019672613730777534,0.004113276444308485,55.2075485654836,16.187,0.46769423209710054,17.122388464194202,15.2516115358058,0.11557280091359744,0.694037030546827,0.5946032133466769,0.03592768660704996,13.159048100563888,24.840067014299738,20.711345401512496,58.63636363636365,70.96548444082079,750075735.0,747857251.9,0.35897745331657277,-0.06021406243999805,-0.2270877864694989,5503102.15,0.9917546251756388,1.396285366063939,0.04229607250755282,0.02242540310125407,0.05547347498432198,3.0,12.0,0.00541842263696557,1.0,1128.67,1121.49,-0.004385536606802076,0.025006169285185287,0.006822935837470512,0.1656969618556221,-0.024939976589678836,-0.016474785982321105,0.03340333694694175,0.0331769725916673,1.4636171595148622,0.716854340975018,16.61,15.94,-0.04033714629741114,-0.010658681567431993,-0.029678464729979148,16.61,16.7,16.61,16.44,-0.010234798314268434,-0.017520876222049786,0.007286077907781352,16.61,16.29,-0.019265502709211346,0.02904401607714191,-0.048309518786353256,-0.0018765404,0.0,2
2023-12-08,16.61,16.7,16.29,16.7,3991263,0.009063444108761143,-0.02052785923753675,-0.008902077151335397,0.00541842263696557,0.055625790139064435,0.06369426751592355,16.806,16.237000000000002,15.692833333333335,16.505123351144952,16.185286551784202,0.3198367993607505,0.2699729855450004,0.04986381381575011,0.019151904153338353,0.0029858571147155758,56.80463443093461,16.237000000000002,0.46634186691970614,17.169683733839413,15.30431626616059,0.11488375116578324,0.7482084672443298,0.5814172695362,0.0348154053614491,12.866535505836312,23.588884527066295,19.66812467918121,65.4545454545454,68.56841962223126,754066998.0,748496890.25,0.35497319559277274,-0.20751183555272623,-0.06014766325167368,5424609.65,-0.6443111941812193,0.7357696235341099,0.024550898203592825,0.028515119788138144,0.06418003972089159,4.0,12.0,-0.015357353809804963,0.0,1122.09,1124.44,0.00263042916120515,0.020214850838353726,0.020659356618981883,0.16028014900411947,0.006433014947555993,-0.014796428201388157,0.04303491089694167,0.04216383322982353,1.4615132329521865,0.7167288696131825,16.93,15.82,-0.06556408741878317,-0.022714376906163625,-0.04284971051261954,16.93,16.67,16.93,16.29,-0.03780271707028948,-0.0220405702532096,-0.01576214681707988,16.93,16.03,-0.053160070880094445,0.028610185119511966,-0.08177025599960641,-0.0024989822,0.0,2
2023-12-11,16.93,16.93,16.58,16.67,2236698,-0.001796407185628568,0.007250755287009136,-0.02228739002932545,-0.012440758293838727,0.03992514036182171,0.03992514036182171,16.764000000000003,16.269,15.710333333333333,16.530488989430346,16.22119125165204,0.30929773777830505,0.27783793599166134,0.031459801786643704,0.0185541534360111,0.001887210665065609,56.37172263453076,16.269,0.4732963909478504,17.215592781895698,15.322407218104297,0.11636766634651179,0.7118123060250571,0.5648874645693287,0.03388647058004371,13.02181480279533,25.453211664301318,18.79768030252221,64.09090909090915,62.72727272727273,751830300.0,748782409.5,0.34908311348584564,-0.07629058044706373,0.10890687163427756,5294160.35,-1.309882261329338,0.4224839921971763,0.020995800839832116,0.024648103755608997,0.061085060788016454,0.0,12.0,0.00359928014397104,1.0,1127.92,1125.5,0.0009426914730887859,0.004471258110291032,0.023116710754770287,0.1600031596219574,-0.002739098658717354,-0.01691201640412976,0.016808429607051423,0.016428653183322206,1.4558186672826867,0.7134053684946036,16.67,15.82,-0.050989802039592136,-0.031634960755620445,-0.01935484128397169,16.67,16.73,16.67,16.58,-0.005398920215957004,-0.008771229657221324,0.0033723094412643206,16.67,15.67,-0.05998800239952018,0.02752871269566759,-0.08751671509518777,-0.001615359,0.0,2
2023-12-12,16.67,16.76,16.52,16.73,2041930,0.00359928014397104,0.001796407185628901,0.010876132930513593,-0.0071216617210683175,0.04562500000000003,0.04171855541718572,16.740000000000002,16.302500000000002,15.728833333333334,16.561182991056448,16.258880788566703,0.30230220248974504,0.2827307892912781,0.019571413198466947,0.01806946817033742,0.0011698394021797337,57.07629807395958,16.302500000000002,0.48136729602690964,17.265234592053822,15.339765407946183,0.11810882895921722,0.7220238077703243,0.5416812171000911,0.03237783724447645,13.017032040589495,24.64768110940412,18.993968224590834,66.81818181818181,65.45454545454545,753872230.0,748982614.55,0.349116151199934,-0.0893473190251561,0.10913450290494367,5208846.15,-1.3069598182860311,0.3920119621885933,0.014345487148834548,0.02622297193681944,0.06365168003560329,1.0,12.0,-0.037059175134488975,0.0,1127.55,1127.63,0.0018924922256775556,0.010448309542371303,0.01613004965171716,0.15751860409741836,0.0017067879182934842,-0.01756997126343962,0.02558850576546856,0.025182313793632227,1.455436927230051,0.7134526712888413,16.73,16.11,-0.037059175134488975,-0.029771492291626234,-0.007287682842862742,16.73,16.11,16.73,16.47,-0.015540944411237434,-0.006805671097580457,-0.008735273313656977,16.73,15.79,-0.05618649133293496,0.027966086694868775,-0.08415257802780374,-0.0029586828,0.0,2
2023-12-13,16.73,16.76,15.85,16.11,6999394,-0.037059175134488975,-0.03359328134373141,-0.035329341317365315,-0.055131964809384204,-0.037059175134488975,0.020265991133628924,16.552,16.3185,15.733666666666666,16.49177022320161,16.247852582006207,0.24391764119540227,0.2749681596721029,-0.03105051847670065,0.015140759850738813,-0.0019274064852079858,48.381425573245686,16.3185,0.46858437424813976,17.25566874849628,15.38133125150372,0.11485966829013448,0.3887606952672364,0.5679897015929418,0.03525696471712861,12.606041925727974,21.827032658176673,25.24602938196166,38.636363636363605,56.51515151515152,746872836.0,749084813.0,0.3705386766261417,-0.17793520792997564,-0.16756601765411638,5306852.75,0.6893355283413829,1.3189350316908641,0.0564866542520175,-0.01277690964243039,0.023918984767271834,2.0,12.0,-0.023284313725490224,0.0,1129.94,1114.2,-0.011909934996408467,-0.010857310263398534,-0.007394209354120274,0.15842952994453036,-0.02514924013808051,-0.04427465454598567,0.027660200487749198,0.02786624936950144,1.4845601743238224,0.7162346588852975,16.32,16.41,0.005514705882353033,-0.0168450009824761,0.022359706864829132,16.32,15.94,16.32,16.58,0.01593137254901955,0.002116789625051352,0.0138145829239682,16.32,15.82,-0.030637254901960786,0.038048623640163814,-0.0686858785421246,-0.0020545556,0.0,2
2023-12-14,16.32,16.32,15.94,15.94,2621633,-0.01055245189323406,-0.04722056186491341,-0.043791241751649834,-0.036858006042296165,-0.02864107251675807,-0.003750000000000031,16.43,16.3155,15.740499999999999,16.40688249655521,16.225048687042783,0.18183380951242611,0.25634128964016756,-0.07450748012774144,0.011407390810064373,-0.004674245930222173,46.298763866634566,16.3155,0.4709170784085977,17.257334156817194,15.373665843182804,0.11545268693171461,0.3006549256670873,0.5545618657648747,0.0347905812901427,12.224408247642277,20.7587153686778,24.010370366724764,16.02209944751376,40.49221496735306,744251203.0,748929903.75,0.3699346345273092,-0.023743670115684463,-0.1734408840111175,5311908.35,-1.0983492493793678,0.493538823952036,0.02383939774153079,-0.023014924458337194,0.012674311489469847,3.0,12.0,-0.01494396014943955,0.0,1119.62,1110.13,-0.0036528450906478938,-0.010129381447895103,-0.013682442937993589,0.15842662161701326,-0.006899606802586167,-0.026728624594401063,0.009932442937993557,0.010070228261554792,1.482002561402303,0.7141041864134622,16.06,16.44,0.023661270236612797,-0.006381195302430753,0.03004246553904355,16.06,15.82,16.06,16.41,0.02179327521793284,0.017503222143108177,0.004290053074824662,16.06,15.76,-0.018679950186799466,0.040729691485430486,-0.05940964167222995,-0.0018507988,0.0,2
2023-12-15,16.06,16.17,15.82,15.82,2755213,-0.007528230865746499,-0.01800124146492854,-0.05439330543933052,-0.05269461077844306,-0.04756170981336538,0.02262443438914019,16.253999999999998,16.333000000000002,15.755666666666666,16.31659288170056,16.19504508059517,0.1215478011053932,0.2293825919332127,-0.1078347908278195,0.007683173268356081,-0.006816358459407048,44.83172202734012,16.333000000000002,0.44355145669571233,17.220102913391425,15.445897086608577,0.10862706341657065,0.21085654648636848,0.5399503039245266,0.0341308662404884,12.107488249947865,19.797575277738083,24.48612451688936,9.392265193370159,21.35024275908251,741495990.0,749060684.8,0.3500969280077309,-0.024652275949283202,0.26629397503949515,5026218.05,-0.9484785537044659,0.5481682196418041,0.022123893805309824,-0.03140880426131154,0.00408318700150212,4.0,12.0,-0.0018927444794952786,0.0,1109.51,1102.3,-0.007053228000324374,-0.01968980114545915,0.001008000435891887,0.1402254446844647,-0.000475002865422125,-0.03300480963298391,0.021616433953248304,0.02159466651998332,1.4576790887601265,0.7080242414874616,15.85,16.29,0.027760252365930604,-0.00033531805370534684,0.02809557041963595,15.85,15.82,15.85,16.58,0.046056782334384705,0.024016022765376954,0.02204075956900775,15.85,16.0,0.009463722397476282,0.04593857335762097,-0.03647485096014469,-0.0041929744,0.0,2
2023-12-18,15.85,16.03,15.7,15.82,1635841,0.0,-0.007528230865746499,-0.01800124146492854,-0.050989802039592136,-0.06279620853080559,0.010862619808306606,16.084,16.3415,15.785,16.24019397682355,16.167263963514046,0.07293001330950588,0.19809207620847136,-0.12516206289896548,0.00460998819908381,-0.007911634822943455,44.83172202734012,16.3415,0.43123171204554284,17.203963424091086,15.479036575908914,0.10555498872087456,0.19766833848659338,0.5249538536442034,0.033182923744892755,12.236308350166581,18.908626414314806,25.01944743691054,6.818181818181869,10.74418215302193,741495990.0,749051182.2,0.3479930927055009,0.05732885567234159,0.3573757414001401,4967726.45,-1.3518302372393878,0.32929369530804176,0.020859671302149295,-0.031912615121010846,0.0022172949002217113,0.0,12.0,0.01833122629582795,1.0,1103.43,1091.88,-0.009452961988569264,-0.029871168369613454,-0.010673577007411672,0.1439377478578141,0.009452961988569264,-0.02111863366997868,0.021536196815718278,0.02176854505773118,1.4137394293334673,0.6815540699263007,15.82,16.58,0.04804045512010102,0.0241922181698222,0.023848236950278823,15.82,16.11,15.82,16.41,0.03729456384323648,0.03707640708905302,0.0002181567541834628,15.82,16.11,0.01833122629582795,0.0658504847607353,-0.047519258464907344,-0.004600436,0.0,2
2023-12-19,15.82,16.11,15.82,16.11,2665797,0.01833122629582795,0.01833122629582795,0.010664993726474226,-0.037059175134488975,-0.0439169139465877,-0.011049723756906049,15.959999999999999,16.3325,15.819166666666668,16.22016413423531,16.16302218843893,0.05714194579638132,0.16990205012605336,-0.11276010432967204,0.003546986082953527,-0.006999385743617135,49.33155885394054,16.3325,0.4342310202500679,17.200962040500137,15.464037959499864,0.10634771657739313,0.37189998547785347,0.5081714355267603,0.03154385074654006,12.14444023591797,19.262345393484555,23.999594791937497,23.295454545454533,13.16863385233552,744161787.0,748806038.95,0.32171026560629123,-0.1575504296765489,0.6570656070012422,4732085.8,-0.8443064625074342,0.5633450264152016,0.018001241464928562,-0.013623144037961166,0.0183848706737606,1.0,12.0,0.014842300556586085,1.0,1091.26,1096.3,0.0040480638898046095,-0.027783936220214245,-0.012751472362804717,0.14283237775469024,0.014283162406023342,-0.00927523891427473,0.0017017486058986675,0.0017237286845810385,1.4360895241220664,0.6860806503743084,16.17,16.47,0.018552875695732718,0.02199253255623357,-0.0034396568605008504,16.17,16.41,16.17,16.52,0.021645021645021467,0.04195428467352724,-0.020309263028505775,16.17,16.14,-0.0018552875695733162,0.058674073399508364,-0.06052936096908168,7.376631e-05,0.0,2
2023-12-20,16.17,16.41,16.06,16.41,2422185,0.01862197392923659,0.03729456384323648,0.03729456384323648,0.01862197392923659,-0.03753665689149566,0.01109057301293892,16.02,16.341500000000003,15.8465,16.249369652045264,16.181316841147158,0.06805281089810578,0.14953220228046385,-0.08147939138235807,0.004147032961493344,-0.004965227994049852,53.55221779787167,16.341500000000003,0.4338599701335171,17.209219940267037,15.473780059732968,0.10619832209613976,0.5394712607266563,0.4968734758462775,0.030278700539078458,11.306279048654966,22.605849502232765,22.792064305878576,40.3409090909091,23.4848484848485,746583972.0,748876876.6,0.32832890142266125,-0.2826896853695542,0.4313593874574499,4658323.4,-0.8960474565550376,0.5199692661956445,0.021328458257160354,0.004191781660190186,0.03555990281765675,2.0,12.0,0.012939001848428777,1.0,1098.1,1100.76,0.004068229499224696,-0.012062466343564893,-0.011725413442028265,0.14323101033991162,0.014553744430011895,0.030684440272801483,0.022815986454967185,0.023086687409854534,1.4018957347514804,0.6789678638828344,16.23,16.58,0.02156500308071463,0.0235080549524731,-0.0019430518717584722,16.23,16.44,16.23,16.47,0.014787430683918634,0.04971629782342957,-0.03492886713951093,16.23,16.03,-0.012322858903265566,0.06644651621024966,-0.07876937511351523,0.00053527905,0.0,2
2023-12-21,16.23,16.47,16.17,16.44,2162512,0.001828153564899626,0.020484171322160183,0.03919089759797734,0.03136762860727749,-0.006646525679758319,0.05452212957023739,16.119999999999997,16.384,15.865166666666665,16.278697397884454,16.20047855661774,0.07821884126671463,0.13526953007771403,-0.057050688810999395,0.004757837060019138,-0.0034702365456812283,53.96518334220996,16.384,0.396383652538854,17.176767305077707,15.591232694922292,0.0967733526706186,0.535319317308698,0.4828110847144004,0.029368070846374716,10.61319568934528,22.490194261583643,21.780485670992814,42.04545454545462,35.22727272727275,748746484.0,749405936.65,0.2920007358583984,-0.16746199086196822,1.150470958055713,4416352.2,-0.9048033155227513,0.4896602222983937,0.018248175182481577,0.00341796875,0.03623241693017221,3.0,12.0,-0.010928961748633892,0.0,1096.22,1102.43,0.001517133616773858,-0.006936124598020066,0.012806732262124587,0.11683486607773258,0.00031101994812576805,0.03830375320529755,0.0417153973081128,0.04118791471196159,1.4031918757279975,0.6896783394712389,16.47,16.41,-0.0036429872495445936,0.02343438372556861,-0.027077370975113202,16.47,16.29,16.47,16.29,-0.010928961748633892,0.0467781121949451,-0.05770707394357899,16.47,16.03,-0.026715239829993798,0.07109185190557366,-0.09780709173556745,0.012340004,0.0,2
2023-12-22,16.47,16.49,16.23,16.29,1789546,-0.009124087591241059,-0.007312614259597838,0.011173184357541777,0.02970922882427307,-0.024550898203592797,0.02970922882427307,16.214000000000002,16.4075,15.884666666666668,16.280436259748384,16.207109774646053,0.07332648510233142,0.12288092108263751,-0.049554435980306094,0.004501318913586951,-0.00304201571395372,51.499666680607504,16.4075,0.3745154764563203,17.15653095291264,15.658469047087358,0.09130348351822529,0.42156532414108144,0.46689600723480024,0.02866151057303869,10.01984465809191,21.901588042702006,20.914137003148145,33.52272727272724,38.636363636363654,746956938.0,749642218.35,0.29135704978896515,0.016381168602909835,1.1624816763948582,4302528.45,-0.9820526472367033,0.41592891733231885,0.015960712093308658,-0.007161359134542078,0.02551727032358242,4.0,12.0,0.014067278287461571,1.0,1103.08,1103.06,0.0005714648549113299,0.0006894674770934195,0.006799864915435272,0.1147538762985353,-0.009695552446152389,0.02901976134717965,0.0229093639088378,0.022754635461499584,1.4053976582759848,0.6914660857500278,16.35,16.58,0.014067278287461571,0.02323707064395486,-0.00916979235649329,16.35,16.58,16.35,16.03,-0.01957186544342504,0.05063978918199363,-0.07021165462541867,16.35,15.97,-0.023241590214067354,0.07116918869479383,-0.09441077890886118,0.0130218845,0.0,2
2023-12-25,16.35,16.58,16.29,16.58,2635317,0.017802332719459635,0.008515815085157863,0.010359536867763364,0.04804045512010102,-0.005398920215957004,0.03431066749844014,16.366,16.435000000000002,15.907166666666665,16.326522989017864,16.23473127282042,0.09179171619744508,0.11666308010559903,-0.02487136390815395,0.005536291688627569,-0.0015000822622529524,55.71243441575114,16.435000000000002,0.3654197298277805,17.16583945965556,15.704160540344441,0.0889369588871993,0.599200992833867,0.45426057814660015,0.02739810483393246,9.70245197225995,22.31804810911564,19.960452201533876,63.768115942028956,46.445432586736935,749592255.0,749764236.0,0.29418789238832627,-0.0004358267291593056,1.0135746562628651,4188264.4,-0.6017343071193088,0.6292145739414159,0.017490952955367862,0.008822634621235004,0.04229749693534357,0.0,12.0,-0.010216346153846256,0.0,1104.27,1117.66,0.013235907384911094,0.02361065318533173,0.027204382111280845,0.11999734073433045,0.004566425334548541,0.02442980193476929,0.007106285387159295,0.006918083208088843,1.4005714244032959,0.6935052602660893,16.64,16.41,-0.013822115384615419,0.010365053432252358,-0.024187168816867777,16.64,16.47,16.64,15.67,-0.058293269230769273,0.034353768826276054,-0.09264703805704533,16.64,16.35,-0.01742788461538458,0.05123603931756704,-0.06866392393295162,0.009974876,0.0,2
2023-12-26,16.64,16.79,16.47,16.47,1948799,-0.006634499396863669,0.011049723756906049,0.0018248175182480342,0.022346368715083775,-0.015540944411237434,0.02937499999999993,16.438,16.4585,15.941833333333333,16.348596375322806,16.252158585944834,0.09643778937797265,0.11261802196007376,-0.016180232582101106,0.0058553606179704105,-0.0009824063498543477,53.803407955381836,16.4585,0.350792711320842,17.160085422641686,15.756914577358316,0.08525508675051613,0.5081957233067194,0.44467053685041447,0.026998818266570402,9.931005745277968,24.544130352136733,18.934436601995493,62.601626016260106,53.29748974367211,747643456.0,749911863.35,0.2954702912638214,0.03714859151408091,0.9390532007133698,4162654.7,-0.8510613767016466,0.4681625406017943,0.019429265330904694,0.0006987271014975427,0.033130861151477786,1.0,12.0,-0.0036057692307693845,0.0,1120.11,1122.25,0.004106794552905191,0.023670528140107727,0.02448353614562304,0.1187717626785039,-0.01074129394976886,-0.001324159425023952,0.004891463854376887,0.004774565604811931,1.351585307955802,0.6616526011603551,16.64,16.52,-0.007211538461538547,0.01859732212805354,-0.025808860589592086,16.64,16.58,16.64,15.79,-0.05108173076923084,0.034060964318780806,-0.08514269508801164,16.64,16.23,-0.024639423076923128,0.044236521615269586,-0.06887594469219271,0.013144211,0.0,2
2023-12-27,16.64,16.64,16.44,16.58,2028779,0.006678809957498366,0.0,0.017802332719459635,0.010359536867763364,0.02917442582247043,-0.00896592946802166,16.472,16.451,15.969666666666667,16.38419693296545,16.276443135134105,0.10775379783134653,0.11164517713432832,-0.003891379302981793,0.006499022788380371,-0.00023470321489636872,55.447465121331966,16.451,0.34625667388595543,17.14351334777191,15.75848665222809,0.08419103370882144,0.5931389989918907,0.4271940699325277,0.025765625448282734,10.04811123487014,23.72335483515137,18.80286586839365,71.54471544715436,65.97148580181447,749672235.0,749612064.8,0.24687170044139425,-0.8401813234925317,0.3673133166477019,3715228.8,-0.8084560201530887,0.5460710791216951,0.01206272617611576,0.007841468603732249,0.03821828883925771,2.0,12.0,-0.008459214501510659,0.0,1123.28,1121.99,-0.00023167743372687344,0.01928667466114331,0.017401160681900674,0.11706097986860528,0.00691048739122524,-0.008927137793379947,-0.026367090149922334,-0.025916119588707875,1.3303029705934326,0.65761363737097,16.55,16.47,-0.004833836858006202,0.024893789467121508,-0.02972762632512771,16.55,16.41,16.55,15.82,-0.04410876132930519,0.03513631465037359,-0.07924507597967878,16.55,16.14,-0.024773413897280938,0.04239514771502617,-0.06716856161230711,0.010702614,0.0,2
2023-12-28,16.55,16.58,16.29,16.41,2938567,-0.010253317249698357,-0.0036429872495445936,-0.010253317249698357,-0.0018248175182482562,0.029485570890840584,0.0,16.465999999999998,16.451,15.990666666666668,16.388166635586153,16.286336236235282,0.10183039935087024,0.10968222157763671,-0.007851822226766475,0.006205386919614274,-0.0004784778931606627,52.346913440169786,16.451,0.34625667388595543,17.14351334777191,15.75848665222809,0.08419103370882144,0.47039768249094865,0.41739449350877567,0.02543537437591564,9.680920842537855,22.546021741881,20.436669491078366,57.72357723577241,63.95663956639563,746733668.0,749436463.15,0.23982097982566913,-0.9183946582838852,0.8139942578300505,3591031.9,-0.3178579062962117,0.8183071278202791,0.017672151127361313,-0.0024922497112638275,0.026223630451096325,3.0,12.0,0.014067278287461571,1.0,1122.77,1128.93,0.006185438372890983,0.024037807389131194,0.03180609251185862,0.11370546646064997,-0.01643875562258934,-0.02586262490737945,-0.03180609251185862,-0.03082564906592955,1.3626999557237123,0.6691135692021135,16.35,16.29,-0.003669724770642313,0.02026065827258683,-0.023930383043229142,16.35,16.58,16.35,15.76,-0.036085626911315116,0.020278330019880775,-0.05636395693119589,16.35,16.2,-0.009174311926605672,0.03880715705765403,-0.0479814689842597,0.009074787,0.0,2
2023-12-29,16.35,16.58,16.32,16.58,3267103,0.010359536867763364,0.0,0.006678809957498366,0.017802332719459635,0.04804045512010102,-0.0018061408789886713,16.523999999999997,16.4495,16.015,16.417679460880592,16.30808910762526,0.10959035325533151,0.10966384791317568,-7.34946578441753e-05,0.006609792114314326,-4.4327296649080405e-06,55.053593579223175,16.4495,0.34559597646298934,17.14069195292598,15.758308047074022,0.0840380501445003,0.5944021407132705,0.40615202968672015,0.02449650359992281,9.339958335372161,21.51509784702275,19.50219638753582,80.73394495412836,70.00074587901837,750000771.0,749226889.9,0.23868490405753676,-0.9230930688264332,0.8549558356686892,3557060.3,-0.141296283623549,0.9184840077071508,0.015681544028950424,0.007933371835010083,0.03527942553855756,4.0,12.0,-0.017365269461077748,0.0,1131.75,1129.93,0.0008857945133888823,0.024359509002230162,0.025195978805255148,0.11166777619016195,0.009473742354374481,-0.006557176282770527,-0.02700211968424382,-0.026338495509621085,1.3938175928555336,0.67763738293274,16.7,16.03,-0.040119760479041755,0.020943514110472572,-0.06106327458951433,16.7,16.41,16.7,16.0,-0.041916167664670656,0.015602038032717536,-0.05751820569738819,16.7,16.17,-0.031736526946107624,0.0345831976698141,-0.06631972461592173,0.008295408,0.0,2
2024-01-02,16.7,16.7,16.41,16.41,2794540,-0.010253317249698357,0.0,-0.010253317249698357,-0.010253317249698357,0.03729456384323648,-0.027843601895734538,16.49,16.426000000000002,16.029666666666667,16.416498005360502,16.31563806261598,0.10085994274452048,0.10790306687944465,-0.007043124134924167,0.006146248796131656,-0.00042919708317636605,51.8801429384149,16.426000000000002,0.33042874859003585,17.086857497180073,15.76514250281993,0.08046481154024976,0.48789451578572157,0.39785545613766865,0.02424469568175921,9.379949062013702,22.549325144452204,18.48681740555765,65.13761467889917,67.86504562293332,747206231.0,748572202.0,0.2332528097695621,-0.7864494856999624,0.7706926112863691,3391399.65,-0.30338126955363426,0.824007869435264,0.017672151127361313,-0.0009740655059053971,0.02372683981783763,1.0,1.0,0.008547008547008517,1.0,1136.39,1131.72,0.0015841689308186968,0.012579854338528706,0.010022400913885843,0.09586790331913851,-0.011837486180517054,-0.022833171588227064,-0.03786600280962038,-0.03749026038962955,1.3787314024567996,0.6726795812247508,16.38,15.67,-0.0433455433455433,0.02482021706633164,-0.06816576041187494,16.38,16.52,16.38,16.11,-0.016483516483516425,0.028827187248458674,-0.0453107037319751,16.38,16.38,0.0,0.0434486479792664,-0.0434486479792664,0.021918636,0.0,2
2024-01-03,16.38,16.52,16.32,16.52,2961685,0.006703229737964556,-0.003618817852834688,0.006703229737964556,0.0030358227079538835,0.025450031036623244,-0.019584569732937762,16.5,16.4095,16.049166666666668,16.432421389151195,16.330775983903685,0.10164540524750976,0.10665153455305768,-0.005006129305547918,0.006152869567040542,-0.00030303446159491034,53.738356313637986,16.4095,0.3160691962880067,17.041638392576015,15.777361607423988,0.07704541790743334,0.5874017472263486,0.3837229235564066,0.023227779876295797,9.097752956535373,21.70983082036092,19.47388314517719,75.22935779816517,73.70030581039757,750167916.0,748459331.55,0.23496249576238495,-0.8556540078175102,0.7671721973520902,3145750.7,-0.1108182022823596,0.9414875120269384,0.012106537530266302,0.006733904140893809,0.029336933381795438,2.0,1.0,-0.008428657435279985,0.0,1130.53,1144.17,0.01100095429965009,0.019532189797282218,0.02526949649184118,0.1011148882135824,-0.004297724561685534,-0.016496367089328334,-0.04485406622477894,-0.04374856208855904,1.3794372197159004,0.6776172963295328,16.61,15.79,-0.049367850692354054,0.014011471073514414,-0.06337932176586847,16.61,16.47,16.61,16.14,-0.028296207104154036,0.014875730036927326,-0.04317193714108136,16.61,16.14,-0.028296207104154036,0.01642965019336695,-0.04472585729752099,0.020182401,0.0,2
2024-01-04,16.61,16.73,16.47,16.47,4304754,-0.003026634382566673,0.003656307129798808,-0.006634499396863669,-0.006634499396863669,0.003656307129798808,-0.034017595307918036,16.478,16.380499999999998,16.05216666666667,16.438202713897166,16.341088873984894,0.09711383991227152,0.10474399562490046,-0.0076301557126289415,0.005896408009245387,-0.0004632759995524555,52.74138021535552,16.380499999999998,0.2785956322626622,16.937691264525323,15.823308735474674,0.06803104478194498,0.5803135347753934,0.3748855718738062,0.022761722639575363,9.462174237815349,24.635570058976064,18.509167890782848,70.64220183486236,70.3363914373089,745863162.0,747864507.85,0.23013923065791222,-0.7791755456513948,0.8769305716327918,3094272.85,0.7543972061480642,1.3912005206651379,0.015786278081360145,0.005463813680901097,0.026029715614714455,3.0,1.0,-0.013922518159806274,0.0,1145.49,1150.72,0.00572467378099395,0.025606288826103718,0.021563701250854495,0.09801803588845555,-0.008751308163560623,-0.03224078822296739,-0.05558129655877253,-0.05440805746202215,1.3371402153460694,0.6905067120645764,16.52,15.82,-0.0423728813559322,0.008547601898695856,-0.05092048325462806,16.52,16.29,16.52,16.03,-0.029661016949152463,0.014483195501444834,-0.0441442124505973,16.52,16.14,-0.02300242130750596,0.01791959179777347,-0.04092201310527943,0.022549722,0.0,2
2024-01-05,16.52,16.52,16.29,16.29,2794182,-0.010928961748633892,-0.013922518159806274,-0.007312614259597838,-0.007312614259597838,-0.009124087591241059,-0.015709969788519684,16.454,16.3675,16.050166666666666,16.415402296374523,16.337304512948975,0.07809778342554807,0.09941475318502999,-0.021316969759481913,0.004794216293772135,-0.0013085923732033098,49.20243265260239,16.3675,0.27632694213089726,16.920153884261794,15.814846115738206,0.06753064111951047,0.4298837824115531,0.3645366024542487,0.022377937535558546,9.157334046505479,23.525318798409547,21.201997890097765,54.12844036697247,66.66666666666667,743068980.0,747514170.1,0.20907480773003198,-0.7491132710117353,1.7674980429998677,2849786.9,-0.04686452932653983,0.9804880498257607,0.014119091467157792,-0.004734993126622955,0.01494273164349269,4.0,1.0,-0.017769607843137192,0.0,1152.37,1154.68,0.0034413236929922153,0.02280920871976111,0.029594557240813613,0.09614335088432856,-0.014370285441626107,-0.030121822979358948,-0.0453045270293333,-0.044002298488002745,1.3309608277385567,0.6869515751887341,16.32,15.76,-0.03431372549019607,-0.004071001017750264,-0.030242724472445803,16.32,16.03,16.32,16.03,-0.017769607843137192,0.01904400476100121,-0.0368136126041384,16.32,16.29,-0.0018382352941177516,0.011324627831156953,-0.013162863125274704,0.023331529,0.0,2
2024-01-08,16.32,16.41,16.0,16.03,5213831,-0.015960712093308627,-0.026715239829993798,-0.029661016949152463,-0.033172496984318234,-0.015960712093308627,-0.040119760479041755,16.344,16.334,16.0395,16.35610963539383,16.314541215693495,0.04156841970033298,0.0878454864880906,-0.046277066787757615,0.002593164048679537,-0.0028869037297415854,44.55217444060456,16.334,0.2745024206585695,16.88300484131714,15.784995158682861,0.06722233884132958,0.22313541054514166,0.3677839879932309,0.022943480224156636,9.036513796481366,21.65205680957265,25.145924124753584,21.64948453608259,48.806708912639145,737855149.0,746703577.65,0.21240510236571403,-0.5111641146646858,1.2355374609851009,2910915.3,1.8041033037414855,1.7911311263505332,0.02557704304429196,-0.018611485245500048,-0.0005922877895195855,0.0,1.0,-0.018785222291797132,0.0,1159.42,1160.19,0.004771884851214159,0.026780420026019325,0.03179360392728814,0.09678254140142162,-0.020732596944522785,-0.05995291701033756,-0.0719133644063299,-0.06969743186293076,1.316243346171122,0.6799356033225279,15.97,16.0,0.0018785222291797243,-0.006533472209071189,0.008411994438250914,15.97,15.67,15.97,15.97,0.0,0.018205920582589297,-0.018205920582589297,15.97,16.55,0.036318096430807856,0.020960480670735304,0.015357615760072552,0.01808032,0.0,2
2024-01-09,15.97,16.03,15.53,15.67,9951089,-0.022457891453524725,-0.038060159607120836,-0.04857316332726158,-0.04509445460085315,-0.05488540410132681,-0.05998800239952018,16.196,16.284,16.020333333333333,16.250554306871702,16.26679742193842,-0.01624311506671816,0.06702776617712884,-0.083270881243847,-0.001036574031060508,-0.0053140319874822595,39.04898926945336,16.284,0.299971928511295,16.88394385702259,15.68405614297741,0.07368507209808282,-0.011714548630573165,0.3772279888508574,0.02407326029680009,10.07169278219594,19.60213536669489,31.664724985455067,11.111111111111159,28.963012004722074,727904060.0,745507265.65,0.2245113649102165,-0.3669606877845933,0.4283609924031815,3296634.85,3.303559221483651,3.0185596685055973,0.031908104658583396,-0.03770572340948164,-0.02186804269574083,1.0,1.0,0.0019035532994924331,1.0,1161.71,1158.59,-0.001379084460303992,0.02374262184992748,0.029400266548200715,0.09733585289158332,-0.021078806993220733,-0.06883707645078063,-0.0893882689477209,-0.08683528832517096,1.3526627294925013,0.6896674815925925,15.76,16.11,0.022208121827411054,0.003736656339802691,0.018471465487608363,15.76,15.79,15.76,16.35,0.0374365482233503,0.016146152452126916,0.02129039577122338,15.76,16.85,0.06916243654822352,0.02562155351703077,0.043540883031192745,0.0107724825,0.0,2
2024-01-10,15.76,15.85,15.65,15.79,4482367,0.007657945118059839,-0.014971927635683224,-0.030693677102516914,-0.04418886198547223,-0.041287188828172394,-0.05618649133293496,16.05,16.237000000000002,16.019833333333334,16.17969979812221,16.231479094387428,-0.0517792962652166,0.043266353688659755,-0.09504564995387635,-0.0032792461219263206,-0.006019357185172663,41.63688693284883,16.237000000000002,0.30005438103616927,16.83710876207234,15.636891237927664,0.07391867488727451,0.12756751088220195,0.36456884679008184,0.02308859067701595,11.032930411788046,18.834021174535902,30.423935438951677,20.634920634920622,17.798505427371456,732386427.0,744432975.5,0.22654495299842284,-0.3860245947164117,0.3323881041335151,3418656.7,0.5296755179486395,1.311148615770633,0.012666244458518005,-0.027529716080556876,-0.01434679928005922,2.0,1.0,-0.0037783375314861534,0.0,1158.79,1161.54,0.0025461983963266377,0.01518131046959792,0.030071920754147996,0.09740132544586658,0.005111746721733201,-0.05937017245507015,-0.08625841208708296,-0.08374018391252769,1.2819780603616882,0.6766018817390349,15.88,16.14,0.016372795969773257,3.4408898140991795e-05,0.016338387071632265,15.88,15.82,15.88,16.23,0.0220403022670026,0.009015131312957614,0.013025170954044984,15.88,16.85,0.061083123425692776,0.031002417225094447,0.03008070620059833,0.008601048,0.0,2
2024-01-11,15.88,15.88,15.59,15.82,3923243,0.0018999366687777464,0.00957243139757491,-0.013100436681222738,-0.03946569520340004,-0.045838359469239975,-0.01800124146492854,15.919999999999998,16.2225,16.012,16.12436136764187,16.20099916146984,-0.07663779382797031,0.019285524185333743,-0.09592331801330406,-0.0048443611774949625,-0.006063420860512266,42.29650568256777,16.2225,0.3132322998738517,16.848964599747703,15.596035400252298,0.07723403911206073,0.17875279771426864,0.3592425005907903,0.022708122666927327,12.062375525485761,17.74803247576932,29.86264699915852,23.015873015873094,18.253968253968292,736309670.0,743904817.2,0.18716744949760128,0.19909422347836433,-0.7716634411724206,3264849.15,0.3598983750194855,1.2016613386257065,0.018331226295828125,-0.02481121898597627,-0.011991006744941357,3.0,1.0,-0.009428032683846621,0.0,1162.49,1162.22,0.0005854296881726562,0.00999374304783096,0.04309818704002866,0.08372196569061435,0.0013145069806050902,-0.049459438251231,-0.0610994285049572,-0.058574954174100746,1.3869364305535332,0.729982999702498,15.91,16.03,0.007542426147077341,0.008462367910286872,-0.0009199417632095308,15.91,15.76,15.91,16.14,0.014456316781898293,0.00959240888505497,0.0048639078968433225,15.91,16.76,0.05342551854179778,0.037308604701315584,0.016116913840482194,-0.0018175053,0.0,2
2024-01-12,15.91,15.94,15.62,15.76,5377740,-0.0037926675094817064,-0.0018999366687776353,0.00574345883854499,-0.03253529772866781,-0.03960999390615483,-0.01129234629861986,15.814000000000002,16.2135,16.00316666666667,16.068305772620043,16.16833255691652,-0.10002678429647816,-0.0045769375110286375,-0.09544984678544952,-0.0063468771761724715,-0.006056462359482837,41.29136136049339,16.2135,0.32417141339607725,16.861842826792156,15.565157173207846,0.07997567789708022,0.15026219057299503,0.35643946483430533,0.022616717311821403,12.782850193525586,17.8122849424545,27.947666039153162,18.253968253968292,20.63492063492067,730931930.0,743238853.55,0.18402765462306894,0.145652456928993,-0.6411462658841456,3402654.5,1.0497668670640086,1.580454318826669,0.0203045685279188,-0.027970518395164512,-0.015194909340859764,4.0,1.0,0.011378002528444897,1.0,1159.25,1154.7,-0.006470375660374117,1.732081615690717e-05,0.04014845108230558,0.0868402828272019,0.0026777081508924105,-0.03255261854482472,-0.05144079738092544,-0.04945524586168426,1.4196779245119127,0.7393614159085519,15.82,16.03,0.013274336283185972,0.019087952939958797,-0.005813616656772824,15.82,16.0,15.82,16.2,0.02402022756005051,0.014059359824732498,0.009960867735318013,15.82,16.7,0.055625790139064435,0.0434115079741586,0.012214282164905832,0.0008156861,0.0,2
2024-01-15,15.82,16.08,15.82,16.0,6364639,0.015228426395939021,0.011378002528444897,0.013299556681444002,-0.0018714909544604863,-0.03498190591073569,0.011378002528444897,15.808000000000002,16.2225,15.993500000000001,16.05779719221696,16.155863478626408,-0.09806628640944837,-0.023274807290712584,-0.07479147911873578,-0.006129142900590523,-0.004674467444920986,46.743207779408436,16.2225,0.3150417683252901,16.85258353665058,15.59241646334942,0.07768020177538368,0.32343611040627,0.35383664591756914,0.02211479036984807,12.911472005915318,19.487809694620196,26.1423024552765,37.30158730158736,26.19047619047625,737296569.0,743028882.5,0.190134210889891,-0.041279330245617224,-0.8444785792890862,3583125.8,1.4003700386825035,1.7762812011791493,0.016249999999999876,-0.013715518569887508,0.00040641510613670384,0.0,1.0,0.0068749999999999645,1.0,1159.37,1154.12,-0.0005022949683901601,-0.005231901671278072,0.047010795609180756,0.08069379592038634,0.01573072136432918,0.0033604107168175856,-0.03563279308073586,-0.03403288030091767,1.4320306020179774,0.7326596702808061,16.0,15.97,-0.00187499999999996,0.028296720014604704,-0.030171720014604664,16.0,16.11,16.0,16.17,0.010625000000000107,0.022063617633507615,-0.011438617633507508,16.0,16.85,0.05312500000000009,0.0649042432040059,-0.011779243204005807,0.0013790589,0.0,2
2024-01-16,16.0,16.11,15.91,16.11,2420421,0.0068749999999999645,0.022208121827411054,0.01833122629582795,0.02807913209955326,-0.018281535648994596,0.01833122629582795,15.896,16.237000000000002,15.989499999999998,16.06582839341435,16.15246618391334,-0.08663779049899034,-0.03594740393236814,-0.050690386566622204,-0.0053778889198628395,-0.0031465168570218626,49.07730586553947,16.237000000000002,0.3019428318146696,16.84088566362934,15.633114336370662,0.07438389648695436,0.3948476444723539,0.34284831406631416,0.021281707887418632,12.915573334628663,19.300812808721574,25.053011803041965,48.33333333333329,34.62962962962965,739716990.0,742939932.5,0.19139213193029606,-0.12741594204786877,-0.8981864188125317,3622354.8,-0.6153474418473417,0.6681899299317671,0.012414649286157622,-0.00782164192892787,0.007536195628381259,1.0,1.0,-0.0018552875695733162,0.0,1150.31,1163.12,0.007798149239247154,0.003909924995036951,0.06524526504744088,0.06983967844998328,-0.0009231492392471896,0.02416920710451631,-0.04691403875161293,-0.04404059824619222,1.441012993555053,0.7319567165463392,16.17,16.35,0.011131725417439675,0.013382675674512567,-0.0022509502570728923,16.17,16.14,16.17,16.38,0.01298701298701288,0.015233013468737955,-0.0022460004817250745,16.17,16.82,0.04019789734075441,0.058616980076595215,-0.018419082735840808,0.004200289,0.0,2
2024-01-17,16.17,16.35,16.08,16.14,4609350,0.0018621973929238145,0.008750000000000036,0.02411167512690371,0.02216592780240667,-0.02300242130750596,0.0018621973929238145,15.966,16.2385,15.989,16.077239409812144,16.151542762882723,-0.07430335307057945,-0.0436185937600104,-0.03068475931056905,-0.004603677389750895,-0.0019011622869001888,49.724469364180756,16.2385,0.30135265230736363,16.841205304614725,15.635794695385272,0.07423164758009997,0.4182851061324548,0.33764486306157765,0.020919756075686347,12.045800411485763,23.275568239044553,23.622025342152188,50.833333333333385,45.48941798941801,744326340.0,742948160.15,0.18018694549566372,-0.11937624949907562,-0.6582200898358925,3719532.45,0.45596313629363605,1.2392283336579035,0.016728624535316178,-0.006065831203620919,0.009443992745012286,2.0,1.0,-0.00496585971446295,0.0,1161.95,1162.53,-0.0005072563450030376,0.000852316751898341,0.06041229590440578,0.07094697809104551,0.002369453737926852,0.02131361105050833,-0.05855009851148196,-0.05521446586164458,1.4752939961146745,0.7458168441232561,16.11,16.23,0.007448789571694592,0.007429229077916766,1.9560493777825982e-05,16.11,16.03,16.11,16.14,0.0018621973929238145,-8.58870413633639e-06,0.0018707860970601509,16.11,16.7,0.03662321539416502,0.05644496358389439,-0.01982174818972937,0.0017240485,0.0,2
2024-01-18,16.11,16.2,15.91,16.03,3450680,-0.006815365551425034,-0.00496585971446295,0.001875000000000071,0.013274336283185972,-0.026715239829993798,-0.023156611822059636,16.008,16.2195,15.992500000000001,16.069971808302583,16.14253959526178,-0.07256778695919763,-0.04940843239984785,-0.023159354559349782,-0.0045269985626448924,-0.001444750752298801,47.34837421945286,16.2195,0.30194936835947145,16.823398736718943,15.615601263281057,0.0744657648779485,0.3431028345666228,0.3342416585571792,0.020851008019786597,11.77901433688824,21.833088648836796,25.791031848785007,41.66666666666678,46.944444444444485,740875660.0,742662744.55,0.16780650575312042,-0.07328663271809982,-0.5316024652081568,3770957.2,-0.1660373571486134,0.9150673998633556,0.01809107922645035,-0.01168346743117843,0.0023448491480382305,3.0,1.0,-0.00496585971446295,0.0,1164.32,1169.06,0.005617059344705133,0.005885288499595465,0.06204803953632032,0.07148272251591566,-0.012432424896130168,0.007389047783590508,-0.08520465135837996,-0.08022673945670056,1.4574278533486644,0.7420862006790249,16.11,16.14,0.0018621973929238145,-0.0009645753307726546,0.002826772723696469,16.11,16.03,16.11,16.14,0.0018621973929238145,0.001297481860862204,0.0005647155320616104,16.11,17.17,0.06579764121663567,0.04763977806231323,0.01815786315432244,0.0023730518,0.0,2
2024-01-19,16.11,16.17,15.97,16.03,2120561,0.0,-0.006815365551425034,-0.00496585971446295,0.017131979695431454,-0.015960712093308627,-0.024939172749391725,16.062,16.198999999999998,16.014,16.063822299332955,16.134203328946093,-0.07038102961313797,-0.05360295184250588,-0.01677807777063209,-0.00439058200955321,-0.0010466673593656948,47.34837421945286,16.198999999999998,0.30010349092140054,16.7992069818428,15.598793018157197,0.07410420172143982,0.3592152331508032,0.3246529686602379,0.020252836472878222,11.531284410476255,20.872366596304534,24.656148303299574,41.66666666666678,44.722222222222314,740875660.0,742269203.35,0.16750606789821557,-0.046008159770684176,-0.512983602465483,3768859.65,-0.853682635831177,0.562653215276934,0.01247660636306931,-0.01043274276189865,0.000999125764955755,4.0,1.0,-0.005603985056039762,0.0,1171.5,1181.5,0.01064102783432852,0.02320949164285091,0.07172337472674006,0.07611803367124167,-0.01064102783432852,-0.006077511947419456,-0.09666254747613179,-0.09019356090910868,1.3903744398617348,0.6763827532084751,16.06,16.2,0.008717310087173136,-0.008952279796676899,0.017669589883850034,16.06,15.97,16.06,16.29,0.014321295143213009,-0.011582328098525663,0.02590362324173867,16.06,16.61,0.03424657534246589,0.02167260956427186,0.01257396577819403,0.0046773683,0.0,2
2024-01-22,16.06,16.11,15.85,15.97,2449276,-0.0037429819089207506,-0.0037429819089207506,-0.010532837670384154,-0.00187499999999996,-0.0037429819089207506,-0.019643953345610754,16.056,16.183,16.028166666666667,16.04938809943558,16.12204011939453,-0.07265201995895154,-0.05741276546579502,-0.015239254493156523,-0.004549281149589952,-0.0009542426107173777,45.959084038555474,16.183,0.3035075651533538,16.790015130306706,15.575984869693292,0.07501886304229219,0.324551325522664,0.3200348994702209,0.020039755758936812,11.686210313915968,19.66115598770649,25.903646500347723,36.66666666666674,40.0000000000001,738426384.0,741842675.65,0.1652069176168394,-0.109270575432969,-0.35643520257982453,3801846.15,-0.711649006238216,0.6442333285895854,0.016280525986224155,-0.013161960081567003,-0.0036290280651769535,0.0,1.0,0.02187500000000009,1.0,1186.29,1182.86,0.001151079136690658,0.024902089903996227,0.07234420611752768,0.07585159816701571,-0.004894061045611409,-0.026777089903996187,-0.09198815946313843,-0.08578230659368768,1.380489388525636,0.6789748454393401,16.0,16.17,0.010625000000000107,-0.006985033278151254,0.01761003327815136,16.0,16.35,16.0,16.55,0.034375000000000044,0.0017737085712354883,0.032601291428764556,16.0,16.47,0.02937499999999993,0.033962296023514416,-0.004587296023514487,0.0046773683,0.0,2
2024-01-23,16.0,16.41,16.0,16.35,7000053,0.0237946149029431,0.019962570180910744,0.019962570180910744,0.014897579143389406,0.04339502233567338,-0.013872135102532934,16.104000000000003,16.1715,16.061333333333334,16.095636084137798,16.138926036476416,-0.04328995233861832,-0.05458820284035968,0.01129825050174136,-0.0026477035069491324,0.0006910244955193491,54.97065581747598,16.1715,0.29180518014241913,16.75511036028484,15.587889639715163,0.07217764094670719,0.6529273742783469,0.32860383522234793,0.020098093897391308,10.982529441075329,24.30180510398169,23.42615075308788,68.33333333333344,48.88888888888899,745426437.0,741634384.75,0.17528520804668898,0.1893905957139266,0.16013747483979315,4020082.95,1.4846272044881805,1.7412707864647419,0.025076452599388385,0.011037937111585183,0.017972771044330038,1.0,1.0,-0.007339449541284515,0.0,1183.96,1177.5,-0.004531390020796944,0.01236329871380426,0.053540432689726636,0.07174130719151361,0.028326004923740045,0.002534280429585145,-0.06741256779225957,-0.06398669258488054,1.2550596772246119,0.6294914177761464,16.35,16.38,0.0018348623853210455,0.0034621208254650426,-0.0016272584401439971,16.35,16.23,16.35,16.85,0.030581039755351647,0.010973306793242488,0.01960773296210916,16.35,16.88,0.03241590214067269,0.05263784685006567,-0.02022194470939298,0.022542799,0.0,2
2024-01-24,16.35,16.38,16.17,16.23,1720045,-0.007339449541284515,0.016280525986224204,0.012476606363069243,0.005576208178438735,0.027865737808739688,-0.014571948998178375,16.122000000000003,16.1595,16.101833333333335,16.116307455808904,16.145672255996683,-0.029364800187778428,-0.049543522309843435,0.020178722122065007,-0.0018092914471828975,0.001243297727792052,52.02056592140675,16.1595,0.2837062045961835,16.72691240919237,15.592087590807635,0.07022648091740055,0.5621241259953631,0.32013213270646573,0.019724715508716312,10.329111487723306,23.1631281661875,22.32850317136727,70.70707070707081,58.56902356902367,743706392.0,741437531.55,0.17562247888949023,0.1952388599622178,0.1382787383283426,4008645.25,-1.1328295821165695,0.42908386567756274,0.012939001848428668,0.004362758748723605,0.007959756135429652,2.0,1.0,-0.0037037037037036535,0.0,1175.58,1172.97,-0.0038471337579617515,0.008980413408686383,0.045194920917799086,0.07503629945408635,-0.0034923157833227636,-0.0034042052302476478,-0.05976686991597746,-0.057182510859788094,1.1928565033548686,0.6097526373140075,16.2,16.14,-0.0037037037037036535,-0.00789890761601253,0.004195203912308876,16.2,16.14,16.2,16.85,0.040123456790123635,0.021259735169311123,0.018863721620812512,16.2,18.05,0.1141975308641976,0.06899401830297047,0.04520351256122712,0.02454024,0.0,2
2024-01-25,16.2,16.29,16.03,16.14,2062804,-0.00554528650646946,-0.012844036697247763,0.01064495929868503,0.006862133499688117,0.020227560050569027,-0.026537997587454676,16.144000000000002,16.1375,16.12966666666667,16.119952462607536,16.14525208888582,-0.02529962627828297,-0.044694743103531345,0.019395116825248374,-0.001567510921826702,0.0012016801006969253,49.859356044025695,16.1375,0.26588234437940544,16.669264688758812,15.605735311241189,0.06590422168970556,0.502350663792509,0.31583698037028946,0.019568586144379767,9.961120304396747,21.801120526281448,24.181762398832657,69.3181818181819,69.45286195286205,741643588.0,741036099.2,0.17418759520262228,0.36325969160931826,0.32359874181317577,4010346.5,-0.9648417744627834,0.5143705163631123,0.016109045848822678,0.00015491866769945517,0.0006406414681021655,3.0,1.0,-0.0055248618784530246,0.0,1173.58,1170.37,-0.002216595479850425,0.0011205583973448174,0.043119813902084525,0.0762190558810229,-0.003328691026619035,0.005741575102343299,-0.0696578114895392,-0.0667783418176714,1.1342210090819278,0.6081278777504945,16.29,16.14,-0.00920810313075493,-0.00034940303213659707,-0.008858700098618333,16.29,16.2,16.29,16.76,0.028852056476366128,0.024773527180999233,0.004078529295366895,16.29,18.11,0.11172498465316139,0.06757965963031443,0.04414532502284696,0.024441363,0.0,2
2024-01-26,16.29,16.35,16.2,16.2,2423744,0.0037174721189590088,-0.001848428835489857,-0.009174311926605672,0.010605115408608645,0.027918781725888353,-0.012797074954296161,16.178000000000004,16.127,16.149166666666666,16.132267468360222,16.14930748970909,-0.01704002134886906,-0.03916379875259889,0.02212377740372983,-0.0010518531696832754,0.0013656652718351749,51.31160396418994,16.127,0.2586015020106479,16.644203004021296,15.609796995978703,0.06414125429668215,0.5705719025531739,0.308277196058126,0.019029456546797902,9.38801839568154,22.13054684122066,23.00513811192271,76.13636363636357,72.0538720538721,744067332.0,740902782.4,0.17169066464228042,0.20285062248783514,0.42332867046129974,3984605.35,-0.7665925335539163,0.6082770530838142,0.00925925925925939,0.004526570347863856,0.003147737241343762,4.0,1.0,-0.007366482504603922,0.0,1173.43,1175.67,0.004528482445722348,-0.00493440541684298,0.041402035555791805,0.07526900816543386,-0.0008110103267633395,0.015539520825451625,-0.05419911051008797,-0.05204436774618182,1.1338178682879634,0.5644885173001567,16.29,16.29,0.0,-0.003975433857445032,0.003975433857445032,16.29,16.17,16.29,16.7,0.02516881522406389,0.0275816960152222,-0.0024128807911583117,16.29,18.63,0.14364640883977908,0.06884805857818765,0.07479835026159143,0.022936415,0.0,2
2024-01-29,16.29,16.35,16.14,16.17,1618460,-0.0018518518518516602,0.0018587360594797264,-0.003696857670979603,0.012523481527864755,0.010625000000000107,-0.02472858866103722,16.218,16.1065,16.167166666666667,16.13807247322788,16.15084026824916,-0.012767795021279227,-0.03388459800633496,0.021116802985055735,-0.0007895977131279669,0.0013059247362433972,50.52365104202845,16.1065,0.23607035079902575,16.57864070159805,15.634359298401948,0.05862734940527752,0.56724690307897,0.30125739633968845,0.018630636755701202,9.080731238220697,21.028637953167983,23.282290998149055,70.73170731707337,72.06208425720628,742448872.0,740525187.45,0.16676429815924654,0.3490410495097435,0.8999300897635145,3902173.2,-1.0879595913471423,0.4147586273207965,0.012987012987013038,0.003942507683233565,0.00017525231178416867,0.0,1.0,-0.005464480874316946,0.0,1177.23,1175.69,1.701157637779005e-05,-0.006061579561401853,0.04049808395210319,0.07550866636539223,-0.0018688634282294503,0.018585061089266608,-0.06522667261314041,-0.06268793150045149,1.1345627819130832,0.5649512206588962,16.47,16.55,0.004857316332726347,0.008537269774323564,-0.003679953441597217,16.47,16.38,16.47,16.85,0.023072252580449426,0.0416234417782011,-0.018551189197751672,16.47,18.46,0.12082574377656363,0.07260930936548715,0.04821643441107648,0.026116291,0.0,2
2024-01-30,16.47,16.58,16.38,16.38,5457131,0.01298701298701288,0.011111111111111072,0.014869888475836257,0.0018348623853210455,0.016759776536312776,-0.001828153564899515,16.224,16.104999999999997,16.187666666666665,16.175292092731283,16.167815063193665,0.007477029537618307,-0.02561227249754431,0.03308930203516262,0.0004564731097447074,0.002020103909350587,55.65691193554571,16.104999999999997,0.23412772042999,16.573255440859977,15.636744559140016,0.05815031864141331,0.793643144321983,0.3090247251725676,0.018865978337763593,8.947238468865603,24.35205636044723,21.07587038986961,79.79797979797983,75.55535025047226,747906003.0,740560176.05,0.1703931677344622,0.1349638501751162,0.548576006733451,4035302.75,0.6739988822458832,1.3523473548546017,0.012210012210012167,0.0170754424091899,0.01188147354982183,1.0,1.0,-0.018248175182481785,0.0,1176.02,1179.65,0.0033682348238055493,0.0018259023354565418,0.04235146502668519,0.07564452735769235,0.009618778163207331,8.960049864503716e-06,-0.0441796185915847,-0.04238456995928308,1.1632177633507566,0.5695806703938241,16.44,16.85,0.024939172749391725,0.005805588937221939,0.019133583812169785,16.44,16.14,16.44,16.82,0.02311435523114347,0.04099456678119884,-0.01788021155005537,16.44,18.6,0.13138686131386867,0.07477869365785961,0.05660816765600907,0.021308195,0.0,2
2024-01-31,16.44,16.44,16.03,16.14,3897463,-0.0146520146520146,-0.0018552875695733162,-0.0037037037037036535,-0.00554528650646946,0.0,-0.02300242130750596,16.206,16.086000000000002,16.199833333333334,16.169862540003393,16.165754688142282,0.004107851861110845,-0.01966824762581328,0.023776099486924124,0.00025451374604156413,0.001473116449003973,49.3545991587528,16.086000000000002,0.2131567251431323,16.512313450286268,15.659686549713738,0.05300428326324314,0.5633336808441503,0.3162372448030985,0.019593385675532746,9.02534705524942,22.096890732231255,27.02955899669961,54.166666666666856,68.23211792724003,744008540.0,740252207.25,0.1759600897357915,0.2974988752472337,0.32883172109863007,4082091.65,-0.08813659227330761,0.9547710669357461,0.025402726146220578,0.0033569563595672314,-0.003693453636354316,2.0,1.0,-0.0037037037037036535,0.0,1181.62,1164.31,-0.013003857076251513,-0.007382968021347636,0.017602279381560226,0.08547794331793886,-0.0016481575757630873,0.0018376815148781755,-0.04060470068906619,-0.03990232875042632,1.2257083800438613,0.6080879768931997,16.2,16.85,0.040123456790123635,0.030745282856602385,0.00937817393352125,16.2,16.14,16.2,16.7,0.030864197530864113,0.057844132166015916,-0.026979934635151803,16.2,18.28,0.1283950617283951,0.08595779081167554,0.04243727091671956,0.026903614,0.0,2
2024-02-01,16.2,16.35,16.06,16.14,2253939,0.0,-0.0146520146520146,-0.0018552875695733162,0.0,0.006862133499688117,-0.02003642987249532,16.206,16.0695,16.201666666666668,16.165268303079795,16.163846933465077,0.00142136961471806,-0.015450324177707012,0.01687169379242507,8.806503189083395e-05,0.0010453341878825942,49.35459915875279,16.0695,0.19375717304225135,16.457014346084502,15.681985653915499,0.048229795088148585,0.5909643742384529,0.31436315588859165,0.019477271120730586,9.097876456891534,20.640863524682135,25.248504196539738,42.10526315789488,58.68996987418052,744008540.0,740159476.15,0.17584954108346815,0.2528834316376273,0.3199019913057919,3979550.9,-0.8089422333217323,0.5663802415493668,0.017967781908302522,0.0043871931298422595,-0.0038061927785207894,3.0,2.0,0.007421150278293043,1.0,1162.78,1173.02,0.007480825553332071,0.002264241222861285,0.019379171301445952,0.08700985413307936,-0.007480825553332071,-0.002264241222861285,-0.03941560117394127,-0.038666280696729505,1.1796211812677717,0.5495955474398228,16.17,16.76,0.036487322201608,0.024337055872155844,0.012150266329452153,16.17,16.29,16.17,17.17,0.061842918985776096,0.045471195045701185,0.01637172394007491,16.17,18.52,0.14533085961657366,0.08052439242544263,0.06480646719113103,0.02979435,0.0,2
2024-02-02,16.17,16.32,16.08,16.29,3316980,0.009293680297397744,0.009293680297397744,-0.005494505494505475,0.005555555555555536,0.016219588271989993,0.0,16.224,16.069499999999998,16.208000000000002,16.184457794913673,16.173191605060257,0.011266189853415653,-0.01010702137148248,0.02137321122489813,0.0006916015870727842,0.0013120448879618252,53.196192706313695,16.069499999999998,0.19375717304225135,16.4570143460845,15.681985653915495,0.04822979508814859,0.7845055960223981,0.30905150189654956,0.01897185401452115,9.165225186987783,19.49593016393994,23.84798843183396,60.27397260273977,52.18196747576717,747325520.0,740372303.15,0.17528432056620122,0.039057246821255304,0.28853853987028494,4005690.8,-0.32470284795146775,0.8280669092082694,0.014732965009208227,0.013721646597591786,0.005059230009871518,4.0,2.0,0.01596071209330896,1.0,1173.93,1172.55,-0.0004006751803038444,-0.0026538059149252557,0.015476149236151926,0.0866330893437555,0.009694355477701588,0.008209361470480792,-0.015476149236151926,-0.01524028826062851,1.174550817037235,0.5470401821742031,16.29,16.7,0.02516881522406389,0.030215802830815264,-0.005046987606751374,16.29,16.55,16.29,16.61,0.019643953345610754,0.032174549913985384,-0.01253059656837463,16.29,18.05,0.10804174340085959,0.0622796409531432,0.04576210244771639,0.024240915,0.0,2
2024-02-05,16.29,16.67,16.23,16.55,6726505,0.01596071209330896,0.025402726146220633,0.025402726146220633,0.023500309214594894,0.036318096430807856,0.032439176543979986,16.3,16.095499999999998,16.222166666666666,16.240695057234646,16.201103338018758,0.03959171921588833,-0.00016727325400831767,0.03975899246989665,0.002392248895219839,0.002402356040477139,59.00127667485166,16.095499999999998,0.22113284885372705,16.537765697707453,15.653234302292544,0.05495519837314211,1.0138313940646606,0.31840496604679613,0.01923897075811457,9.108755396865114,25.42319565137209,21.494042081174705,85.36585365853651,62.58169647305706,754052025.0,741182146.95,0.17320456160620562,-0.08466316154710556,0.3504329948917244,4081324.5,1.2066466613408329,1.6481181538003165,0.02658610271903331,0.028237706191171608,0.02020897331840188,0.0,2.0,0.014449127031908704,1.0,1174.22,1186.06,0.011521896720822156,0.008820352303753554,0.022298071867538738,0.09377484825664159,0.004438815372486804,0.01467995691084134,0.010141104676441248,0.009919909814478434,1.1843877472047284,0.5480434915771818,16.61,16.85,0.014449127031908704,0.030182998620782442,-0.015733871588873738,16.61,16.85,16.61,16.47,-0.008428657435279985,0.02951020957378825,-0.03793886700906823,16.61,17.61,0.060204695966285415,0.03903017458875779,0.021174521377527622,0.022419613,0.0,2
2024-02-06,16.61,16.88,16.58,16.85,4911335,0.01812688821752273,0.03437691835481904,0.04399008674101612,0.028693528693528814,0.030581039755351647,0.07530312699425656,16.394,16.154500000000002,16.235833333333332,16.334434279198547,16.249169757424777,0.08526452177376953,0.016919085751547252,0.06834543602222228,0.005060209007345372,0.004056108962743161,64.47621407479275,16.154500000000002,0.2562579908896365,16.667015981779276,15.641984018220729,0.0634517913620692,1.1785154265682312,0.31923318275773915,0.018945589481171463,9.694963223195264,28.244766240823534,19.906972487559898,97.08737864077692,80.9090683006844,758963360.0,742735111.95,0.15746619831911457,0.3031510489080301,-0.47167488831471777,3829336.8,0.6287209013148473,1.2825549844557942,0.017804154302670665,0.043053019282552896,0.037827849920443635,1.0,2.0,0.0,0.0,1189.08,1188.48,0.0020403689526669044,0.007485271054973763,0.025798600022441054,0.0933508640358537,0.016086519264855825,0.02120825763855505,0.04950452697181551,0.048259499448266574,1.2074805230719643,0.560090273519351,16.85,16.82,-0.0017804154302670794,0.03322105652199481,-0.03500147195226189,16.85,16.85,16.85,16.88,0.0017804154302669684,0.03943687999260814,-0.037656464562341174,16.85,17.75,0.053412462908011715,0.045770300123476604,0.0076421627845351114,0.020359024,0.0,2
2024-02-07,16.85,16.99,16.76,16.85,3087924,0.0,0.01812688821752273,0.03437691835481904,0.04399008674101612,0.03820086260012334,0.06713109563014585,16.536,16.2075,16.249,16.41375208239877,16.293675701319238,0.12007638107953156,0.037550544817144114,0.08252583626238744,0.007126194722820864,0.0048976757425749215,64.47621407479275,16.2075,0.28491688538765136,16.777333770775304,15.637666229224697,0.07031729394111408,1.063760900942945,0.312859383989329,0.018567322491948306,10.547442520147383,29.27300174375666,18.861636671615077,87.71929824561428,90.05751018164257,758963360.0,744063958.6,0.15724854281644954,0.42654195076682755,-0.3859874424699605,3759614.65,-0.39021168833761743,0.8213405594639865,0.01364985163204729,0.03964214098411234,0.03698689150101564,2.0,2.0,-0.008284023668638896,0.0,1190.51,1198.53,0.008456179321486124,0.029390797983354977,0.031845653184565226,0.09670202901507903,-0.008456179321486124,0.014599288757661144,0.03528544244558063,0.034196434647643104,1.205074782017764,0.5585717175675639,16.9,16.7,-0.011834319526627168,0.022409149848721555,-0.03424346937534872,16.9,16.76,16.9,18.05,0.06804733727810675,0.042781859892941476,0.02526547738516527,16.9,18.37,0.08698224852071013,0.05604781061941022,0.030934437901299905,0.02296451,0.0,2
2024-02-15,16.9,16.96,16.64,16.76,4523158,-0.005341246290801127,-0.005341246290801127,0.012688821752265822,0.03841387856257761,0.03841387856257761,0.05941845764854614,16.66,16.2545,16.265166666666666,16.467020992798957,16.328218241962258,0.13880275083669957,0.057800986021055205,0.08100176481564436,0.008281787042762504,0.004833040860121978,61.613516675296175,16.2545,0.2949839424711778,16.844467884942357,15.664532115057645,0.0725913297785052,0.9284131500220483,0.31336942799009126,0.018697459903943392,10.837258884281686,27.1378311656759,20.221117511697866,79.82456140350904,88.21041276330008,754440202.0,744970485.2,0.16017730609906725,0.48665257453973215,-0.49584534751617304,3789610.4,0.42412426488485505,1.1935680776050224,0.019093078758949895,0.031099080254698874,0.030422887356416295,3.0,2.0,-0.007134363852556502,0.0,1203.08,1202.5,0.00331239101232339,0.025131711309270166,0.03465781005317403,0.09681208721018103,-0.008653637303124517,0.013282167253307442,0.02476064759537211,0.023931243117083945,1.2963294512245551,0.597013459056162,16.82,17.17,0.020808561236623113,0.018599053863391113,0.0022095073732320003,16.82,16.7,16.82,18.11,0.07669441141498212,0.03969624035189634,0.03699817106308578,16.82,19.28,0.14625445897740796,0.049265499211552655,0.09698895976585531,0.020625394,0.0,2
2024-02-16,16.82,16.9,16.64,16.7,4168515,-0.0035799522673032325,-0.008902077151335397,-0.008902077151335397,0.02516881522406389,0.030864197530864113,0.05964467005076135,16.742,16.3015,16.276833333333332,16.502863916983735,16.355757631446536,0.1471062855371983,0.07566204592428383,0.07144423961291446,0.008808759613005887,0.00427809818041404,59.710171065773636,16.3015,0.2868205931093954,16.87514118621879,15.72785881378121,0.07037894503190381,0.8473425632377871,0.3095573259907989,0.01853636682579634,11.106374079549255,25.50973759217148,19.007981824144732,70.70707070707074,79.416976785398,750271687.0,745937473.05,0.1600604883208051,0.485800568614097,-0.4912215449668494,3729149.15,0.25969649084069885,1.1178193288407356,0.015568862275448984,0.024445603165352825,0.025998095452637093,4.0,2.0,0.008982035928143839,1.0,1204.9,1209.7,0.0059875259875259434,0.031683083877020346,0.04763141941629856,0.09284720737412427,-0.009567478254829176,-0.006514268652956456,0.012013250634462791,0.011467058367871541,1.2754911931804478,0.5918897841772001,16.7,16.61,-0.005389221556886259,-0.0010220566417197263,-0.004367164915166533,16.7,16.85,16.7,18.63,0.11556886227544916,0.03712373479278619,0.07844512748266297,16.7,19.22,0.15089820359281436,0.04165705054234947,0.10924115305046489,0.020601545,0.0,2
2024-02-19,16.7,17.14,16.7,16.85,7264645,0.008982035928143839,0.005369928400954738,0.0,0.01812688821752273,0.042053184910327834,0.05312500000000009,16.802,16.344,16.299833333333332,16.556269468217007,16.39236817726531,0.1639012909516957,0.0933098949297662,0.0705913960219295,0.009727079581703008,0.00418940035738454,62.803778314242294,16.344,0.30234870074493253,16.948697401489866,15.739302598510136,0.07399625568892133,0.9183910818479686,0.3188746598485991,0.018924312157186887,12.076874636133358,28.371523802086458,17.134538149577544,73.87387387387393,74.80183532815124,757536332.0,746949461.2,0.15516551616508925,0.5375919989071755,-0.1810035434558177,3774149.45,1.9658868025395606,1.9248429603125545,0.02611275964391699,0.030959373470386797,0.03375290135890974,0.0,2.0,-0.008254716981132115,0.0,1213.24,1224.97,0.012622964371331813,0.032806097499283426,0.0613887637334074,0.09899351879142639,-0.003640928443187974,-0.014679209281760697,-0.008263763733407314,-0.007785802917622542,1.2106570125092693,0.545369221699439,16.96,16.47,-0.028891509433962348,-0.0029159030747301085,-0.02597560635923224,16.96,16.82,16.96,18.46,0.08844339622641506,0.027416004886988476,0.061027391339426584,16.96,18.31,0.07959905660377342,0.012877214416615823,0.0667218421871576,0.006902357,0.0,2
2024-02-20,16.96,17.05,16.76,16.82,3269645,-0.0017804154302670794,0.007185628742514938,0.0035799522673030104,-0.0017804154302670794,0.02686202686202699,0.044072004965859835,16.796,16.3795,16.319333333333333,16.596843396183623,16.424044608578992,0.17279878760463063,0.10920767346473909,0.06359111413989155,0.010273411867100513,0.0037806845505286295,61.78202380575296,16.3795,0.31485125978708545,17.00920251957417,15.74979748042583,0.07688910156893315,0.8497683321148878,0.3168121841451277,0.018835444955120552,12.978053724390024,26.51649460940598,16.014222276088006,71.17117117117112,71.91737191737194,754266687.0,747676946.05,0.15507145033331507,0.6761641556183031,-0.040541203319522906,3816610.65,-0.3122938327261257,0.8566881193396031,0.017241379310344775,0.026893372813578065,0.03067935781690423,1.0,2.0,-0.007134363852556502,0.0,1227.75,1230.06,0.0041552038009093906,0.03498586429725359,0.05755210124492738,0.09748560596817314,-0.00593561923117647,-0.03676627972752067,-0.013480096279067544,-0.012746507962301923,1.2041589319892967,0.5448063327378169,16.82,16.88,0.00356718192627814,0.004611213041289863,-0.0010440311150117232,16.82,16.7,16.82,18.6,0.10582639714625452,0.031012031369238136,0.07481436577701639,16.82,18.43,0.09571938168846605,0.008670379450876009,0.08704900223759005,0.009410376,0.0,2
2024-02-21,16.82,16.96,16.64,16.7,3495585,-0.007134363852556502,-0.008902077151335397,0.0,-0.008902077151335397,0.034696406443618155,0.034696406443618155,16.766,16.407500000000002,16.32616666666667,16.612713642924604,16.44448574868425,0.16822789424035278,0.12101171761986183,0.04721617662049095,0.01007352660121873,0.0028273159652988595,57.7357934488945,16.407500000000002,0.3173222668718202,17.04214453374364,15.772855466256361,0.07736029666233614,0.7304439607118328,0.3170398852776186,0.018984424268120876,13.243816453670215,24.604775190169118,17.563249744358256,60.360360360360225,68.46846846846843,750771102.0,747999184.15,0.15858277810455143,0.7346755725592572,-0.13835544087929696,3760922.4,-0.15226546299437385,0.9294488501012411,0.019161676646706604,0.01782721316471103,0.022897802096838227,2.0,2.0,0.026300059772863094,1.0,1231.78,1230.04,-1.62593694615909e-05,0.026290539243907007,0.05807161965712715,0.09727872310350456,-0.007118104483094911,-0.035192616395242404,-0.023375213213508994,-0.022092278801584153,1.1535446603170976,0.5521711798561089,16.73,18.05,0.07890017931858928,0.020083750050819305,0.058816429267769976,16.73,17.17,16.73,18.28,0.09264793783622238,0.026734967678985422,0.06591297015723696,16.73,18.9,0.12970711297071125,0.02458023336179216,0.10512687960891909,0.0072924155,0.0,2
2024-02-22,16.73,17.49,16.73,17.17,10437743,0.028143712574850488,0.020808561236623113,0.0189910979228487,0.02446300715990457,0.06381660470879802,0.0711166562694947,16.848000000000003,16.4645,16.341833333333334,16.69845000555159,16.49822754507801,0.2002224604735794,0.13685386619060536,0.06336859428297403,0.01166117999263712,0.0036906577916700073,66.88386269666253,16.4645,0.3469487297176153,17.158397459435232,15.77060254056477,0.08429013446326714,1.0083604143573413,0.3508227506149315,0.020432309296152095,14.881072109321773,31.43814607962772,14.738264503292264,78.0821917808221,69.87124110411781,761208845.0,749015843.4,0.18055683853880983,0.7366735003056947,-0.20000495849919295,4110275.55,2.7616854889553015,2.539426584186065,0.044263249854397085,0.042849767681982565,0.05067770853943365,3.0,2.0,-0.03598374927452119,0.0,1229.85,1227.31,-0.0022194400182108387,0.020632016632016636,0.04982635621781606,0.09828796846942754,0.030363152593061327,0.003830990527887934,0.021290300051678646,0.02027983001720468,1.1120949056056013,0.518348106567828,17.23,18.11,0.05107370864770733,0.01823132569292052,0.03284238295478681,17.23,16.61,17.23,18.52,0.07486941381311651,0.031016825164594142,0.04385258864852237,17.23,18.96,0.1004062681369704,0.037486791839388856,0.06291947629758154,0.001964425,0.0,2
2024-02-23,17.23,17.26,16.47,16.61,6009927,-0.03261502620850332,-0.005389221556886259,-0.012485136741973935,-0.005389221556886259,0.019643953345610754,0.03618215845290074,16.830000000000002,16.4935,16.358833333333333,16.684842312389804,16.506506986183343,0.17833532620646153,0.1451501581937766,0.033185168012684924,0.01073662409430834,0.0019979029507937946,52.34561975726717,16.4935,0.33266507576181237,17.158830151523624,15.828169848476376,0.08067786116029027,0.587550518891419,0.3821925541424366,0.023009786522723456,15.3325632284253,26.79648142026076,17.421424169201085,39.72602739726023,59.38952651281418,755198918.0,749732006.3,0.22143534300542173,-0.22321779717614615,0.9414408823455512,4304743.85,0.7484075120934714,1.3961172161265765,0.047561709813365605,0.007063388607633225,0.015353580634315689,4.0,2.0,-0.010216346153846256,0.0,1230.3,1212.0,-0.012474435961574493,0.0019012978424401972,0.025814642403723997,0.10663960498034752,-0.020140590246928824,-0.007290519399326456,0.01036751604917674,0.010106617336718138,1.0824462473846796,0.4769341313770058,16.64,18.63,0.11959134615384603,0.03738880232165087,0.08220254383219516,16.64,16.47,16.64,18.05,0.08473557692307687,0.028377565069707122,0.05635801185336975,16.64,18.72,0.125,0.05677986363598886,0.06822013636401114,0.0032066256,0.0,2
2024-02-26,16.64,16.67,16.17,16.47,6086246,-0.008428657435279985,-0.04076878276062912,-0.01377245508982039,-0.02255192878338297,-0.004833836858006202,0.031308703819661776,16.754,16.5185,16.369666666666667,16.65178964894522,16.503802764984577,0.14798688396064108,0.1457175033471495,0.0022693806134915784,0.008985238856140929,0.0001377887439885597,49.45163699607506,16.5185,0.30921419930634375,17.13692839861269,15.900071601387312,0.07487706494084674,0.4607876998300847,0.39060737170369114,0.02371629457824476,14.711669690963802,24.34640683665377,21.314498219227115,30.136986301369763,49.3150684931507,749112672.0,750266320.7,0.22362481025700193,-0.1804389342614178,0.7702409647918883,4486592.35,0.7054254370674464,1.3565408945611028,0.030358227079538558,-0.0029361019463026716,0.006129222749394092,0.0,2.0,0.018094089264173663,1.0,1212.93,1224.17,0.01004125412541268,-0.0006530772182175015,0.0349238286864042,0.11105641502167747,-0.018469911560692664,-0.021898851565165467,-0.003615124866742425,-0.0034931313460344615,1.004807364402075,0.44869407723164745,16.58,18.46,0.11338962605548875,0.026429495577453554,0.08696013047803519,16.58,16.88,16.58,17.61,0.062123039806996516,0.005337976939288502,0.056785062867708014,16.58,18.6,0.12183353437876976,0.03167796375708942,0.09015557062168034,0.0012963883,0.0,2
2024-02-27,16.58,16.9,16.41,16.88,6461368,0.024893746205221667,0.01625526791089693,-0.016889924286546454,0.00356718192627814,0.0017804154302669684,0.03241590214067269,16.766,16.545,16.38383333333333,16.686898933722876,16.531669226837572,0.15522970688530435,0.1476199440547805,0.007609762830523864,0.009196072682778694,0.00045081533356184034,56.956807652655066,16.545,0.3166352708351868,17.178270541670376,15.911729458329628,0.07655128941316093,0.7644999079827477,0.3977068451534274,0.023560832058852337,14.73693162676291,26.334637396953006,19.438726034855605,57.342657342657375,42.401890347095794,755574040.0,750773700.85,0.2250984364613485,-0.15495753942137158,0.7533725032689234,4459658.1,0.8939238379311263,1.44884828727117,0.029028436018957254,0.020247809005741857,0.030283918089987205,1.0,2.0,0.05679156908665117,1.0,1228.93,1237.46,0.010856335312905863,0.006015966700811504,0.050921443736730465,0.11294541844536483,0.014037410892315805,-0.0024487847745333635,-0.018505541596057773,-0.017608872391316144,1.1368479529061337,0.4990201584772934,17.08,18.6,0.08899297423887598,0.022717572497322314,0.06627540174155366,17.08,18.05,17.08,17.75,0.039227166276346814,0.0026011258123486147,0.0366260404639982,17.08,19.16,0.12177985948477765,0.032566417291446825,0.08921344219333083,0.0009860483,0.0,2
2024-02-28,17.08,18.05,17.05,18.05,22296198,0.06931279620853092,0.09593199757134196,0.08669476219145111,0.08083832335329344,0.07121661721068251,0.11213801601971651,17.035999999999998,16.636000000000003,16.418,16.896606790073204,16.644138172997753,0.25246861707545065,0.16858967865891453,0.08387893841653613,0.013987181001410007,0.004647032599254078,70.44323811639356,16.636000000000003,0.45335474665631736,17.54270949331264,15.729290506687368,0.10900570970337044,1.2797425804123828,0.4528706419281827,0.025089786256409015,16.7443613348948,39.61318073663239,15.85156017790185,99.99999999999999,62.49321454800904,777870238.0,752481893.15,0.3260952182620371,1.410496937467027,4.326423283851266,5488465.75,3.7351123786814164,4.062373533077071,0.055401662049861494,0.08499639336378917,0.09940309416494109,2.0,2.0,0.0,0.0,1241.77,1254.55,0.013810547411633456,0.01992618126239787,0.06954994586391794,0.11707855969391724,0.05550224879689747,0.06091214209089557,0.042588070155798574,0.039818682914708026,1.3982875358726656,0.5384659946843884,18.11,18.28,0.009387078961899498,0.002492874665565914,0.006894204296333584,18.11,18.11,18.11,18.37,0.014356709000552303,0.00866948769043896,0.005687221310113344,18.11,19.04,0.0513528437327444,0.018656864535285367,0.032695979197459035,0.005054593,0.0,2
2024-02-29,18.11,18.28,17.78,18.11,6366817,0.003324099722991525,0.07286729857819907,0.09957498482088645,0.05474665113570176,0.08054892601431973,0.1220570012391573,17.223999999999997,16.7345,16.441,17.08328266852348,16.752720530553475,0.33056213797000567,0.20098417052113277,0.1295779674488729,0.018253017005522124,0.007155050659794197,70.94598430008283,16.7345,0.5447208362764382,17.823941672552877,15.645058327447124,0.13020307419437405,1.1312866648366797,0.45623702464759824,0.02519254691593585,18.877054969905867,40.113141668460756,14.610698260463076,91.94312796208523,83.09526176824754,784237055.0,754611566.5,0.32361223660480815,1.3799784015963346,4.412115778778856,5703666.4,0.1497005145753707,1.1162674240555162,0.027609055770292656,0.0821954644596492,0.10151450641688475,3.0,2.0,0.028713418001104385,1.0,1259.59,1252.73,-0.0014507193814514707,0.020711963562588087,0.07037090834522419,0.11662250199078353,0.0047748191044429955,0.034034687573113676,0.05168609289393311,0.048288020994366354,1.3226856852338054,0.5394159710860377,18.11,18.52,0.022639425731640017,0.00934177859825569,0.013297647133384327,18.11,18.63,18.11,19.28,0.06460519050248492,0.005999745368896692,0.05860544513358823,18.11,18.87,0.041965764770844904,0.02662486472722647,0.015340900043618433,0.00090872403,0.0,2
2024-03-01,18.11,18.69,17.93,18.63,7440210,0.028713418001104385,0.03213296398891963,0.10367298578199047,0.12161348585189646,0.11556886227544916,0.1499999999999999,17.627999999999997,16.856,16.477999999999998,17.32123918105833,16.891778269030997,0.4294609120273343,0.2466795188223731,0.18278139320496117,0.023052115514081283,0.009811132217120837,74.9265342206894,16.856,0.6747194348686599,18.20543886973732,15.506561130262682,0.16011377191947312,1.1573102493873333,0.4779343800299128,0.025654019325277125,21.285180899553325,41.68448893334674,12.951156230378023,97.61904761904752,96.52072519371092,791677265.0,756992063.15,0.33332440348451253,1.1385876819903906,3.260517763179617,5954489.7,0.33951145581077274,1.2495126156654532,0.04079441760601189,0.10524442335073547,0.13059837358902793,4.0,3.0,-0.015466666666666629,0.0,1256.72,1258.28,0.004430324172008282,0.03818481848184807,0.07026631622819313,0.11661077811812993,0.024283093829096103,0.08342866737004839,0.07973368377180678,0.07449891915948759,1.312712720122376,0.5203204013721769,18.75,18.05,-0.03733333333333333,-0.01322711558695333,-0.02410621774638,18.75,18.46,18.75,19.22,0.02506666666666657,-0.00022941767465411989,0.02529608434132069,18.75,18.96,0.011200000000000099,0.015837730505430914,-0.004637730505430815,0.00593792,0.0,2
2024-03-04,18.75,18.87,18.25,18.46,8862754,-0.009125067096081518,0.019326339039204887,0.022714681440443307,0.12082574377656363,0.09554896142433233,0.14162028447742725,18.026,16.9705,16.50883333333333,17.496433153203203,17.007942841695368,0.4884903115078352,0.2950416773594655,0.19344863414836966,0.026462097048095077,0.010479340961450144,71.47871939956167,16.9705,0.7430270590808379,18.456554118161677,15.484445881838326,0.17513380491578623,1.00115940657753,0.4880819243134905,0.026439974231500026,23.691819804211544,40.53649911151092,11.776043660300989,84.81481481481481,91.45899679864918,782814511.0,759010345.1,0.3369295214186715,1.1374137739513084,3.0909919615021964,6316704.4,0.5924673397475191,1.4030661304967824,0.03358613217768153,0.08776995374326035,0.11818925221850951,0.0,3.0,0.012520413718018597,1.0,1264.07,1261.41,0.002487522649966767,0.03042061151637432,0.0729103760344989,0.11598069764116642,-0.011612589746048285,0.09040513226018931,0.06870990844292835,0.06404067849253336,1.3046363167106498,0.5140887015315457,18.37,17.61,-0.04137180185084388,-0.021696268083522763,-0.01967553376732112,18.37,18.6,18.37,18.31,-0.0032661948829614262,-0.01530616284870423,0.012039967965742804,18.37,19.25,0.0479041916167664,0.014751878627592196,0.033152312989174204,0.009620662,0.0,2
2024-03-05,18.37,18.75,18.25,18.6,5331089,0.007583965330444142,-0.0016103059581319412,0.02705687465488693,0.1018957345971565,0.10582639714625452,0.13553113553113572,18.369999999999997,17.0815,16.5375,17.666212668095017,17.125873001569786,0.5403396665252309,0.3441012751926186,0.19623839133261228,0.029050519705657574,0.010550451146914637,72.59704800894418,17.0815,0.8127230058331825,18.706946011666364,15.456053988333633,0.1903165426533227,0.9671025641889132,0.4889332154339555,0.02628673201257825,25.926555929965605,37.57549735211839,10.91585872176166,90.00000000000001,90.81128747795412,788145600.0,761022324.95,0.3361701079523855,1.1862473231091086,3.224032756934896,6310402.3,-0.2278115903957116,0.8448096882824729,0.026881720430107524,0.08889734508093561,0.12471655328798192,1.0,3.0,-0.01561658589122239,0.0,1262.89,1269.98,0.006793984509398054,0.026279637321610316,0.07657355995422366,0.11654547284679172,0.0007899808210460879,0.07561609727554619,0.05895757557691206,0.05476409394581361,1.3323901673748098,0.5072918884653173,18.57,17.75,-0.0441572428648358,-0.019530634745629216,-0.024626608119206583,18.57,18.28,18.57,18.43,-0.007539041464728058,-0.021530949755867,0.013991908291138944,18.57,20.45,0.1012385568120624,0.013576941250590613,0.08766161556147178,0.009019067,0.0,2
2024-03-06,18.57,18.69,17.87,18.28,7316454,-0.017204301075268824,-0.009750812567713929,-0.01878690284487372,0.012742382271468067,0.09461077844311383,0.13258983890954146,18.416000000000004,17.188499999999998,16.561333333333334,17.760641488388092,17.211363890342394,0.5492775980456983,0.3851365397632346,0.16414105828246373,0.030048008645825946,0.008979270146743091,66.2069083742602,17.188499999999998,0.8230512870123117,18.834602574024622,15.542397425975373,0.19153533746686732,0.8315407002041647,0.5125808429029587,0.02804052751110277,26.78666599596144,33.28183209000837,14.963860717148489,78.14814814814815,84.32098765432099,780829146.0,762863355.25,0.33842303551436026,1.1592212385652299,3.1205864748729217,6481351.85,0.19577444088416437,1.128846908689273,0.04485776805251642,0.0635017598976062,0.1037758634570487,2.0,3.0,0.003250270855904569,1.0,1269.8,1262.73,-0.005708751318918459,0.0065202662309196135,0.08453075211928107,0.1049610427332605,-0.011495549756350365,0.006222116040548453,0.048059086790260386,0.044313254092932075,1.3741456304506312,0.5201849767939866,18.46,18.37,-0.0048754062838569645,0.005763004361834412,-0.010638410645691376,18.46,18.52,18.46,18.9,0.02383531960996743,-0.002493607656563035,0.026328927266530466,18.46,19.86,0.07583965330444187,0.006522960980977377,0.06931669232346449,0.009137823,0.0,2
2024-03-07,18.46,18.87,18.28,18.52,6194312,0.013129102844638973,-0.004301075268817289,0.003250270855904569,0.022639425731640017,0.07862550960978432,0.14745972738537794,18.498,17.307499999999997,16.585833333333333,17.877465874789923,17.30829989846518,0.5691659763247436,0.4219424270755364,0.14722354924920722,0.030732504121206462,0.007949435704600822,68.44995025189948,17.307499999999997,0.8354379563721972,18.97837591274439,15.636624087255603,0.19308113970757115,0.8628336463383707,0.5181107826956045,0.02797574420602616,27.82026808086572,33.05624865609601,13.746708197705756,87.03703703703698,85.0617283950617,787023458.0,765014101.15,0.338309828646988,1.061096092256164,2.960274624371218,6678370.5,-0.11665404070914785,0.9275184717589418,0.03185745140388768,0.07005633395926636,0.11661558559011209,3.0,3.0,-0.028002154011847025,0.0,1263.23,1268.46,0.004537787175405761,0.012556576437061429,0.08136263661318655,0.10421590781572548,0.008591315669233213,0.010082849294578589,0.06609709077219139,0.06112388992762563,1.3823747618711726,0.5173518549836142,18.57,19.28,0.038233710285406675,-0.006569125111973606,0.04480283539738028,18.57,18.05,18.57,18.96,0.02100161550888524,0.002985965959988235,0.018015649548897006,18.57,19.66,0.05869682283252553,-0.003433860853986226,0.062130683686511756,-0.002570206,0.0,2
2024-03-08,18.57,18.75,18.05,18.05,6985343,-0.025377969762418906,-0.012582056892779026,-0.029569892473118364,-0.031132581857219455,0.08669476219145111,0.10804174340085959,18.382,17.395500000000002,16.610833333333336,17.904009586360704,17.363240646727018,0.5407689396336863,0.4457077295871664,0.0950612100465199,0.02995949804064744,0.005266549033048194,60.04461873531367,17.395500000000002,0.8150652218009633,19.02563044360193,15.765369556398076,0.1874197859908513,0.7007508057311715,0.5311028696459185,0.029423981697834816,28.09394208981217,29.944210429101087,15.545835612718403,69.6296296296296,78.27160493827158,780038115.0,766649730.9,0.3572036869254776,0.9827083111682605,2.3296242035658152,6861788.65,0.030331255027928005,1.0180061433399001,0.038781163434903,0.03762467304762729,0.08664024482014732,4.0,3.0,-0.02437673130193918,0.0,1272.62,1247.35,-0.01664222758305356,-0.008686460883110314,0.0637925888021833,0.12670606443512417,-0.008735742179365347,-0.02244612097410914,0.04424915459867629,0.04159565977847257,1.3367778983874805,0.5372347484377012,18.05,19.22,0.06481994459833795,0.012384644962829983,0.05243529963550797,18.05,17.61,18.05,18.72,0.037119113573407025,0.02682004614201494,0.010299067431392084,18.05,19.28,0.0681440443213297,0.005439310433222211,0.06270473388810749,-0.0022857615,0.0,2
2024-03-11,18.05,18.05,17.52,17.61,8493681,-0.02437673130193918,-0.04913606911447088,-0.03665207877461718,-0.04604550379198269,0.06921675774134783,0.06404833836857993,18.212,17.448500000000003,16.625999999999998,17.85877734230521,17.38151911733983,0.47725822496537873,0.45201782866280893,0.0252403963025698,0.027101545994626844,0.001433299051821113,53.42997872393156,17.448500000000003,0.7913098734310412,19.031119746862085,15.86588025313792,0.1814046762600891,0.5510229953595007,0.5310240932426387,0.030154690133028884,26.990332288833763,27.809463124065235,21.56664221410376,53.333333333333265,69.99999999999996,771544434.0,767524351.35,0.3698293740990857,1.047462558402032,2.1437497528829206,6950147.45,0.3774340592900515,1.2220864465256775,0.03009653605905742,0.009255809955010186,0.059184409960303164,0.0,3.0,0.0028248587570622874,1.0,1248.32,1235.49,-0.009508157293462105,-0.02054843389540284,0.04167580054971931,0.13016881043631645,-0.014868574008477076,-0.02549706989657985,0.022372537818860616,0.02147744798050799,1.3796097785261312,0.5573830189896785,17.7,18.31,0.03446327683615813,0.00660514813016011,0.02785812870599802,17.7,17.75,17.7,18.6,0.05084745762711873,0.026274890723652078,0.024572566903466653,17.7,19.28,0.08926553672316384,0.012101343694349787,0.07716419302881405,-0.0022139126,0.0,2
2024-03-12,17.7,17.96,17.61,17.75,5786702,0.007950028392958552,-0.016620498614958512,-0.04157667386609065,-0.045698924731182866,0.05154028436018954,0.053412462908011715,18.042,17.4935,16.644,17.84204236656595,17.408813997536882,0.4332283690290666,0.4482599367360605,-0.015031567706993931,0.024407232057975584,-0.0008468488849010666,55.123952803567455,17.4935,0.781006604190674,19.05551320838135,15.931486791618653,0.17858212574743168,0.5821055797171523,0.5180938008681646,0.02918838314750223,25.965551759353815,26.467550565110404,20.52596955125946,58.51851851851847,60.49382716049379,777331136.0,768442740.15,0.3661870570310599,1.1376981988325916,2.481236637953625,6993915.8,-0.29652388917955724,0.8273908587804274,0.01971830985915501,0.01466258896161432,0.06645037250660901,1.0,3.0,0.027979854504756485,1.0,1235.4,1245.0,0.0076973508486510855,-0.01966960109608029,0.047556542810985425,0.13168844934133805,0.0002526775443074669,-0.026029323635102575,0.00585592009702629,0.005590075435272235,1.3757490539960926,0.5589243121939904,17.87,18.43,0.03133743704532721,-0.006191009438489825,0.037528446483817035,17.87,18.37,17.87,19.16,0.07218802462227192,0.025603903375459813,0.046584121246812105,17.87,19.45,0.08841634023503064,0.010094384898416076,0.07832195533661457,-0.0032750093,0.0,2
2024-03-13,17.87,18.4,17.73,18.37,7368810,0.034929577464788863,0.04315729699034643,0.017728531855955687,0.004923413566739532,0.017728531855955687,0.09020771513353121,18.060000000000002,17.569499999999998,16.671333333333333,17.923266617863494,17.4800129606823,0.44325365718119514,0.44725868082508746,-0.004005023643892325,0.02412921378231873,-0.00021801979553033886,61.75813930955609,17.569499999999998,0.7890065372285859,19.14751307445717,15.991486925542826,0.17963095984031094,0.7536417514396613,0.5289442436632956,0.028793916367081958,25.77552438132144,30.014608344565698,18.668847049475914,81.48148148148148,64.4444444444444,784699946.0,769729569.45,0.38317362879088884,0.8887049505933493,1.3469582881558422,7207960.1,0.04055482127522788,1.0223155924517395,0.03647250952640164,0.04556191126668385,0.10189147038829138,2.0,3.0,0.034889962426194465,1.0,1250.2,1270.51,0.02048995983935753,0.006161253791388432,0.0600569030395568,0.14530292071026754,0.014439617625431334,-0.0012378402246489006,0.03015081209397441,0.028442635492039514,1.4238960513585113,0.5946237457565268,18.63,18.9,0.01449275362318847,-0.012476489028213189,0.02696924265140166,18.63,19.28,18.63,19.04,0.022007514761138047,0.005556426332288256,0.01645108842884979,18.63,18.63,0.0,-0.013667711598746135,0.013667711598746135,-0.0052355034,0.0,2
2024-03-14,18.63,19.63,18.57,19.28,16362208,0.04953728905824706,0.0861971830985917,0.09483248154457713,0.04103671706263512,0.06460519050248492,0.1503579952267302,18.212,17.6955,16.72416666666667,18.13199483049988,17.613345333965093,0.5186494965347883,0.46153684396702765,0.05711265256776066,0.026900907496617648,0.0029622745107759675,69.00160861437362,17.6955,0.8516576715286772,19.398815343057354,15.992184656942644,0.1925139547407369,0.9651223293614892,0.5811625119730601,0.030143283816030087,27.071059305952843,40.48396830731812,15.777751702068654,89.88439306358387,76.62813102119462,801062154.0,772060667.05,0.41267085214300214,0.6635600627383706,0.2981896340861857,7799912.6,1.9443036771832265,2.0977424798324025,0.054979253112033125,0.08954253906360377,0.1528227614729183,3.0,3.0,-0.01486417221937486,0.0,1276.0,1264.26,-0.004919284381862399,-0.0033111016508207136,0.05135966735966746,0.14795204836871467,0.05445657344010946,0.04434781871345583,0.09899832786706275,0.09416218915424279,1.1912856610065647,0.4763891119866606,19.51,18.96,-0.02819067145053822,0.010017724884471724,-0.03820839633500994,19.51,19.22,19.51,18.87,-0.03280369041517173,0.020905868202823363,-0.05370955861799509,19.51,18.72,-0.040492055356227685,-0.004399569538519943,-0.03609248581770774,-0.006348451,0.0,2
2024-03-15,19.51,19.69,18.9,19.22,5095830,-0.003112033195020847,0.04627109417528574,0.08281690140845055,0.06481994459833795,0.03166935050993014,0.15089820359281436,18.446,17.8215,16.778833333333335,18.299380241192207,17.73235679070842,0.5670234504837879,0.4826341652703797,0.08438928521340816,0.02950174039978085,0.004390701624006669,68.08589576974784,17.8215,0.8824802070241751,19.58646041404835,16.05653958595165,0.19807091592159468,0.8961845231395903,0.596079475403556,0.031013500281142352,28.329818740153407,37.3704890728358,14.28413209991797,85.670731707317,85.67886875079411,795966324.0,774345398.9,0.412509881939204,0.661870732790452,0.30086932251837056,7846278.35,-0.6296413737918707,0.6494582237195294,0.04110301768990649,0.07847263137221883,0.1454908466023659,4.0,3.0,-0.05325749741468466,0.0,1263.76,1263.78,-0.00037966873902517406,0.013171924479897346,0.04470529883442165,0.14771524809841682,-0.002732364455995673,0.05164802011844061,0.10619290475839271,0.10164867056467708,1.1803363376222586,0.47172733962058727,19.34,18.72,-0.03205791106514999,0.012392288189809753,-0.044450199254959744,19.34,18.31,19.34,18.96,-0.019648397104446658,0.01420097779813756,-0.03384937490258422,19.34,19.22,-0.006204756980351611,0.008285220083563027,-0.014489977063914639,-0.0040788413,0.0,2
2024-03-18,19.34,19.48,18.02,18.31,14290781,-0.04734651404786683,-0.05031120331950223,-0.0032661948829614262,0.03975014196479276,-0.008125677139761756,0.08664688427299683,18.586000000000002,17.8945,16.820333333333334,18.30101405023956,17.77514517658187,0.5258688736576893,0.49128110694784166,0.034587766709847645,0.02872030986661329,0.0018890096510020562,55.95681466104711,17.8945,0.8579318768195475,19.610363753639096,16.178636246360906,0.19177554596541896,0.6210760467195555,0.657788084303302,0.035925072872927476,27.635974178789823,31.44577222379938,21.57536081197744,47.72727272727264,74.42746583272451,781675543.0,775552359.45,0.45577432215152913,0.4140794200723203,0.11161421456775766,8197585.15,1.325861343697502,1.7432915594661433,0.07973784817039874,0.023219424962977353,0.08856344503676095,0.0,3.0,-0.0016251354279523955,0.0,1266.11,1243.56,-0.015999620187057917,0.006531821382609326,0.015175881858331186,0.15572944781197834,-0.03134689386080891,0.033218320582183436,0.07147100241466564,0.07040258116045295,1.349769585856618,0.5275013659827679,18.46,18.6,0.007583965330444142,0.017103342050796444,-0.009519376720352302,18.46,18.43,18.46,19.25,0.0427952329360779,0.028061674715612828,0.01473355822046507,18.46,17.9,-0.030335861321776902,-0.024010460955926072,-0.006325400365850831,-0.0061473455,0.0,2
2024-03-19,18.46,18.99,18.14,18.43,7497952,0.006553795740032786,-0.04110301768990632,-0.044087136929460646,0.03830985915492957,-0.009139784946236684,0.09571938168846605,18.722,17.975,16.863833333333332,18.320858042510395,17.82365294127951,0.497205101230886,0.49246590580445054,0.004739195426435472,0.026978030452028543,0.00025714570951901637,57.04354969525106,17.975,0.8267724182499657,19.628544836499934,16.32145516350007,0.18398273563281584,0.6375832060783726,0.6715175068530661,0.036436109975749656,26.991689943237922,28.6026481357183,19.624655718872813,41.935483870967715,58.44449610185246,789173495.0,777297699.85,0.4551985616994142,0.3678575156713136,0.10179657064266696,8409000.5,-0.20463658227800569,0.8916579324736632,0.0461204557786217,0.02531293463143247,0.09287133214077459,1.0,3.0,0.01612903225806428,1.0,1246.54,1242.46,-0.0008845572388946898,-0.002040160642570288,0.01008080906622455,0.15531588355140635,0.007438352978927476,0.04035001979749986,0.0856385726222415,0.08478388249095703,1.3919606392441677,0.5328620396280624,18.6,19.16,0.03010752688172036,0.03088945883147476,-0.0007819319497543997,18.6,18.9,18.6,20.45,0.09946236559139776,0.034772751027102755,0.064689614564295,18.6,18.05,-0.029569892473118364,-0.02260027818200816,-0.006969614291110204,-0.005966438,0.0,2
2024-03-20,18.6,18.9,18.46,18.9,4753972,0.025501899077590817,0.03222282905516116,-0.01664932362122795,0.028851388132825173,0.03391684901531722,0.1317365269461077,18.827999999999996,18.085,16.910333333333334,18.4099568052011,17.903382353036584,0.5065744521645179,0.49528761507646407,0.011286837088053836,0.02680288106690571,0.0005971871475160761,61.092813480444754,18.085,0.7939077236582054,19.672815447316413,16.49718455268359,0.17559474120170443,0.7566419168479057,0.6571233992207042,0.03476843382120128,26.393426010225447,27.141382626103628,18.622062098730336,63.59447004608285,51.0857422147744,793927467.0,779455518.1,0.4584206070359093,0.19691574708785292,-0.06454542025853936,8471919.85,-0.8474227082460397,0.5611445910928915,0.023280423280423162,0.045064970970417395,0.1176598135262461,2.0,3.0,-0.0015797788309634964,0.0,1243.79,1260.08,0.014181543067784741,-0.008209301776452071,0.02442197001723523,0.1626368119551008,0.011320356009806076,0.037060689909277245,0.10731455692887248,0.10475620405433816,1.4079170767705418,0.5476850697758017,18.99,19.04,0.00263296471827279,0.010338908312072626,-0.0077059435937998355,18.99,18.96,18.99,19.86,0.04581358609794628,0.0011890138272070416,0.04462457227073924,18.99,17.2,-0.09426013691416535,-0.060592459605027016,-0.03366767730913833,-0.0035927803,0.0,2
2024-03-21,18.99,19.1,18.6,18.96,8500287,0.0031746031746033854,0.028757460661964274,0.035499726925177555,-0.016597510373444035,0.023758099352051865,0.10425160163075131,18.764,18.1745,16.952833333333334,18.494578835170163,17.981650326885724,0.512928508284439,0.49881579371805906,0.014112714566379969,0.027053191365213027,0.0007443414855685637,61.590577540115795,18.1745,0.7861864985652285,19.746872997130456,16.60212700286954,0.17303067453084905,0.7497816998363368,0.6459002992763682,0.034066471480821106,26.120815225236818,27.85238451803113,17.592377413449437,66.3594470046083,57.29646697388629,802427754.0,781516463.55,0.45137052168019043,0.3272039684864879,0.18899224530174902,8375047.05,0.02870506566870211,1.014953939870702,0.026371308016877634,0.043219896008143355,0.11839712142513048,3.0,3.0,-0.012658227848101333,0.0,1269.96,1276.42,0.012967430639324595,0.009618274721971742,0.04001434030522044,0.16720145018091911,-0.00979282746472121,-0.026215785095415778,0.06423726132553087,0.061765745755658186,1.3540858052440023,0.5391289012070294,18.96,18.87,-0.004746835443038,0.006726177471207073,-0.011473012914245073,18.96,18.72,18.96,19.66,0.03691983122362874,-0.01038577983083111,0.04730561105445985,18.96,17.17,-0.09440928270042193,-0.08326570741908301,-0.011143575281338913,-0.0035947808,0.0,2
2024-03-22,18.96,19.04,18.66,18.72,7425941,-0.012658227848101333,-0.00952380952380949,0.015735214324470892,-0.026014568158168605,0.037119113573407025,0.12703190848886203,18.663999999999998,18.28,16.990833333333335,18.52925901437475,18.03634289526456,0.4929161191101912,0.49763585879648553,-0.004719739686294355,0.026330989268706795,-0.0002521228464900831,58.37355203201323,18.28,0.702289488968561,19.68457897793712,16.87542102206288,0.1536738487896193,0.6566305657821455,0.6269074207566275,0.03348864427118737,25.867676639175947,26.64647552887222,16.830690167252587,55.29953917050683,61.75115207373267,795001813.0,783506608.3,0.43434454344600965,0.3851509397512923,0.47423942255918194,8445847.75,-0.23532776604427486,0.8792416368149663,0.020299145299145248,0.024070021881837933,0.10177056255824213,4.0,3.0,-0.01898734177215189,0.0,1281.56,1281.8,0.004214913586436886,0.014258810868980287,0.057590759075907494,0.1582741133267467,-0.01687314143453822,-0.04027337902714889,0.06944114941295454,0.06565975432087767,1.3451860248785183,0.5327678947137601,18.96,18.96,0.0,0.004089579781993313,-0.004089579781993313,18.96,18.6,18.96,19.28,0.016877637130801704,-0.018571227499491694,0.0354488646302934,18.96,17.34,-0.08544303797468356,-0.06931173076020825,-0.01613130721447531,-0.0031191492,0.0,2
2024-03-25,18.96,19.28,18.52,18.6,7723644,-0.0064102564102562765,-0.01898734177215189,-0.015873015873015706,0.01583833970507942,0.05621805792163559,0.12932604735883446,18.721999999999998,18.3865,17.029333333333334,18.540142242932482,18.07809527339311,0.4620469695393723,0.4905180809450629,-0.028471111405690586,0.02484123492147163,-0.00153070491428444,56.776698615774635,18.3865,0.5605662081183082,19.507632416236618,17.265367583763386,0.12195169458424561,0.595216228211771,0.6364140335597257,0.034215808255899226,25.983438345715207,27.067212255098045,15.395042947878204,49.76958525345627,57.14285714285714,787278169.0,785414883.15,0.43349200824148154,0.3784110849988033,0.49613036820108974,8527717.65,-0.18688891128845844,0.90571056840748,0.04086021505376352,0.011611780382345671,0.09223300970873782,0.0,3.0,0.028448738593666256,1.0,1278.86,1267.86,-0.010875331564986768,0.019540673550130228,0.03568948757117063,0.16301437849985623,0.004465075154730491,-0.003702333845050809,0.09363655978766383,0.09040987758527308,1.3044738595099379,0.5310682846271062,18.63,19.25,0.03327965646806241,0.010702314760045795,0.02257734170801662,18.63,19.16,18.63,19.28,0.034889962426194465,-0.013880673528136045,0.04877063595433051,18.63,17.05,-0.08480944712828764,-0.07141448795299499,-0.013394959175292653,-0.0045506503,0.0,2
2024-03-26,18.63,19.16,18.6,19.16,4069041,0.03010752688172036,0.023504273504273643,0.010548523206751037,0.0396093326098752,0.07943661971830984,0.13507109004739348,18.868000000000002,18.5005,17.072333333333336,18.635504974789026,18.15823636425288,0.47726861053614655,0.48786818686327965,-0.010599576327133098,0.024909635205435623,-0.0005532137957793892,62.00083438919378,18.5005,0.46107968257572635,19.42265936515145,17.578340634848548,0.09969021001069713,0.8575846133123032,0.6309558883054595,0.032930891873980135,26.090931358930234,25.351262677209704,14.419060744797466,75.57603686635942,60.215053763440835,791347210.0,787203541.65,0.4368165456267331,0.3578105100029289,0.38207712154241213,8408101.3,-0.9872395846821149,0.4839429087278004,0.02922755741127342,0.035647685197697454,0.12228361676786981,1.0,3.0,-0.02708226877874298,0.0,1267.95,1282.21,0.011318284353162067,0.03199298166540565,0.03616278505971904,0.1633624500484225,0.018789242528558292,0.007616350944469552,0.09890830498767444,0.09545633795559816,1.343321919824164,0.5369592501801981,19.57,20.45,0.044966785896780825,0.0005441796103673457,0.04442260628641348,19.57,19.04,19.57,19.45,-0.006131834440470163,-0.018284434908344638,0.012152600467874475,19.57,17.7,-0.09555442003065917,-0.06275945706422881,-0.03279496296643036,-0.0063549653,0.0,2
2024-03-27,19.57,19.57,18.96,19.04,5075569,-0.006263048016701522,0.023655913978494425,0.017094017094017033,0.007407407407407529,0.036472509526401575,0.05484764542936271,18.895999999999997,18.55,17.115166666666667,18.697734978667636,18.223552189123037,0.47418278954459936,0.4851311073995436,-0.010948317854944267,0.024904558274401228,-0.0005750166940621989,60.318452389559326,18.55,0.46330619635276493,19.47661239270553,17.62338760729447,0.09990430110032657,0.7644039750910805,0.6294590391407837,0.03305982348428486,26.769035966985733,28.24895829236143,13.420967086206733,70.04608294930867,65.13056835637478,786271641.0,787623611.8,0.3705051215223678,-0.007518772602981644,0.081882385476512,7547069.85,-0.8252159475397468,0.6725217999671754,0.03203781512605039,0.026415094339622636,0.11246360440544922,2.0,3.0,-0.012041884816753945,0.0,1286.34,1283.09,0.0006863150341986923,0.018260745349501617,0.02274919293770683,0.1571178912429966,-0.006949363050900215,-0.010853337942094088,0.03209845249165588,0.031384480880847665,1.3527988058090494,0.5407757368772098,19.1,19.86,0.03979057591623025,-0.016674013750647698,0.05646458966687795,19.1,18.87,19.1,18.63,-0.024607329842932013,-0.02665831419224618,0.0020509843493141666,19.1,17.52,-0.08272251308900536,-0.06810360161790519,-0.014618911471100171,-0.0042693997,0.0,2
2024-03-28,19.1,19.1,18.84,18.87,3871004,-0.008928571428571286,-0.015135699373695188,0.014516129032257963,-0.004746835443038,-0.02126556016597514,0.041965764770844904,18.878,18.588,17.153333333333332,18.724237289641845,18.27143721215096,0.4528000774908847,0.47866490141781187,-0.025864823926927183,0.02399576457291387,-0.0013706848927889338,57.9206527785358,18.588,0.4564346958534865,19.500869391706974,17.675130608293028,0.09822136773262032,0.654458021356532,0.603069107773585,0.031959147205807364,27.069467758309145,27.379035584695853,14.428971505113411,62.21198156682029,69.2780337941628,782400637.0,787531790.9,0.37287809534102284,0.07205512338156478,-0.0010406150142601475,7422279.2,-1.146682875670825,0.5215384514233848,0.013778484366719744,0.015171078114912806,0.10007773027594258,3.0,3.0,-0.007329842931937169,0.0,1293.03,1290.18,0.005525723059177645,0.010780150734084337,0.029894709953461662,0.15752444694446172,-0.014454294487748931,-0.015526986177122337,0.012071054817383242,0.011720668822474689,1.3435640832392537,0.5359707560737119,19.1,19.66,0.029319371727748678,-0.018913901137154854,0.04823327286490353,19.1,18.96,19.1,18.72,-0.01989528795811535,-0.02668832675794852,0.006793038799833173,19.1,17.43,-0.08743455497382202,-0.0643459426007581,-0.02308861237306392,-0.0050759986,0.0,2
2024-03-29,19.1,19.51,18.93,18.96,6653822,0.004769475357710551,-0.004201680672268782,-0.010438413361169019,0.012820512820512997,-0.013527575442247586,0.017713365539452575,18.926,18.604499999999998,17.195833333333333,18.76050847585079,18.322441863102743,0.4380666127480488,0.4705452436838593,-0.03247863093581049,0.0231047791533781,-0.0017130079607494985,58.8532130178504,18.604499999999998,0.4639359642744728,19.532371928548944,17.676628071451052,0.09974704276373414,0.6915673861132711,0.6057070286469004,0.031946573240870274,27.896597838919828,30.147632107369915,13.339979476373781,64.90384615384616,65.72063688999171,789054459.0,787400650.6,0.35985759734525036,0.16413930201226323,0.4265966234435199,7382959.8,-0.235073247432175,0.9012404483090914,0.030590717299578154,0.019108280254777288,0.10259268233583718,4.0,3.0,0.013691416535018597,1.0,1292.7,1284.09,-0.004720271590010761,0.0017865501638321124,0.02051212766633803,0.15862764253236306,0.009489746947721311,0.011033962656680885,-0.0027987621268854568,-0.0027425074636648894,1.34023405183274,0.539281824120044,18.99,19.28,0.015271195365982315,-0.021257515381676084,0.0365287107476584,18.99,19.25,18.99,19.22,0.012111637704054878,-0.004499481428916763,0.01661111913297164,18.99,17.32,-0.08794102159031059,-0.05147500331417609,-0.03646601827613449,-0.0041289115,0.0,2
2024-04-01,18.99,19.45,18.93,19.25,6563171,0.015295358649789037,0.02013778484366724,0.011029411764705843,0.034946236559139754,0.05133806663025675,0.0427952329360779,19.056,18.644,17.240333333333336,18.83581486418144,18.39114987324328,0.44466499093816125,0.4653691931347197,-0.02070420219655844,0.02309948004873565,-0.0010755429712497892,61.79158701487927,18.644,0.48417482705920295,19.612349654118404,17.675650345881593,0.10387788608865112,0.8129035041333854,0.5995850980292646,0.031147277819702057,28.66464719948689,28.280058686616222,12.513599778799287,77.5510204081632,68.22228270960989,795617630.0,788040806.55,0.3610732369009595,0.00286315098627776,0.35687165508843566,7267980.65,-0.22834571550769703,0.9030253816099524,0.027012987012986992,0.03250375455910759,0.11656773844279877,0.0,4.0,0.06068464730290457,1.0,1282.37,1281.52,-0.002001417346136125,0.010774060227469962,0.01594247706931129,0.15889310480267113,0.017296775995925162,0.024172176331669792,0.02685275586676661,0.026431374288265586,1.3215836158750351,0.5317264902312396,19.28,19.28,0.0,-0.02039361318729549,0.02039361318729549,19.28,20.45,19.28,17.9,-0.07157676348547726,-0.04682774722261407,-0.024749016262863188,19.28,17.46,-0.09439834024896265,-0.043364828656042964,-0.05103351159291969,-0.0067638103,0.0,2
2024-04-02,19.28,20.45,18.93,20.45,15207564,0.06233766233766236,0.07858649789029526,0.08373078961314251,0.06732776617954062,0.10960390667390119,0.09946236559139776,19.314,18.7365,17.307666666666666,19.08415103892276,18.543657290040073,0.5404937488826853,0.48039410428431284,0.06009964459837247,0.026430012170302462,0.002938857926570781,71.01533390635656,18.7365,0.6300649507036338,19.996629901407267,17.47637009859273,0.13451070385688554,1.1798902232565167,0.6653290195986029,0.032534426386239754,30.42628155581933,34.40101636500566,10.471573406080697,100.0,80.81828885400311,810825194.0,789174786.25,0.4192382221059333,0.34011800875063014,0.2654385339417502,7761804.4,2.115253116212555,1.9592820452934887,0.07432762836185818,0.09145251247564912,0.18155730601082376,1.0,4.0,-0.028850855745721216,0.0,1276.38,1287.04,0.004307384980335893,0.003766933653613691,0.013433282413896297,0.15789906366094333,0.058030277357326465,0.06356083252592692,0.08602908317750146,0.08488874864321483,1.3548427401940981,0.5072266214448083,20.45,19.45,-0.0488997555012225,-0.017490080136932984,-0.03140967536428951,20.45,19.86,20.45,18.05,-0.11735941320293397,-0.05416634248813501,-0.06319307071479896,20.45,17.93,-0.12322738386308063,-0.034015404963821716,-0.08921197889925891,-0.008623143,0.0,2
2024-04-03,20.45,20.45,19.86,19.86,5741844,-0.028850855745721216,0.031688311688311765,0.04746835443037978,0.04306722689075637,0.050793650793650835,0.08643326039387289,19.478,18.8155,17.363333333333333,19.203512417550026,18.64116415744451,0.5623482601055159,0.49678493544855346,0.06556332465696241,0.028315622361808453,0.0033012751589608464,62.96682182987836,18.8155,0.667741480073263,20.150982960146525,17.480017039853475,0.14195561745864047,0.8910570299921312,0.6599483753415598,0.03323002896986706,32.06208488669945,32.20424284088084,9.802881674117568,75.72016460905351,84.42372833907224,805083350.0,790387496.45,0.4293651465231234,0.3056422001846082,0.09332864176201086,7683073.9,-0.5471311695252462,0.7473368178848312,0.029707955689828796,0.05551274215407509,0.14378959493184862,2.0,4.0,-0.014536340852130292,0.0,1285.3,1271.47,-0.01209752610641468,-0.009056262616028432,0.006921511328629171,0.16289546380702027,-0.016753329639306536,0.052123489506784804,0.07951174906524372,0.0789651906039115,1.4310713730773308,0.5335736600753981,19.95,18.63,-0.06616541353383465,-0.010464906004544416,-0.05570050752929023,19.95,19.66,19.95,17.2,-0.1378446115288221,-0.06200319215014105,-0.07584141937868105,19.95,17.9,-0.10275689223057649,-0.01827230770440358,-0.08448458452617291,-0.0040578446,0.0,2
2024-04-04,19.95,20.19,19.66,19.66,7516205,-0.010070493454179208,-0.03863080684596576,0.021298701298701372,0.041865394806571254,0.03691983122362874,0.06155507559395246,19.636000000000003,18.872500000000002,17.4165,19.273741276388485,18.716633479115288,0.557107797273197,0.5088495078134821,0.04825828945971489,0.028337120919287744,0.002454643410972273,60.46514485340377,18.872500000000002,0.6894916128644563,20.251483225728915,17.49351677427109,0.1461367837572036,0.7855364682132865,0.6506663485314484,0.03309594855195567,33.00522127047038,30.330531952673716,11.428080731990125,67.4897119341564,81.06995884773664,797567145.0,790914680.8,0.4310736629358887,0.43359504351651434,0.11781622341275243,7749168.55,-0.06597488435949903,0.969936961817665,0.026958290946083475,0.041727381110080675,0.12881462980506986,3.0,4.0,-0.019328585961342792,0.0,1271.87,1268.25,-0.002532501749943017,-0.016997628237920392,-0.00016555508254101348,0.1624432395811126,-0.007537991704236191,0.05886302304449165,0.06172063067649347,0.061730850532548676,1.4532536633196005,0.5405432494119721,19.66,18.72,-0.047812817904374416,-0.0003019275691651391,-0.04751089033520928,19.66,19.28,19.66,17.17,-0.12665310274669372,-0.0665273562268589,-0.06012574651983482,19.66,18.52,-0.05798575788402849,-0.0064517154253205256,-0.05153404245870796,-0.005096481,0.0,2
2024-04-05,19.66,20.1,19.22,19.28,11498738,-0.019328585961342792,-0.02920443101711978,-0.05721271393643024,0.016877637130801704,0.02991452991453003,0.0681440443213297,19.7,18.934,17.466333333333335,19.274704156944104,18.758364332514155,0.5163398244299486,0.5103475711367754,0.005992253293173211,0.02678111122561974,0.00031080151935545695,55.91925295972996,18.934,0.666747012702171,20.267494025404343,17.60050597459566,0.1408570851805579,0.6297343645372112,0.6670473236363452,0.03459789023010089,32.73163284551936,27.472428018624022,15.062786327518852,49.350649350649405,64.18684196461977,786068407.0,791216195.4,0.4262365421893479,0.44732832862210165,0.20290459874903646,7974838.3,0.9727155612420347,1.4418772603828218,0.045643153526971084,0.018274004436463542,0.10383785950113555,4.0,4.0,-0.0031023784901756946,0.0,1258.58,1255.11,-0.010360733293908964,-0.022568511552928494,0.006221188920511489,0.1552580297151735,-0.008967852667433829,0.0394461486837302,0.06192285540081821,0.06154000341341437,1.4785253976847248,0.5572200965941837,19.34,19.22,-0.006204756980351611,0.016911348845360274,-0.023116105825711886,19.34,19.28,19.34,17.34,-0.10341261633919341,-0.051897050272031287,-0.05151556606716212,19.34,18.57,-0.039813857290589394,-0.005360969275990168,-0.034452888014599226,-0.0038397629,0.0,2
2024-04-08,19.34,19.63,19.1,19.28,5209209,0.0,-0.019328585961342792,-0.02920443101711978,0.0015584415584415368,0.03655913978494629,0.09483248154457713,19.706,19.017500000000002,17.520500000000002,19.275518902029628,18.79700401158718,0.47851489044244744,0.5039810349979098,-0.025466144555462367,0.02481923705614354,-0.0013208581200965957,55.91925295972996,19.017500000000002,0.5926645896199393,20.20282917923988,17.832170820760123,0.12465667719099557,0.6107287345142105,0.6572582290908918,0.034090157110523434,32.186863852432765,25.890055084971802,15.499310041664186,41.20603015075382,52.68213047851987,786068407.0,791942394.05,0.4135796480218684,0.40617396483894297,0.47393916024449767,7810614.7,-0.7084254776586314,0.6669396968205332,0.027489626556016472,0.013803076114105473,0.1004252161753374,0.0,4.0,0.0056876938986556436,1.0,1255.37,1250.35,-0.00379249627522682,-0.02432267931830956,0.01202761657318141,0.15172739054221804,0.00379249627522682,0.025881120876751096,0.08280486497139572,0.08182075628704744,1.4947171765360123,0.5683591804814894,19.34,17.9,-0.07445708376421933,-0.02857713190673916,-0.04587995185748017,19.34,19.45,19.34,17.05,-0.11840744570837636,-0.05988502076014057,-0.058522424948235785,19.34,18.84,-0.02585315408479838,-0.006148195464707795,-0.019704958620090585,-0.0033676578,0.0,2
2024-04-09,19.34,19.57,19.16,19.45,4378068,0.008817427385892085,0.008817427385892085,-0.010681586978636859,-0.0488997555012225,0.015135699373695077,0.09577464788732382,19.506,19.1025,17.5835,19.302362147871225,18.845374084802945,0.4569880630682803,0.4945824406119839,-0.037594377543703594,0.023495530234873024,-0.0019328728814243495,57.57418033143988,19.1025,0.5185899404304752,20.13967988086095,18.06532011913905,0.10859100964386342,0.6675215680579654,0.639596927012971,0.032884160771875115,31.681006930280933,24.704607306789296,14.789631263772442,48.18652849740932,46.24773599960418,790446475.0,792598161.0,0.41367706788296177,0.40044679865786953,0.4668684023693041,7740183.0,-0.9023221072453589,0.5656284870784063,0.02107969151670952,0.018191336212537657,0.1061506526004492,1.0,4.0,-0.04363449691991794,0.0,1252.4,1262.82,0.00997320750189945,-0.01881837394331176,0.014313253012048222,0.1533376633324862,-0.0011557801160073655,-0.030081381557910736,0.0814613948752756,0.08031187074936885,1.461365184564408,0.5678929589297487,19.48,18.05,-0.0734086242299794,-0.040111174278314676,-0.033297449951664726,19.48,18.63,19.48,17.7,-0.09137577002053399,-0.048062346029941305,-0.04331342399059268,19.48,18.81,-0.0343942505133471,-0.02076621817952118,-0.013628032333825923,-0.0023146323,0.0,2
2024-04-10,19.48,19.51,18.63,18.63,10034303,-0.04215938303341904,-0.033713692946058194,-0.033713692946058194,-0.0619335347432024,-0.021533613445378186,0.014153511159499033,19.26,19.1155,17.63083333333333,19.198921817429497,18.829420448891614,0.3695013685378825,0.46956622619716365,-0.10006485765928114,0.01983367517648323,-0.005371167882945848,48.178415825159796,19.1155,0.5022630365601582,20.120026073120318,18.110973926879684,0.10510068511106872,0.25834375384010017,0.6567685750834733,0.03525327831902702,29.9694636526579,22.34021124762171,19.13831728334925,5.6994818652849455,31.697346837816028,780412172.0,792383772.3,0.42965741929892143,0.44820044481588495,0.6020049826123612,7873457.65,0.5747531169682936,1.2744468118146288,0.04723564143854013,-0.02539823703277455,0.05667155078697372,2.0,4.0,0.010799136069114423,1.0,1266.48,1258.56,-0.003373402385138058,-0.010153601736572648,-0.009405671738120902,0.1348899892769325,-0.03878598064828098,-0.05177993300662975,0.023559182897619935,0.023782876830071853,1.509392139106413,0.5653735293580179,18.52,17.2,-0.07127429805615548,-0.04550036803533153,-0.025773930020823954,18.52,18.72,18.52,17.52,-0.05399568034557234,-0.03593144941914428,-0.01806423092642806,18.52,18.69,0.009179265658747493,-0.005280506928665218,0.014459772587412711,-0.003818978,0.0,2
2024-04-11,18.52,18.9,18.4,18.72,5665387,0.004830917874396157,-0.03753213367609254,-0.02904564315352709,-0.047812817904374416,-0.007949125596184548,-0.02904564315352709,19.072000000000003,19.0875,17.679166666666667,19.12524153782496,18.8213152304552,0.30392630736976045,0.43643824243168305,-0.1325119350619226,0.01623537966718806,-0.007078629009718088,49.159103904814415,19.0875,0.5081843324910449,20.103868664982087,18.07113133501791,0.10649573437926275,0.3192093023615225,0.6455708197203681,0.034485620711558126,27.910941806554366,21.10430549872082,20.624359994704303,15.609756097560984,23.16525548675175,786077559.0,791634542.55,0.3902381419043844,0.45360906106356763,1.5884562012061532,7338616.6,-0.5214207148808042,0.7719965912921517,0.02670940170940171,-0.019253438113948862,0.058873438604760686,3.0,4.0,0.021796916533758592,1.0,1249.88,1258.2,-0.00028604118993125205,-0.007924305144884625,-0.0047933178301931,0.1338470855294543,0.005116959064327409,-0.03988851275948979,-0.02425232532333399,-0.02436913432942156,1.507529376472604,0.5648114119731541,18.81,17.17,-0.08718766613503437,-0.06976467979983536,-0.01742298633519901,18.81,19.22,18.81,17.43,-0.07336523125996808,-0.04231329574966747,-0.03105193551030061,18.81,18.69,-0.006379585326953596,-0.006785646417938773,0.00040606109098517695,-0.0025503738,0.0,2
2024-04-12,18.81,19.22,18.66,19.22,3335193,0.026709401709401615,0.03166935050993014,-0.011825192802056628,-0.003112033195020847,0.01371308016877637,0.0,19.060000000000002,19.0875,17.736833333333333,19.139819762774966,18.850847435606664,0.28897232716830246,0.40694505937900693,-0.11797273221070448,0.015034980601888787,-0.006138019365801482,54.32997422509566,19.0875,0.5081843324910449,20.103868664982087,18.07113133501791,0.10649573437926275,0.5651830406451656,0.6394586183117703,0.03327047962079971,26.590613247247084,23.358621922778504,19.334246176289938,40.0,20.436412654281977,789412752.0,791306863.95,0.4024529580736019,0.29519886267199885,0.9853171329318016,7250584.75,-1.1876710160970076,0.45998952015559846,0.02913631633714874,0.006941715782580182,0.08362071395683168,4.0,4.0,-0.08110882956878862,0.0,1262.96,1276.6,0.014624066126212032,0.01712200524256846,0.010144170662615304,0.14381414953411048,0.012085335583189583,-0.020234038437589308,-0.010144170662615304,-0.010042299859000403,1.5301519814112214,0.5760621026392408,19.48,17.34,-0.10985626283367556,-0.06577604747178223,-0.04408021536189333,19.48,17.9,19.48,17.32,-0.11088295687885008,-0.0452583161959782,-0.06562464068287188,19.48,19.1,-0.019507186858316206,-0.0041129652595720545,-0.015394221598744151,-0.00047509684,0.0,2
2024-04-15,19.48,19.6,17.9,17.9,13393875,-0.06867845993756505,-0.04380341880341887,-0.03918411164787983,-0.07157676348547726,-0.07012987012987015,-0.022392135445111983,18.784,19.067,17.768500000000003,18.949078260809586,18.780414292228393,0.1686639685811926,0.3592888412194441,-0.1906248726382515,0.009422568077161598,-0.010649434225600643,42.14368313218617,19.067,0.547915667732968,20.162831335465935,17.971168664534066,0.11494533334724231,-0.03247245366633312,0.715211574146644,0.03995595386294101,25.396536909194516,19.392796713633405,23.641840805770233,0.0,18.536585365853664,776018877.0,791024030.65,0.44120915597153476,-0.2473830648620713,1.6511554338805723,7205739.45,1.933437276653236,1.8587786989716926,0.09497206703910631,-0.06120522368490067,0.007400737259757095,0.0,4.0,0.0050111358574609355,1.0,1274.02,1216.61,-0.046992010026633224,-0.02698444435558045,-0.021671652352922344,0.21537339421431037,-0.021686449910931827,-0.04459231912989681,-0.0007204830921896388,-0.0007364430295027091,1.5159368233071908,0.6640655521057149,17.96,17.05,-0.05066815144766146,-0.03384100308540672,-0.01682714836225474,17.96,18.05,17.96,17.46,-0.027839643652561197,0.0019612026521367287,-0.029800846304697926,17.96,19.1,0.06347438752783963,0.044697367557276824,0.018777019970562803,-0.012653344,0.0,2
2024-04-16,17.96,18.11,17.32,18.05,9198838,0.008379888268156499,-0.060874089490114414,-0.03579059829059816,-0.0719794344473007,-0.11735941320293397,-0.020618556701030855,18.503999999999998,19.048,17.800833333333333,18.81075852837734,18.726309529841103,0.08444899853623866,0.304320872682803,-0.21987187414656434,0.004678614877353942,-0.012181267265737636,43.68938014659483,19.048,0.576984903569638,20.201969807139275,17.894030192860722,0.12116440646149479,0.067579674170996,0.7205536045647408,0.03991986728890531,25.10277115048897,17.874092473417917,27.539929473222656,23.322683706070308,21.10756123535677,785217715.0,790826241.65,0.4416581627869516,-0.2565570008756977,1.6346490849182618,7290783.75,0.5905073163462475,1.2617077004924195,0.04376731301939053,-0.05239395212095743,0.01399747202846302,1.0,4.0,-0.052863436123348095,0.0,1218.64,1215.68,-0.0007644191647281362,-0.03732915221488409,-0.021554013811309836,0.21537471392532598,0.009144307432884635,-0.03465028223241662,0.000935457110278981,0.0009560641297357009,1.5201595826272474,0.6633095252103646,18.16,17.7,-0.025330396475770955,-0.01298435491661698,-0.012346041559153975,18.16,17.2,18.16,17.93,-0.012665198237885478,0.016463769065142797,-0.029128967303028275,18.16,18.96,0.04405286343612347,0.04593645361736254,-0.0018835901812390698,0.0012485847,0.0,2
2024-04-17,18.16,18.16,17.2,17.2,4593222,-0.04709141274238238,-0.03910614525139666,-0.10509885535900099,-0.07675791733762749,-0.13393756294058412,-0.08994708994708989,18.217999999999996,18.963,17.818500000000004,18.562949524011596,18.613249564667687,-0.05030004065609006,0.2333966900150244,-0.28369673067111445,-0.0029244209683773293,-0.01649399596925084,37.564912840759185,18.963,0.7098561752028245,20.38271235040565,17.54328764959435,0.14973499450568473,-0.12090042377114817,0.7376569185244023,0.04288703014676758,24.98424264559467,16.21254491039653,26.141841251322127,0.0,7.774227902023436,780624493.0,790161092.95,0.45941431599830723,-0.09216252477638429,1.122804409901855,7282746.25,-0.8306007714102799,0.6306991679134777,0.05581395348837215,-0.09297052154195018,-0.03471111485254119,2.0,4.0,0.007038123167155463,1.0,1221.47,1193.01,-0.018647999473545673,-0.05208333333333326,-0.053226779252110945,0.21620731028155238,-0.028443413268836704,-0.02467458400429423,-0.03672031069497894,-0.03878469509939486,1.5779853163332567,0.6841837061719175,17.05,17.52,0.027565982404692102,0.020408681734653378,0.007157300670038724,17.05,17.17,17.05,17.9,0.04985337243401755,0.057381422171788765,-0.007528049737771214,17.05,19.28,0.13079178885630505,0.08152463861390347,0.04926715024240158,-0.0011431101,0.005,3
2024-04-19,17.05,17.75,16.88,17.17,7170231,-0.0017441860465114978,-0.04875346260387803,-0.04078212290502781,-0.08279914529914512,-0.12665310274669372,-0.09440928270042193,17.908,18.8735,17.8375,18.34864959724058,18.506342189507116,-0.15769259226653531,0.15517883355871245,-0.31287142582524774,-0.00918419291010689,-0.018221981702111107,37.36582076431244,18.8735,0.815270539533645,20.50404107906729,17.24295892093271,0.17278629603065554,-0.02237261050008132,0.7471099957726594,0.04351252159421429,25.273548151013724,14.864023450384499,27.02683219391864,8.123249299719962,10.481977668596757,773454262.0,788712418.35,0.45868397258252586,-0.06520268038327245,1.148909830400043,7216243.45,-0.014265840652284863,0.9936237669476076,0.05066977285963896,-0.0902588285161734,-0.03742116327960743,4.0,4.0,0.0011547344110853786,1.0,1180.87,1174.85,-0.015222001492024462,-0.06624542997933569,-0.07957412137070885,0.2123357564096515,0.013477815445512964,-0.016553715319809426,-0.014835161329713076,-0.016117714282225304,1.5418903020234365,0.6798867377007302,17.32,17.43,0.006351039260970026,0.021752536387980692,-0.015401497127010666,17.32,17.34,17.32,18.52,0.06928406466512693,0.0563369573481336,0.012947107316993334,17.32,19.04,0.09930715935334877,0.07023323787560098,0.02907392147774779,-0.0011431101,0.005,3
2024-04-22,17.32,17.43,17.08,17.34,3090660,0.009900990099009688,0.008139534883720989,-0.03933518005540171,-0.0978147762747138,-0.10062240663900424,-0.07371794871794868,17.532,18.804499999999997,17.859333333333332,18.193472736126644,18.419946471765847,-0.22647373563920326,0.07884831971912931,-0.30532205535833257,-0.013060769068004801,-0.017607961670030713,39.32814695386325,18.804499999999997,0.8844116390959164,20.57332327819183,17.035676721808166,0.18812765861276098,0.0860242178921703,0.7187449960746124,0.04145011511387615,25.542188977474275,14.347010339630215,26.086761920681113,12.885154061624673,7.002801120448211,776544922.0,787789573.8,0.4603795920371917,-0.18568917757441789,1.1074556174509047,6999479.4,-1.1655414534112842,0.4415556962707826,0.020184544405997776,-0.07788029461033252,-0.029079099630445304,0.0,4.0,-0.02011494252873547,0.0,1183.77,1190.22,0.013082521172915751,-0.06766410778630727,-0.07144640349508502,0.21913825057205327,-0.003181531073906063,-0.03015066848840653,-0.002271545222863658,-0.0024463264494518633,1.5471880640469704,0.6844299704070707,17.4,17.32,-0.0045977011494251485,0.021670474398602257,-0.026268175548027406,17.4,17.05,17.4,18.57,0.06724137931034502,0.04878376562290021,0.018457613687444807,17.4,19.34,0.1114942528735634,0.07598945034269589,0.03550480253086752,-0.0011431101,0.005,3
2024-04-23,17.4,17.4,16.73,17.05,5209536,-0.016724336793540906,-0.006988934187536433,-0.008720930232558044,-0.04748603351955294,-0.11566390041493779,-0.08333333333333337,17.362000000000002,18.727,17.877333333333336,18.017553853645623,18.318468955338748,-0.30091510169312485,0.002895635436678481,-0.30381073712980333,-0.017648979571444273,-0.017818811561865298,37.187753972123865,18.727,0.9673028154833482,20.661605630966697,16.792394369033303,0.206611377259219,0.06657833173936728,0.7152632106407114,0.041950921445203015,26.221421978202,13.387074314426926,27.836554290067152,8.602150537634419,9.870184632993018,771335386.0,786992434.65,0.4627182705292113,-0.12940607470692456,1.0034619827268496,6873774.0,-0.4935249147213584,0.7578858426244447,0.03929618768328435,-0.08954984781331765,-0.04627834128878294,1.0,4.0,0.034482758620689724,1.0,1190.56,1177.4,-0.010771117944581632,-0.032228898332250955,-0.07134857160885255,0.21909271622035809,-0.005953218848959274,-0.015257135187301984,-0.011984761724480819,-0.012905554611856829,1.550483003764182,0.6887245399166241,17.11,17.46,0.020455873758036258,0.02912842296897522,-0.008672549210938962,17.11,17.7,17.11,18.84,0.10111046171829341,0.049078358491997376,0.052032103226296034,17.11,18.57,0.08533021624780845,0.06360042816084688,0.021729788086961577,-0.0011431101,0.005,3
2024-04-24,17.11,17.73,17.08,17.7,4397902,0.038123167155425186,0.02076124567474036,0.030867792661618987,-0.01939058171745156,-0.08997429305912596,-0.0762004175365345,17.292,18.654,17.899833333333333,17.96869941462322,18.27265644012847,-0.30395702550524817,-0.05847489675170685,-0.2454821287535413,-0.017172713305381254,-0.013869046822233973,44.481161012617925,18.654,0.9877800735407253,20.62956014708145,16.67843985291855,0.21181088743234147,0.258549492555473,0.7127444098806606,0.040268045755969525,26.087487039753547,15.78192092372559,25.939575247325763,28.034682080924817,16.50732889339464,775733288.0,786211738.55,0.47133423499578986,-0.0893651550104331,0.8507600174775095,6890217.05,-0.7420864045990909,0.6382820697934327,0.03672316384180803,-0.05114184625281448,-0.011163977318224605,2.0,4.0,-0.0034129692832763903,0.0,1186.47,1205.61,0.023959571938168667,-0.008283429849960666,-0.059740604113210916,0.2345599513795524,0.01416359521725652,-0.011107151867490894,-0.016459813423323588,-0.017505609085458618,1.568715151177631,0.7149537764635234,17.58,17.93,0.019908987485779406,0.029289119170984312,-0.009380131685204907,17.58,17.52,17.58,18.81,0.06996587030716728,0.028128497409326547,0.04183737289784073,17.58,18.72,0.06484641638225264,0.05092642487046639,0.013919991511786245,-0.0011431101,0.005,3
2024-04-25,17.58,17.73,17.32,17.52,2603042,-0.01016949152542368,0.027565982404692102,0.01038062283737018,0.018604651162790642,-0.0595813204508856,-0.07983193277310918,17.356,18.578,17.921333333333333,17.899668735450415,18.216904111230065,-0.31723537577964933,-0.11022699255729536,-0.207008383222354,-0.01810704199655533,-0.011815546987577282,42.99241105501828,18.578,1.0146277512881872,20.607255502576372,16.548744497423627,0.21845790747942434,0.23931326078536008,0.6911198091748991,0.03944747769263123,25.963118882622844,15.113173159710913,24.84040404820633,23.442136498516287,20.026323039025176,773130246.0,785554668.8,0.4718379596867529,-0.06777963876783434,0.8296612677032125,6766590.7,-1.19903651632953,0.384690328617039,0.023401826484018274,-0.056949079556464666,-0.02239416710066211,3.0,4.0,0.00809716599190291,1.0,1206.25,1204.97,-0.0005308516020934295,0.010025062656641603,-0.06088427156317944,0.2343479918688053,-0.00963863992333025,0.008579588506149038,-0.018947661209929745,-0.02017606631023905,1.5688541832983576,0.7135887683213776,17.29,17.9,0.03528050896471946,0.04067242859405096,-0.005391919629331499,17.29,17.43,17.29,18.69,0.08097165991902844,0.036213463574006344,0.044758196345022094,17.29,18.81,0.08791208791208782,0.06825967011993384,0.019652417792153987,-0.0011431101,0.005,3
2024-04-26,17.29,17.67,17.29,17.43,3121220,-0.005136986301369828,-0.015254237288135575,0.02228739002932545,0.015142690739662124,-0.06891025641025639,-0.07631160572337048,17.407999999999998,18.506,17.942833333333336,17.82741200691958,18.158614917805615,-0.3312029108860344,-0.15442217622304316,-0.1767807346629912,-0.01900188817475814,-0.010142325568731568,42.231322799348554,18.506,1.0434981653326214,20.592996330665244,16.419003669334757,0.22554807421001227,0.2422132506440444,0.6688969656624065,0.038376188506162166,25.892421618735078,14.4999027741246,24.152773743724225,24.137931034482747,25.204916537974622,770009026.0,784935088.25,0.4714756097538094,-0.08890580798314159,0.8455085230388312,6729101.5,-1.0281290678672537,0.46383904299853407,0.0218014916810099,-0.058143304874094914,-0.02858151351050109,4.0,4.0,-0.006310958118187049,0.0,1199.83,1209.52,0.0037760276189449105,0.029510150231944587,-0.06251840828411548,0.23358170234272915,-0.008913013920314738,-0.014367459492282464,-0.013793197439255,-0.014713032833006512,1.5627599289042822,0.7109971743717357,17.43,18.52,0.06253585771658066,0.03162202074034948,0.03091383697623118,17.43,17.32,17.43,18.69,0.07228915662650603,0.03486424723420756,0.03742490939229848,17.43,18.55,0.06425702811244993,0.04992038807718635,0.014336640035263581,-0.0011431101,0.005,3
2024-05-02,17.43,17.52,17.02,17.32,2763419,-0.006310958118187049,-0.011415525114155223,-0.021468926553672274,-0.0011534025374855261,-0.09885535900104048,-0.0864978902953587,17.404,18.424,17.9615,17.749348621239644,18.096495294264457,-0.34714667302481317,-0.19296707558339718,-0.154179597441416,-0.02004311045177905,-0.008901824332645265,41.269689963443675,18.424,1.0700437767729154,20.564087553545832,16.283912446454167,0.2323151925256006,0.24206662756137662,0.6568328966865203,0.03792337740684298,26.22525951853945,13.711492703440213,25.775671092004128,20.557491289198595,22.712519607399212,767245607.0,783844645.65,0.4705252704060115,-0.02846901923979973,0.8750927465652086,6534581.35,-1.0418578768566888,0.4228915139299628,0.028868360277136258,-0.059921841076856275,-0.035715279904239616,3.0,5.0,0.0034482758620690834,1.0,1212.13,1216.36,0.0056551359216878705,0.021962326292618073,-0.05274552406762767,0.2355333278221751,-0.01196609403987492,-0.0231157288301036,-0.033752366227731034,-0.03563178331198591,1.5542326413219094,0.7070451432863133,17.4,18.57,0.06724137931034502,0.021348994715919334,0.045892384594425684,17.4,17.46,17.4,19.1,0.09770114942528751,0.03782289332046407,0.059878256104823446,17.4,18.75,0.07758620689655182,0.03581068922080255,0.041775517675749274,-0.0011431101,0.005,3
2024-05-03,17.4,17.7,17.34,17.46,3731374,0.008083140877598094,0.001721170395869276,-0.003424657534246478,0.02404692082111448,-0.024581005586592042,-0.09298701298701295,17.486,18.3345,17.983,17.704833448741237,18.04934749468931,-0.344514045948074,-0.22327646965633255,-0.12123757629174145,-0.019731617751894272,-0.006943732891852316,43.04719068110573,18.3345,1.0721767087270473,20.478853417454093,16.190146582545903,0.2339145782491036,0.29609238083565154,0.6370591183517689,0.03648677653790199,26.061730338494083,15.145496505807955,24.677460049955716,25.435540069686418,23.37698746445592,770976981.0,782612613.2,0.4672687426482635,-0.0008029235295214818,0.9866749330545121,6392991.5,-0.7245532909225194,0.5836663477497194,0.020618556701030893,-0.047696964738607406,-0.029083022854918483,4.0,5.0,0.012994350282485856,1.0,1222.54,1221.03,0.0038393238843763555,0.037056225581790336,-0.04720176040951374,0.23663999402161315,0.0042438169932217384,-0.013009304760675855,-0.045785252577499214,-0.04805346050720849,1.5547294511555978,0.7074143066046755,17.7,18.84,0.06440677966101704,0.01451637881146639,0.04989040084955065,17.7,17.93,17.7,19.1,0.07909604519774027,0.03767248897619169,0.041423556221548585,17.7,18.55,0.048022598870056665,0.028388853116416257,0.019633745753640408,-0.0011431101,0.005,3
2024-05-06,17.7,18.02,17.52,17.93,4151062,0.02691867124856806,0.035219399538106266,0.028686173264486525,0.012994350282485856,-0.006648199445983383,-0.12322738386308063,17.532,18.2085,18.00883333333333,17.7394744566272,18.04050693952714,-0.30103248289994156,-0.23882767230505436,-0.062204810594887194,-0.016789318622417265,-0.0034693145897873507,48.664400367929964,18.2085,0.9517976067475963,20.112095213495195,16.304904786504807,0.20908863591127155,0.4268489440334726,0.6315548956123568,0.035223362833929545,25.12691217638306,17.805430641625463,23.11449472602907,41.81184668989543,29.268292682926813,775128043.0,780827755.65,0.4139970925493026,-0.655014342262816,0.5911326394593401,5840166.4,-0.5524598055285183,0.7107780353655676,0.027886224205242612,-0.015295054507510342,-0.00437748142115435,0.0,5.0,-0.008310249307479367,0.0,1226.89,1241.58,0.016830053315643356,0.029835518948913897,-0.03532135753356547,0.2452993723709591,0.010088617932924704,-0.01684116866642804,-0.08790602632951516,-0.0911246735024237,1.5529480744860586,0.7133174508727679,18.05,18.81,0.042105263157894646,-0.00427137695704527,0.046376640114939915,18.05,17.9,18.05,18.96,0.05041551246537401,0.025756724207145698,0.024658788258228315,18.05,18.93,0.04875346260387814,0.027699718988358102,0.021053743615520037,-0.0011431101,0.005,3
2024-05-07,18.05,18.05,17.81,17.9,2861967,-0.001673173452314658,0.025200458190148822,0.033487297921477976,0.02168949771689488,0.0406976744186045,-0.09869083585095673,17.607999999999997,18.1105,18.038166666666665,17.76417069406917,18.030099018080687,-0.26592832401151867,-0.24424780264634724,-0.02168052136517143,-0.014856330950364172,-0.0012112023109034319,48.33668978211253,18.1105,0.8702115592743329,19.850923118548664,16.370076881451332,0.19220044930274327,0.4395261997624075,0.6035866887829029,0.03371992674764821,24.187446282005638,17.654747663917465,22.458004965102337,40.766550522648004,36.00464576074328,772266076.0,779186891.95,0.4054489161936972,-0.8338617857754465,1.1021053319449072,5696172.55,-0.905707884168851,0.5024368512151199,0.013407821229050392,-0.011623091576709599,-0.0076596845577433514,1.0,5.0,0.03463687150838002,1.0,1245.5,1248.63,0.005678248683129716,0.036233267218271026,-0.017963459617607924,0.24339619953411398,-0.007351422135444374,-0.014543769501376147,-0.0807273762333488,-0.08220404528116099,1.5562533855524336,0.7091457327335555,17.9,18.69,0.04413407821229076,-0.000265356502440417,0.04439943471473118,17.9,18.52,17.9,19.28,0.0770949720670393,0.026961828869179305,0.05013314319786,17.9,18.9,0.05586592178770955,0.03209205458302855,0.023773867204681,-0.0011431101,0.005,3
2024-05-08,17.9,18.99,17.7,18.52,9620614,0.03463687150838002,0.03290574456218631,0.060710194730813294,0.06253585771658066,0.07862550960978432,-0.05798575788402849,17.826,18.0535,18.077833333333334,17.880452125750836,18.06638797970434,-0.18593585395350587,-0.23258541290777898,0.04664955895427311,-0.010039732934854528,0.0025188746735568634,55.07056641378852,18.0535,0.7976892614888756,19.64887852297775,16.45812147702225,0.17673897282828815,0.6462035477101963,0.6526162110126955,0.0352384563181801,23.4437935400757,25.450335233680104,19.28716012813162,62.36933797909403,48.31591173054582,781886690.0,778402869.2,0.42825361870488265,-0.800457532158048,0.7928346066234124,5801393.0,1.1833272513305262,1.6583282670213861,0.06965442764578829,0.02583986484615175,0.024459052061917452,2.0,5.0,0.0010781671159030282,1.0,1243.61,1250.46,0.001465606304509759,0.03384813810437204,-0.014027202838557074,0.2434309183280163,0.03317126520387026,0.028687719612208618,-0.043958555045471415,-0.04458394305808988,1.5676307178852795,0.7024964308147971,18.55,18.69,0.007547169811320753,0.0012611649013019033,0.00628600491001885,18.55,18.57,18.55,19.04,0.026415094339622636,0.011254699435668813,0.015160394903953822,18.55,18.57,0.0010781671159030282,0.025175405688013353,-0.024097238572110324,-0.0011431101,0.005,3
2024-05-09,18.55,18.63,18.22,18.57,3500146,0.0026997840172786614,0.03743016759776552,0.03569436698271056,0.0721709006928406,0.07093425605536341,-0.03682572614107893,18.076,18.018,18.11583333333333,17.98653641409686,18.103692573800316,-0.11715615970345539,-0.20949956226691427,0.09234340256345888,-0.0063088938989475166,0.00497271957799994,55.57347410529859,18.018,0.754883051242087,19.527766102484176,16.508233897515826,0.16758420495994836,0.6828097740079528,0.6352864816546459,0.03421036519411125,22.753258851140757,24.277114540886615,18.398052178873634,81.41592920353989,61.5172725684273,785386836.0,778368790.65,0.42397909458405053,-0.9477028718649958,1.1383772098896252,5401463.4,-0.6402472923478283,0.6479995772997369,0.022078621432417886,0.03063603063603071,0.02507015042090277,3.0,5.0,0.020585048754062862,1.0,1252.81,1248.64,-0.0014554643891047103,0.026538195928837105,-0.0051549266598145405,0.2407289668967387,0.004155248406383372,0.045632704764003496,-0.03167079948126439,-0.03183490608736683,1.5680427969797297,0.7033099695383516,18.46,19.1,0.034669555796316365,0.01358066113853873,0.021088894657777635,18.46,18.84,18.46,19.34,0.04767063921993486,0.023366725782485664,0.0243039134374492,18.46,18.63,0.009209100758396538,0.02538784770486835,-0.01617874694647181,-0.0011431101,0.005,3
2024-05-10,18.46,19.07,18.22,18.84,7194555,0.01453957996768973,0.017278617710583255,0.05251396648044704,0.07903780068728516,0.10498533724340176,-0.022821576763485507,18.351999999999997,17.996000000000002,18.154,18.117838504235806,18.158233864629924,-0.040395360394118285,-0.1756787218923551,0.1352833614982368,-0.0021441274094542613,0.007180645514768408,58.28860336000871,17.996000000000002,0.7218572537120995,19.439714507424203,16.552285492575802,0.16044837824229832,0.7923015581196237,0.6506231615364569,0.0345341380857992,22.795599381083537,26.842177657241418,16.681198764161806,90.17094017094016,77.98540245119136,792581391.0,778694439.85,0.4277987478222299,-1.0001005097914049,1.1099892112320517,5500730.7,0.5653690899577158,1.307927145024569,0.045116772823779266,0.04689931095799049,0.03778781535749687,4.0,5.0,-0.006339144215530945,0.0,1251.78,1244.7,-0.0031554331112250145,0.01938527308911331,-0.004518734754268672,0.24061162557740276,0.017695013078914745,0.059652527598171856,-0.018302842009216835,-0.018385923119004,1.5619998228085035,0.6965574737916866,18.93,19.1,0.008980454305335561,0.019964909188504798,-0.010984454883169237,18.93,18.81,18.93,18.57,-0.019017432646592725,0.011007939496390673,-0.030025372142983398,18.93,18.57,-0.019017432646592725,0.03155769554314647,-0.050575128189739194,-0.0011431101,0.005,3
2024-05-13,18.93,18.99,18.57,18.81,4040896,-0.0015923566878981443,0.012924071082390798,0.01565874730021588,0.04907975460122693,0.06271186440677967,-0.03290488431876615,18.528,17.964,18.186666666666667,18.22432488819953,18.2065128376203,0.017812050579230743,-0.13698056739803793,0.15479261797726868,0.0009469458043184872,0.008229272619737835,57.8654385173349,17.964,0.6660361931053362,19.29607238621067,16.631927613789326,0.14830465221673042,0.8175503106128506,0.6341500785695671,0.03371345446940814,22.834915587458976,25.57234365905971,15.89205439623289,88.88888888888881,86.82525275445629,788540495.0,778599140.85,0.4262872137212326,-0.9488498926153933,1.0811243110997708,5483872.1,-0.4804233947984623,0.736869118446435,0.02232854864433802,0.0470941883767535,0.03427419354838701,0.0,5.0,-0.007961783439490389,0.0,1248.19,1240.18,-0.0036313971238048914,-0.0011275954831745372,-0.01792812910786956,0.23787628243939707,0.002039040435906747,0.05020735008440147,-0.014976755210896586,-0.015250162085684638,1.5578952083991744,0.6977819012583124,18.84,18.96,0.006369426751592355,0.025155870104234257,-0.0187864433526419,18.84,18.69,18.84,18.72,-0.006369426751592355,0.01721191112394993,-0.023581337875542285,18.84,18.63,-0.011146496815286677,0.035659549200388385,-0.04680604601567506,-0.0011431101,0.005,3
2024-05-14,18.84,18.87,18.52,18.69,2492004,-0.006379585326953596,-0.007961783439490389,0.00646203554119551,0.04413407821229076,0.06678082191780832,0.0032206119162641045,18.686,17.967,18.217333333333332,18.29596721309191,18.242326701500275,0.05364051159163452,-0.09885635160010345,0.15249686319173797,0.0028700113211147416,0.008159275719194113,56.11068479308369,17.967,0.6693209441782936,19.305641888356586,16.62835811164341,0.14901117474888267,0.7700498192565933,0.6138536443860266,0.03284396171139789,22.74440999119575,24.530876206152545,15.82663407474384,83.7606837606838,87.6068376068376,786048491.0,778880956.8,0.39886474902754177,-1.1454937097372102,2.3461782074060054,5106757.15,-0.9101788568237972,0.4879816930397796,0.0187265917602997,0.04024044080814848,0.02594598550830729,1.0,5.0,-0.0016025641025639858,0.0,1246.23,1243.28,0.002499637149445899,-0.004284696026845558,-0.012140859394863979,0.23794578247203058,-0.008879222476399495,0.04841877423913632,0.015361471311128083,0.01555026489071909,1.5699896842100365,0.6998840926461916,18.72,19.28,0.02991452991453003,0.02284940854229922,0.007065121372230809,18.72,18.69,18.72,18.81,0.004807692307692291,0.026525496351943456,-0.021717804044251166,18.72,18.81,0.004807692307692291,0.028671883134045117,-0.023864190826352827,-0.0011431101,0.005,3
2024-05-15,18.72,18.99,18.6,18.69,4136437,0.0,-0.006379585326953596,-0.007961783439490389,0.009179265658747493,0.07228915662650603,-0.0016025641025639858,18.72,17.9655,18.2495,18.356587641847,18.27548768657433,0.08109995527266989,-0.06286509022554879,0.14396504549821867,0.00433921644048528,0.007702784670851721,56.110684793083685,17.9655,0.6675759369381739,19.300651873876348,16.63034812612365,0.14863509213507545,0.7713174486646828,0.5978640983584531,0.031988448280281065,22.861614963163642,24.821548843520002,15.089200922998499,83.7606837606838,85.47008547008546,786048491.0,778879503.4,0.3985320621174702,-1.1166002729644142,2.3119423889378954,5030309.65,-0.3106440496481978,0.8223026588432781,0.020866773675762278,0.04032729398012869,0.02413764760678383,2.0,5.0,0.013800424628450214,1.0,1248.61,1254.39,0.008936040151856561,0.0031428434336164823,-0.003028135431568879,0.24029709621769837,-0.008936040151856561,0.006036422225131011,0.0014255713290048933,0.0014299012636851405,1.5574676601899735,0.6976280111607756,18.84,19.04,0.010615711252653925,0.0018979683830100402,0.008717742869643885,18.84,19.1,18.84,18.55,-0.015392781316348136,0.006429367897446525,-0.02182214921379466,18.84,19.01,0.009023354564756003,0.02821646329408245,-0.019193108729326447,-0.0011431101,0.005,3
2024-05-16,18.84,19.31,18.72,19.1,10106584,0.02193686463349387,0.02193686463349387,0.015417331206805107,0.02854065697361352,0.10277136258660513,-0.006243496357960288,18.826,17.9595,18.2895,18.47095877387054,18.33656267275401,0.1343961011165291,-0.023412851957133208,0.15780895307366233,0.007036445084635031,0.008262248852024204,60.81879567521971,17.9595,0.6561488518540647,19.271797703708128,16.64720229629187,0.14613967022557747,0.9345431668352838,0.599445234189992,0.03138456723507811,23.47552074026611,26.800836020778995,13.974443472672604,90.82969432314421,86.11702061483727,796155075.0,779216619.55,0.3946667817592549,-1.1494805412304847,2.4382649786742037,5368879.2,1.5482160215455778,1.8824383308903654,0.030890052356020933,0.06350399510008642,0.044315044151015615,3.0,5.0,-0.006243496357960288,0.0,1264.51,1268.78,0.011471711349739566,0.016129548949256778,-0.0061256462478458396,0.23799493314571563,0.010465153283754303,0.012411108024356743,-0.00011785011011444801,-0.00011857646760837781,1.57130261714854,0.7046113735008779,19.22,19.34,0.00624349635796051,0.008415069981264844,-0.002171573623304335,19.22,19.1,19.22,18.75,-0.024453694068678367,-0.00316450713982086,-0.021289186928857506,19.22,18.87,-0.018210197710717857,0.024536738196073493,-0.04274693590679135,-0.0011431101,0.005,3
2024-05-17,19.22,19.51,19.07,19.1,6443371,0.0,0.02193686463349387,0.02193686463349387,0.013800424628450214,0.09392898052691878,0.06703910614525155,18.878,18.0195,18.326999999999998,18.567734347121224,18.39311358588334,0.1746207612378825,0.016193870681869935,0.15842689055601256,0.00914244823234987,0.008294601599791233,60.81879567521971,18.0195,0.7035733979591058,19.426646795918213,16.61235320408179,0.15618044850503202,0.8839329354742044,0.5880562888907069,0.030788287376476802,24.33549076223046,27.797780446716292,13.227581644727671,83.53413654618474,86.04150487667091,796155075.0,780223429.45,0.3001680718938357,-0.4248099668230608,1.8714261000428618,5021354.0,0.5850198695888653,1.2831939353409458,0.02303664921465975,0.059962818058214795,0.042178207016969615,4.0,5.0,-0.013527575442247586,0.0,1270.34,1273.11,0.003412727186746345,0.022824777054711864,0.04644051914746705,0.1615200352140187,-0.003412727186746345,-0.00902435242626165,0.020598586997784496,0.019684431767384325,1.588308170549014,0.7062518370333799,19.22,18.57,-0.03381893860561902,-0.01527116660163863,-0.01854777200398039,19.22,18.96,19.22,18.55,-0.03485952133194581,-0.015435037065938295,-0.019424484266007513,19.22,18.28,-0.048907388137356844,-0.0012407335154115406,-0.047666654621945304,-0.0011431101,0.005,3
2024-05-20,19.22,19.34,18.93,18.96,5792742,-0.007329842931937169,-0.007329842931937169,0.014446227929374,0.00797448165869219,0.05744562186279989,0.05041551246537401,18.908,18.065,18.362666666666666,18.628082909102574,18.435105172114206,0.19297773698836806,0.05155064394316956,0.14142709304519852,0.010178150685040509,0.007459234865253086,58.34039899629288,18.065,0.7343991457396244,19.53379829147925,16.596201708520752,0.16261259800489888,0.8046708336985575,0.5753379825413708,0.030344830302814915,24.720409306064198,26.38282457617977,14.29238327759657,77.91164658634537,84.0918258185581,790362333.0,780480660.35,0.3018998709065117,-0.2913823083104702,1.6818621127967701,4851049.2,0.4215311558766697,1.194121469640011,0.02162447257383967,0.04954331580404103,0.03252977054894002,0.0,5.0,0.016877637130801704,1.0,1281.5,1277.58,0.0035110870231165325,0.030156912706220007,0.05091800473808883,0.16114923614280163,-0.010840929955053702,-0.022182431047527817,-0.0005024922727148162,-0.00047814603085050145,1.5874262169522444,0.7049455157458892,18.96,18.72,-0.012658227848101333,-0.007958680596313994,-0.004699547251787339,18.96,19.28,18.96,18.93,-0.0015822784810126667,0.0016825135970577332,-0.0032647920780704,18.96,18.19,-0.04061181434599148,-0.0024102985483428485,-0.03820151579764863,-0.0011431101,0.005,3
2024-05-21,18.96,19.28,18.84,19.28,5573238,0.016877637130801704,0.009424083769633551,0.009424083769633551,0.03156768325307646,0.0770949720670393,0.12093023255813962,19.026000000000003,18.169,18.405666666666665,18.728377846163717,18.49768997417982,0.2306878719838963,0.08737808955131492,0.14330978243258136,0.011965138588376363,0.007433080001689904,62.13826898961743,18.169,0.7525108846912966,19.674021769382595,16.663978230617406,0.16566919141203085,0.869097651144198,0.5656709837884158,0.029339781316826546,24.811590595012603,24.91699989992223,14.634751826953025,90.76305220883533,84.06961178045515,795935571.0,781246214.25,0.24150658807623696,0.8091563510998738,-0.18641378778532233,4900050.0,0.3006952788722072,1.137383904245875,0.022821576763485542,0.06114810941713911,0.047503486245178195,1.0,5.0,-0.02107969151670952,0.0,1277.85,1277.14,-0.0003444011333927355,0.027234412199987235,0.07051910713237963,0.1410863135993848,0.01722203826419444,0.004333271053089227,0.050411125425759984,0.047090355594677114,1.5843702785318858,0.7025548181778756,19.45,18.81,-0.03290488431876615,0.0011482042710073692,-0.03405308858977352,19.45,19.04,19.45,18.9,-0.028277634961439646,0.002546357771077812,-0.030823992732517458,19.45,18.4,-0.05398457583547567,-0.0005936294190242997,-0.05339094641645137,-0.0011431101,0.005,3
2024-05-22,19.45,19.6,18.99,19.04,6521502,-0.012448132780083054,0.00421940928270037,-0.003141361256544628,0.01872659176029945,0.02807775377969768,0.10891089108910879,19.096,18.2625,18.43683333333333,18.776319715984684,18.537861087203538,0.23845862878114588,0.11759419739728112,0.12086443138386475,0.012524087646068587,0.006347921816379451,57.87665273095182,18.2625,0.7378837092801154,19.73826741856023,16.786732581439768,0.16161723954116153,0.7634222677034482,0.5688373420892435,0.029875910824014893,25.420181694486217,27.026645163281643,13.513768732652878,75.22123893805302,81.29864591107791,789414069.0,782044204.6,0.24883819773901067,0.7674241567905903,-0.314879115305952,4867613.55,0.7488247202812895,1.3397739843172225,0.03203781512605058,0.04257357973990428,0.03271530722014826,2.0,5.0,0.012565445026177846,1.0,1280.26,1266.91,-0.008010085033747338,0.009980946914436517,0.07835893943907757,0.13034021117441508,-0.004438047746335716,0.008745644845862932,0.030551951650031217,0.028331894448728967,1.5972675230605597,0.7156954574860547,19.1,18.55,-0.028795811518324665,0.0055625790139066655,-0.03435839053223133,19.1,19.34,19.1,18.57,-0.02774869109947653,0.01481510745891268,-0.04256379855838921,19.1,18.43,-0.0350785340314137,0.011212073324905258,-0.04629060735631896,-0.0011431101,0.005,3
2024-05-23,19.1,19.48,18.93,19.34,5999186,0.015756302521008347,0.003112033195020736,0.020042194092827037,0.012565445026177846,0.04146472805600432,0.11534025374855816,19.144,18.3625,18.482333333333333,18.86303975967935,18.59727878444772,0.265760975231629,0.14722755296415072,0.11853342226747829,0.013741518884779163,0.006128925660159167,61.43691247979844,18.3625,0.7417963616149591,19.84609272322992,16.878907276770082,0.16158940484464734,0.829436773547895,0.5674918176542976,0.029342906807357683,25.79843549968814,25.15567358808817,13.3334548927005,87.49999999999993,84.49476371562942,795413255.0,782987621.25,0.2511323054153337,0.7003464386176088,-0.4846725125086389,5013039.85,0.45213907100528655,1.196716200051751,0.028438469493278218,0.05323349217154516,0.046404674734431106,3.0,5.0,-0.030793319415448828,0.0,1265.6,1281.03,0.011145227364216748,0.009654944119547926,0.07629681907546493,0.12868333381052782,0.0046110751567916,0.0029105009066299203,0.039043434673093236,0.036275713150050404,1.567897014596839,0.7093951255448877,19.16,18.75,-0.02139874739039671,-0.008114797756681447,-0.013283949633715264,19.16,18.57,19.16,18.63,-0.027661795407098233,0.005388977660807592,-0.033050773067905825,19.16,18.37,-0.04123173277661796,0.004402042798508532,-0.04563377557512649,-0.0011431101,0.005,3
2024-05-24,19.16,19.86,18.22,18.57,11277582,-0.039813857290589394,-0.024684873949579744,-0.03682572614107893,-0.02774869109947653,-0.014331210191082744,0.08914956011730202,19.038,18.438499999999998,18.517333333333333,18.81795671972868,18.59525813374789,0.2226985859807904,0.16232175956747866,0.06037682641331174,0.011992384813182036,0.0032513099845617524,49.802073253651635,18.438499999999998,0.6751161693406481,19.788732338681292,17.088267661318703,0.14645793732476012,0.5486953231058116,0.6440995449647049,0.03468495126358131,24.28203759968314,20.58059276323953,18.782161691436936,40.27777777777782,67.66633890527692,784135673.0,783627635.6,0.2888808128560024,-0.12861084747704896,0.7680455396011113,5316442.15,2.2989391469060134,2.12126487636097,0.08831448572967154,0.0071318165794398425,0.0028441820276496887,4.0,5.0,-0.0016000000000000458,0.0,1276.68,1261.93,-0.01490987720818393,-0.008781644948197553,0.07179378291149985,0.13551938108234926,-0.024903980082405464,-0.018967046151278977,0.01735577720580217,0.01619320571038929,1.6361207643177396,0.731471191262962,18.75,18.55,-0.010666666666666602,-0.0013771706266917372,-0.009289496039974865,18.75,18.72,18.75,18.57,-0.009599999999999942,0.019090434204485973,-0.028690434204485915,18.75,18.43,-0.017066666666666674,0.01468982001804564,-0.031756486684712315,-0.0011431101,0.005,3
2024-05-27,18.75,18.75,18.4,18.72,3729580,0.008077544426494221,-0.03205791106514999,-0.01680672268907568,-0.012658227848101333,-0.004784688995215336,0.057627118644067776,18.99,18.4895,18.548000000000002,18.802886455155036,18.60449827198879,0.19838818316624796,0.16953504428723254,0.028853138879015416,0.010597659357171366,0.0015413001537935586,51.72021861786351,18.4895,0.65460695318475,19.7987139063695,17.1802860936305,0.14161701575158875,0.5880299234825517,0.6230924346100832,0.03328485227617966,22.873953835392783,19.754848795728577,18.02857519896129,47.2222222222222,58.333333333333314,787865253.0,784234233.85,0.2607256900608904,-0.37311714546126257,1.436250144726071,5283026.05,-0.5952564885175811,0.7059552545647584,0.018696581196581272,0.012466535060439599,0.009273237006685253,0.0,5.0,-0.0031796502384738856,0.0,1263.46,1267.68,0.004556512643332011,-0.00774902550133838,0.05148431084679128,0.11217147654731058,0.0035210317831622095,-0.004909202346762953,0.006142807797276495,0.005842034668429363,1.6277067015654536,0.7279829624515124,18.87,18.93,0.0031796502384737746,0.006107386243053625,-0.0029277360045798506,18.87,18.81,18.87,18.63,-0.01271860095389521,0.014494234533064088,-0.027212835486959297,18.87,17.34,-0.08108108108108114,-0.014234847472548329,-0.06684623360853281,-0.0011431101,0.005,3
2024-05-28,18.87,18.96,18.6,18.81,4677681,0.004807692307692291,0.012924071082390798,-0.027404343329886283,-0.024377593360995986,0.006420545746388395,0.07363013698630128,18.895999999999997,18.554,18.560666666666666,18.803980846669646,18.61972062221184,0.18426022445780532,0.1724800803213471,0.011780144136458226,0.009795865202435158,0.0006262702890195761,52.88355205731167,18.554,0.6164960408802138,19.786992081760427,17.32100791823957,0.1329084921591494,0.6038125077147661,0.6043001178522202,0.032126534707720374,22.00413357035312,21.396447306994666,17.261420071910752,35.97560975609754,41.15853658536585,792542934.0,785204868.25,0.2561221319680639,-0.5170158722211324,1.8731413732479234,5386758.0,-0.27940413903749833,0.8683666502189258,0.019138755980861216,0.013797563867629536,0.013433425523508458,1.0,5.0,-0.016958134605193464,0.0,1272.23,1281.73,0.011083238672220164,0.0035939677717398144,0.06370283077587002,0.11548540782852182,-0.006275546364527873,-0.0279715611327358,0.009927306210431253,0.009332781603288876,1.5243961214883708,0.7247713942587479,18.87,18.9,0.0015898251192367763,-0.000949608481093489,0.0025394336003302653,18.87,18.55,18.87,18.81,-0.0031796502384738856,-0.0002568613104596551,-0.0029227889280142305,18.87,17.52,-0.07154213036565982,-0.02193439917804385,-0.04960773118761597,-0.0011431101,0.005,3
2024-05-29,18.87,18.96,18.34,18.55,5740573,-0.013822434875066403,-0.009081196581196438,-0.001077005923532548,-0.025735294117646967,-0.0074906367041198685,0.06425702811244993,18.798000000000002,18.61,18.567999999999998,18.76490687025893,18.61455613167763,0.15035073858129877,0.16805421197333745,-0.017703473392038677,0.008105161109503977,-0.000954365142427961,49.195636070393014,18.61,0.5570221577374197,19.72404431547484,17.49595568452516,0.11972534287746792,0.4730710891988058,0.605421538005633,0.03263727967685353,20.57289495287774,19.83132797660492,19.066292332108354,20.1219512195123,34.43992773261068,786802361.0,786044535.0,0.2618797264267912,-0.4568218460276267,1.4331846040218008,5517725.65,0.0897956562662922,1.0403875372092848,0.033423180592991965,-0.003224073078989753,-0.0009694097371820698,2.0,5.0,0.01902173913043481,1.0,1284.74,1272.64,-0.0070919772494986155,0.00452281535389254,0.05218599113697997,0.12097652952431832,-0.006730457625567787,-0.030258109471539507,0.012071036975469962,0.0114723414654343,1.5289550958298317,0.7272002170083766,18.4,18.57,0.00923913043478275,0.015738067934675026,-0.006498937499892277,18.4,18.75,18.4,19.01,0.03315217391304359,0.028265253667602463,0.004886920245441129,18.4,17.43,-0.052717391304347716,-0.0025386531693621928,-0.05017873813498552,-0.0011431101,0.005,3
2024-05-30,18.4,18.75,18.05,18.75,6357980,0.010781671159029615,-0.0031897926634768536,0.0016025641025640969,-0.030506721820062088,-0.01832460732984298,0.08256351039260967,18.68,18.6815,18.569999999999997,18.76261350560371,18.62458901081262,0.13802449479108958,0.1620482685368879,-0.02402377374579831,0.007361306388858111,-0.0012812679331092433,51.970307354788055,18.6815,0.4672683777466953,19.61603675549339,17.74696324450661,0.10004943452007495,0.5366491738272164,0.6121771424338021,0.03264944759646944,19.593146625377397,18.211590273089687,20.892747253927094,38.67403314917126,31.590531374927036,793160341.0,787340271.7,0.2606300485435811,-0.6199112706338448,1.6612620608393478,5697453.7,0.2751524408417864,1.1159335967925461,0.037333333333333295,0.003666729117040912,0.009693053311793376,3.0,5.0,-0.009081196581196438,0.0,1264.45,1266.32,-0.004966054815187415,-0.01148294731583177,0.04107336643756776,0.12324253989867484,0.01574772597421703,-0.019023774504230317,0.041490143955041914,0.03985323733428747,1.5040145725275755,0.7234080866851514,18.72,18.63,-0.004807692307692291,0.01197600069380389,-0.01678369300149618,18.72,18.55,18.72,18.87,0.008012820512820706,0.026128022580162114,-0.018115202067341407,18.72,17.43,-0.06891025641025639,-0.0073164770532258006,-0.06159377935703059,-0.0011431101,0.005,3
2024-05-31,18.72,18.75,18.46,18.55,2665489,-0.010666666666666602,0.0,-0.013822434875066403,-0.001077005923532548,-0.028795811518324665,0.06242840778923253,18.676000000000002,18.736,18.571500000000004,18.72990373551083,18.619063898900574,0.11083983661025698,0.1518065821515617,-0.04096674554130472,0.005975193348261832,-0.002208449894409958,49.08341885765972,18.736,0.37093622660835945,19.47787245321672,17.994127546783282,0.07919219184636189,0.37464152416394886,0.5891644894028162,0.031760888916593864,18.683380321269937,17.57129356306451,20.158184421715543,27.624309392265214,28.806764586982922,790494852.0,788316165.25,0.2652884328298602,-0.4417835157140483,1.20094623153539,5644159.45,-1.211984171925296,0.47225614790170395,0.015633423180592944,-0.009927412467976127,-0.001157687855046885,4.0,5.0,0.01284109149277679,1.0,1268.37,1261.72,-0.003632573125276317,-0.00016641176610432407,0.03332432454567047,0.12464423024127917,-0.007034093541390285,-0.0009105941574282239,0.029104083243562062,0.028165487400442668,1.5108586803393185,0.7267550626447589,18.69,18.57,-0.006420545746388506,0.01252703180906689,-0.018947577555455397,18.69,18.93,18.69,18.28,-0.02193686463349387,0.006495497975071762,-0.02843236260856563,18.69,16.88,-0.09684323167469244,-0.02070538277041656,-0.07613784890427588,-0.0011431101,0.005,3
2024-06-03,18.69,18.93,18.57,18.93,5587559,0.020485175202156203,0.009600000000000053,0.020485175202156203,0.011217948717948678,-0.0015822784810126667,0.05577244841048512,18.717999999999996,18.785999999999998,18.576999999999998,18.760687776201472,18.642096202685718,0.11859157351575433,0.14516358042440022,-0.02657200690864589,0.006264742393859183,-0.0014036981990832482,54.280016308312824,18.785999999999998,0.3205488713867031,19.427097742773405,18.14490225722659,0.06825271401824844,0.6123073678102918,0.5742241687311864,0.030334081813586183,17.39104722171552,18.979766453545434,19.205332295642577,48.61878453038672,38.30570902394106,796082411.0,789363883.65,0.25854553175578954,-0.5224989518822818,1.4264739416215209,5715984.3,-0.052793173728280594,0.9775322510945316,0.01901743264659268,0.007665282657298045,0.019001991710179356,0.0,6.0,-0.004739336492890933,0.0,1271.65,1280.0,0.014488159021018854,0.00971854095670821,0.030944441759693353,0.12109292275273373,0.005997016181137349,0.0014994077612404677,0.024828006650791767,0.024082778513664138,1.5102943730763085,0.730352951799504,18.99,18.63,-0.018957345971563955,0.004013971108742798,-0.022971317080306752,18.99,18.9,18.99,18.19,-0.04212743549236431,-0.008354660796104252,-0.033772774696260055,18.99,17.23,-0.09268035808320163,-0.02407604763868043,-0.0686043104445212,-0.0011431101,0.005,3
2024-06-04,18.99,19.22,18.87,18.9,7656524,-0.0015847860538827918,0.01886792452830166,0.008000000000000007,0.004784688995215225,-0.019709543568464882,0.05586592178770955,18.736,18.836000000000002,18.587333333333333,18.78212042601663,18.661200187671962,0.12092023834466659,0.1403149120084535,-0.019394673663786915,0.006397896208712518,-0.0010261732097241755,53.81306679638323,18.836000000000002,0.2439024826699212,19.323804965339846,18.348195034660158,0.05179496340410322,0.5655999882610963,0.5582081566789587,0.029534823104706814,16.770120578203517,21.840588874326315,18.34519920434631,46.961325966850744,41.06813996316756,788425887.0,790171874.2,0.25852524114562564,-0.523454725648069,1.4287018642399005,5955712.15,0.717023613107128,1.2855765703854576,0.018518518518518406,0.0033977489912930814,0.016821491338187222,1.0,6.0,-0.0174603174603174,0.0,1285.51,1283.52,0.00275000000000003,0.001396549975423822,0.027942625117128195,0.12021260259462183,-0.004334786053882822,0.003388139019791403,0.027923296670581355,0.02716425604726691,1.5013495182515864,0.7281462351367605,18.9,18.81,-0.004761904761904745,-0.002105475790912914,-0.002656428970991831,18.9,18.57,18.9,18.4,-0.02645502645502651,-0.0059201939213126,-0.02053483253371391,18.9,17.43,-0.07777777777777772,-0.013464168065137616,-0.06431360971264011,-0.0011431101,0.005,3
2024-06-05,18.9,19.1,18.57,18.57,4916859,-0.0174603174603174,-0.019017432646592725,0.0010781671159030282,0.0010781671159030282,-0.024684873949579744,0.0026997840172786614,18.74,18.8385,18.588166666666666,18.749486514321763,18.65444461821478,0.09504189610698432,0.13126030882815967,-0.03621841272117535,0.005118034254549506,-0.0019503722520826789,48.836271016799465,18.8385,0.2407286089309169,19.319957217861834,18.357042782138166,0.0511141776534049,0.22115902510256674,0.5561932883447475,0.029951173308817847,15.675194312612424,20.35401521292858,20.94925852362692,28.729281767955797,41.43646408839775,783509028.0,790252991.1,0.2389618324430713,-0.7742877427857379,1.1591701341390361,5720524.4,-0.36238481103892,0.859511935654011,0.028540656973613417,-0.014252727127956,-0.0009773242833701623,2.0,6.0,-0.001607717041800738,0.0,1287.12,1284.35,0.0006466591872349436,0.009201345235101632,0.027102026454264738,0.12024237343069445,-0.018106976647552342,-0.008123178119198604,-0.024402242436986077,-0.023758343191305764,1.497051016187208,0.723339984694862,18.66,19.01,0.0187566988210075,0.00884550625004854,0.00991119257095896,18.66,18.63,18.66,18.43,-0.012325830653804992,-0.006983294407932994,-0.005342536245871998,18.66,17.58,-0.05787781350482324,-0.009264503914524491,-0.04861330959029875,-0.0011431101,0.005,3
2024-06-06,18.66,18.84,18.4,18.63,3587944,0.003231017770597644,-0.014285714285714235,-0.015847860538827252,-0.006400000000000072,-0.0367114788004137,0.003231017770597644,18.715999999999998,18.8415,18.597833333333334,18.731103973656875,18.652633905754424,0.07847006790245104,0.12070226064301795,-0.042232192740566915,0.004212027262611435,-0.002266891719837194,49.746293597926204,18.8415,0.23755941085153853,19.316618821703077,18.366381178296923,0.0504332268347082,0.2774240986266625,0.5478937677486941,0.029409219954304573,15.03763414800096,19.186457451491933,21.963835580570695,32.044198895027556,35.9116022099447,787096972.0,790338497.9,0.23904169174528805,-0.779188853469194,1.1597212264513699,5724914.3,-0.9655705620878434,0.6267244908801517,0.023617820719270065,-0.011225220921901147,0.001729592156792359,3.0,6.0,-0.006420545746388506,0.0,1288.79,1283.56,-0.0006150971308443998,0.013614252321688003,0.027966427473090638,0.12001770360213898,0.0038461149014420437,-0.020014252321688075,-0.024735409702492994,-0.024062468424476346,1.495499121674714,0.7160354827850517,18.69,18.87,0.009630818619582593,0.00966603312516967,-3.521450558707784e-05,18.69,18.57,18.69,18.37,-0.017121455323702572,-0.005236414413715473,-0.011885040909987099,18.69,17.52,-0.06260032102728741,-0.007106008300686417,-0.05549431272660099,-0.0011431101,0.005,3
2024-06-07,18.69,18.84,18.55,18.57,3211296,-0.0032206119162639935,0.0,-0.0174603174603174,0.0010781671159030282,0.0,-0.014331210191082744,18.72,18.828,18.613833333333332,18.706318746940433,18.64651287569854,0.05980587124189185,0.10852298276279274,-0.048717111520900885,0.0032205638794772133,-0.002623430884270376,48.81132872914536,18.828,0.24519809392219538,19.31839618784439,18.33760381215561,0.0520922230554907,0.23694738418127073,0.5294727843380731,0.028512266254069635,14.445613995147456,18.43583575147,21.10455597441244,28.729281767955797,29.834254143646376,783885676.0,789903712.15,0.23322220145316516,-0.6916186884924687,1.3458422382655022,5525751.35,-1.027356368638607,0.581151013970254,0.015616585891222355,-0.013702995538559581,-0.002354879435545132,4.0,6.0,0.0,0.0,1289.05,1287.58,0.0031319143631773905,0.02049583108772146,0.034450068289547664,0.11891752988139005,-0.006352526279441384,-0.019417663971818433,-0.04878127848063041,-0.0471567260479665,1.4784356083804808,0.7101564178325116,18.63,18.28,-0.01878690284487372,-0.009871042106647465,-0.008915860738226256,18.63,18.63,18.63,18.43,-0.01073537305421357,-0.008238761632899383,-0.0024966114213141877,18.63,17.52,-0.0595813204508856,-0.007449697138480871,-0.05213162331240473,-0.0011431101,0.005,3
2024-06-10,18.63,18.99,18.55,18.63,4984266,0.003231017770597644,0.0,0.003231017770597644,-0.015847860538827252,-0.004807692307692291,-0.009569377990430561,18.66,18.819,18.6285,18.694577401257288,18.64528969972087,0.04928770153641793,0.09667592651751777,-0.04738822498109985,0.0026456093148909247,-0.0025436513677455637,49.82685364607952,18.819,0.24916492107569413,19.317329842151388,18.32067015784861,0.052960289298197426,0.31036656445854255,0.5230818711710677,0.028077395124587644,13.497589483036865,19.376446806421225,19.836521118941064,32.044198895027556,30.939226519336966,788869942.0,789920184.5,0.23358317171146964,-0.7419919400556573,1.373930978449562,5572919.85,-0.2639869525050915,0.8943724536070621,0.023617820719269874,-0.010043041606886627,8.052178114170694e-05,0.0,6.0,-0.0031796502384738856,0.0,1292.67,1290.67,0.002399850883052057,0.008335937500000057,0.04071183215339702,0.11723187058785274,0.0008311668875455869,-0.02418379803882731,-0.05028121014382758,-0.048314248565607065,1.4817605608842497,0.7099569630305955,18.87,18.19,-0.036036036036036,-0.015644425225670444,-0.020391610810365557,18.87,18.81,18.87,17.34,-0.08108108108108114,-0.03159000177602067,-0.04949107930506047,18.87,17.75,-0.059353471118177015,-0.00885693767711948,-0.050496533441057534,-0.0011431101,0.005,3
2024-06-11,18.87,18.93,18.66,18.81,4734686,0.009661835748792313,0.012924071082390798,0.009661835748792313,-0.004761904761904745,0.0,0.006420545746388395,18.642,18.825,18.635833333333334,18.71233472414078,18.65749046270451,0.054844261436272745,0.08830959350126877,-0.03346533206499602,0.002915697046053841,-0.0017791245116956951,52.84898745085292,18.825,0.24733314418097355,19.319666288361947,18.33033371163805,0.052554187342570856,0.48483826333741886,0.5071474518017058,0.02696158701763455,12.617281007505602,18.55773111939918,18.998365848355583,41.98895027624302,34.254143646408785,793604628.0,790297991.35,0.23505154692064348,-0.8868005325430641,1.4788015212366918,5685053.95,-0.44818517440818306,0.8328304430602633,0.01435406698564591,-0.0007968127490040056,0.009345794392523255,1.0,6.0,0.0026371308016877038,1.0,1295.03,1284.41,-0.004850194085242565,0.0006934056345051509,0.03308184801492842,0.11971241780953078,0.014512029834034879,-0.005455310396409896,-0.02666130226854002,-0.02580754111571104,1.455806366909982,0.6911898045827071,18.96,18.4,-0.029535864978903037,-0.0042879043742850564,-0.02524796060461798,18.96,19.01,18.96,17.52,-0.07594936708860767,-0.02213990552602707,-0.053809461562580596,18.96,17.9,-0.05590717299578074,0.006770375327818545,-0.06267754832359929,-0.0011431101,0.005,3
2024-06-12,18.96,19.22,18.93,19.01,4999082,0.01063264221158966,0.020397208803005995,0.02369413031771672,0.02369413031771672,0.024797843665768315,0.01712145532370246,18.73,18.841,18.631333333333334,18.758129381965276,18.683602280281953,0.07452710168332288,0.0855530951376796,-0.011025993454356717,0.003920415659301572,-0.0005800101764522207,56.01892268729303,18.841,0.24848805965155205,19.337976119303104,18.3440238806969,0.05275474967391355,0.6700282905313287,0.500208348101584,0.02631290626520694,12.389906097068168,21.612362586214346,17.886067910422284,53.038674033149256,42.35727440147327,798603710.0,790925752.3,0.23781048744609903,-0.9561360899237771,1.4228169071460384,5728186.2,-0.3478626637669252,0.8727163931926654,0.01525512887953704,0.008969799904463782,0.020324185064586553,2.0,6.0,-0.018210197710717857,0.0,1285.01,1300.19,0.012285796591431142,0.012333086775411894,0.03651177066143707,0.12296079833056175,-0.0016531543798414816,0.011361043542304827,-0.01939031533773461,-0.018707279441082414,1.4874578794599944,0.7412074804882696,19.22,18.43,-0.04110301768990632,-0.019836255160107008,-0.02126676252979931,19.22,18.87,19.22,17.43,-0.09313215400624342,-0.03404330277477807,-0.059088851231465345,19.22,17.61,-0.08376690946930276,-0.015126101907803502,-0.06864080756149926,-0.0011431101,0.005,3
2024-06-13,19.22,19.22,18.87,18.87,3622655,-0.007364544976328324,0.0031897926634769647,0.012882447665056418,0.012882447665056418,0.006399999999999961,-0.012041884816753945,18.778000000000002,18.8295,18.6255,18.77534024627831,18.697409518779587,0.07793072749872465,0.08402862160988861,-0.0060978941111639595,0.0041298742712625675,-0.00032315284107917115,53.31679347863223,18.8295,0.24108253664171542,19.31166507328343,18.34733492671657,0.051213794660870365,0.5419980648164809,0.4894791803800421,0.025939543210389087,12.000340165064518,20.508517752127943,17.84810864691549,70.08547008547022,55.03769813162082,794981055.0,790867051.3,0.22597518468738836,-0.9689336350636626,1.6343437729508237,5403989.75,-0.9512464207634713,0.670366741535733,0.0185479597244302,0.0021508802676650784,0.013127164371426359,3.0,6.0,-0.03586497890295359,0.0,1305.69,1301.51,0.001015236234704009,0.013984542989809556,0.025796434370024768,0.11756177717008562,-0.008379781211032333,-0.0011020953247531384,-0.03783831918677871,-0.036886771993915546,1.4866725122435978,0.7401939926190677,18.96,18.37,-0.031118143459915593,-0.016165785617284323,-0.01495235784263127,18.96,18.28,18.96,17.43,-0.08069620253164567,-0.033973468777093174,-0.04672273375455249,18.96,17.46,-0.07911392405063289,-0.015014922853832657,-0.06409900119680023,-0.0011431101,0.005,3
2024-06-14,18.96,19.01,18.28,18.28,6361485,-0.03126656067832534,-0.03840084166228308,-0.0281765018607123,-0.01561658589122239,-0.014555256064689992,-0.04293193717277488,18.72,18.788500000000003,18.625,18.699134054543187,18.666490295166284,0.03264375937690289,0.07375164916329147,-0.041107889786388574,0.0017857636420625213,-0.0022487904697149107,43.74110934211362,18.788500000000003,0.2615193461695965,19.311538692339195,18.26546130766081,0.05567647149471132,0.01389829524290909,0.5066592389243249,0.027716588562599825,12.134714983240624,18.39788277460081,24.32906089760533,19.658119658119727,47.594087925579736,788619570.0,790490276.05,0.25091996550552564,-0.8078265273456817,0.4243277898485416,5399895.45,0.5141287547262823,1.1780755866301078,0.03993435448577683,-0.027064427708438754,-0.018523489932885884,4.0,6.0,-0.01302224633749316,0.0,1303.37,1279.91,-0.016596107598097487,-0.005956911415212929,0.00534125095239224,0.13320674105229435,-0.014670453080227852,-0.009659674476009461,-0.04827318812516712,-0.04801671878025138,1.4465842886661693,0.7382826773071326,18.43,18.43,0.0,-4.679895170345283e-05,4.679895170345283e-05,18.43,18.19,18.43,16.88,-0.08410200759631037,-0.028672157743666493,-0.055429849852643875,18.43,17.49,-0.051003798155181856,-0.0010373767627605002,-0.049966421392421356,-0.0011431101,0.005,3
2024-06-17,18.43,18.46,18.16,18.19,4328211,-0.004923413566739643,-0.036036036036036,-0.043135192004208345,-0.023617820719269877,-0.03909138932910716,-0.04061181434599148,18.632,18.75,18.621,18.62080573845962,18.63119471774656,-0.01038897928694027,0.05692352347324512,-0.06731250276018538,-0.000571136849199575,-0.0037005224167226706,42.487556276398564,18.75,0.29006351391580515,19.33012702783161,18.16987297216839,0.06188021630203858,0.017347086815488893,0.49189786471544455,0.027042213563245987,12.511058546062436,17.59641488167129,25.011734806146734,11.965811965812033,33.903133903133984,784291359.0,790186727.35,0.2503959895922024,-0.83651531316887,0.4878440258343218,5326668.9,-0.5303143181128311,0.8125549158874883,0.01649257833974715,-0.029866666666666597,-0.023145910531120584,0.0,6.0,-0.006479481641468721,0.0,1282.08,1274.77,-0.004015907368486893,-0.012319183059961158,-0.0021994708746222447,0.13347933744579654,-0.0009075061982527499,-0.011298637659308719,-0.03841234347136924,-0.038497016538004414,1.4472941685671183,0.7398642607245334,18.52,17.34,-0.06371490280777536,-0.01975160037205248,-0.043963302435722884,18.52,18.4,18.52,17.23,-0.06965442764578833,-0.019407686475586106,-0.050246741170202225,18.52,17.43,-0.05885529157667391,0.00033609767154652026,-0.05919138924822043,-0.0011431101,0.005,3
2024-06-18,18.52,18.52,18.31,18.4,2456826,0.01154480483782283,0.006564551422319376,-0.024907260201378012,-0.021796916533758703,-0.02645502645502651,-0.045643153526971125,18.55,18.706,18.612666666666666,18.586835624850448,18.614069183098668,-0.027233558248219936,0.04009210712895211,-0.06732566537717205,-0.0014800846874032576,-0.003659003553107177,46.35101194569902,18.706,0.2715917989613829,19.249183597922766,18.162816402077233,0.05807586848313551,0.21832728273625987,0.4803337315214841,0.026105094104428486,12.679830684228847,17.625142391669755,23.78433335223858,29.91452991452978,20.512820512820507,786748185.0,789727358.05,0.24574970127852525,-0.8939196611003758,0.6062553150983175,5170848.3,-1.3656550064674111,0.4751301638456499,0.011413043478260916,-0.016358387683096387,-0.011425910670152972,1.0,6.0,-0.004859611231101457,0.0,1279.39,1279.5,0.0037104732618433722,-0.0038227668735061338,0.0018478788543150326,0.13414576177312373,0.007834331575979459,-0.01797414966025257,-0.04749103238128616,-0.04740343657322066,1.4390958209730607,0.7333399698456196,18.52,17.52,-0.05399568034557234,-0.02060795011691352,-0.03338773022865882,18.52,18.43,18.52,17.43,-0.05885529157667391,-0.010296180826188661,-0.048559110750485246,18.52,17.4,-0.06047516198704106,-0.0014185502727980248,-0.059056611714243035,-0.0011431101,0.005,3
2024-06-19,18.52,18.52,18.28,18.43,2339051,0.001630434782608825,0.01319406267179768,0.00820568927789922,-0.030510257759074233,-0.007539041464728058,-0.03203781512605042,18.434,18.6755,18.603833333333334,18.562707067181147,18.60043442879506,-0.03772736161391421,0.024528213380378847,-0.06225557499429306,-0.0020470624858336525,-0.0033779476394081966,46.8997903232635,18.6755,0.266309574506076,19.208119149012152,18.142880850987847,0.057039345560991925,0.2695351355135014,0.4631670364128066,0.025131146848226076,12.906284184841168,16.9727961010464,23.366674712046823,25.471698113207538,22.45067999784978,789087236.0,789711016.4,0.24304294564206816,-1.0591177011350923,1.0031218402414368,4961725.75,-1.2752584520795083,0.47141884051128785,0.013022246337493134,-0.01314556504511255,-0.009343952411241419,2.0,6.0,-0.006489994591670989,0.0,1283.0,1279.79,0.00022665103556063215,-0.015690014536337116,0.010166468020617048,0.13066064995860918,0.0014037837470481929,-0.014820243222737117,-0.042204283146667465,-0.041779532861910496,1.4680461052485403,0.7391341201285493,18.49,17.43,-0.05732828555976199,-0.0160552963754661,-0.041272989184295894,18.49,18.37,18.49,17.58,-0.049215792320173035,-0.0038772994648235137,-0.04533849285534952,18.49,16.7,-0.09680908599242832,-0.010266652104039431,-0.08654243388838889,-0.0011431101,0.005,3
2024-06-20,18.49,18.6,18.25,18.37,2080875,-0.0032555615843732344,-0.001630434782608603,0.009895547003848204,-0.026497085320614677,-0.013955984970477564,-0.050155118924508746,18.334000000000003,18.627000000000002,18.598000000000003,18.533059826076357,18.58336521184728,-0.050305385770922584,0.00956149355011856,-0.05986687932104114,-0.0027384532265064005,-0.003258948248287487,45.88877759146693,18.627000000000002,0.2238679121830262,19.074735824366055,18.17926417563395,0.04807385240415016,0.21300040558080563,0.4550836766690348,0.024773199600927318,12.852702286009503,17.29605240849996,22.083027554941655,19.811320754717084,25.065849594151462,787006361.0,789290671.7,0.23433824075690068,-1.0603610753354378,1.209693669878504,4765810.2,-1.2560577067504493,0.43662565496208805,0.019052803483941286,-0.013797176142159362,-0.012259382729325807,3.0,6.0,-0.004859611231101457,0.0,1281.82,1282.3,0.0019612592690987363,-0.014759779025900754,0.0009913897410678274,0.12470316827273867,-0.005216820853471971,-0.011737306294713923,-0.05114650866557657,-0.05109585276133788,1.4780363869808781,0.7454989711984416,18.52,17.43,-0.05885529157667391,-0.020216797528539332,-0.038638494048134575,18.52,18.43,18.52,17.52,-0.05399568034557234,-0.004030908822087342,-0.049964771523484997,18.52,16.85,-0.09017278617710578,-0.00827192293026835,-0.08190086324683743,-0.0011431101,0.005,3
2024-06-21,18.52,18.55,18.22,18.43,2966300,0.003266194882961315,0.0,0.001630434782608825,0.00820568927789922,-0.007539041464728058,-0.007539041464728058,18.364,18.62,18.595166666666668,18.517204468218456,18.572004825784518,-0.054800357566062274,-0.0033108766731176063,-0.05148948089294467,-0.0029734323150332215,-0.002793786266573232,47.1164735181632,18.62,0.22789656009950496,19.075793120199013,18.16420687980099,0.04895737059065645,0.2915721063132303,0.4461491283355325,0.02420776605184658,12.882719150464595,16.38224884367929,21.396614037764135,25.471698113207538,23.584905660377384,789972661.0,789582521.1,0.18872665438786354,-0.821084369609799,1.1796866393417151,4350246.1,-0.9073950471578951,0.6818694694077193,0.017905588714053275,-0.010204081632653184,-0.008882236423443435,4.0,6.0,-0.05760869565217386,0.0,1285.07,1282.02,-0.0002183576386181052,0.0016485534139119018,0.01592005895731141,0.11148618597981416,0.0034845525215794204,0.006557135863987318,-0.02345910042203947,-0.023091482656732554,1.4947308849761372,0.7473627279057192,18.4,16.88,-0.08260869565217388,-0.027997408659137246,-0.054611286993036634,18.4,17.34,18.4,17.52,-0.047826086956521685,0.0014439700590855864,-0.04927005701560727,18.4,16.44,-0.10652173913043461,-0.012808404686268315,-0.0937133344441663,-0.0011431101,0.005,3
2024-06-24,18.4,18.4,17.34,17.34,6945071,-0.05914270211611505,-0.05606967882416991,-0.05914270211611505,-0.04672897196261694,-0.06924315619967791,-0.07371794871794868,18.194,18.551,18.564833333333333,18.33609608849254,18.480745209059737,-0.14464912056719825,-0.03157852545193374,-0.11307059511526452,-0.008341933135363222,-0.00652079556604755,32.63189884945976,18.551,0.3641847420138781,19.279369484027754,17.822630515972243,0.07852616937391575,-0.33130885255061826,0.4921384763115659,0.028381688368602415,14.685631838907598,13.790549251111532,30.7838805740879,0.0,15.094339622641536,783027590.0,789340637.95,0.2785577563316805,-1.8189981717509383,4.553517980057938,4511020.65,1.5000209522242676,1.5395786317227342,0.0611303344867358,-0.06527949975742542,-0.06597599403890864,0.0,6.0,0.006896551724137945,1.0,1281.19,1254.12,-0.021762531005756647,-0.016199000604030567,-0.01069670579326032,0.13617597986888932,-0.03738017111035841,-0.030529971358586372,-0.06302124292468836,-0.06370265144545095,1.5546979009372397,0.7621210252908932,17.4,17.23,-0.009770114942528663,-0.0009635522428470544,-0.008806562699681608,17.4,17.52,17.4,17.75,0.02011494252873569,0.02212984861877576,-0.0020149060900400695,17.4,16.0,-0.08045977011494243,-0.0008998463094355147,-0.07955992380550692,-0.0011431101,0.005,3
2024-06-25,17.4,17.58,17.29,17.52,2858533,0.01038062283737018,-0.04937601736299513,-0.046271094175285854,-0.047826086956521685,-0.06858054226475274,-0.06858054226475274,18.018,18.4865,18.539499999999997,18.21054284410907,18.409578897277534,-0.19903605316846296,-0.06507003099523959,-0.13396602217322337,-0.011360505317834644,-0.0076464624528095534,36.12411098590857,18.4865,0.4250482944695882,19.336596588939177,17.636403411060822,0.09196944677891188,-0.06846481480773899,0.47770001371788257,0.027265982518143984,16.43592081822922,13.192556014475043,30.196643328101732,11.91709844559588,12.462932186267802,785886123.0,789007797.4,0.2814946887372509,-1.7923305310565194,4.382874666457206,4420063.25,-0.9388032041088088,0.646717668576349,0.016552511415525065,-0.05228139453114433,-0.054990695541950796,1.0,6.0,-0.001718213058419349,0.0,1255.77,1256.56,0.001945587344113875,-0.01792887846815161,-0.019637521162803484,0.12956741196616384,0.008435035493256304,-0.029897208488370075,-0.04894302110194926,-0.04992339278426927,1.5583426081501084,0.7626378166696494,17.46,17.43,-0.001718213058419349,0.0086103498947534,-0.010328562953172749,17.46,17.43,17.46,17.9,0.025200458190148822,0.027610310179117414,-0.002409851988968592,17.46,16.08,-0.07903780068728539,-0.021557647245720735,-0.05748015344156465,-0.0011431101,0.005,3
2024-06-26,17.46,17.52,17.11,17.43,2900186,-0.005136986301369828,0.00519031141868509,-0.05425935973955509,-0.05425935973955509,-0.08311415044713322,-0.060377358490566135,17.818,18.430500000000002,18.5155,18.09045932963075,18.3370174974792,-0.2465581678484483,-0.10136765836588134,-0.14519050948256695,-0.014145620645349874,-0.008329920222751978,35.143172084784496,18.430500000000002,0.4856951068747072,19.401890213749418,17.459109786250586,0.10541116233953672,-0.014983569856148331,0.47286429845231953,0.027129334391986205,18.33318203708316,12.37550675234481,31.045478856885786,15.165876777251203,9.02765840761569,782985937.0,788816976.2,0.2789030710831006,-1.9129951731125463,4.9011067569145,4278043.9,-0.8270975596889203,0.6779233845636787,0.023522662076878954,-0.054285016684300635,-0.05862655612864898,2.0,6.0,-0.001718213058419349,0.0,1258.95,1261.24,0.003724454065066496,-0.014494565514654667,-0.008957757103344344,0.12846121122176288,-0.008861440366436324,-0.039764794224900424,-0.05141960138722179,-0.05188436896184223,1.5667482505257666,0.7663553652329932,17.46,17.58,0.0068728522336767295,0.012802309809551549,-0.005929457575874819,17.46,17.43,17.46,17.61,0.00859106529209619,0.020012532620507395,-0.011421467328411206,17.46,16.17,-0.07388316151202745,-0.01764085317003916,-0.05624230834198829,-0.0011431101,0.005,3
2024-06-27,17.46,17.46,17.29,17.43,1258243,0.0,-0.005136986301369828,0.00519031141868509,-0.05117038649972794,-0.07631160572337048,-0.07040000000000002,17.63,18.3645,18.490000000000002,17.98885020199525,18.269831016184444,-0.2809808141891956,-0.1372902895305442,-0.14369052465865143,-0.016120528639655515,-0.008243862573646095,35.143172084784496,18.3645,0.5278504074370961,19.420200814874192,17.308799185125807,0.11497190937669884,0.05740301284537533,0.451231134277154,0.02588818900041044,20.094924597447527,12.042475631154739,30.210029380876865,15.165876777251203,14.082950666699423,782985937.0,788308256.0,0.2744482555160146,-1.932761725229927,5.128048367456793,4023057.05,-1.6072780370548705,0.3127579311856888,0.009753298909925514,-0.05088622069754145,-0.057328285559762104,3.0,6.0,-0.03321878579610549,0.0,1260.71,1259.09,-0.001704671593035445,-0.018100288544022458,-0.0057094573251627034,0.1274475866265278,0.001704671593035445,-0.03307009795570548,-0.06469054267483731,-0.06506201145271584,1.5744387390016241,0.7695723144400597,17.46,17.52,0.0034364261168384758,0.015568092551596191,-0.012131666434757715,17.46,16.88,17.46,17.46,0.0,0.0186706023312464,-0.0186706023312464,17.46,16.23,-0.07044673539518898,-0.02148745903655558,-0.0489592763586334,-0.0011431101,0.005,3
2024-06-28,17.46,17.52,16.88,16.88,4462141,-0.031554790590935244,-0.031554790590935244,-0.0365296803652968,-0.08410200759631037,-0.07658643326039394,-0.09002695417789763,17.32,18.281,18.450499999999998,17.818257863226748,18.166880570541153,-0.34862270731440503,-0.17955677308731638,-0.16906593422708865,-0.020653003987820204,-0.010015754397339377,29.47122112124731,18.281,0.6208559456613826,19.522711891322764,17.039288108677233,0.13584726123546473,-0.06414052639358583,0.4647146246859288,0.02753048724442706,22.308753633782437,10.857849319723314,33.540119358275234,0.0,10.110584518167464,778523796.0,787709703.2,0.2911897877457419,-1.63396437658426,3.207508464565171,4112889.65,0.20638369639169105,1.0849162948001778,0.037914691943128,-0.07663694546250199,-0.08511964445407982,4.0,6.0,0.015919811320754595,1.0,1260.27,1245.32,-0.010936469990231013,-0.02862669849144328,-0.012998129537456826,0.13254945062257528,-0.020618320600704232,-0.05547530910486709,-0.07702882464044081,-0.07804324079380154,1.5996463114672739,0.7797542274233983,16.96,17.52,0.03301886792452824,0.029454478348430957,0.003564389576097282,16.96,17.23,16.96,17.49,0.031249999999999778,0.027617083757913274,0.0036329162420865035,16.96,16.38,-0.03419811320754729,-0.0033859411231375036,-0.030812172084409784,-0.0011431101,0.005,3
2024-07-01,16.96,17.23,16.85,17.23,1771431,0.020734597156398138,-0.011474469305794543,-0.011474469305794543,-0.006343713956170616,-0.05277625068719083,-0.08980454305335439,17.298,18.196,18.396833333333333,17.727756653499554,18.097482009760327,-0.36972535626077274,-0.21759048972200765,-0.1521348665387651,-0.02145823309696882,-0.008829649828134944,36.49527139033223,18.196,0.6432925175671089,19.48258503513422,16.909414964865782,0.1414140509050582,0.12458758122457655,0.4586635800655052,0.026620056881340986,24.40309589324113,10.215302002315143,32.02247334436908,16.03375527426158,10.399877350504257,780295227.0,786920344.0,0.2914753239053994,-1.6269590001797787,3.196656955775124,3922083.25,-1.2417921464299322,0.4516556347956153,0.02205455600696454,-0.053088590899098786,-0.06342577073952937,0.0,7.0,0.006351039260970026,1.0,1246.33,1254.56,0.00741977965502838,0.00035084361943038544,-0.019875000000000087,0.12395968174907995,0.013314817501369758,-0.006694557575601001,-0.0699295430533543,-0.07134757612891651,1.572722352253582,0.8223432815098027,17.32,17.75,0.024826789838337193,0.019612827376933373,0.0052139624614038205,17.32,17.43,17.32,17.43,0.006351039260970026,0.016641909013639156,-0.01029086975266913,17.32,16.26,-0.06120092378752884,-0.009746836448561003,-0.051454087338967835,-0.0011431101,0.005,3
2024-07-02,17.32,17.49,17.2,17.43,2334958,0.01160766105629718,0.03258293838862558,0.0,-0.005136986301369828,-0.052717391304347716,-0.07777777777777772,17.28,18.1225,18.356333333333335,17.681947937576545,18.04803889792623,-0.366090960349684,-0.24729058384754293,-0.11880037650214109,-0.0210034974383066,-0.006815856368453305,40.16252655480582,18.1225,0.642600596261571,19.40770119252314,16.837298807476856,0.14183486743254442,0.23058692910155817,0.4466161814893977,0.025623418329856436,25.334346964729374,13.899763607180297,30.537254739164766,24.472573839662402,13.502109704641322,782630185.0,786630558.9,0.2969535232890642,-1.6188422394634085,3.02497331816561,3656004.95,-0.8666549664812225,0.6386637961198602,0.016637980493402132,-0.038212167195475155,-0.050463963391381816,1.0,7.0,0.0068728522336767295,1.0,1258.87,1269.79,0.012139714322152884,0.010528745145476526,-0.010697145350286763,0.13192603213390952,-0.0005320532658557031,-0.015665731446846354,-0.06708063242749096,-0.06780596266574257,1.5496334944702252,0.8191246071036625,17.46,17.9,0.025200458190148822,0.016061134410882305,0.009139323779266517,17.46,17.58,17.46,17.4,-0.003436426116838587,0.0062202535224542554,-0.009656679639292842,17.46,16.06,-0.08018327605956488,-0.0221478723905566,-0.05803540366900828,-0.0011431101,0.005,3
2024-07-03,17.46,17.64,17.34,17.58,1750948,0.008605851979345935,0.02031340684851979,0.041469194312796276,0.008605851979345935,-0.046120455778621894,-0.05331179321486279,17.309999999999995,18.073,18.321666666666665,17.666263639487845,18.013369349931693,-0.34710571044384864,-0.2672536091668041,-0.07985210127704456,-0.019744352129911755,-0.0045422128143938895,42.829114609452006,18.073,0.6444426396425149,19.36188527928503,16.78411472071497,0.1426310274204647,0.30874946439240925,0.43614359709729794,0.024809078333179635,25.659677785791395,15.673437459737832,29.036900844792,33.79629629629615,24.767541803406704,784381133.0,786674164.15,0.2955430323445993,-1.835536234572555,3.739770747609547,3497709.4,-1.1264804896787355,0.5005984773920898,0.017064846416382295,-0.027278260388424846,-0.040480305649049475,2.0,7.0,-0.0017094017094018144,0.0,1273.26,1276.85,0.005559974483969832,0.012376708635945421,-0.005839529723206338,0.13363643287178498,0.0030458774953761036,-0.003770856656599486,-0.04747226349165645,-0.04775110750323763,1.5495856461590498,0.8197841212196799,17.55,17.61,0.0034188034188034067,0.005528317968206409,-0.002109514549403002,17.55,17.52,17.55,16.7,-0.04843304843304852,-0.007983610531171914,-0.040449437901876606,17.55,16.23,-0.07521367521367528,-0.021393886790682326,-0.053819788422992954,-0.0011431101,0.005,3
2024-07-04,17.55,17.73,17.37,17.52,1827261,-0.0034129692832763903,0.005163511187607606,0.016831108531630834,0.005163511187607606,-0.046271094175285854,-0.0595813204508856,17.328,18.017500000000002,18.292333333333332,17.6437615411051,17.976823472158976,-0.3330619310538765,-0.2804152735442186,-0.05264665750965791,-0.01901038419257286,-0.0030049462048891504,42.022421347863045,18.017500000000002,0.6417400277042371,19.300980055408477,16.734019944591527,0.1424703821738282,0.30619098913786,0.4307047687332052,0.024583605521301666,25.643677246485275,16.230259467067437,27.303316220743238,38.28571428571418,32.184861473890905,782553872.0,786447009.15,0.29475421630605375,-1.7924544765586403,3.656221744308847,3409675.25,-0.9923581167495166,0.5359047023613173,0.02054794520547942,-0.027612043846260703,-0.04222169579240842,3.0,7.0,0.0,0.0,1278.87,1279.89,0.0023808591455536376,0.016519867523370202,-0.0028592352519554165,0.13395329659467067,-0.005793828428830028,-0.011356356335762596,-0.05672208519893018,-0.05688473203004851,1.5459395450665443,0.8166040930937217,17.52,17.46,-0.003424657534246478,0.0020215265257061965,-0.0054461840599526745,17.52,17.52,17.52,16.85,-0.03824200913242004,-0.005284067405031179,-0.03295794172738886,17.52,16.32,-0.06849315068493145,-0.04234278533573732,-0.026150365349194127,-0.0011431101,0.005,3
2024-07-05,17.52,17.61,17.34,17.52,1485019,0.0,-0.0034129692832763903,0.005163511187607606,0.03791469194312791,-0.04937601736299513,-0.056542810985460434,17.456,17.965,18.262999999999998,17.624721304012006,17.942984696443496,-0.31826339243148993,-0.2879848973216729,-0.03027849510981706,-0.018165718746089608,-0.0017282246067247182,42.022421347863045,17.965,0.6370945563133875,19.239189112626775,16.690810887373225,0.1418523921655191,0.3253791389401292,0.41922585668083334,0.023928416477216517,25.693573283839054,15.483616239135113,26.558423613516048,38.28571428571418,36.78924162257483,782553872.0,786380418.95,0.29492927032513366,-1.8179343774661971,3.7164351114623764,3323361.4,-1.113064231746053,0.446842464981389,0.015410958904109566,-0.02477038686334543,-0.04068334884739633,4.0,7.0,0.009670079635950124,1.0,1281.21,1283.04,0.0024611490049926132,0.030289403526804426,-0.003525994501312524,0.13375906313933375,-0.0024611490049926132,0.0076252884163234835,-0.05301681648414791,-0.053204414958737956,1.5503291475871586,0.8180977843140573,17.58,17.49,-0.005119453924914641,-0.00357103956929683,-0.001548414355617811,17.58,17.75,17.58,16.44,-0.06484641638225241,-0.01599576765680677,-0.048850648725445645,17.58,16.35,-0.06996587030716706,-0.037919927801204345,-0.03204594250596271,-0.0011431101,0.005,3
2024-07-08,17.58,17.96,17.52,17.75,4670578,0.013127853881278462,0.013127853881278462,0.009670079635950124,0.03017991874637249,0.023644752018454396,-0.04723564143853998,17.56,17.921,18.234666666666666,17.64399494954862,17.928689533743977,-0.284694584195357,-0.28732683469640974,0.0026322505010527575,-0.016039131503963775,0.0001482958028762117,46.5021490987711,17.921,0.618877591842,19.158755183684,16.683244816315998,0.1381346112029464,0.43092333514167064,0.42070972406077395,0.023701956285114026,24.544055468431658,20.26927234810805,24.574411203460432,51.428571428571345,42.666666666666565,787224450.0,786298144.35,0.2996405542073235,-1.7880521672729917,3.53205737799905,3307677.0,0.8328543556298132,1.4120417441001645,0.02478873239436627,-0.00954187824340158,-0.026579409183971836,0.0,7.0,0.005053340819764163,1.0,1285.34,1283.56,0.00040528744232437575,0.023115674021170873,-0.0055087667645487,0.1334432180253906,0.012722566438954086,0.007064244725201618,-0.04172687467399128,-0.04195801157365475,1.5569443185650877,0.8143011285195273,17.81,17.43,-0.02133632790567097,-0.005060909719900808,-0.016275418185770163,17.81,17.9,17.81,16.0,-0.10162829870859058,-0.02463597988074584,-0.07699231882784474,17.81,15.21,-0.14598540145985395,-0.07638786314553803,-0.06959753831431592,-0.0011431101,0.005,3
2024-07-09,17.81,18.02,17.67,17.9,2911032,0.008450704225352101,0.02168949771689488,0.02168949771689488,0.02696500286861725,0.02168949771689488,-0.04837852206273263,17.654000000000003,17.8755,18.222500000000004,17.683380341925755,17.926564383096274,-0.24318404117051884,-0.27849827599123156,0.03531423482071272,-0.013585700624051332,0.001972862280486744,49.25590334277937,17.8755,0.5824582659546441,19.040416531909287,16.71058346809071,0.13033666548172504,0.5105157748769539,0.4156590294850042,0.023221174831564485,23.289702189392713,20.081232693999926,23.096372146188678,59.99999999999984,49.904761904761784,790135482.0,786124687.05,0.2990325582040043,-1.7923275820724243,3.557165802748351,3216494.3,-0.19053369034943335,0.9050325380648118,0.019553072625698206,0.0013705910324186554,-0.01769790094663215,1.0,7.0,-0.021122846025569686,0.0,1286.33,1293.71,0.007907694225435469,0.018837760574583307,0.007240678599512496,0.13527212165285935,0.0005430099999166327,0.008127242294033943,-0.05561920066224513,-0.055219374916012254,1.5345856181918658,0.8328764818976505,17.99,17.4,-0.03279599777654252,-0.011107080281266057,-0.02168891749527646,17.99,17.61,17.99,16.08,-0.10617009449694281,-0.049213859536728966,-0.05695623496021385,17.99,15.44,-0.14174541411895492,-0.06583202760175055,-0.07591338651720436,-0.0011431101,0.005,3
2024-07-10,17.99,17.99,17.58,17.61,2581511,-0.016201117318435654,-0.007887323943661984,0.005136986301369939,0.0017064846416383617,0.010327022375215211,-0.07364544976328258,17.659999999999997,17.805500000000002,18.204,17.67209105855256,17.903115169533585,-0.23102411098102493,-0.26900344298919027,0.037979332008165334,-0.013118916012551104,0.002156691198646527,44.48804258681212,17.805500000000002,0.5196808230969098,18.84486164619382,16.766138353806184,0.11674613419379606,0.4059518884904349,0.4152548130932182,0.02358062538859842,22.371719573865146,18.665010112976145,23.015610619060716,44.70588235294108,52.044817927170755,787553971.0,785572200.1,0.2988058461252155,-1.6009091186486175,2.9783523540449157,3095615.75,-0.33124469603320456,0.8339248823113786,0.023282226007950036,-0.010979753446968776,-0.03263019116677657,2.0,7.0,-0.011884550084889645,0.0,1295.57,1285.94,-0.006005982793670928,0.007119082116145314,-0.010959936624647115,0.1294026080788106,-0.010195134524764726,-0.005412597474506953,-0.06268551313863546,-0.06338015562757393,1.5406567025820568,0.834881452685142,17.67,16.7,-0.05489530277306187,-0.01741097015040971,-0.03748433262265216,17.67,17.46,17.67,16.17,-0.08488964346349748,-0.040793407376427115,-0.04409623608707036,17.67,15.56,-0.11941143180531977,-0.05828957355515285,-0.061121858250166916,-0.0011431101,0.005,3
2024-07-11,17.67,17.75,17.46,17.46,1899760,-0.008517887563884052,-0.024581005586592042,-0.016338028169014085,-0.003424657534246478,0.001721170395869276,-0.07472178060413359,17.648,17.735,18.174666666666667,17.63946166492909,17.87029182364221,-0.2308301587131183,-0.2613687861339759,0.03053862742085761,-0.013220513099262216,0.0017490622806905847,42.21200613985179,17.735,0.4598684022286887,18.654736804457375,16.815263195542624,0.10371996667125749,0.3505007091880799,0.40630804072941684,0.023270792710734067,21.843213683521725,17.713435658170564,23.951823749886234,39.35483870967745,48.02024035420612,785654211.0,785105857.9,0.2990242038853761,-1.587761813327778,2.9354541562730487,3009471.0,-0.7072870707392245,0.631260444111274,0.016609392898052643,-0.01550606146038902,-0.03932213337245982,3.0,7.0,-0.005119453924914641,0.0,1291.14,1283.8,-0.0016641522932641095,0.003054950034768522,-0.013607271553810585,0.12933074022722937,-0.006853735270619943,-0.006479607569015,-0.06111450905032301,-0.06195758270298013,1.5295268223858691,0.8294428643977619,17.58,16.85,-0.04152445961319662,-0.007885907346427135,-0.033638552266769484,17.58,17.49,17.58,16.23,-0.07679180887372006,-0.03999782028227339,-0.03679398859144667,17.58,15.32,-0.12855517633674618,-0.05935838451777642,-0.06919679181896976,-0.0011431101,0.005,3
2024-07-12,17.58,17.61,17.4,17.49,1798232,0.0017182130584190158,-0.006814310051107331,-0.022905027932960897,-0.00171232876712335,0.036137440758293726,-0.04321663019693667,17.642,17.6955,18.16783333333333,17.616467562632305,17.84212205892797,-0.22565449629566459,-0.2542259281663137,0.02857143187064909,-0.012901915168419932,0.0016335867278815946,42.84184405737115,17.6955,0.44425543861250466,18.58401087722501,16.80698912277499,0.10042224036902142,0.3843570713271306,0.39228603782017285,0.022429161682113945,21.513644204689754,17.036119849662594,24.128465449163112,54.700854700854535,46.25385858782435,787452443.0,785047501.55,0.28108223045408876,-2.0007763785829575,5.179449126485377,2781308.35,-0.7145705325270971,0.6465417615418297,0.012006861063464887,-0.01161312198016451,-0.03730953058060482,4.0,7.0,-0.005136986301369828,0.0,1284.57,1280.75,-0.002375759464090965,-0.0017848235440828253,0.0006562961458227434,0.11515407452136596,0.004093972522509981,7.249477695947526e-05,-0.04387292634275941,-0.04384415159505073,1.5773100598697785,0.7790721229230728,17.52,16.44,-0.06164383561643827,-0.01507623779338707,-0.0465675978230512,17.52,17.43,17.52,16.38,-0.06506849315068497,-0.03273007615992041,-0.03233841699076456,17.52,15.59,-0.11015981735159819,-0.0471132431043344,-0.06304657424726379,-0.0011431101,0.005,3
2024-07-15,17.52,17.58,17.34,17.43,2358476,-0.0034305317324184736,-0.001718213058419349,-0.010221465076660996,-0.01802816901408455,0.01160766105629718,-0.041781198460692726,17.578,17.6575,18.157500000000002,17.58778024530426,17.81159449900738,-0.22381425370312158,-0.24814359327367527,0.024329339570553693,-0.012840748921578977,0.0013958313006628626,41.85919877198708,17.6575,0.4320681598275782,18.521636319655155,16.793363680344843,0.09787753868386306,0.3683656763259379,0.3814084636901604,0.021882298547915114,21.371898014765623,16.27041117601186,24.16763760637091,49.5726495726495,47.87611432772716,785093967.0,785087631.95,0.2809300058761662,-2.0178685813722668,5.2402231611540495,2682821.6,-0.24407122490981042,0.8791028072831977,0.013769363166953439,-0.012884043607532147,-0.04006608839322612,0.0,7.0,-0.005145797598627766,0.0,1284.14,1279.82,-0.0007261370290845282,-0.002913771074199878,0.0039614989370631015,0.1141985907488554,-0.0027043947033339455,-0.015114397939884672,-0.04574269739775583,-0.04556220277987311,1.5818124353921739,0.782736625488448,17.49,16.0,-0.08519153802172663,-0.021974852474606843,-0.06321668554711979,17.49,17.4,17.49,16.26,-0.07032590051457954,-0.02824224565998612,-0.04208365485459342,17.49,15.73,-0.10062893081760993,-0.0409641183944871,-0.059664812423122826,-0.0011431101,0.005,3
2024-07-16,17.49,17.52,17.32,17.4,2327525,-0.001721170395869276,-0.005145797598627766,-0.003436426116838587,-0.027932960893854775,-0.001721170395869276,-0.05434782608695654,17.478,17.607499999999998,18.160833333333333,17.55889097679591,17.781106017599427,-0.2222150408035155,-0.24295788277964334,0.02074284197612783,-0.01277097935652388,0.0011921173549498754,41.34852526126257,17.607499999999998,0.3981519810323047,18.403803962064607,16.81119603793539,0.09045054233305232,0.3697105565932348,0.36845071628372034,0.021175328522052894,21.297044849574945,15.639568474127643,23.618324458090022,47.00854700854684,50.42735042735029,782766442.0,784888544.8,0.27636932167941214,-2.0197734352840393,5.4157463070941985,2676356.55,-0.2622067372456243,0.8696617795562405,0.011494252873563178,-0.011784750816413392,-0.04189418620658014,1.0,7.0,-0.04022988505747127,0.0,1282.83,1281.18,0.0010626494350769455,-0.00968532360420804,0.0013130128956624354,0.11351064887772708,-0.0027838198309462214,-0.018247637289646734,-0.055660838982618976,-0.05558785141686651,1.5032130472891663,0.7585496314065071,17.4,16.08,-0.07586206896551728,-0.04219054950352619,-0.033671519461991095,17.4,16.7,17.4,16.06,-0.07701149425287357,-0.03188784436305958,-0.04512364988981399,17.4,15.67,-0.09942528735632172,-0.04327136158996003,-0.05615392576636169,-0.0011431101,0.005,3
2024-07-17,17.4,17.4,16.35,16.7,5152434,-0.04022988505747127,-0.041881812966150345,-0.045168667810177254,-0.05167518455423059,-0.05005688282138787,-0.0938686923494303,17.296,17.521,18.153000000000002,17.426753903442695,17.701024090369838,-0.27427018692714356,-0.24922034360914339,-0.02504984331800017,-0.016423364486655302,-0.0014999906178443216,31.646890291776657,17.521,0.397980427976781,18.316960855953564,16.725039144046438,0.0908579254555748,-0.01572887903918429,0.4171328079777401,0.024978012453756894,23.16425457611548,12.827592016926596,35.9817660181456,20.958083832335223,39.17976013784385,777614008.0,784314883.4,0.30612751489401335,-1.556548436205635,2.519850696301459,2817025.7,1.624892001443385,1.8290333666462466,0.06287425149700582,-0.04685805604702942,-0.0800418663581779,2.0,7.0,-0.0017772511848339612,0.0,1286.07,1268.66,-0.009772241215129762,-0.013437640947478124,-0.008696739308792778,0.11877776320344365,-0.03045764384234151,-0.03823754360675247,-0.08517195304063752,-0.08591916966080548,1.6706339076748042,0.7872738303971923,16.88,16.17,-0.04206161137440745,-0.0255556866910579,-0.01650592468334955,16.88,16.85,16.88,16.23,-0.038507109004739304,-0.01529564498996816,-0.023211464014771144,16.88,15.65,-0.07286729857819896,-0.031936740233683536,-0.04093055834451542,-0.0011431101,0.005,3
2024-07-18,16.88,16.9,16.35,16.85,3570611,0.008982035928143839,-0.03160919540229867,-0.0332759609868043,-0.034936998854524615,-0.03824200913242004,-0.08274360370168754,17.174,17.445,18.144833333333334,17.33802253368228,17.637985268860962,-0.29996273517868133,-0.259368821923051,-0.04059391325563033,-0.017801942740574558,-0.0024091343178415624,35.157806814199475,17.445,0.3715755926491711,18.18815118529834,16.70184881470166,0.08519933336753698,0.09967768889372519,0.4266233216936156,0.025318891495170064,24.89809217933169,11.646360027662315,32.66837617890128,29.940119760479075,32.63558353378704,781184619.0,784023796.3,0.3099700989708002,-1.5836147404269698,2.4796523840091536,2891512.5,0.4730044076019548,1.234859264831122,0.03264094955489597,-0.03410719403840634,-0.07136099348758596,3.0,7.0,-0.024332344213649826,0.0,1270.95,1274.44,0.0045559882080306036,-0.007290855273407004,-0.0061296108554939055,0.1198173244158505,0.004426047720113235,-0.02764614358111761,-0.07661399284619363,-0.077086503112484,1.7046005455476856,0.7900177497615337,16.85,16.23,-0.03679525222551938,-0.033004516655165905,-0.003790735570353476,16.85,16.44,16.85,16.32,-0.03145400593471814,-0.03788971833636534,0.006435712401647198,16.85,15.47,-0.08189910979228487,-0.04055579951069577,-0.04134331028158911,-0.0011431101,0.005,3
2024-07-19,16.85,16.88,16.41,16.44,2604932,-0.024332344213649826,-0.015568862275448958,-0.055172413793103336,-0.06003430531732401,-0.06164383561643827,-0.10797612588171446,16.964000000000002,17.345499999999998,18.134666666666664,17.199865220808086,17.549245619315705,-0.3493803985076198,-0.27737113723996476,-0.07200926126765506,-0.021251849057641107,-0.004380125381244225,30.54025141067241,17.345499999999998,0.36019694905039873,18.065893898100796,16.6251061018992,0.08306406827140167,-0.12847561756644515,0.42972165585835725,0.026138786852698128,26.50808423946103,10.736503755688254,30.11620306292494,5.389221556886225,18.76247504990017,778579687.0,783454147.6,0.3166521133347258,-1.318261614975192,1.5721466017956331,2873444.1,-0.1868566135378921,0.9065539155607725,0.028588807785888005,-0.052203741604450515,-0.09344901110212467,4.0,7.0,-0.02676399026763998,0.0,1275.28,1264.78,-0.007579799755186634,-0.012469256295139619,-0.01344752811968608,0.1225843699527147,-0.016752544458463192,-0.04756504902218439,-0.09452859776202838,-0.09581710092101048,1.739707171935866,0.7920256439904703,16.44,16.38,-0.0036496350364965124,-0.015308144789205946,0.011658509752709434,16.44,16.0,16.44,16.35,-0.005474452554744547,-0.019676237890631332,0.014201785335886785,16.44,15.94,-0.030413625304136382,-0.007285440218166905,-0.023128185085969477,-0.0011431101,0.005,3
2024-07-22,16.44,16.44,15.91,16.0,4952844,-0.02676399026763998,-0.05044510385756684,-0.041916167664670656,-0.08204245553643141,-0.09859154929577463,-0.07727797001153403,16.678,17.2785,18.106333333333332,17.015270571452994,17.43448668455158,-0.4192161130985852,-0.30574013241168885,-0.11347598068689635,-0.026201007068661575,-0.007092248792931022,26.515462968722588,17.2785,0.46935874507555575,18.217217490151114,16.339782509848888,0.1086572897127775,-0.1809823048008781,0.4368843947256175,0.027305274670351095,28.67780298823685,9.806158425499449,35.681325550963614,4.2654028436018905,13.198248053655727,773626843.0,782984110.25,0.2596309300400716,-0.7881878713813893,-0.07630421062952684,2773832.75,1.83535067404527,1.7855597097553917,0.03312500000000007,-0.07399369158202396,-0.11633130212264575,0.0,7.0,0.001245330012453305,1.0,1261.42,1254.64,-0.008017204573127268,-0.01967464174649547,0.00041463336841784937,0.09853400633410221,-0.018746785694512713,-0.062367813789935944,-0.07769260337995187,-0.0776604027855522,1.7747704980648433,0.7758928915869072,16.06,16.26,0.012453300124533273,-0.008052708638360273,0.020506008762893546,16.06,16.08,16.06,15.21,-0.052926525529265134,-0.05462632885606988,0.0016998033268047497,16.06,16.06,0.0,0.003899038767585461,-0.003899038767585461,-0.0011431101,0.005,3
2024-07-23,16.06,16.41,16.06,16.08,3266828,0.004999999999999893,-0.021897810218978297,-0.04569732937685478,-0.07586206896551728,-0.10167597765363134,-0.08219178082191791,16.414,17.2065,18.082333333333334,16.871382791229458,17.33415433754776,-0.46277154631830086,-0.33714641519301125,-0.1256251311252896,-0.028779325019794834,-0.007812508154557812,28.363981808577847,17.2065,0.5360702526623052,18.27864050532461,16.134359494675387,0.12462040569838279,-0.0253509192150753,0.43496408081664484,0.02705000502591075,30.69254182638582,9.145919186088125,33.278936131912786,8.056872037914607,5.903832146134236,776893671.0,782534487.65,0.2563921612332506,-0.7934661948546087,-0.00292477620760734,2794247.5,0.39636773426646077,1.1691262137659602,0.021766169154228947,-0.06546944468660099,-0.11073423415119743,1.0,7.0,0.005597014925373456,1.0,1256.72,1231.81,-0.018196454759931258,-0.038534788242089446,-0.019696632074871046,0.11748248609062567,0.02319645475993115,-0.037327280723427836,-0.06249514874704687,-0.06375082529739917,1.5623008717147142,0.7203395517013758,16.08,16.06,-0.0012437810945273853,0.015960832313341555,-0.01720461340786894,16.08,16.17,16.08,15.44,-0.03980099502487555,-0.01241942064463486,-0.027381574380240692,16.08,16.2,0.007462686567164312,0.03839249286005719,-0.03092980629289288,-0.0011431101,0.005,3
2024-07-24,16.08,16.35,15.82,16.17,3614241,0.005597014925373456,0.010625000000000107,-0.01642335766423353,-0.031736526946107624,-0.08177172061328775,-0.07228915662650592,16.308,17.1435,18.06133333333333,16.763477746424925,17.247920682914593,-0.48444293648966763,-0.36660571945234255,-0.11783721703732508,-0.029959365274562003,-0.007287397466748613,30.48262816034058,17.1435,0.5806101599995399,18.304720319999078,15.98227968000092,0.1354706238514981,0.0808288990323692,0.44175236075831315,0.027319255458151708,32.84345760968974,8.362135329012029,34.30765791220175,15.90909090909098,9.410455263535821,780507912.0,782410586.4,0.2586672248237589,-0.8700027217006059,0.016214778217101645,2829950.25,0.6502017250973268,1.2771394126098152,0.03277674706246141,-0.05678537054860433,-0.10471725970766255,2.0,7.0,0.007448789571694592,1.0,1225.5,1238.47,0.005406677977934926,-0.023796761937792676,-0.018053661476007732,0.11852082632989017,0.0001903369474385297,-0.007939765008314947,-0.05423549515049819,-0.05523264665564309,1.5696030717419682,0.7244332351515071,16.11,16.23,0.007448789571694592,0.01507802614930398,-0.0076292365776093884,16.11,16.23,16.11,15.56,-0.03414028553693349,-0.013820848068001101,-0.02031943746893239,16.11,16.41,0.01862197392923659,0.041470655030334314,-0.022848681101097723,-0.0011431101,0.005,3
2024-07-25,16.11,16.26,15.94,16.23,1355897,0.0037105751391464104,0.00932835820895539,0.014375000000000027,-0.03679525222551938,-0.07044673539518898,-0.0688468158347676,16.183999999999997,17.0835,18.043166666666664,16.681404246974935,17.172519150846846,-0.49111490387191026,-0.3915075563362561,-0.09960734753565414,-0.03025969832852189,-0.006137236447052012,31.928030560237147,17.0835,0.6106706839291381,18.304841367858277,15.862158632141725,0.1429849115062225,0.15058908898800186,0.43305576356129094,0.026682425358058592,34.8407365513291,7.9207729505641105,32.49686331257693,18.636363636363647,14.20077552778974,781863809.0,782354480.0,0.2596887213866275,-0.8929585279633748,0.012318766141489279,2834832.95,-1.2327446751807998,0.4782987300891927,0.019716574245225018,-0.04996048819035914,-0.10049049039802682,3.0,7.0,0.0018348623853210455,1.0,1232.92,1233.19,-0.004263324908960198,-0.03236715733969431,-0.02057041196419629,0.11910238522762136,0.007973900048106608,-0.0044280948858250735,-0.048276403870571305,-0.04929032618606832,1.5744942496886734,0.7260898037986925,16.35,16.32,-0.0018348623853211565,-0.0066790262384534005,0.004844163853132244,16.35,16.38,16.35,15.32,-0.06299694189602456,-0.02176957764266818,-0.04122736425335638,16.35,16.29,-0.003669724770642313,0.038511670080391136,-0.04218139485103345,-0.0011431101,0.005,3
2024-07-26,16.35,16.41,16.2,16.38,2441349,0.009242144177449063,0.01298701298701288,0.018656716417910557,-0.0036496350364965124,-0.0634648370497427,-0.02962085308056872,16.172,17.058500000000002,18.025166666666667,16.635034362824946,17.113814028561894,-0.47877966573694763,-0.40896197821639446,-0.06981768752055317,-0.029229527822768477,-0.004262374085503857,35.5365863054644,17.058500000000002,0.6293879650313241,18.31727593006265,15.799724069937355,0.1475834252792036,0.2304921456647827,0.4171232090211988,0.025465397376141567,35.98499014732773,10.204551356003272,31.328256677543393,25.454545454545404,20.000000000000004,784305158.0,782643548.1,0.24077945020294558,-1.1645391802562297,1.0722606327596558,2733793.35,-0.2567543627023274,0.8930261681995825,0.012820512820512874,-0.03977489228244002,-0.09127053841388433,4.0,7.0,-0.012750455373406022,0.0,1235.21,1242.11,0.00723327305605781,-0.017924065845443482,-0.0025776507243118196,0.11645480994394654,0.0020088711213912536,0.01427443080894697,-0.0270432023562569,-0.027113090433451004,1.5696139634819213,0.7269869512002832,16.47,16.35,-0.007285974499089076,-0.008904312700868111,0.0016183382017790349,16.47,16.26,16.47,15.59,-0.05343047965998782,-0.019291341738064127,-0.03413913792192369,16.47,16.35,-0.007285974499089076,0.030143222383406387,-0.037429196882495464,-0.0011431101,0.005,3
2024-07-29,16.47,16.49,16.08,16.26,2072310,-0.007326007326007189,0.001848428835489857,0.005565862708719838,0.016250000000000098,-0.06712564543889832,-0.05629715612304109,16.224,17.009999999999998,17.997333333333337,16.577336768544185,17.050568544964715,-0.4732317764205298,-0.42181593785722155,-0.05141583856330828,-0.029104045290315485,-0.003162105692700386,33.984483625345035,17.009999999999998,0.6524286611536105,18.31485732230722,15.705142677692777,0.1534223776963223,0.21261225760918354,0.4166144083768275,0.025622042335598245,37.225070092084216,9.487227208261595,31.183452475451016,20.276497695852612,21.455802262253883,782232848.0,782740429.15,0.22677388286958278,-1.2869036967922864,1.2037305420927413,2748837.3,-0.5999954803777419,0.7538860157347255,0.02521525215252153,-0.044091710758377256,-0.09653281967698923,0.0,7.0,-0.01047443006777582,0.0,1247.71,1246.6,0.0036148167231566664,-0.006408212714404282,-0.006344853972707565,0.1139509339458055,-0.010940824049163855,0.02265821271440438,-0.04995230215033353,-0.05027126599207643,1.5476019937887249,0.7058895454351232,16.23,15.21,-0.06284658040665436,-0.04743311177569498,-0.015413468630959382,16.23,16.06,16.23,15.73,-0.030807147258163914,-0.013590115696383243,-0.01721703156178067,16.23,16.17,-0.003696857670979603,0.026290259214419187,-0.02998711688539879,-0.0011431101,0.005,3
2024-07-30,16.23,16.32,16.0,16.06,1800311,-0.012300123001230179,-0.019536019536019578,-0.01047443006777582,-0.0012437810945273853,-0.07701149425287357,-0.07860011474469308,16.22,16.941499999999998,17.966666666666665,16.497746496460465,16.977193097189552,-0.4794466007290872,-0.4333420704315947,-0.04610453029749251,-0.02985346206283233,-0.002870767764476495,31.514001443805526,16.941499999999998,0.6774509110201729,18.296401822040345,15.586598177959653,0.15995063271143006,0.17469967725316451,0.40971337920705414,0.025511418381510224,38.49336067523609,8.957952552801004,30.838489231010996,12.435233160621683,19.388758770339894,780432537.0,782630546.75,0.2224737426225561,-1.159647574987765,0.9671722933949464,2722104.95,-0.8056940901569452,0.6613672261240331,0.019925280199252823,-0.05203199244458867,-0.10612244897959178,1.0,7.0,0.007448789571694592,1.0,1247.23,1245.06,-0.001235360179688727,0.01075652901015589,-0.019475661329826255,0.10405580935532513,-0.011064762821541452,-0.012000310104683276,-0.05912445341486683,-0.060298812668998836,1.5661591576426186,0.7085370255397551,16.11,15.44,-0.04158907510862819,-0.029796785442302354,-0.01179228966632584,16.11,16.23,16.11,15.67,-0.027312228429546836,-0.01365184977353795,-0.013660378656008887,16.11,16.06,-0.0031036623215394687,0.026542145977794585,-0.029645808299334053,-0.0011431101,0.005,3
2024-07-31,16.11,16.52,16.08,16.23,2274098,0.010585305105853093,-0.0018450184501845879,-0.009157509157509125,0.0037105751391464104,-0.028143712574850266,-0.07679180887372006,16.232,16.874000000000002,17.9285,16.45655472777424,16.921845460360696,-0.4652907325864568,-0.43973180286256713,-0.02555892972388968,-0.028668560233299865,-0.001574795423529863,35.78695271110328,16.874000000000002,0.6777392760610433,18.22947855212209,15.518521447877916,0.16065883040441936,0.2624455219185211,0.41330528069226463,0.025465513289726717,38.71660493021459,11.702264698865877,28.3868761171775,22.905027932960913,18.538919596478397,782706635.0,782546821.85,0.2240654327236044,-1.1356494025569517,0.915751228982895,2748262.45,-0.42089094036912283,0.8274675513614065,0.027110289587184304,-0.03816522460590266,-0.09473742923278572,2.0,7.0,-0.0018348623853211565,0.0,1247.45,1251.51,0.005180473230205873,0.010529120608492759,-0.019845714061949238,0.10374857521674315,0.00540483187564722,-0.006818545469346349,-0.05694609481177082,-0.05809911319958261,1.5579125617617688,0.7349527075289409,16.35,15.56,-0.04831804281345575,-0.030854701535959816,-0.017463341277495936,16.35,16.32,16.35,15.65,-0.042813455657492394,-0.019313082361568368,-0.023500373295924026,16.35,16.17,-0.011009174311926606,0.02140141400776363,-0.03241058831969024,-0.0011431101,0.005,3
2024-08-01,16.35,16.76,16.06,16.32,6719584,0.005545286506469571,0.016189290161892966,0.0036900369003689537,0.005545286506469571,-0.03145400593471814,-0.06849315068493145,16.25,16.814,17.891000000000002,16.435546308116663,16.877264315148793,-0.4417180070321294,-0.4401290436964796,-0.0015889633356497845,-0.02706605435245891,-9.736294948834464e-05,37.992658243282655,16.814,0.6706195093462074,18.155239018692416,15.472760981307585,0.15953836311316943,0.31584192186654203,0.43378347492853164,0.026579869787287477,37.90979544947049,14.30534329592048,25.114866259972295,28.409090909090942,21.249784000891175,789426219.0,782890439.2,0.22656145440083533,-1.1862756347801349,0.9123036086729805,2992878.6,2.640723540333931,2.2451909676523463,0.04289215686274527,-0.029380278339478982,-0.08780951316304297,3.0,8.0,0.007393715341959428,1.0,1254.59,1226.96,-0.019616303505365473,-0.005051938468524697,-0.04135511645532042,0.12206029867266188,0.025161590011835044,0.010597224974994268,-0.02713803422961103,-0.028308745704943017,1.3593293531329025,0.6762047563018434,16.23,15.32,-0.05606900800985826,-0.0060460486809743585,-0.0500229593288839,16.23,16.35,16.23,15.47,-0.04682686383240908,0.006490248175902824,-0.05331711200831191,16.23,16.0,-0.014171287738755423,0.054126531048722004,-0.06829781878747743,-0.0011431101,0.005,3
2024-08-02,16.23,16.93,15.79,16.35,3882408,0.0018382352941177516,0.007393715341959428,0.018057285180572924,-0.001831501831501714,-0.005474452554744547,-0.0667808219178081,16.244,16.7555,17.8495,16.422385337637177,16.838207699211846,-0.41582236157466923,-0.43526770727211755,0.019445345697448324,-0.025432560340958362,0.0011893177796604478,38.74793894411438,16.7555,0.6566780433603198,18.06885608672064,15.442143913279361,0.1567671614360227,0.3456245019534249,0.4842275124336366,0.02961636161673618,37.722085179569184,11.899730978421807,24.874284612696083,32.369942196531916,27.894687012861255,793308627.0,783428176.95,0.22702547254293617,-1.1983104690650401,0.9148355567043661,3112748.05,0.5585957093678441,1.247260599841995,0.06972477064220187,-0.02420100862403385,-0.08400795540491313,4.0,8.0,-0.05586592178770944,0.0,1215.67,1236.6,0.007856816848144987,-0.004436000032203236,-0.036195286195286225,0.1261573698324969,-0.006018581554027236,0.0026044982007015216,-0.030585535722521873,-0.03173416282825847,1.3609825311534396,0.6881917080093292,16.11,15.59,-0.0322780881440099,0.0037652270210410954,-0.03604331516505099,16.11,15.21,16.11,15.94,-0.01055245189323406,0.027217915590008745,-0.037770367483242806,16.11,16.08,-0.0018621973929237035,0.05317255239735852,-0.05503474979028222,-0.0011431101,0.005,3
2024-08-05,16.11,16.23,15.21,15.21,7589832,-0.06972477064220184,-0.06801470588235292,-0.06284658040665436,-0.06457564575645758,-0.04937499999999995,-0.14309859154929572,16.034000000000002,16.6285,17.789499999999997,16.235864516462225,16.71759972149245,-0.48173520503022615,-0.4445612068237393,-0.03717399820648687,-0.03167226857529429,-0.002444049849210182,25.85844317455509,16.6285,0.6985042289740966,18.02550845794819,15.231491542051806,0.16802579402209372,-0.007691987091964467,0.5310684044026626,0.034915739934428834,38.4739537633351,10.075148521766161,28.86130335450805,0.0,20.25967770187428,785718795.0,783352894.2,0.31908706028257805,-1.8721145733876088,3.899117396722852,3258710.75,2.586828751988817,2.3290904232601806,0.06706114398422088,-0.08530534924978184,-0.14500126479102826,0.0,8.0,-0.0019392372333549845,0.0,1219.05,1188.07,-0.039244703218502375,-0.046951708647521184,-0.0743946523730874,0.18273729767724822,-0.030480067423699464,-0.017623937108936394,-0.06870393917620832,-0.07422595315849567,1.4684768006915732,0.7690985670899343,15.47,15.73,0.01680672268907557,0.027356536842808366,-0.010549814153732795,15.47,15.44,15.47,16.06,0.03813833225597918,0.05352728973211285,-0.015388957476133669,15.47,15.65,0.011635423400129241,0.06536842808470844,-0.0537330046845792,-0.0011431101,0.005,3
2024-08-06,15.47,15.5,14.77,15.44,4475116,0.01512163050624582,-0.05565749235474016,-0.05392156862745101,-0.038605230386052236,-0.03980099502487555,-0.13743016759776527,15.910000000000002,16.5055,17.735333333333333,16.113423821621883,16.6229627050856,-0.5095388834637191,-0.45755674215173525,-0.051982141311983865,-0.0330012230222616,-0.0033667189968901467,30.85591144951728,16.5055,0.6791440045729114,17.863788009145825,15.147211990854178,0.16458610876929794,0.10777832358615354,0.5452778040881867,0.03531591995389811,39.69207153200884,9.111700117806262,31.865178283591852,31.018518518518515,21.129486905016805,790193911.0,783355815.65,0.32434356729217934,-1.7854674129930168,3.6519876808840617,3336914.95,0.6720522236637428,1.3410938148123912,0.04727979274611402,-0.06455423949592576,-0.12942149381648693,1.0,8.0,0.005817711700064621,1.0,1197.52,1210.28,0.018694184686087523,-0.027934396735900258,-0.06448895038300706,0.19546624495912485,-0.0035725541798417026,-0.010670833650151978,-0.07294121721475821,-0.07796938074074167,1.4385430743434582,0.772364367099235,15.47,15.67,0.012928248222365823,0.011060347094399292,0.0018679011279665314,15.47,15.56,15.47,16.2,0.047188106011635256,0.04567939784380748,0.001508708167827777,15.47,15.38,-0.005817711700064621,0.04211313436760444,-0.047930846067669064,-0.0011431101,0.005,3
2024-08-07,15.47,15.56,15.12,15.56,3230353,0.007772020725388629,0.023011176857330673,-0.04831804281345575,-0.04128157732593962,-0.03772418058132354,-0.11641113003975012,15.776,16.403,17.68316666666666,16.028281695218517,16.544224726931112,-0.5159430317125953,-0.46923400006390725,-0.046709031648688004,-0.033158292526516406,-0.0030018657871907456,33.37902850645801,16.403,0.6580441514542328,17.719088302908464,15.086911697091534,0.1604692193999226,0.17973273596573047,0.5377579609390306,0.03456028026600454,40.598352496200164,9.376138249665656,30.002858979157466,36.57407407407411,22.53086419753087,793424264.0,783649330.3,0.3266357741277543,-1.915243379317321,3.992919919713904,3369357.05,-0.08251562429977695,0.9587446364581634,0.02827763496143967,-0.051393037858928126,-0.12006710713578794,2.0,8.0,-0.013522215067610976,0.0,1216.96,1215.88,0.004627028456225091,-0.02846960871267501,-0.054481546572934914,0.19711820836015825,0.003144992269163538,-0.012811968613264613,-0.06192958346681521,-0.06549801671490307,1.4595126116716781,0.7771374700146358,15.53,15.65,0.007726980038635034,0.015290923644405652,-0.007563943605770618,15.53,15.32,15.53,16.41,0.056664520283322695,0.05959581789524937,-0.0029312976119266754,15.53,15.59,0.003863490019317517,0.05126956751359524,-0.04740607749427772,-0.0011431101,0.005,3
2024-08-08,15.53,15.53,15.12,15.32,3528092,-0.015424164524421635,-0.007772020725388518,0.007232084155160967,-0.06127450980392157,-0.05606900800985826,-0.12256586483390608,15.575999999999999,16.296,17.620166666666666,15.919315280569514,16.453541413825103,-0.53422613325559,-0.4822324267022438,-0.051993706553346175,-0.034871157523210836,-0.003393845075283693,30.94675640285317,16.296,0.6510752240474105,17.59815044809482,14.993849551905178,0.1598122788530708,0.12523531692210116,0.5307752494433857,0.03464590401066486,41.4398991058064,8.820952922141807,28.22631231938638,25.462962962962994,31.018518518518537,789896172.0,783861428.35,0.32826847740541876,-1.836632392082026,3.6934945282761973,3450773.65,0.046894203995585935,1.0224060914572013,0.026762402088772855,-0.05989199803632783,-0.13054170883741167,3.0,8.0,0.009715025906735786,1.0,1211.83,1208.32,-0.006217718853834375,-0.015192019299732795,-0.05879420470478269,0.1974562077361005,-0.00920644567058726,-0.04608249050418878,-0.06377166012912339,-0.06775527780204627,1.4470193500527762,0.7720369144567809,15.44,15.47,0.0019430051813471572,0.006796675717929634,-0.004853670536582477,15.44,15.59,15.44,16.29,0.055051813471502564,0.05552538467868007,-0.00047357120717750334,15.44,15.7,0.01683937823834203,0.043141611124825285,-0.026302232886483257,-0.0011431101,0.005,3
2024-08-09,15.44,15.59,15.21,15.59,3707181,0.01762402088772852,0.001928020565552746,0.009715025906735786,-0.046483180428134596,-0.04822954822954817,-0.10863350485991985,15.424000000000001,16.201,17.561666666666667,15.868651391251127,16.38957538317139,-0.5209239919202631,-0.4899707397458477,-0.030953252174415358,-0.03341398280437864,-0.001985455559616123,36.54843290631412,16.201,0.6046477878636349,17.41029557572727,14.991704424272731,0.1492865348715845,0.24737358993786687,0.5200055887688582,0.033355073044827335,41.971723353021304,9.184690481173973,26.75297668703547,37.962962962962976,33.33333333333336,793603353.0,784168973.85,0.3381330443234692,-1.7252445463806043,3.3061460659117063,3546221.1,0.10043092575518792,1.0453891326742148,0.02437459910198839,-0.037713721375223774,-0.11227104488943729,4.0,8.0,0.0019108280254778176,1.0,1215.3,1223.64,0.012678760593220373,-0.01048034934497799,-0.04459105992582468,0.20511991447933017,0.004945260294508147,-0.036002831083156606,-0.06404244493409517,-0.06703144826038898,1.4528329575381393,0.7779135085355698,15.7,15.94,0.015286624203821653,0.021436437048819368,-0.006149812844997715,15.7,15.73,15.7,16.35,0.04140127388535042,0.048427749908234397,-0.007026476022883976,15.7,15.62,-0.005095541401273884,0.023883518903707213,-0.028979060304981097,-0.0011431101,0.005,3
2024-08-12,15.7,15.76,15.53,15.73,1811373,0.008980115458627314,0.026762402088772896,0.010925449871465265,0.03418803418803407,-0.032595325953259646,-0.09753298909925412,15.528,16.116,17.507833333333334,15.847320407981723,16.340717947380917,-0.4933975393991936,-0.4906560996765169,-0.0027414397226767084,-0.03136665857591822,-0.00017428097410532157,39.29813067849894,16.116,0.5386767412641045,17.19335348252821,15.03864651747179,0.13369986132144576,0.3208573108734106,0.4992909038567969,0.031741316201957845,41.77005889237092,11.314499701514631,25.872701911278835,44.44444444444448,35.95679012345681,795414726.0,784685011.8,0.3419938752972266,-1.745764421623509,3.2586418314994487,3518865.95,-1.048510653298221,0.5147604443414504,0.014621741894469194,-0.02395135269297588,-0.10154502270412291,0.0,8.0,-0.005710659898477188,0.0,1225.95,1230.28,0.0054264326108985905,0.03552820961727843,-0.0387085683924302,0.20686068971252286,0.003553682847728723,-0.0013401754292443613,-0.05882442070682392,-0.06119311872826294,1.46387750199703,0.7826355880274225,15.76,16.06,0.019035532994923887,0.025865784145518322,-0.006830251150594435,15.76,15.67,15.76,16.17,0.026015228426396142,0.04082744488986112,-0.014812216463464978,15.76,15.47,-0.0184010152284263,0.01907611744903681,-0.03747713267746311,-0.0011431101,0.005,3
2024-08-13,15.76,16.0,15.59,15.67,2575525,-0.00381436745073116,0.005131494547786941,0.022845953002611052,0.014896373056994872,-0.024283935242839227,-0.09942528735632172,15.574000000000002,16.029500000000002,17.44766666666667,15.820040345215304,16.29103513646381,-0.47099479124850774,-0.4867238379909151,0.015729046742407382,-0.03005710218560994,0.0010037681392729664,38.52754341629894,16.029500000000002,0.45386614071131093,16.937232281422624,15.121767718577381,0.1132577162634669,0.30197905959861604,0.49291298215274004,0.03145583804420805,40.683916170657625,14.120131849204393,24.335512623498268,41.66666666666668,41.35802469135805,792839201.0,785188649.75,0.3418172052962557,-1.732450023085805,3.2308706513820273,3531265.95,-0.5900122775993748,0.7293489180558603,0.026164645820038298,-0.022427399482204846,-0.10188563895840919,1.0,8.0,-0.008866371120962557,0.0,1229.81,1230.42,0.00011379523360544042,0.01664077734078062,-0.03961972556549431,0.20670840439756727,-0.0039281626843366,-0.0017444042837857499,-0.05980556179082741,-0.062272792749770156,1.4628486281917779,0.7901980624066199,15.79,16.2,0.02596580113996194,0.03149063791845652,-0.0055248367784945795,15.79,15.65,15.79,16.06,0.017099430018999273,0.037983302261489715,-0.020883872242490442,15.79,15.47,-0.020265991133628813,0.018359406662883826,-0.03862539779651264,-0.0011431101,0.005,3
2024-08-14,15.79,15.79,15.32,15.65,2942993,-0.0012763241863432695,-0.005085823267641398,0.0038486209108403724,0.005784061696658016,-0.03573629081947016,-0.06287425149700587,15.592000000000002,15.976999999999999,17.391166666666667,15.793880292105257,16.24355105228131,-0.44967076017605123,-0.4793132224279424,0.029642462251891155,-0.02873295592179241,0.0018940870448492751,38.258242163471294,15.976999999999999,0.4324483540809677,16.841896708161933,15.112103291838062,0.10826772337259001,0.3109600852251291,0.4912763405704014,0.0313914594613675,40.193338816972975,13.15523091942557,26.598177060975413,40.740740740740776,42.28395061728398,789896208.0,785802759.75,0.3155168289580689,-2.2043800997983065,6.061283811239725,3420793.9,-0.3027327162026994,0.8603245579922252,0.030031948881789065,-0.020466921199223775,-0.10011787593318444,2.0,8.0,-0.007697241821680523,0.0,1233.7,1230.36,-4.8763836738796584e-05,0.011909069974010311,-0.03018933362760723,0.2046922263901845,-0.001227560349604473,-0.006125008277352295,-0.032684917869398644,-0.03370236996016718,1.4652761452118215,0.7892263623043966,15.59,16.41,0.05259781911481731,0.04345105559979845,0.009146763515018863,15.59,15.47,15.59,16.17,0.03720333547145627,0.041330104503567444,-0.004126769032111177,15.59,15.23,-0.02309172546504168,0.017170765005119604,-0.04026249047016128,-0.0011431101,0.005,3
2024-08-15,15.59,15.59,15.29,15.47,2648696,-0.011501597444089406,-0.01276324186343325,-0.016528925619834656,0.009791122715404832,-0.05208333333333326,-0.08189910979228487,15.622,15.908000000000001,17.326666666666664,15.744052554858294,16.186250974334545,-0.4421984194762505,-0.471890261837604,0.029691842361353527,-0.028584254652634162,0.0019193175411346816,35.830790253952586,15.908000000000001,0.39422942825876595,16.696458856517534,15.119541143482468,0.09912733926546803,0.22224295765123356,0.4818994591010871,0.031150579127413515,39.7930107175877,12.453264232991593,25.62356005058188,32.407407407407455,38.27160493827163,787247512.0,786105904.4,0.31352971615377706,-2.091344273981219,5.741455716930904,3374698.15,-0.45743221584961075,0.7848690111736364,0.01939237233354885,-0.02753331657027913,-0.10715659869180438,3.0,8.0,0.022450288646568284,1.0,1230.58,1223.56,-0.0055268376735264635,0.012612552966101642,-0.03992341734408844,0.20389478519976173,-0.005974759770562943,-0.0028214302506968103,-0.04197569244819643,-0.04372119183667289,1.4620172879530142,0.7855404214833798,15.59,16.29,0.04490057729313657,0.04437949310819289,0.0005210841849436765,15.59,15.94,15.59,16.0,0.026298909557408656,0.043312952363893986,-0.01701404280648533,15.59,14.88,-0.04554201411160996,0.008947544106751693,-0.054489558218361656,-0.0011431101,0.005,3
2024-08-16,15.59,16.0,15.5,15.94,4910768,0.030381383322559685,0.018530351437699544,0.01723037651563497,0.022450288646568284,-0.02507645259938851,-0.030413625304136382,15.691999999999998,15.883000000000001,17.282833333333333,15.774198315649326,16.168010161420874,-0.39381184577154826,-0.4562745786243929,0.06246273285284465,-0.02470588743861658,0.003918615611847218,45.54625181623109,15.883000000000001,0.3740545977597839,16.631109195519567,15.134890804480433,0.09420250525965712,0.5380960428914475,0.485335212022438,0.030447629361508032,38.01127068682731,17.516005127529702,23.624869765363897,54.166666666666664,42.4382716049383,792158280.0,786784834.05,0.32652067428140247,-1.966888823056694,5.997494717811334,3489989.95,0.8814728575282635,1.407100900104311,0.03136762860727729,0.0035887426808536294,-0.07769752258985307,4.0,8.0,0.00374999999999992,1.0,1228.27,1252.23,0.023431625747817986,0.02336471511228777,-0.009922674299087553,0.22150424111122274,0.0069497575747416995,-0.0009144264657194867,-0.02049095100504883,-0.02069631378593839,1.416736814826784,0.7910016484314899,16.0,16.35,0.02187500000000009,0.020613645026045013,0.0012613549739550756,16.0,16.06,16.0,16.08,0.004999999999999893,0.019462266548087914,-0.01446226654808802,16.0,14.88,-0.06999999999999995,-0.0003255621903187622,-0.06967443780968119,-0.0011431101,0.005,3
2024-08-19,16.0,16.17,15.97,16.06,3405226,0.007528230865746499,0.03813833225597918,0.02619808306709248,0.020979020979020824,0.05588428665351719,0.00374999999999992,15.758,15.886000000000001,17.2385,15.818167805549429,16.16000940872303,-0.34184160317360224,-0.4333879835342348,0.09154638036063256,-0.021285280396861908,0.005700272749728055,47.722553916808415,15.886000000000001,0.3752809473896253,16.636561894779252,15.13543810522075,0.09449350305668525,0.6159131586683955,0.46709698259226407,0.02908449455742616,35.852557226576,19.499582002214105,22.793944122733958,59.72222222222218,48.76543209876544,795563506.0,787881667.2,0.3135330029923102,-2.3816500385890755,8.442561655828166,3412609.05,-0.004688790305572247,0.9978365380001557,0.012453300124533068,0.010953040412942094,-0.06836441685761518,0.0,8.0,0.012499999999999956,1.0,1259.36,1261.62,0.007498622457535742,0.025473875865656526,0.005563348849072058,0.2212792523141757,2.9608408210757275e-05,-0.004494854886635702,-0.0018133488490721383,-0.0018033163710149402,1.4126082453379358,0.791367412350712,16.0,16.17,0.010625000000000107,0.012954536461836641,-0.0023295364618365344,16.0,16.2,16.0,15.65,-0.021874999999999978,0.009615004154631235,-0.03149000415463121,16.0,15.0,-0.0625,0.0009891979582954402,-0.06348919795829544,-0.0011431101,0.005,3
2024-08-20,16.0,16.23,15.88,16.2,4396900,0.008717310087173136,0.016311166875784266,0.047188106011635256,0.03382259093809825,0.04922279792746109,0.007462686567164312,15.863999999999999,15.892,17.195,15.876911220080286,16.16297167474355,-0.2860604546632626,-0.40392247776004037,0.11786202309677779,-0.01765805275699152,0.007275433524492457,50.22209067483503,15.892,0.37948164091223724,16.650963281824474,15.133036718175525,0.09551513740554675,0.702908366831395,0.45873291240710234,0.028316846444882863,34.07104155858846,18.436894898519373,22.953096731614135,66.20370370370368,60.03086419753084,799960406.0,789035003.95,0.3145358835306395,-2.386593072135914,8.402427280616397,3469112.65,0.583764512064738,1.2674422665404077,0.021604938271604916,0.01938082053863588,-0.05786565862169246,1.0,8.0,0.005514705882353033,1.0,1263.65,1272.55,0.008663464434615964,0.03424034069667248,0.03307328240556573,0.2117212285295141,5.3845652557171775e-05,-0.00041774975857422625,-0.025610595838401418,-0.024790686463951328,1.4272360089249372,0.7947370875239569,16.32,16.06,-0.015931372549019662,0.0064605372777717385,-0.0223919098267914,16.32,16.41,16.32,15.38,-0.05759803921568629,-0.003245987707688136,-0.054352051507998156,16.32,15.09,-0.0753676470588236,-0.0008409701809264369,-0.07452667687789716,-0.0011431101,0.005,3
2024-08-21,16.32,16.55,16.29,16.41,4880324,0.012962962962963065,0.02179327521793284,0.029485570890840584,0.04856230031948883,0.054627249357326546,0.014842300556586085,16.016,15.904000000000002,17.159333333333333,15.958924878529473,16.181270069206988,-0.22234519067751535,-0.3676070203435354,0.14526182966602003,-0.013549371765844932,0.00885203105825838,53.79109279151624,15.904000000000002,0.39231297924511854,16.68862595849024,15.119374041509765,0.098670266409738,0.82244663493777,0.45096627580659515,0.02748118682550854,31.7672110799662,22.483299277621757,21.6806569748629,75.92592592592595,67.28395061728394,804840730.0,790251644.85,0.31717488970140156,-2.3759254884933787,8.23395310540546,3532416.8,0.8318796768330567,1.3815821507813009,0.01584399756246201,0.031815895372233394,-0.04366914021523749,2.0,8.0,-0.012128562765312267,0.0,1272.34,1284.05,0.009036973006954607,0.04363763451347569,0.03680347525575911,0.212949682417821,0.003925989956008458,0.00492466580601314,-0.021961174699173025,-0.02118161756137593,1.4288713335361591,0.7957514647408908,16.49,16.17,-0.019405700424499517,-0.004583093821368012,-0.014822606603131505,16.49,16.29,16.49,15.59,-0.054578532443905314,-0.010393524632187234,-0.04418500781171808,16.49,15.85,-0.03881140084899937,-0.011884972113039294,-0.026926428735960073,-0.0011431101,0.005,3
2024-08-22,16.49,16.49,16.17,16.29,4174960,-0.007312614259597838,0.005555555555555536,0.014321295143213009,0.053005817711699876,0.0633159268929504,0.003696857670979492,16.18,15.907,17.118333333333332,16.00985951260186,16.189324138154618,-0.17946462555275744,-0.3299785413853798,0.15051391583262236,-0.011016858536080875,0.009239651064003828,51.51800692777163,15.907,0.39515619829708076,16.69731239659416,15.116687603405838,0.09936661804163717,0.7423092448318743,0.44161154182040957,0.027109364138760566,29.690448717208415,21.319597845883635,22.49944214959173,85.3932584269662,75.84096268553195,800665770.0,791191742.9,0.3183056780230797,-2.263265833854658,7.755963264569748,3673369.95,0.3253438902495365,1.1365476542867674,0.019643953345610605,0.024077450179166293,-0.0483886671210203,3.0,8.0,0.013011152416356975,1.0,1287.34,1282.78,-0.0009890580584868136,0.04839975154467302,0.04021278148541585,0.21200886508318106,-0.006323556201111025,0.0046060661670268566,-0.03651592381443636,-0.03510428295477386,1.4477968015994662,0.8074614258143933,16.14,16.0,-0.00867410161090465,-0.0013637567993017852,-0.007310344811602865,16.14,16.35,16.14,15.7,-0.02726146220570025,-0.012071195897819575,-0.015190266307880673,16.14,15.73,-0.025402726146220633,-0.011486728698118842,-0.013915997448101791,-0.0011431101,0.005,3
2024-08-23,16.14,16.35,16.14,16.35,2481763,0.0036832412523022384,-0.003656307129798808,0.0092592592592593,0.025721455457967446,0.04874919820397694,-0.001831501831501714,16.262,15.9055,17.081666666666667,16.06218881835542,16.201226053846867,-0.13903723549144686,-0.29179028020659326,0.1527530447151464,-0.00850380645207626,0.009342693866369808,52.596629206842415,15.9055,0.39331887425100215,16.692137748502006,15.118862251497996,0.09891392895564491,0.7825315724083051,0.425067860261809,0.025998034266777305,27.84393789913542,20.567261577760966,22.209592152741177,88.76404494382027,83.36107643223747,803147533.0,792133861.65,0.3168615043400153,-2.2527857065654704,7.803945845976545,3675390.65,-0.7750584940650247,0.6752378825363775,0.012844036697247757,0.027946307880921895,-0.04283344716557702,4.0,8.0,-0.029994001199760034,0.0,1283.22,1285.32,0.0019800745256395302,0.026424858053232914,0.034787579199909935,0.211126568161054,0.0017031667266627082,-0.0007034025952654677,-0.03661908103141165,-0.03538801756755261,1.4467825326139616,0.8068950760173484,16.67,16.08,-0.03539292141571704,-0.004481836157097074,-0.030911085258619964,16.67,16.17,16.67,15.62,-0.0629874025194962,-0.02668941185592999,-0.036297990663566204,16.67,16.14,-0.031793641271745665,-0.009816616911565212,-0.021977024360180453,-0.0011431101,0.005,3
2024-08-26,16.67,16.67,16.08,16.17,5284724,-0.011009174311926606,-0.007366482504603922,-0.014625228519195566,0.0068493150684934,0.027972027972028135,-0.005535055350553542,16.284,15.901000000000002,17.035666666666668,16.078775153993046,16.198913012821173,-0.12013785882812655,-0.2574597959308999,0.13732193710277335,-0.00742967587063244,0.008492389431216657,49.06961272034421,15.901000000000002,0.389546294796195,16.68009258959239,15.121907410407612,0.0979929047974831,0.6726367338063999,0.43684872738596575,0.02701600045676968,26.46521920291499,23.81541369603245,20.067029726395496,67.74193548387102,80.63307961821916,797862809.0,792915359.7,0.31827340483291494,-2.19930044897052,7.508945174721946,3836011.35,0.9459118855100526,1.3776612000900361,0.03648732220160812,0.01691717502043888,-0.0508149568552253,0.0,8.0,-0.01047443006777582,0.0,1289.65,1280.02,-0.004123486758161321,0.014584423201914998,0.026808920263115654,0.21202742968088734,-0.006885687553765285,-0.007735108133421598,-0.032343975613669196,-0.03149950782019029,1.4435807911215102,0.8015793146217317,16.23,15.65,-0.03573629081947016,-0.0029307178304872616,-0.0328055729889829,16.23,16.06,16.23,15.47,-0.04682686383240908,-0.020538470556054844,-0.02628839327635424,16.23,16.17,-0.003696857670979603,0.0061974913055371506,-0.009894348976516754,-0.0011431101,0.005,3
2024-08-27,16.23,16.26,16.06,16.06,2892209,-0.006802721088435604,-0.017737003058104106,-0.01411909146715784,-0.00864197530864197,0.02488832163369481,0.0,16.256,15.901000000000002,16.988333333333333,16.075886668763346,16.188623160019603,-0.11273649125625695,-0.22851513499597131,0.11577864373971436,-0.0070197068030047926,0.007209130992510235,46.9955989754931,15.901000000000002,0.389546294796195,16.68009258959239,15.121907410407612,0.0979929047974831,0.6020417868967177,0.41993096114411127,0.02614763145355612,25.12325520086958,23.005232434973074,19.724557454321868,60.64516129032245,72.38371390600457,794970600.0,793642262.85,0.3160647264900763,-2.280484339383822,7.965703552375451,3890606.25,-0.6775556110595533,0.743382602647081,0.01245330012453318,0.009999371108735167,-0.05464534484450123,1.0,8.0,0.003724394785847407,1.0,1279.55,1280.56,0.00042186840830615857,0.006294448155278687,0.02851268211973723,0.2118347844634415,-0.007224589496741762,-0.014936423463920656,-0.02851268211973723,-0.02772224651714883,1.4447023261849006,0.8012931608802002,16.11,15.38,-0.04531346989447538,-0.01184344831347739,-0.03347002158099799,16.11,16.17,16.11,15.47,-0.03972687771570449,-0.02108445469491449,-0.01864242302079,16.11,16.23,0.007448789571694592,0.006295727787690497,0.0011530617840040946,-0.0011431101,0.005,3
2024-08-28,16.11,16.26,16.03,16.17,2569962,0.0068493150684934,0.0,-0.011009174311926606,-0.014625228519195566,0.03322683706070295,-0.003696857670979603,16.208000000000002,15.898,16.948333333333334,16.090365642799753,16.187243666684818,-0.09687802388506483,-0.20218771277379002,0.10530968888872519,-0.005991219782626149,0.00651265855836272,49.30321782566019,15.898,0.38710259757924903,16.672205195158497,15.123794804841502,0.09739655241646718,0.6756640240216403,0.40636446391953196,0.02513076462087396,23.77948564040945,22.075172998566046,19.454453652205633,65.75342465753427,64.71350714390924,797540562.0,794383959.2,0.31471089593986945,-2.284841955362346,8.053308629704183,3905399.45,-0.916033981214208,0.6580535571079675,0.014223871366728534,0.017109070323311215,-0.04592388632117217,2.0,8.0,-0.010513296227582014,0.0,1283.41,1281.44,0.0006871993502843843,-0.0020326311280712828,0.023915110546459895,0.21139714748298538,0.006162115718209016,-0.012592597391124283,-0.027611968217439498,-0.02696704827678842,1.4475344845610567,0.8060637067623881,16.17,15.59,-0.035868893011750225,-0.005534522462042779,-0.030334370549707446,16.17,16.0,16.17,15.23,-0.058132343846629686,-0.02290308731118995,-0.035229256535439735,16.17,15.97,-0.01236858379715533,0.007704617306116157,-0.020073201103271487,-0.0011431101,0.005,3
2024-08-29,16.17,16.23,15.97,16.0,2920146,-0.010513296227582014,-0.0037359900373598043,-0.010513296227582014,-0.017802332719459746,0.03425985778926943,-0.019607843137254943,16.15,15.882,16.9045,16.076463236215176,16.173373765448904,-0.09691052923372823,-0.18113227606577767,0.08422174683204944,-0.006056908077108014,0.00526385917700309,45.97211849059024,15.882,0.37517153971283185,16.632343079425663,15.131656920574336,0.0944897468109386,0.5786306979004333,0.3959098593538511,0.024744366209615693,22.329553974896076,21.039665827277386,19.62437726128959,51.44927536231881,59.282620436725175,794620416.0,794643669.05,0.3161218085387645,-2.129787910145723,7.415217407774004,3715427.55,-0.606115145277268,0.7859515387401378,0.016249999999999987,0.00742979473617944,-0.05350646277618376,3.0,8.0,-0.0018621973929237035,0.0,1281.05,1281.47,2.341116244219954e-05,-0.0010212195388140666,0.04442687618178254,0.1966443145267617,-0.010536707390024214,-0.01678111318064568,-0.06403471931903748,-0.06131086893621096,1.4482439384723647,0.8055838302595361,16.11,15.7,-0.025450031036623244,-0.01237135890184704,-0.013078672134776204,16.11,16.08,16.11,14.88,-0.07635009310986951,-0.0345509929028287,-0.04179910020704081,16.11,16.23,0.007448789571694592,0.003373298743387876,0.004075490828306716,-0.0011431101,0.005,3
2024-08-30,16.11,16.11,15.97,16.08,1762241,0.004999999999999893,-0.00556586270872006,0.001245330012453305,-0.016513761467890076,0.008782936010037545,-0.016513761467890076,16.096,15.868500000000001,16.863,16.077007353720532,16.166457190230467,-0.08944983650993521,-0.16279578815460918,0.07334595164467397,-0.005562800777981046,0.004561315400788183,47.76080624358773,15.868500000000001,0.3620740691887753,16.59264813837755,15.14435186162245,0.09126863136119365,0.6460336558165168,0.3776305836857188,0.023484489035181518,20.98318885691937,20.482516413638066,19.104705971169146,57.24637681159403,58.14969227714903,796382657.0,794797370.55,0.31667000577347226,-2.1438633328405645,7.4234855087671034,3609419.2,-1.3368909239613458,0.48823395187790875,0.008706467661691468,0.013328291899045164,-0.046433019035758805,4.0,8.0,-0.008866371120962557,0.0,1283.61,1283.87,0.0018728491498043454,-0.001128123735723463,0.03822578036551838,0.1955251877540292,0.003127150850195548,-0.015385637732166613,-0.054739541833408456,-0.05272412115805569,1.4528295446427182,0.8065039473520449,15.79,15.62,-0.010766307789740304,-0.01271049795892687,0.001944190169186566,15.79,15.65,15.79,14.88,-0.05763141228625701,-0.00978456649808479,-0.04784684578817222,15.79,16.06,0.017099430018999273,0.016367912284979358,0.0007315177340199153,-0.0011431101,0.005,3
2024-09-04,15.79,15.88,15.62,15.65,4935305,-0.02674129353233823,-0.021874999999999978,-0.0321583178726037,-0.0321583178726037,-0.025529265255292533,0.028928336620644313,15.991999999999999,15.8905,16.813333333333333,16.011313914686603,16.128201102065248,-0.11688718737864434,-0.15361406799941624,0.036726880620771896,-0.007468829864450117,0.0023467655348736035,40.07999035598467,15.8905,0.3320823455266733,16.554664691053347,15.226335308946652,0.08359267374259431,0.3189455091187003,0.3835141134224531,0.024505694148399558,20.363803624483854,18.7276997215719,23.986596574760117,26.086956521739168,44.927536231884,791447352.0,795083798.4,0.21162951396135585,-0.025169048940781317,0.1852044400672455,3476692.85,1.3606421838586036,1.4195401241728902,0.01661341853035154,-0.01513482898587204,-0.0691911181601903,2.0,9.0,-0.01850670070197824,0.0,1271.39,1275.8,-0.006285683129911845,-0.003296823487133005,0.07384245036066894,0.12610087007316806,-0.020455610402426383,-0.0288614943854707,-0.04491411374002463,-0.041825608332897835,1.4687598484509468,0.8054482839215906,15.67,15.47,-0.01276324186343325,-0.018082814275081183,0.005319572411647933,15.67,15.38,15.67,15.0,-0.04275686024250158,-0.008970893563677529,-0.03378596667882405,15.67,16.14,0.029993618379068332,0.009002232929838927,0.020991385449229405,-0.0011431101,0.005,3
2024-09-05,15.67,15.79,15.29,15.38,2903310,-0.017252396166134165,-0.0435323383084576,-0.03874999999999995,-0.04234122042341204,-0.05061728395061715,-0.0038860103626942033,15.856,15.8875,16.756166666666665,15.91418869704251,16.072778798208564,-0.15859010116605354,-0.1546092746327437,-0.003980826533309834,-0.01031145001079672,-0.0002588313740773624,36.148918305651904,15.8875,0.33660651712109135,16.56071303424218,15.214286965757816,0.084747510211447,0.12307622239424046,0.3918345338922779,0.02547688776932886,20.62901495644908,17.020738336663836,27.815964749263784,6.521739130434889,29.951690821256022,788544042.0,795001304.95,0.21518530397742394,0.16179937516524362,0.114600540283977,3398102.55,-0.470160505908303,0.8543915191729573,0.03250975292587776,-0.031943351691581356,-0.08212896744482123,3.0,9.0,0.007756948933419494,1.0,1276.35,1268.21,-0.00594920833986512,-0.009644218154557294,0.04786495686948489,0.1169836406436649,-0.011303187826269046,-0.03269700226885475,-0.05175096723217909,-0.049387057838813475,1.4910352338030062,0.8175261217213786,15.47,15.47,0.0,-0.009359574837173423,0.009359574837173423,15.47,15.59,15.47,15.09,-0.024563671622495176,0.0024049455141852416,-0.026968617136680417,15.47,15.97,0.03232062055591478,0.0077904464525080375,0.024530174103406743,-0.0011431101,0.005,3
2024-09-06,15.47,15.67,15.29,15.59,3237476,0.013654096228868706,-0.003833865814696469,-0.030472636815920273,-0.035868893011750225,-0.049969530773918414,0.001928020565552746,15.739999999999998,15.889,16.699166666666667,15.864313512882124,16.03701740574867,-0.1727038928665472,-0.1582281982795044,-0.014475694587042787,-0.011077863557828556,-0.0009285243481105059,40.99625500123366,15.889,0.3351339088216467,16.559267817643292,15.218732182356707,0.08436878565589938,0.2769548290030514,0.39098921004282955,0.025079487494729286,20.87528262184536,15.839141869877931,25.88495300242475,21.73913043478262,18.115942028985554,791781518.0,794919167.65,0.21902076381468483,0.12951792757233818,-0.08826410674275091,3398458.7,-0.1529770791843389,0.9526306734285163,0.024374599101988505,-0.018818050223424976,-0.06642048006387546,4.0,9.0,0.010946555054732743,1.0,1268.22,1273.96,0.004533949424779804,-0.005837183168935001,0.04776787182945674,0.11696024507997127,0.009120146804088902,-0.030031709842815224,-0.045839851263904,-0.0437500065580988,1.5105719723685267,0.8162867745185839,15.53,15.23,-0.01931745009658714,-0.014269626642936406,-0.005047823453650735,15.53,15.7,15.53,15.85,0.020605280103026313,0.0017403904459651898,0.018864889657061124,15.53,16.23,0.045074050225370366,0.0006063803816258595,0.044467669843744506,-0.0011431101,0.005,3
2024-09-09,15.53,15.88,15.5,15.7,2386388,0.007055805003207238,0.020806241872561637,0.0031948881789136685,-0.018750000000000044,-0.03621853898096994,0.024804177545691752,15.679999999999998,15.908000000000001,16.646333333333335,15.839034510900259,16.01205315347099,-0.17301864257073163,-0.16118628713774985,-0.011832355432981778,-0.011020295705142142,-0.0007536532122918331,43.41929913422651,15.908000000000001,0.3110863816403341,16.53017276328067,15.285827236719333,0.07822136827768027,0.3328438560189979,0.3902042664683418,0.024853774934289287,20.305448658885354,18.58150151818608,24.08437919565068,29.710144927536188,19.32367149758456,794167906.0,795132754.35,0.21219944406540286,-0.0374885345261081,0.20527403859745053,3341373.5,-0.8878312960271126,0.7141937290159271,0.024203821656051006,-0.013075182298214805,-0.05684935621458187,0.0,9.0,-0.012642225031605614,0.0,1269.83,1267.73,-0.00489026343056298,-0.010722061382630876,0.049167439088983134,0.11575754469846491,0.011946068433770218,-0.008027938617369168,-0.02436326154329138,-0.02322151892594626,1.498146019894615,0.809182495765571,15.82,14.88,-0.05941845764854614,-0.024074088657536796,-0.035344368991009345,15.82,15.62,15.82,15.73,-0.0056890012642224486,-0.001063134435318025,-0.004625866828904424,15.82,16.38,0.03539823008849541,7.875069891261077e-05,0.0353194793895828,-0.0011431101,0.005,3
2024-09-10,15.82,15.82,15.41,15.62,2354084,-0.005095541401273884,0.0019243104554200752,0.015604681404421283,-0.028606965174129306,-0.04464831804281355,0.0019243104554200752,15.588,15.9095,16.602,15.80533689383868,15.983012179139806,-0.17767528530112564,-0.16448408677042503,-0.01319119853070061,-0.01137485821390049,-0.0008445069481882593,42.06629840571549,15.9095,0.30954083141931343,16.528581662838626,15.290418337161373,0.07782540781779769,0.2661859352507884,0.3916182474348888,0.025071590744871246,20.02470715898139,17.191953027977796,23.92485878151096,23.913043478260832,25.120772946859876,791813822.0,795043277.8,0.2042080447448509,0.12661049308775046,0.6352732027419941,3273718.65,-0.8407560392389941,0.7190856184296718,0.026248399487836117,-0.01819667494264432,-0.059149500060233784,1.0,9.0,0.0058517555266579535,1.0,1269.83,1255.23,-0.00986014372145494,-0.02230755450318167,0.02581641659311562,0.11692666494931211,0.004764602320181055,-0.006299410670947636,-0.023892106137695546,-0.023290820610031404,1.4640658800415467,0.7954905911454837,15.38,14.88,-0.032509752925877766,0.003747259318317653,-0.03625701224419542,15.38,15.47,15.38,16.14,0.04941482444733425,0.01813035678692443,0.03128446766040982,15.38,16.44,0.06892067620286091,0.01413593781144118,0.05478473839141973,-0.0011431101,0.005,3
2024-09-11,15.38,15.53,15.29,15.47,2888548,-0.00960307298335461,-0.014649681528662306,-0.007697241821680523,-0.011501597444089406,-0.04329004329004338,-0.016528925619834656,15.551999999999998,15.8965,16.55666666666667,15.753746602478884,15.945011276981301,-0.1912646745024169,-0.16984020431682342,-0.021424470185593486,-0.01236358594068629,-0.0013849043429601476,39.576098807938436,15.8965,0.32265795805265257,16.541815916105303,15.251184083894694,0.081189685289882,0.1695417009283864,0.3872169440466825,0.025030183842707335,20.087876274975635,16.145410775546097,24.682056424333158,13.04347826086965,22.222222222222218,788925274.0,794718805.2,0.20423406011491999,0.3233193024474688,0.7137800153909465,3327577.4,-0.4207757458138842,0.8680633544391785,0.015513897866839056,-0.02682980530305412,-0.06563317898127652,2.0,9.0,-0.011501597444089406,0.0,1254.25,1253.27,-0.0015614668228133288,-0.017659507759836934,0.01868680300419423,0.11628576573173288,-0.008041606160541281,0.006157910315747528,-0.035215728624028886,-0.034569730873291626,1.4675139867349485,0.7954533887951775,15.65,15.0,-0.04153354632587858,0.005149314219418111,-0.04668286054529669,15.65,15.47,15.65,16.17,0.03322683706070295,0.023092449261772563,0.010134387798930389,15.65,16.23,0.03706070287539931,0.01861858521002513,0.01844211766537418,-0.0011431101,0.005,3
2024-09-12,15.65,15.65,15.32,15.47,1598434,0.0,-0.00960307298335461,-0.014649681528662306,0.0058517555266579535,-0.03673723536737228,-0.01276324186343325,15.570000000000002,15.886500000000002,16.50783333333333,15.710093279020594,15.909825256464169,-0.19973197744357485,-0.1758185589421737,-0.023913418501401135,-0.012910922911672581,-0.0015457930511571516,39.576098807938436,15.886500000000002,0.33298134924848116,16.552462698496964,15.22053730150304,0.08384007786447134,0.18729479823718612,0.3831300194719195,0.02476599996586422,19.670084066185296,17.38930302118005,23.16353451157873,13.04347826086965,16.666666666666703,788925274.0,794523108.85,0.2039246753374802,0.2761032372256564,0.7173469645958257,3278722.85,-1.5251869411271284,0.4875172660598623,0.02133160956690369,-0.02621722846441954,-0.06286914293214307,3.0,9.0,-0.02120822622107965,0.0,1258.42,1256.35,0.0024575709942789015,-0.009351763509198086,0.021074104777230485,0.11635942804391251,-0.0024575709942789015,0.015203519035856039,-0.033837346640663735,-0.03313897246277353,1.4605881796511582,0.7953565632578596,15.56,15.09,-0.03020565552699228,0.014192488113093038,-0.04439814364008532,15.56,15.23,15.56,16.23,0.04305912596401029,0.030323579155630664,0.012735546808379627,15.56,16.03,0.03020565552699228,0.02623097297124799,0.003974682555744291,-0.0011431101,0.005,3
2024-09-13,15.56,15.56,15.18,15.23,3329411,-0.0155138978668391,-0.0155138978668391,-0.024967989756722098,-0.02309172546504168,-0.058132343846629686,-0.026837060702875393,15.498,15.8655,16.4545,15.636232774555888,15.859467830059415,-0.22323505550352785,-0.18530185825444453,-0.03793319724908331,-0.014657587360704388,-0.0024906892481341633,35.65905003589957,15.8655,0.3607663626518185,16.587032725303636,15.143967274696363,0.09095619114476525,0.05961803414213306,0.38290644665249673,0.025141592032337276,19.679211521086998,16.156638040362687,24.133159063670767,3.3557046979866203,9.814220406575302,785595863.0,794308091.6,0.21073325688398659,0.3456092219893737,0.3774225678941735,3298043.75,0.028544725467538255,1.009510865342523,0.02495075508864089,-0.04005546626327572,-0.07441733264456529,4.0,9.0,-0.022980958634274407,0.0,1253.48,1251.71,-0.003693238349186001,-0.017465226537724865,0.01735264475438103,0.11753678608645772,-0.011820659517653098,-0.005626498927316814,-0.04418970545725642,-0.043435976389411324,1.465126000943886,0.7955848304025103,15.23,15.85,0.04070912672357174,0.016818545163868936,0.023890581559702806,15.23,14.88,15.23,15.97,0.04858831254103735,0.031910471622701886,0.016677840918335463,15.23,16.14,0.05975049244911368,0.029888089528377293,0.029862402920736386,-0.0011431101,0.005,3
2024-09-16,15.23,15.41,14.71,14.88,3598680,-0.022980958634274407,-0.03813833225597929,-0.03813833225597929,-0.0522292993630572,-0.06999999999999995,-0.03813833225597929,15.334,15.835999999999999,16.396333333333335,15.519889270778059,15.786914657462422,-0.26702538668436304,-0.20164656394042824,-0.0653788227439348,-0.01794525448147601,-0.004393738087630027,30.861834596158843,15.835999999999999,0.4148734746883334,16.665746949376665,15.006253050623332,0.10479249171213265,-0.07607924965447417,0.40555598617731836,0.02725510659793806,20.775328993324322,14.164725876440313,29.435718949987105,8.673469387755095,8.357550782203784,781997183.0,794045575.15,0.2217717962082949,0.23717099013223228,0.08838079907099679,3345542.95,0.2322721177003374,1.0756639665917307,0.04704301075268812,-0.06036877999494805,-0.09248002602207817,0.0,9.0,-0.006012024048096198,0.0,1251.0,1239.26,-0.009946393333919223,-0.02245746333998566,0.012831409983981246,0.12170809108626186,-0.013034565300355183,-0.02977183602307154,-0.050969742239960536,-0.050324014181952204,1.4770001893364668,0.799773179454392,14.97,15.73,0.05076820307281227,0.0229677419354839,0.02780046113732837,14.97,14.88,14.97,16.23,0.08416833667334678,0.0386612903225807,0.04550704635076608,14.97,15.88,0.06078824315297271,0.03737096774193538,0.02341727541103733,-0.0011431101,0.005,3
2024-09-17,14.97,14.97,14.68,14.88,3698230,0.0,-0.022980958634274407,-0.03813833225597929,-0.047375160051216336,-0.07462686567164167,-0.06649937264742778,15.186000000000002,15.783000000000001,16.33716666666667,15.421444767581434,15.719735793946686,-0.29829102636525207,-0.220975456425393,-0.07731556993985905,-0.02004643994390135,-0.005195938840044291,30.861834596158843,15.783000000000001,0.46550594998738315,16.714011899974768,14.851988100025235,0.11797654437999955,0.015043792660182576,0.3973019871646528,0.026700402363215914,21.852941756778797,13.426214143934121,28.440369842694977,12.658227848101319,8.229133977947674,781997183.0,793537520.3,0.18664863991091823,-0.3733807927657612,-0.7644588574874618,3284916.05,0.401169291104995,1.1258217694787056,0.01948924731182802,-0.05721345751758222,-0.08919335258051686,1.0,9.0,0.0,0.0,1240.0,1258.95,0.0158885141132612,0.0029636002963600028,0.005366426295488891,0.10475911239379275,-0.0158885141132612,-0.05033876034757634,-0.07186579894291667,-0.0714821950119453,1.4174681311056032,0.7868249903506538,15.0,16.14,0.07600000000000007,0.012495738287227498,0.06350426171277257,15.0,15.0,15.0,16.06,0.07066666666666666,0.02455539433727405,0.046111272329392605,15.0,15.59,0.03933333333333322,0.015738604378265686,0.023594728955067534,-0.0011431101,0.005,3
2024-09-18,15.0,15.26,15.0,15.0,3051118,0.008064516129032251,0.008064516129032251,-0.015101772816808912,-0.030381383322559796,-0.04153354632587858,-0.06600249066002484,15.092000000000002,15.73,16.298166666666667,15.356607111030444,15.666422031432116,-0.30981492040167247,-0.2387433492206489,-0.07107157118102356,-0.020654328026778166,-0.00473810474540157,34.372488053497875,15.73,0.4919028573332384,16.713805714666478,14.746194285333523,0.12508654986223489,0.12899178713986242,0.3960661309386061,0.026404408729240405,21.7060093507207,17.736107430959354,26.49131932958774,20.25316455696202,13.861620597606139,785048301.0,793011760.05,0.18707312670419507,-0.3712615346884292,-0.7742367759815972,3267210.65,-0.20956691951306994,0.933860202738994,0.01733333333333332,-0.04640813731722826,-0.07965108550041422,2.0,9.0,0.0,0.0,1261.23,1264.9,0.004726160689463521,0.00927972424138468,0.0025998319620805788,0.1026696171742613,0.00333835543956873,-0.039661107563944475,-0.06860232262210542,-0.06842443060044323,1.3151091364667844,0.7669334260183066,15.09,16.17,0.07157057654075549,0.01529871932370197,0.05627185721705352,15.09,15.09,15.09,16.14,0.06958250497017904,0.01558261308434794,0.0539998918858311,15.09,15.41,0.021206096752816483,0.008989969087124017,0.012216127665692467,-0.0011431101,0.005,3
2024-09-19,15.09,15.21,15.0,15.09,2156296,0.006000000000000005,0.014112903225806495,0.014112903225806495,-0.024563671622495176,-0.01885565669700917,-0.06851851851851853,15.016,15.6745,16.25766666666667,15.315590632410375,15.623724103177885,-0.3081334707675101,-0.2526213735300212,-0.0555120972374889,-0.02041971310586548,-0.0036787340780310737,36.957997088961115,15.6745,0.4986558247718771,16.671811649543756,14.677188350456246,0.12725275441561193,0.2069622117282018,0.38277569301442,0.025366182439656725,21.569572116523894,17.041074762167693,25.453192308473977,26.451612903225804,19.78766843609638,787204597.0,792373969.6,0.1849869203934492,-0.37977886437758274,-0.7233922349521689,3155180.45,-0.9758237562776152,0.6834144779262942,0.013916500994035842,-0.037289865705445124,-0.07182252475755047,3.0,9.0,0.044137022397891856,1.0,1268.08,1271.27,0.005035971223021463,0.01187567158833125,-0.0010058543868609604,0.0994364968632085,0.0009640287769785427,-0.036439343210826425,-0.06751266413165757,-0.06758064041528611,1.3134807377257118,0.7697817817225215,15.18,16.23,0.06916996047430835,0.010769098322806814,0.05840086215150153,15.18,15.85,15.18,15.97,0.05204216073781298,0.0002895760450172258,0.051752584692795756,15.18,15.56,0.02503293807641649,0.006879387664060488,0.018153550412356,-0.0011431101,0.005,3
2024-09-20,15.18,15.88,15.18,15.85,11018872,0.05036447978793901,0.05666666666666664,0.06518817204301075,0.04070912672357174,0.016677357280307836,-0.034125533211456505,15.14,15.6465,16.231333333333332,15.397807458193395,15.640485280720265,-0.2426778225268702,-0.250632663329391,0.00795484080252079,-0.015310903629455534,0.0005018827004744979,53.58669887391716,15.6465,0.4700870580065327,16.586674116013064,14.706325883986935,0.12017692340306967,0.6082246344235519,0.4118631435133901,0.02598505637308455,20.673788506666043,26.32598126935398,21.96589973839433,81.81818181818184,42.840986426123216,798223469.0,792043106.55,0.26106934145486616,1.4778444236137802,4.460721416997286,3462107.85,3.7565472351569555,3.1827061655517173,0.044164037854889655,0.013006103601444385,-0.02349365424898342,4.0,9.0,-0.011313639220615901,0.0,1277.73,1272.04,0.0006056935190792423,0.016241781243259146,-0.009353218332619484,0.09356861757513804,0.04975878626885977,0.024467345480312597,-0.02477231487883702,-0.025006203358519108,1.32265674761303,0.7132717109878418,15.91,15.97,0.0037712130735387817,0.012367172489510914,-0.008595959415972132,15.91,15.73,15.91,16.23,0.020113136392206243,-0.0035682076618438474,0.02368134405405009,15.91,15.38,-0.033312382149591424,0.008085323295298652,-0.041397705444890076,-0.0011431101,0.005,3
2024-09-23,15.91,15.94,15.7,15.73,2839746,-0.007570977917981003,0.04241219350563297,0.048666666666666636,0.0571236559139785,0.0019108280254778176,-0.03437691835481882,15.310000000000002,15.618500000000001,16.203,15.448914003086719,15.647116000666912,-0.19820199758019363,-0.24014653017955154,0.0419445325993579,-0.012600254137329538,0.0026665309980519964,51.286406956462294,15.618500000000001,0.44579054557750586,16.510081091155012,14.72691890884499,0.114169874335565,0.5625293655877982,0.3995872046910051,0.025402873788366503,19.989354676460085,26.269094794492442,21.023531522372988,83.3333333333334,63.867709351580345,795383723.0,791779004.2,0.26114582238989925,1.478817333081851,4.457289353583276,3395347.15,-0.2765730940651207,0.8363639635493532,0.015257469802924362,0.007138969811441465,-0.029192124915139117,0.0,9.0,0.02411167512690371,1.0,1275.15,1268.48,-0.0027986541303731682,0.023578587221406266,-0.011147663667971042,0.09392584743453584,-0.004772323787607835,0.03354506869257223,-0.023229254686847778,-0.02349112585708457,1.3253062730631173,0.714374529908021,15.76,16.23,0.029822335025380786,0.01552533017938118,0.014297004845999606,15.76,16.14,15.76,16.38,0.03934010152284251,0.0013246599645180268,0.03801544155832448,15.76,15.12,-0.040609137055837574,0.009083382613837898,-0.04969251966967547,-0.0011431101,0.005,3
2024-09-24,15.76,16.14,15.7,16.14,6767256,0.026064844246662444,0.018296529968454323,0.06958250497017904,0.08467741935483875,0.033290653008962945,-0.012844036697247763,15.562000000000001,15.607999999999999,16.19066666666667,15.555234925688762,15.683625926543437,-0.12839100085467514,-0.21779542431457627,0.08940442345990113,-0.007954832766708497,0.0055393075253966,57.93109308819569,15.607999999999999,0.4298420762632369,16.467684152526473,14.748315847473524,0.11015942497776457,0.809415963081638,0.402473832927362,0.02493642087530124,19.83189402565044,27.7672575497532,19.381835819261344,100.0,88.38383838383841,802150979.0,791729176.5,0.2786715463684678,1.2319700332735983,2.6523620094832343,3609621.8,1.4816681043226758,1.8747825603225248,0.027261462205700204,0.034085084572014424,-0.0031293749485301614,1.0,9.0,-0.003696857670979603,0.0,1268.25,1276.99,0.006708816851664912,0.014329401485364768,-0.006480876357638499,0.09705871383118703,0.019356027394997533,0.07034801786947398,-0.006363160339609264,-0.006404668202340313,1.3144694397634318,0.7064873076642623,16.23,16.06,-0.01047443006777582,0.0075790655604766055,-0.018053495628252425,16.23,16.17,16.23,16.44,0.012939001848428777,-0.008187262179527144,0.02112626402795592,16.23,15.0,-0.07578558225508325,-0.009816917222880583,-0.06596866503220267,-0.0011431101,0.005,3
2024-09-25,16.23,16.23,16.06,16.17,4969728,0.0018587360594797264,0.027972027972028135,0.020189274447949712,0.07800000000000007,0.045248868778280604,0.0,15.796000000000001,15.607999999999999,16.173,15.64981416789049,15.719653635688367,-0.06983946779787686,-0.1882042330112364,0.11836476521335954,-0.004319076549033819,0.007320022585860206,58.37846068752822,15.607999999999999,0.4298420762632369,16.467684152526473,14.748315847473524,0.11015942497776457,0.8268642316764677,0.38586855914683627,0.02386323804247596,19.89238489983377,28.559452959136742,18.771910864401146,96.1290322580646,93.15412186379933,807120707.0,792192071.4,0.2759665043088547,1.1581872332454681,2.666012588268876,3593872.0,0.6492231840565316,1.3828338905781843,0.010513296227582047,0.03600717580727841,-0.000185494342422321,2.0,9.0,0.0037105751391464104,1.0,1282.48,1287.48,0.008214629715189714,0.017851213534666677,0.005828033936969845,0.1004465515735448,-0.006355893655709988,0.06014878646533339,-0.005828033936969845,-0.005794264765278001,1.2864621245679606,0.7012278598681642,16.17,16.14,-0.0018552875695733162,-0.0016976349387224365,-0.00015765263085087966,16.17,16.23,16.17,16.23,0.0037105751391464104,-0.006340937807647884,0.010051512946794294,16.17,15.15,-0.06307977736549175,-0.014829112501259623,-0.04825066486423213,-0.0011431101,0.005,3
2024-09-26,16.17,16.41,15.91,16.23,5722009,0.0037105751391464104,0.005576208178438735,0.03178639542275907,0.07554671968190863,0.04912734324499035,0.010585305105853093,16.024,15.616499999999998,16.153000000000002,15.739073526676568,15.757457070081822,-0.018383543405253278,-0.15424009509003977,0.1358565516847865,-0.0011326890576249709,0.008370705587479143,59.31042888045567,15.616499999999998,0.44079205026738166,16.49808410053476,14.734915899465236,0.11290418474495091,0.8479531899610355,0.39402080492206226,0.024277313920028482,20.347823990780007,29.23386867416614,17.070413431678176,89.59537572254337,95.24146932686932,812842716.0,793085677.2,0.2749790498963133,1.073801083978051,2.5852908018695406,3735362.0,0.9180792665999598,1.5318485865626945,0.030807147258163893,0.03928537124195586,0.004766916362285434,3.0,9.0,-0.006840796019900397,0.0,1290.03,1291.49,0.003114611489110519,0.015905354488031653,0.00853532829387138,0.10094003806137733,0.0005959636500358911,0.05964136519387697,0.002049976811981713,0.002032627667539977,1.2929861308174446,0.6985654146316489,16.08,15.97,-0.006840796019900397,-0.01307305622263577,0.0062322602027353735,16.08,15.97,16.08,16.03,-0.003109452736318241,-0.006694825602495791,0.0035853728661775497,16.08,15.18,-0.05597014925373123,-0.02904952008833761,-0.026920629165393617,-0.0011431101,0.005,3
2024-09-27,16.08,16.11,15.91,15.97,3877192,-0.01601971657424517,-0.01236858379715533,-0.010532837670384154,0.007570977917981114,0.04858831254103735,-0.01236858379715533,16.048000000000002,15.6065,16.126166666666666,15.774600676418634,15.773200990816502,0.0013996856021325499,-0.12311213895160532,0.12451182455373787,8.764468391562616e-05,0.007796607673997362,53.699205082353224,15.6065,0.4297033860699432,16.46590677213989,14.747093227860114,0.11013446604169891,0.7114830903036169,0.3887336045704864,0.024341490580493823,20.77073171808723,27.514946757727582,16.066690383681152,74.56647398843934,86.76362732301577,808965524.0,793656925.3,0.28009486148004137,1.1803835755548358,2.550028260491149,3800723.5,0.03562414739400708,1.020119458834614,0.012523481527864701,0.023291577227437354,-0.00968405386690363,4.0,9.0,0.00932835820895539,1.0,1295.03,1290.92,-0.0004413506879650253,0.014842300556586308,0.007397927331751708,0.10098348852414545,-0.015578365886280143,-0.007271322638605193,-0.01976651112890704,-0.019621353779495698,1.291776628110654,0.6935730197767299,16.08,16.23,0.00932835820895539,-0.015168543680290303,0.024496901889245692,16.08,16.23,16.08,16.14,0.003731343283582156,-0.0013796631451669095,0.005111006428749065,16.08,15.03,-0.0652985074626865,-0.02902718246432645,-0.036271324998360055,-0.0011431101,0.005,3
2024-09-30,16.08,16.26,15.94,16.23,4698619,0.016280525986224204,0.0,0.0037105751391464104,0.03178639542275907,0.09072580645161277,0.014375000000000027,16.148000000000003,15.618,16.104666666666667,15.844662110815767,15.807037954459723,0.03762415635604377,-0.09096487989007551,0.12858903624611928,0.002318185850649647,0.007922922750839142,57.98038319920903,15.618,0.4436404423688598,16.50528088473772,14.73071911526228,0.1136228562860442,0.8448738784567125,0.38382406138688036,0.02364904876074432,21.49924848178206,28.66785911314786,15.109901390270124,89.59537572254337,84.58574181117535,813664143.0,794609111.65,0.2834868502194123,0.9466558264952835,1.9152660832665258,3889647.15,0.37714766669946925,1.2079807804674518,0.019716574245225018,0.0391855551286977,0.007782423314153242,0.0,9.0,-0.012300123001230179,0.0,1290.17,1287.94,-0.0023084311963561532,0.015341195761856774,0.005048889166348047,0.10143330794781974,0.018588957182580357,0.0164451996609023,0.00932611083365198,0.00927926087395381,1.283587665435349,0.683308270379417,16.26,16.38,0.007380073800737907,-0.016076796727306553,0.02345687052804446,16.26,16.06,16.26,15.88,-0.02337023370233704,-0.0033625685685065854,-0.020007665133830455,16.26,15.12,-0.07011070110701123,-0.027822543155545998,-0.04228815795146523,-0.0011431101,0.005,3
2024-10-01,16.26,16.32,16.06,16.06,4244176,-0.01047443006777582,0.005635566687538951,-0.01047443006777582,-0.004956629491945641,0.07930107526881702,-0.0012437810945273853,16.131999999999998,15.616999999999999,16.080333333333336,15.87779101684411,15.825775883759002,0.05201513308510819,-0.062368877295038774,0.11438401038014696,0.0032388003166318926,0.007122292053558342,54.43614832098744,15.616999999999999,0.4425654872742455,16.50213097454849,14.731869025451509,0.11335480240103607,0.7502454510904312,0.3749794855735319,0.02334866037195093,22.307543091308478,28.39095951399945,14.361560573807765,79.76878612716754,81.31021194605007,809419967.0,795260977.15,0.2858043621020016,1.051841269553407,1.9597931204159456,4013743.9,0.11044420830520987,1.0574107630534175,0.016189290161893,0.02836652366011405,-0.0012644845670697347,1.0,10.0,-0.0073800738007380184,0.0,1290.68,1292.2,0.00330760749724357,0.011910821541280647,0.006488195845373967,0.10186074078581346,-0.01378203756501939,-0.01686745103322629,-0.007731976939901353,-0.0076821337516105315,1.2760096022525238,0.6779707827477995,16.26,16.44,0.011070110701107083,-0.01370139185050212,0.024771502551609204,16.26,16.14,16.26,15.59,-0.04120541205412065,-0.0066452138177025555,-0.034560198236418094,16.26,15.09,-0.07195571955719571,-0.021610514480673193,-0.050345205076522515,-0.0011431101,0.005,3
2024-10-02,16.26,16.32,16.14,16.14,3878815,0.00498132004981322,-0.00554528650646946,0.01064495929868503,-0.0018552875695733162,0.07600000000000007,0.03130990415335466,16.125999999999998,15.641499999999999,16.0535,15.918130860406555,15.849051744221299,0.06907911618525553,-0.036079278598979914,0.10515839478423544,0.004279994807017071,0.0065153900114148355,55.8052565472882,15.641499999999999,0.45778959772962075,16.55707919545924,14.725920804540758,0.117070510559632,0.7722320485613263,0.3667666651754226,0.022724080865887397,23.058102371583008,26.953367914892755,13.634355182218675,84.39306358381506,84.58574181117531,813298782.0,796353548.65,0.26792845703287105,1.1988806305271251,2.4904236495038155,3960919.4,-0.039564657480446984,0.9792713782562705,0.011152416356877306,0.03187034491576912,0.005388233095586781,2.0,10.0,-0.01601971657424517,0.0,1289.65,1287.84,-0.0033740906980344043,0.00027961599403480975,0.009437215864555482,0.09985225039815653,0.008355410747847625,-0.002134903563608126,0.02187268828879918,0.021668200800448734,1.2676804815873588,0.6776165728817962,16.23,16.23,0.0,-0.005122433932244319,0.005122433932244319,16.23,15.97,16.23,15.41,-0.050523721503388797,-0.006961853389731876,-0.04356186811365692,16.23,15.0,-0.07578558225508325,-0.023144087857503104,-0.052641494397580146,-0.0011431101,0.005,3
2024-10-03,16.23,16.29,15.76,15.97,4895550,-0.010532837670384154,-0.005603985056039762,-0.01601971657424517,-0.01601971657424517,0.058316766070245274,0.03836150845253572,16.073999999999998,15.671000000000001,16.021333333333335,15.926110728036315,15.85801087427898,0.06809985375733518,-0.015243452127716895,0.08334330588505208,0.004264236302901389,0.005218741758613155,52.214762003919624,15.671000000000001,0.45905967964269984,16.5891193592854,14.7528806407146,0.11717431679987242,0.6628328588086412,0.3784261890914638,0.02369606694373599,22.19796037906745,24.25699665664297,19.442959464244638,74.56647398843934,79.57610789980731,808403232.0,797346508.15,0.2626416758568351,1.2691186403103134,2.7576853986687753,4060531.4,0.40347553586897356,1.2056426900183557,0.033187226048841535,0.019079828983472602,-0.003204061251664503,3.0,10.0,0.010585305105853093,1.0,1288.45,1278.1,-0.00756305131072188,-0.010367869669916208,0.00779839301062113,0.10138482590223126,-0.0029697863596622742,-0.005651846904328961,0.03056311544191459,0.030326616567240894,1.2667972613556486,0.6771237902375978,16.06,16.03,-0.0018679950186798466,0.0058331378528422295,-0.007701132871522076,16.06,16.23,16.06,15.56,-0.031133250311332406,0.005958245367112314,-0.03709149567844472,16.06,15.03,-0.06413449564134488,-0.011275314723590668,-0.05285918091775421,-0.0011431101,0.005,3
2024-10-04,16.06,16.47,16.0,16.23,9043370,0.016280525986224204,0.005576208178438735,0.010585305105853093,0.016280525986224204,0.023974763406940047,0.04105195638229642,16.125999999999998,15.703000000000003,15.998333333333335,15.972862923723035,15.885565624332388,0.0872972993906469,0.005264698175955864,0.08203260121469104,0.00537876151513536,0.005054380851182442,56.793419602032074,15.703000000000003,0.4751409763095525,16.653281952619107,14.752718047380897,0.12103189869695022,0.7772861246851608,0.3871100327277877,0.0238515115667152,21.89031227607928,25.34039140514172,17.64917642911055,86.5921787709498,81.8505721144014,817446602.0,798629762.35,0.2643457080929181,1.2352509781886205,2.5699186755775885,4350826.1,2.007210970691733,2.0785409005430027,0.02895871842267399,0.03356046615296426,0.014480675070319693,4.0,10.0,-0.001828153564899515,0.0,1278.9,1270.6,-0.0058680854393240445,-0.015740712050320793,-0.0026374454456969953,0.1024876558707673,0.022148611425548248,0.032021238036545,0.04368940182799341,0.04380493495418736,1.2297927738458623,0.6553971183319418,16.41,16.14,-0.01645338208409508,0.010034572237161088,-0.02648795432125617,16.41,16.38,16.41,15.38,-0.06276660572821446,0.007737595935998431,-0.0705042016642129,16.41,15.09,-0.08043875685557589,-0.016227784789783373,-0.06421097206579252,-0.0011431101,0.005,3
2024-10-07,16.41,16.52,16.23,16.38,2877853,0.009242144177449063,0.025673137132122603,0.014869888475836257,0.009242144177449063,0.04132231404958664,0.043312101910828016,16.156,15.737,15.980333333333334,16.035499396996414,15.92219039290036,0.11330900409605427,0.026873559359975548,0.08643544473607873,0.006917521617585731,0.005276889178026784,59.221052535160474,15.737,0.4986624214098041,16.734324842819607,14.739675157180391,0.12674904274253132,0.8223623700088173,0.38017360181865995,0.023209621600650793,21.737124883136605,24.899105503825794,16.687536585035275,90.78947368421048,83.98270881453321,820324455.0,799937589.8,0.26499768750991615,1.2073338428221594,2.4724193655542965,4375399.35,-0.6458806461052037,0.6577349333838522,0.017704517704517652,0.04085912181483131,0.02500990801193126,0.0,10.0,-0.004842615012106477,0.0,1275.59,1269.93,-0.0005273099323153119,-0.013983570663229639,0.0017353852949761883,0.10094847394964933,0.009769454109764375,0.0232257148406787,0.04157671661585183,0.0415046899871756,1.227286460474194,0.6529851918676958,16.52,15.88,-0.03874092009685226,0.01128948568373711,-0.05003040578058937,16.52,16.44,16.52,15.12,-0.0847457627118644,0.0061243101306625025,-0.0908700728425269,16.52,14.77,-0.10593220338983056,-0.02143901633673484,-0.08449318705309572,-0.0011431101,0.005,3
2024-10-08,16.52,16.73,16.29,16.44,6925254,0.003663003663003872,0.012939001848428777,0.029430181590482274,0.023661270236612797,0.018587360594795488,0.05249679897567239,16.232,15.778,15.962833333333332,16.097730258996965,15.960546660092925,0.13718359890403953,0.048935567268788345,0.08824803163525119,0.00834450114988075,0.005367885135964184,60.1847208178206,15.778,0.5217137751275766,16.821427550255155,14.734572449744848,0.13226360124922726,0.8172237496691162,0.38444691597447006,0.02338484890355657,22.126290188980033,26.7653103148253,15.323328904502056,83.23699421965323,86.87288222493783,827249709.0,801709384.15,0.2635964527689785,1.1438622855147484,2.443712111587656,4603957.85,0.9945045231532172,1.504195786675154,0.026763990267639978,0.04195715553302071,0.029892354114244624,1.0,10.0,-0.010968921389396646,0.0,1271.98,1271.98,0.0016142622034285292,-0.01564773254914098,0.013344168001083512,0.09389432072477304,0.002048741459575343,0.03930900278575378,0.039152630974588876,0.038637051666090105,1.2305774178307582,0.6543346980273779,16.41,15.59,-0.049969530773918414,0.00558887249207185,-0.055558403265990264,16.41,16.23,16.41,15.0,-0.08592321755027421,-0.0031947627869006734,-0.08272845476337354,16.41,14.74,-0.10176721511273612,-0.022135702847813188,-0.07963151226492293,-0.0011431101,0.005,3
2024-10-09,16.41,16.41,16.08,16.23,4812682,-0.012773722627737238,-0.009157509157509125,0.0,0.005576208178438735,0.0037105751391464104,0.04912734324499035,16.25,15.815999999999999,15.942833333333333,16.118079449920508,15.980506166752708,0.13757328316780004,0.06666311044859069,0.07091017271920935,0.008476480786678993,0.004369080266125037,55.262357258520034,15.815999999999999,0.5257616029702693,16.867523205940536,14.76447679405946,0.1329695505741702,0.6968572817324078,0.38270070769057957,0.02357983411525444,21.66303156622148,24.96690539203272,18.21324136149668,67.74193548387099,80.58946779591156,822437027.0,803384971.8,0.2657888956398782,1.1244229423789893,2.3321772490341233,4700164.55,0.048940033636007636,1.0239390448574828,0.02033271719038828,0.026176024279211063,0.01801227301713415,2.0,10.0,-0.012322858903265566,0.0,1273.96,1281.85,0.007759555967861154,-0.004651198906696519,0.022804343836523522,0.09673026250928883,-0.020533278595598392,0.010227407085135254,0.02632299940846683,0.025736104433942586,1.1976256796536633,0.6381989908212713,16.23,15.41,-0.050523721503388797,-0.007855087972332586,-0.04266863353105621,16.23,16.03,16.23,15.15,-0.06654343807763397,-0.014508262187793108,-0.05203517588984086,16.23,14.85,-0.08502772643253242,-0.021967881762703367,-0.06305984466982906,-0.0011431101,0.005,3
2024-10-10,16.23,16.29,16.0,16.03,4093584,-0.012322858903265566,-0.024939172749391725,-0.02136752136752129,0.0037570444583594487,-0.012322858903265566,0.03619909502262453,16.262,15.844,15.919999999999998,16.104528765317355,15.984172376622878,0.12035638869447673,0.0774017660977679,0.04295462259670883,0.007508196425107718,0.0026796395880666767,50.98545686215931,15.844,0.5212575886106433,16.886515177221288,14.801484822778713,0.1315974725096298,0.5892073343698285,0.37607922856982384,0.023460962480962185,20.93630679348151,23.591738745209824,18.72950036048903,32.03883495145646,61.005921551660215,818343443.0,804855880.25,0.2708963099633619,1.1440387624042803,2.1365636567518953,4824922.05,-0.3344211219180963,0.8484248983877367,0.01809107922645035,0.011739459732390989,0.006909547738693567,3.0,10.0,-0.0018552875695733162,0.0,1289.61,1286.36,0.0035183523813238082,0.006462718097175468,0.023886655788593947,0.09699400945855993,-0.015841211284589374,-0.0027056736388160196,0.012312439234030581,0.012025197481011718,1.1876288384528952,0.6313388149628267,16.17,15.56,-0.03772418058132354,-0.0008853268720004914,-0.03683885370932305,16.17,16.14,16.17,15.18,-0.061224489795918435,-0.023492226208781775,-0.03773226358713666,16.17,14.94,-0.07606679035250474,-0.02167497631362325,-0.05439181403888149,-0.0011431101,0.005,3
2024-10-11,16.17,16.26,16.03,16.14,2491251,0.006862133499688117,-0.00554528650646946,-0.018248175182481785,-0.00554528650646946,0.01064495929868503,0.05975049244911368,16.244,15.889500000000002,15.910666666666668,16.109985878345455,15.995715163539701,0.11427071480575357,0.08477555583936504,0.029495158966388532,0.00707996993839861,0.0018274571850302684,53.13381511437492,15.889500000000002,0.5042814064013038,16.89806281280261,14.880937187197395,0.12694707987068288,0.6241866132779104,0.3656449979576936,0.0226545847557431,20.26149093308011,22.531752782692383,17.88797665248701,42.71844660194183,47.499739012423085,820834694.0,806617821.8,0.2633397929257019,1.0895909156608838,2.3285444058917,4783014.05,-1.03012248836104,0.520853790927083,0.014250309789343272,0.01576512791466045,0.01441381044163248,4.0,10.0,-0.01610904584882278,0.0,1287.66,1288.39,0.0015780963338414278,0.014001259247599762,0.02930391224804474,0.09525713310203351,0.005284037165846689,-0.019546545754069222,0.03044658020106894,0.029579777011215613,1.134088158858511,0.6235355975275085,16.14,15.38,-0.047087980173482036,-0.008545821956900568,-0.03854215821658147,16.14,15.88,16.14,15.03,-0.06877323420074355,-0.03379764604254398,-0.034975588158199566,16.14,14.94,-0.07434944237918217,-0.03392105141376278,-0.04042839096541939,-0.0011431101,0.005,3
2024-10-14,16.14,16.17,15.88,15.88,3958354,-0.01610904584882278,-0.009357454772301987,-0.02156500308071474,-0.030525030525030417,-0.02156500308071474,0.06720430107526876,16.144000000000002,15.9395,15.8945,16.074603435523077,15.987143669944167,0.08745976557890955,0.08531239778727395,0.0021473677916356015,0.005507541913029569,0.00013522467201735526,47.80069568935728,15.9395,0.4450130098630147,16.82952601972603,15.049473980273971,0.11167552554672713,0.46657401093829004,0.36024178381785843,0.022685250870142216,19.058175253250983,21.236153033440843,19.83359191335542,12.371134020618651,29.042805191338974,816876340.0,808361779.65,0.25534393369040714,1.2728097012504134,2.611270940433568,4800997.75,-0.38023593312816945,0.8244857019564319,0.01826196473551643,-0.0037328648953857124,-0.0009122652489854666,0.0,10.0,-0.016403785488958933,0.0,1296.54,1286.34,-0.001591133119630106,0.012921972077200916,0.03799041363394284,0.08616836317273456,-0.014517912729192672,-0.04344700260223133,0.029213887441325914,0.0281446601602513,1.1349370854520886,0.6202936629402415,15.85,15.12,-0.04605678233438493,-0.006243156987443821,-0.039813625346941106,15.85,15.59,15.85,15.12,-0.04605678233438493,-0.025655958565316328,-0.0204008237690686,15.85,14.85,-0.06309148264984232,-0.029111437246177596,-0.03398004540366473,-0.0011431101,0.005,3
2024-10-15,15.85,15.91,15.29,15.59,7652094,-0.018261964735516445,-0.03407682775712517,-0.027448533998752467,-0.051703163017031706,-0.029265255292652448,0.04771505376344076,15.973999999999998,15.975,15.880333333333333,16.00004906082722,15.957725620318673,0.04232344050854664,0.07671460633152849,-0.03439116582298185,0.0027147813026649546,-0.0022059759989083933,42.657690305218395,15.975,0.37954959456810505,16.73409918913621,15.21590081086379,0.09503589222362564,0.24640995174945649,0.3787959421165829,0.02429736639618877,19.18696287380331,18.753396221127314,28.64028849756725,20.833333333333364,25.307637985297944,809224246.0,809723132.8,0.2665318353375268,1.1758906891884047,2.132663563224515,4998690.95,1.159828953920357,1.5308195838752543,0.03976908274534965,-0.024100156494522684,-0.018282571734430375,1.0,10.0,-0.009640102827763508,0.0,1287.81,1281.08,-0.0040891210721892834,0.007154200537744293,0.01757814051392015,0.07092355664222898,-0.014172843663327162,-0.058857363554776,0.030136913249520614,0.029616313528807003,1.1226814599850683,0.6156018909977767,15.56,15.0,-0.03598971722365041,-0.007789914521900698,-0.02819980270174971,15.56,15.41,15.56,15.09,-0.03020565552699228,-0.014126545090869302,-0.01607911043612298,15.56,14.18,-0.08868894601542421,-0.02737799446814493,-0.06131095154727928,-0.0011431101,0.005,3
2024-10-16,15.56,15.62,15.38,15.41,1706606,-0.011545862732520784,-0.029596977329974905,-0.04522924411400253,-0.050523721503388797,-0.04522924411400253,0.02733333333333343,15.810000000000002,15.995499999999998,15.8705,15.909272282238417,15.917153352146919,-0.007881069908501459,0.059795471083522504,-0.06767654099202397,-0.0005114256916613535,-0.004391728811941854,39.79563887643758,15.995499999999998,0.3322407972666686,16.659981594533335,15.331018405466661,0.08308356656976484,0.059430987391612615,0.3688819462511126,0.02393782908832658,19.3065513786019,17.881879478089605,27.309303397228998,8.333333333333394,13.845933562428465,807517640.0,810846599.75,0.2701335466835794,1.2870459154961396,2.207601888211461,4931465.35,-1.3627714905687387,0.346064684404606,0.015574302401038185,-0.036604044887624476,-0.029016099051699662,2.0,10.0,0.005817711700064621,1.0,1279.86,1279.48,-0.001248946201642287,-0.001848890275773174,0.011526602893509263,0.06978944242829185,-0.010296916530878497,-0.04867483122761562,0.015806730439824168,0.015626608726462043,1.096824117100435,0.6078858507344641,15.47,15.15,-0.02068519715578543,-0.009160721942852668,-0.011524475212932761,15.47,15.56,15.47,15.0,-0.030381383322559796,-0.01872685455892098,-0.011654528763638816,15.47,13.95,-0.0982546864899807,-0.02854247066619897,-0.06971221582378173,-0.0011431101,0.005,3
2024-10-17,15.47,15.56,15.15,15.56,3418379,0.009733939000649006,-0.0019243104554200752,-0.02015113350125941,-0.02932002495321273,-0.025673137132122714,0.031146454605699203,15.716000000000003,16.019,15.861833333333333,15.855538084970968,15.890697548284184,-0.03515946331321551,0.0408044842041749,-0.07596394751739041,-0.0022596056113891715,-0.00488200176846982,43.214793514982915,16.019,0.27682219259979796,16.572644385199595,15.465355614800403,0.06912346403640628,0.08547398630754356,0.37181895009031884,0.02389581941454491,19.959970916747945,16.473442352548528,29.576763638346936,25.9493670886076,18.372011251758114,810936019.0,812033170.85,0.2712840239317179,1.2398219886825756,2.0463942860940665,4994569.5,-0.6839570714964875,0.6844191476362478,0.026349614395886897,-0.028653473999625367,-0.019028905864181267,3.0,10.0,-0.01347017318794097,0.0,1282.65,1286.52,0.005502235283083801,0.0001243819770515575,0.011995878137610383,0.07020248471046134,0.004231703717565205,-0.02944440693026429,0.01915057646808882,0.018923571609137158,1.2098880822670808,0.6460207688449519,15.59,15.18,-0.026298909557408656,-0.026139285603643203,-0.00015962395376545313,15.59,15.38,15.59,15.03,-0.035920461834509365,-0.02066358933052459,-0.015256872503984775,15.59,13.59,-0.12828736369467608,-0.04590445800675358,-0.0823829056879225,-0.0011431101,0.005,3
2024-10-18,15.59,15.62,15.38,15.38,2186414,-0.011568123393316143,-0.00194678780012969,-0.01347017318794097,-0.047087980173482036,-0.05237215033887854,-0.029652996845425772,15.564000000000002,15.995499999999998,15.848666666666666,15.782378379590819,15.852868100263134,-0.07048972067231496,0.018545643228876932,-0.08903536390119189,-0.004583206805742195,-0.005789035364186729,40.25997874191766,15.995499999999998,0.3098976910971409,16.61529538219428,15.375704617805717,0.07749621858576243,0.0034651615014273576,0.36240331079815313,0.02356328418713609,20.325885583793017,16.87677630484788,28.177686370858535,14.556962025316482,16.279887482419156,808749605.0,812559477.65,0.20476641623542954,0.49047450119156594,-0.8176920231241878,4552946.6,-1.2454703979346153,0.48021955715448106,0.015604681404421224,-0.03847957237973165,-0.029571362470029006,4.0,10.0,-0.013054830287206332,0.0,1291.16,1285.46,-0.000823928116158279,-0.0022741561173247327,0.010549982704946448,0.0703856563492732,-0.010744195277157864,-0.0448138240561573,-0.04020297955037222,-0.03978326677396071,1.2125118746189594,0.644323115760711,15.32,15.03,-0.018929503916449097,-0.02449052695515397,0.005561023038704871,15.32,15.12,15.32,15.09,-0.015013054830287254,-0.022800719530903235,0.007787664700615982,15.32,13.59,-0.11292428198433424,-0.051083579276887114,-0.061840702707447126,-0.0013197649,0.005,4
2024-10-21,15.32,15.38,15.12,15.12,3073397,-0.016905071521456483,-0.028277634961439646,-0.018818948734588004,-0.04785894206549124,-0.07692307692307687,-0.03877940241576616,15.412,15.965,15.830166666666667,15.680474013499923,15.798581574317716,-0.11810756081779239,-0.008784997580456934,-0.10932256323733545,-0.00781134661493336,-0.00723032825643753,36.38954231029348,15.965,0.36289044308741697,16.690780886174835,15.239219113825166,0.09092150155650915,-0.08213161581968723,0.3550887885982852,0.023484708240627327,21.249607555235844,15.994107361965415,31.93405100479615,0.0,13.502109704641358,805676208.0,813074101.9,0.2110658203927619,0.4783958562637428,-0.9260746535893037,4564629.15,-0.7891313128989172,0.6733070527755798,0.0171957671957673,-0.052928280613842804,-0.044861603899727376,0.0,10.0,-0.00990099009900991,0.0,1284.17,1279.77,-0.004426431005243314,-0.005107514343019703,0.008900416246215848,0.07163403869849853,-0.012478640516213169,-0.042751427722471536,-0.04767981866198201,-0.04725919218011909,1.2351461079667128,0.6516696035341588,15.15,15.12,-0.001980198019802093,-0.0198717397926903,0.01789154177288821,15.15,15.0,15.15,14.77,-0.025082508250825142,-0.02772982557549153,0.0026473173246663873,15.15,13.71,-0.09504950495049502,-0.04928097733965531,-0.045768527610839715,-0.0013197649,0.005,4
2024-10-22,15.15,15.21,14.94,15.0,2653387,-0.007936507936507908,-0.024707412223667125,-0.03598971722365041,-0.03784477228992944,-0.08759124087591252,-0.07063197026022305,15.294,15.907999999999998,15.807166666666665,15.575785703730704,15.739427383627515,-0.163641679896811,-0.03975633404372775,-0.12388534585308325,-0.010909445326454067,-0.008259023056872216,34.73001665493206,15.907999999999998,0.4191294235486016,16.746258847097202,15.069741152902795,0.10538833883545433,-0.0415988170863336,0.34901101798412204,0.02326740119894147,22.466026023060294,15.110302069457603,33.853312195801955,3.351955307262596,5.9696391108596885,803022821.0,813117694.0,0.1841211317954522,0.3857180550038992,-1.3579726190753731,4358935.7,-0.9164597723014416,0.6087235927797696,0.01800000000000009,-0.05707819964797567,-0.05106333625043491,1.0,10.0,-0.0019762845849802257,0.0,1280.21,1269.89,-0.007720137212155254,-0.008734817497736191,-0.00555994956890804,0.07321354254282038,-0.0002163707243526547,-0.02910995479219325,-0.06507202069131501,-0.06543584066541386,1.2256997071659739,0.6496132914871137,15.18,15.09,-0.005928853754940677,-0.0069259708164775,0.000997117061536823,15.18,15.15,15.18,14.74,-0.02898550724637683,-0.01953438587101952,-0.009451121375357308,15.18,13.54,-0.1080368906455863,-0.05149616710478666,-0.05654072354079964,-0.0013197649,0.005,4
2024-10-23,15.18,15.23,14.97,15.15,1867277,0.010000000000000009,0.001984126984126977,-0.014954486345903795,-0.01687216093445809,-0.06654343807763397,-0.06307977736549175,15.242,15.857000000000003,15.788666666666666,15.510280210849057,15.695766095951402,-0.1854858851023451,-0.06890224425545122,-0.11658364084689388,-0.012243292746029378,-0.007695289824877483,38.50521981038872,15.857000000000003,0.44672021150648045,16.750440423012964,14.963559576987041,0.11268719467906431,0.10433847529767201,0.3426530881281133,0.022617365553010776,23.507429976441152,14.708254758367872,32.01849911185992,11.731843575419036,5.027932960893874,804890098.0,813006163.55,0.18950678150252717,0.32079466947988905,-1.5409329246628456,4203813.15,-1.2073579911391674,0.44418648816491757,0.017161716171617148,-0.0445859872611466,-0.040450956382215075,2.0,10.0,-0.0019723865877713243,0.0,1270.58,1270.9,0.0007953444786557018,-0.006705849251258278,-0.012877869947494291,0.06621359516778566,0.009204655521344307,-0.010166311683199813,-0.05020190741799746,-0.05085683512670025,1.2338901220193441,0.6514507093338776,15.21,15.0,-0.013806706114398493,-0.009864927586396788,-0.003941778528001705,15.21,15.18,15.21,14.85,-0.02366863905325456,-0.007780233957692562,-0.015888405095561997,15.21,13.59,-0.10650887573964507,-0.042976155824948736,-0.06353271991469633,-0.0013197649,0.005,4
2024-10-24,15.21,15.41,15.18,15.18,2753415,0.001980198019801982,0.01200000000000001,0.003968253968253954,-0.024421593830334265,-0.053025577043044336,-0.06469500924214422,15.166,15.804499999999999,15.774000000000001,15.459467870718433,15.657561199955001,-0.19809332923656875,-0.09474046125167473,-0.10335286798489401,-0.013049626431921525,-0.006808489327068117,39.261883381204036,15.804499999999999,0.46201475255550234,16.728529505111005,14.880470494888995,0.11693245659286981,0.1620778900750697,0.3367492961189623,0.022183748097428346,23.695290866021015,17.71512365083076,30.25270694518471,13.407821229050285,9.497206703910635,807643513.0,812746203.4,0.18876982254553054,0.34220952055977244,-1.5032738217237007,4055383.45,-0.6758210293734075,0.6789530592970191,0.01515151515151518,-0.03951406245056788,-0.03765690376569042,3.0,10.0,-0.018929503916449097,0.0,1271.17,1257.41,-0.010614525139664766,-0.022626931567328867,-0.02638812534359536,0.07343012569391823,0.012594723159466747,-0.0017946622630053977,-0.03830688389854886,-0.03934512806971224,1.1923876180402306,0.6399812861288048,15.32,15.03,-0.018929503916449097,0.002807429378083093,-0.02173693329453219,15.32,15.03,15.32,14.94,-0.024804177545691974,-0.0009437403841578984,-0.023860437161534076,15.32,13.83,-0.09725848563968664,-0.025861658762510564,-0.07139682687717608,-0.0013197649,0.005,4
2024-10-25,15.32,15.32,15.0,15.03,2773039,-0.00988142292490124,-0.007920792079208039,0.0020000000000000018,-0.022756827048114547,-0.06877323420074355,-0.05886036318096444,15.095999999999998,15.757500000000002,15.754,15.393395890607904,15.61107518514352,-0.21767929453561585,-0.11932822790846297,-0.09835106662715289,-0.014482986995050956,-0.006543650474195136,36.82222357906608,15.757500000000002,0.491184122407513,16.739868244815028,14.775131755184976,0.12468579975440597,0.1297213372684973,0.3355529178247508,0.022325543434780493,24.28626800960606,16.508407539870085,32.023586617771144,5.027932960893844,10.055865921787719,804870474.0,812541450.9,0.18448041099425716,0.34502355069162866,-1.4550367090172396,4000175.8,-0.6300830109940632,0.693229282573031,0.021290751829674007,-0.04616849119466937,-0.04595658245524947,4.0,10.0,0.016129032258064502,1.0,1260.94,1252.72,-0.0037298892167233477,-0.025469481741944522,-0.02959129922845727,0.07383136657923299,-0.006151533708177892,0.0027126546938299745,-0.02926906395250717,-0.030161584422353394,1.1899360577992188,0.6390114804481634,14.88,15.09,0.014112903225806495,0.0017002458571475643,0.01241265736865893,14.88,15.12,14.88,14.94,0.004032258064516014,-0.00015964749832375613,0.0041919055628397706,14.88,13.8,-0.07258064516129037,-0.01968453654331248,-0.05289610861797789,-0.0013197649,0.005,4
2024-10-28,14.88,15.32,14.88,15.12,2077179,0.0059880239520957446,-0.0039525691699605625,-0.001980198019802093,0.0,-0.04785894206549124,-0.06839186691312393,15.096,15.702000000000002,15.734000000000002,15.351334984360534,15.57469924550326,-0.22336426114272534,-0.14013543455531544,-0.0832288265874099,-0.014772768594095593,-0.0055045520229768455,39.26094453140633,15.702000000000002,0.4976534410293952,16.697306882058793,14.706693117941212,0.12677453599016567,0.20762786307870326,0.3430134236944114,0.02268607299566213,25.095697812114988,14.995826312142388,31.588289594509938,15.686274509803827,11.374009566582648,806947653.0,812205626.4,0.17353247113627643,0.2846092310247965,-1.4906770851441575,3869103.8,-0.902308270072014,0.536863084417637,0.029100529100529068,-0.0370653419946505,-0.039023770179229866,0.0,10.0,-0.005928853754940677,0.0,1252.76,1254.77,0.0016364391084999763,-0.01953476015221489,-0.02575430532478229,0.07457586258960743,0.004351584843595768,0.01953476015221489,-0.042637561588341644,-0.04376469079758738,1.3337180990629787,0.6850956928751889,15.18,14.77,-0.027009222661396604,-0.010587982798502371,-0.016421239862894232,15.18,15.09,15.18,14.85,-0.021739130434782594,-0.006128629682916942,-0.015610500751865652,15.18,14.0,-0.07773386034255603,-0.01854486776944897,-0.05918899257310706,-0.0013197649,0.005,4
2024-10-29,15.18,15.23,15.06,15.09,1948272,-0.001984126984126977,0.003992015968063978,-0.005928853754940677,0.006000000000000005,-0.03207184092366899,-0.060398505603984964,15.113999999999999,15.6535,15.713000000000001,15.31112960215122,15.538795597688203,-0.22766599553698263,-0.15764154675164888,-0.07002444878533376,-0.015087209777136026,-0.004640453862513834,38.7243511016765,15.6535,0.5080848975888501,16.6696697951777,14.637330204822298,0.12983291853933002,0.2227333450206231,0.33065532200195347,0.02191221484439718,25.84731120015899,14.445125432613318,30.428253561788623,14.893617021276548,11.869274830658071,804999381.0,811984597.1,0.1715992801526805,0.17936446548895277,-1.4569450746871193,3754308.6,-0.8901109307815983,0.5189429553020761,0.011265738899933726,-0.035998339029609916,-0.03964869852987973,1.0,10.0,-0.007936507936507908,0.0,1258.03,1261.78,0.005586681224447609,-0.006386379922670549,-0.02354124748490949,0.07684498674281003,-0.0075708082085745865,0.012386379922670554,-0.036857258119075476,-0.03774584233501033,1.3364868650642068,0.684363451699062,15.12,14.74,-0.025132275132275117,-0.014094984844527758,-0.011037290287747359,15.12,15.0,15.12,14.18,-0.062169312169312096,-0.014838908806002027,-0.04733040336331007,15.12,13.98,-0.07539682539682535,-0.016967797589369615,-0.058429027807455736,-0.0013197649,0.005,4
2024-10-30,15.12,15.23,15.0,15.0,3257263,-0.005964214711729587,-0.007936507936507908,-0.001996007984031878,-0.00990099009900991,-0.026606099935107097,-0.07063197026022305,15.084,15.5965,15.7095,15.263263509512571,15.498884812674262,-0.2356213031616914,-0.1732374980336574,-0.06238380512803399,-0.01570808687744609,-0.0041589203418689324,37.08674566596464,15.5965,0.5145388840096279,16.625577768019255,14.567422231980744,0.13196265418770303,0.21017739448976291,0.3234656561446711,0.021564377076311408,26.683969332094968,13.711468642607079,30.2077624303184,8.695652173912983,13.09184790166445,801742118.0,811406763.9,0.16918241923363211,0.33223256204123275,-1.2957606177510552,3723231.0,-0.22934289380527834,0.874848485092652,0.015333333333333362,-0.03824576026672655,-0.04516375441611764,2.0,10.0,-0.007920792079208039,0.0,1263.57,1258.63,-0.002496473236221708,-0.009654575497678786,-0.022681388992421225,0.0765752026310149,-0.0034677414755078795,-0.00024641460133112414,-0.04795058126780183,-0.04906340749857063,1.0989181408686322,0.5293969341064698,15.15,14.85,-0.01980198019801982,0.0008331812446933373,-0.020635161442713157,15.15,15.03,15.15,13.95,-0.07920792079207928,-0.011259849392571186,-0.06794807139950809,15.15,13.77,-0.09108910891089117,-0.014489418598192416,-0.07659969031269875,-0.0013197649,0.005,4
2024-10-31,15.15,15.18,15.0,15.03,1938031,0.0020000000000000018,-0.003976143141153132,-0.005952380952380931,-0.00988142292490124,-0.03406169665809777,-0.05886036318096444,15.053999999999998,15.5495,15.702666666666666,15.227376815741406,15.46415260432802,-0.2367757885866144,-0.1859451561442488,-0.0508306324423656,-0.015753545481478004,-0.0033819449396118167,38.02752419550546,15.5495,0.5215107103910819,16.592521420782163,14.506478579217836,0.1341549787172788,0.25096388739052644,0.31321810927719457,0.02083952822868893,27.46086616889266,13.14863301497988,28.967778197422348,11.627906976744068,11.739058723977863,803680149.0,811170609.75,0.16821882007290268,0.16561841504854752,-1.3287021682117792,3575355.05,-0.7988942471990834,0.5420527396293132,0.011976047904191598,-0.03340943438695787,-0.04283773456737705,3.0,10.0,0.0019920318725099584,1.0,1260.23,1264.48,0.004647910823673218,0.005622668819239562,-0.010656443157812334,0.07523646761775186,-0.0026479108236732163,-0.015504091744140802,-0.0482039200231521,-0.048723135345431046,1.1282417521058576,0.5164312091261439,15.06,14.94,-0.007968127490039945,-0.0020912713186892473,-0.005876856171350697,15.06,15.09,15.06,13.59,-0.09760956175298807,-0.024160520916673978,-0.0734490408363141,15.06,13.83,-0.0816733067729084,-0.016064766039021405,-0.065608540733887,-0.0013197649,0.005,4
2024-11-01,15.06,15.32,14.97,15.09,2817783,0.003992015968063978,0.006000000000000005,0.0,0.003992015968063978,-0.01885565669700917,-0.07024029574861368,15.065999999999999,15.492499999999998,15.694833333333333,15.206241921011959,15.436437596600019,-0.2301956755880603,-0.19479526003301112,-0.03540041555504919,-0.015254849276876098,-0.0023459519917196285,39.96123565621843,15.492499999999998,0.5052656935243196,16.503031387048637,14.48196861295136,0.13045426974970326,0.30084735360098963,0.3158453871859664,0.02093077449873866,27.440668600699524,15.273989920161663,26.67490173217525,20.38834951456303,13.570636221740022,806497932.0,810623176.25,0.15467228237899797,-0.006448427241984209,-1.5643292579056531,3264075.7,-0.2792073446472732,0.8632713389582233,0.023194168323392952,-0.02598031305470372,-0.03853709819579698,4.0,11.0,-0.027009222661396604,0.0,1262.39,1254.89,-0.00758414526129314,0.0017322306660707554,-0.012364237368172382,0.07707696891300968,0.011576161229357118,0.0022597853019932224,-0.0578760583804413,-0.05860061023531038,1.0746621681475386,0.4984475636304114,15.18,14.94,-0.015810276679841917,-0.002675329638830548,-0.013134947041011369,15.18,14.77,15.18,13.59,-0.10474308300395252,-0.029739155360214098,-0.07500392764373842,15.18,13.89,-0.08498023715415015,-0.004347410663099627,-0.08063282649105052,-0.0013197649,0.005,4
2024-11-04,15.18,15.18,14.71,14.77,3249214,-0.021206096752816483,-0.017298735861610126,-0.01533333333333331,-0.02314814814814814,-0.02314814814814814,-0.09829059829059827,14.996,15.411999999999997,15.685666666666666,15.13912777931781,15.387071848703721,-0.24794406938591074,-0.20542502190359105,-0.04251904748231969,-0.01678700537480777,-0.0028787439053703243,33.88797579328504,15.411999999999997,0.4842422186424589,16.380484437284917,14.44351556271508,0.12567926775044366,0.16855430232838708,0.3268564309583973,0.022129751588246264,28.104114533723454,13.70519820294839,29.616952761037087,6.593406593406464,12.869887694904518,803248718.0,809769389.4,0.15887416283208156,0.0630341480837368,-1.4107842847142036,3282643.75,-0.02094779980115587,0.9898162113997293,0.03182125930941089,-0.04165585258240323,-0.05837601207046772,0.0,11.0,-0.005398110661268607,0.0,1255.92,1244.71,-0.00811226482002414,-0.008017405580305503,-0.019859362327057428,0.0815413197394677,-0.013093831932792344,-0.015130742567842637,-0.07843123596354085,-0.08002038987971449,1.0942189031552885,0.5059157805813103,14.82,14.85,0.002024291497975561,0.004394103707273889,-0.0023698122092983276,14.82,14.74,14.82,13.71,-0.0748987854251012,-0.022275776197935526,-0.052623009227165674,14.82,13.8,-0.06882591093117407,0.005109049283046341,-0.07393496021422041,-0.0013197649,0.005,4
2024-11-05,14.82,14.88,14.71,14.74,1979073,-0.0020311442112389555,-0.02319416832339294,-0.019294743845642004,-0.02319416832339294,-0.01733333333333331,-0.1034063260340633,14.925999999999998,15.326999999999998,15.671500000000002,15.077723505576609,15.339140600651595,-0.2614170950749859,-0.21662343653787003,-0.044793658537115866,-0.017735216762210713,-0.003038918489627942,33.37585627102777,15.326999999999998,0.44162498975819997,16.210249979516398,14.443750020483598,0.11525412403163043,0.16770449271824814,0.3156524001756546,0.02141468115167263,28.72017147153139,13.17797184952819,28.47761586328535,3.296703296703232,10.092819801557571,801269645.0,808470386.2,0.15596190981359503,0.12339263795751002,-1.2818214220231166,3035334.7,-0.7716981091407815,0.6520114569243385,0.011533242876526453,-0.03829842761140456,-0.05943910921098816,1.0,11.0,-0.0060240963855421326,0.0,1244.85,1245.76,0.0008435699881899072,-0.012696349601356793,-0.020613531659302797,0.08126027422870724,-0.0028747141994288627,-0.010497818722036145,-0.0827927943747605,-0.08453536683535179,1.06726381600482,0.4850214359141846,14.94,14.18,-0.05087014725568939,-0.005115007752433676,-0.045755139503255715,14.94,14.85,14.94,13.54,-0.09370816599732268,-0.036820063617908905,-0.056888102379413774,14.94,13.62,-0.08835341365461846,-0.0011109157462317887,-0.08724249790838667,-0.0013197649,0.005,4
2024-11-06,14.94,14.94,14.71,14.85,2881804,0.00746268656716409,0.005416384563303955,-0.015904572564612307,-0.010000000000000009,-0.01980198019801982,-0.08502772643253242,14.895999999999997,15.258000000000001,15.656833333333333,15.042689120103285,15.302907963566291,-0.26021884346300617,-0.22534251792289728,-0.03487632554010889,-0.01752315444195328,-0.002348574110445043,37.12767085007422,15.258000000000001,0.39884834210509645,16.055696684210194,14.460303315789808,0.10456110685675615,0.24426369817246635,0.3095343715916792,0.020844065427049103,28.961036089665487,13.863117656332166,26.966163212907134,15.38461538461528,8.424908424908322,804151449.0,807556107.3,0.1597623277817889,-0.07649328160797997,-1.3627601725415077,2938790.8,-0.0437243177298662,0.98060875922165,0.015488215488215398,-0.02674007078254037,-0.051532344769589455,2.0,11.0,0.002012072434607548,1.0,1251.22,1261.28,0.012458258412535228,0.002105463877390301,-0.01604711939774539,0.08931260783518274,-0.004995571845371138,-0.01210546387739031,-0.06898060703478703,-0.07010559996792287,1.0344888091875326,0.4831512219093931,14.91,13.95,-0.06438631790744476,-0.01624020021948347,-0.04814611768796129,14.91,14.94,14.91,13.59,-0.08853118712273644,-0.0395307158478142,-0.04900047127492224,14.91,13.56,-0.09054325955734399,-0.020685135913974917,-0.06985812364336907,-0.0013197649,0.005,4
2024-11-07,14.91,15.09,14.88,14.94,2455294,0.0060606060606061,0.013568521031207537,0.011509817197020933,-0.0059880239520957446,-0.015810276679841917,-0.06799750467872745,14.878,15.2035,15.644666666666668,15.026890793933548,15.27602589219101,-0.2491350982574616,-0.23010103398981016,-0.019034064267651446,-0.016675709388049638,-0.0012740337528548491,40.09983148680165,15.2035,0.36042774295928126,15.924355485918563,14.482644514081437,0.09482757074602066,0.3172310503649486,0.30456763076370214,0.020386052929297332,28.395340265878815,16.600687383623153,25.448348983960084,32.8571428571427,17.179487179487065,806606743.0,806969272.3,0.16096977848244096,-0.285835092469448,-1.3128599625888178,2856876.3,-0.31418732099709246,0.8594330808092742,0.014056224899598332,-0.01733153550169375,-0.04504197383559905,3.0,11.0,-0.007968127490039945,0.0,1266.61,1259.75,-0.0012130534060637022,-0.003740668100721267,-0.020686277558381705,0.08785010381639385,0.007273659466669802,-0.0022473558513744774,-0.047311227120345745,-0.04831059346578925,1.0282500322385446,0.479667589202581,15.06,13.59,-0.09760956175298807,-0.024508251243229418,-0.07310131050975865,15.06,14.94,15.06,13.83,-0.0816733067729084,-0.027327294035665584,-0.05434601273724282,15.06,13.95,-0.07370517928286857,0.003713851319248729,-0.0774190306021173,-0.0013197649,0.005,4
2024-11-08,15.06,15.21,14.88,14.94,3603591,0.0,0.0060606060606061,0.013568521031207537,-0.00994035785288272,-0.0059880239520957446,-0.07434944237918217,14.847999999999999,15.1435,15.632833333333332,15.013522979482232,15.251135085362046,-0.23761210587981374,-0.2316032483678109,-0.006008857512002835,-0.01590442475768499,-0.00040219929799215764,40.09983148680165,15.1435,0.2891598538051532,15.721819707610306,14.565180292389693,0.07637860568696891,0.3240592553547165,0.3063842285662949,0.020507645821037142,27.288781763969197,18.12113425004003,23.490500359887037,32.8571428571427,27.032967032966884,806606743.0,806257874.75,0.15692241340393986,-0.2569535575453568,-1.2131045630476722,2912493.3,0.5375706066573859,1.2372873098111505,0.022088353413654623,-0.013438108759533773,-0.04431911468383842,4.0,11.0,-0.008016032064128376,0.0,1262.84,1252.56,-0.005707481643183243,-0.001856736447019336,-0.027809902281141663,0.0887828258771134,0.005707481643183243,-0.008083621405863384,-0.04653954009804051,-0.047870823008011154,1.010750087613097,0.4751312011247539,14.97,13.59,-0.09218436873747504,-0.02810633190036771,-0.06407803683710733,14.97,14.85,14.97,13.8,-0.07815631262525047,-0.02050549923832168,-0.05765081338692879,14.97,14.06,-0.0607882431529726,0.013024301927724524,-0.07381254508069712,-0.0013197649,0.005,4
2024-11-11,14.97,15.03,14.71,14.85,2405437,-0.0060240963855421326,-0.0060240963855421326,0.0,0.005416384563303955,-0.017857142857142794,-0.06486146095717893,14.864,15.092000000000002,15.6225,14.988365598023426,15.221421375335227,-0.23305577731180094,-0.23189375415660893,-0.0011620231551920102,-0.015693991738168413,-7.825071752134749e-05,38.01560913474396,15.092000000000002,0.23834075561989074,15.568681511239784,14.61531848876022,0.06317009160346967,0.24616175130162446,0.3073567836687023,0.020697426509676924,26.840012352680514,16.773523342147765,25.69432349887503,19.999999999999847,28.571428571428413,804201306.0,805624123.05,0.15038491990727096,-0.34228607745581463,-0.919891217616602,2834847.45,-0.3392277622831436,0.8485243183015015,0.02154882154882145,-0.016034985422740733,-0.049447911665866595,0.0,11.0,-0.04704301075268824,0.0,1253.81,1250.32,-0.001788337484831093,0.004507073936900863,-0.02800192795061962,0.08879138217666085,-0.00423575890071104,0.0009093106264030926,-0.03685953300655931,-0.03792140547032563,1.0014938442240724,0.4697662288749913,14.88,13.71,-0.0786290322580645,-0.027696338842777224,-0.05093269341528728,14.88,14.18,14.88,14.0,-0.05913978494623662,-0.013652449692040936,-0.04548733525419568,14.88,14.12,-0.05107526881720437,0.017614775641281666,-0.06869004445848603,-0.0013197649,0.005,4
2024-11-12,14.88,14.91,14.12,14.18,9294845,-0.04511784511784511,-0.05087014725568939,-0.05087014725568939,-0.037991858887381325,-0.06030483764082173,-0.09044259140474664,14.752,15.021499999999998,15.593166666666667,14.864001659865975,15.144279051236321,-0.2802773913703458,-0.24157048159935632,-0.03870690977098948,-0.019765683453479958,-0.0027296833406903723,26.83400751144228,15.021499999999998,0.2868756378275005,15.595251275654999,14.447748724344997,0.07639067678394312,-0.233331702870144,0.3418312991209379,0.024106579627710713,27.87901895062377,14.004596206290822,33.78132943580829,4.651162790697709,19.169435215946745,794906461.0,804908233.8,0.20581228657210868,-1.6589052348011737,3.957328700450507,2916985.0,3.9781644398635945,3.1864562210638723,0.05571227080394929,-0.05601970508937182,-0.0906273046954329,1.0,11.0,-0.016220028208744797,0.0,1251.79,1244.82,-0.004398873888284638,-0.0007545594657076826,-0.028304243294720033,0.08892232162305413,-0.040718971229560474,-0.03723729942167364,-0.06213834811002661,-0.06394835799295717,0.99397495646105,0.39543841792402185,14.18,13.54,-0.04513399153737663,-0.03040372021175597,-0.014730271325620659,14.18,13.95,14.18,13.98,-0.014104372355430161,-0.000651680692551504,-0.013452691662878657,14.18,14.0,-0.012693935119887145,0.02343636860990861,-0.036130303729795754,-0.0013197649,0.005,4
2024-11-13,14.18,14.18,13.59,13.95,8256921,-0.016220028208744797,-0.06060606060606066,-0.0662650602409639,-0.06060606060606066,-0.07000000000000006,-0.09474367293964958,14.572,14.948500000000001,15.558,14.723386019886593,15.055813936329926,-0.3324279164433328,-0.2597419685681516,-0.07268594787518118,-0.023829958167980846,-0.005210462213274637,24.20230656890037,14.948500000000001,0.35940411209314593,15.667308224186293,14.22969177581371,0.09617128463542052,-0.19455243165193864,0.3595576348980138,0.025774740852904217,29.68004319632363,12.36315227635587,40.35071446882311,20.809248554913257,15.153470448536934,786649540.0,803864828.8,0.20854091945905107,-1.5668393573820152,3.470283921585187,3244500.75,2.5443197787343026,2.5448972388124735,0.042293906810035836,-0.06679599959862204,-0.10335518704203628,2.0,11.0,-0.021598272138228958,0.0,1242.94,1246.04,0.0009800613743353725,-0.01208296333883041,-0.026135617594647886,0.08933016526329716,-0.01720008958308017,-0.04852309726723025,-0.0686080553450017,-0.0704492910763882,0.9760873887635987,0.3805557021052978,13.89,13.59,-0.021598272138228958,-0.021956023636290456,0.0003577514980614982,13.89,13.59,13.89,13.77,-0.008639308855291628,-0.001511436266430799,-0.0071278725888608285,13.89,13.92,0.002159827213822796,0.020106926076295384,-0.017947098862472588,-0.0013197649,0.005,4
2024-11-14,13.89,13.92,13.59,13.59,2561116,-0.02580645161290318,-0.041607898448518976,-0.08484848484848484,-0.09036144578313254,-0.09580838323353291,-0.12660668380462725,14.302000000000001,14.85,15.5145,14.549018939904041,14.947235126231414,-0.39821618632737277,-0.2874368121199959,-0.11077937420737688,-0.02930214763262493,-0.008151535997599477,20.7689094390431,14.85,0.44318227211360756,15.736364544227214,13.963635455772785,0.11937569619221748,-0.21076850276008197,0.3595892324052985,0.0264598405007578,31.352422853044928,11.479061204337574,37.465228177461086,0.0,8.486803781870318,784088424.0,802522449.05,0.2136030106766831,-1.3100283786439857,2.1521114322618713,3201637.6,-0.3242523808336099,0.7999393810217621,0.024282560706401772,-0.08484848484848484,-0.12404524799381222,3.0,11.0,0.0036927621861153614,1.0,1243.85,1231.89,-0.01135597573111602,-0.02211549910696564,-0.04246338960917817,0.09227802130725099,-0.014450475881787161,-0.0682459466761669,-0.08414329419544908,-0.0878747541163003,1.0389575696260684,0.40250267684296276,13.54,13.83,0.021418020679468297,-0.0008378343202967153,0.022255854999765012,13.54,13.59,13.54,13.83,0.021418020679468297,0.010371250081343097,0.0110467705981252,13.54,14.03,0.03618906942392908,0.03090225808550784,0.005286811338421238,-0.0013197649,0.005,4
2024-11-15,13.54,13.8,13.48,13.59,4623919,0.0,-0.02580645161290318,-0.041607898448518976,-0.09036144578313254,-0.09940357852882709,-0.11638491547464247,14.032,14.760499999999999,15.467500000000001,14.401477564534188,14.846699190955013,-0.44522162642082463,-0.3189937749801617,-0.12622785144066295,-0.03276097324656546,-0.009288289289232005,20.7689094390431,14.760499999999999,0.5067073794815347,15.773914758963068,13.74708524103693,0.1373144214576836,-0.07750293729571286,0.3567614300906343,0.026251760860237994,33.05903964397312,10.743615834733651,37.26724212584263,5.978260869565187,8.929169808159477,784088424.0,801289390.0,0.21402266790435065,-1.435567003703201,2.3997854241496634,3323512.85,0.6552423205302818,1.3912745966966849,0.02354672553348052,-0.07929948172487378,-0.12138354614514313,4.0,11.0,0.008830022075055233,1.0,1229.36,1218.57,-0.01081265372719975,-0.027136424602414277,-0.052035847089757836,0.09706041526513044,0.01081265372719975,-0.06322502118071827,-0.06434906838488463,-0.06788133094203352,0.9349887168048837,0.36665287484328646,13.59,13.8,0.015452538631346657,0.008043995731757292,0.007408542899589365,13.59,13.71,13.59,13.89,0.022075055187638082,0.026397439054420158,-0.004322383866782076,13.59,13.83,0.017660044150110465,0.03633751949437736,-0.01867747534426689,-0.0013197649,0.005,4
2024-11-18,13.59,13.8,13.48,13.71,2173239,0.008830022075055233,0.008830022075055233,-0.017204301075268713,-0.0767676767676767,-0.0717670954637778,-0.09325396825396814,13.803999999999998,14.690000000000001,15.424499999999998,14.295096400759698,14.762499250884272,-0.4674028501245733,-0.348675590009044,-0.11872726011552925,-0.03409211160646049,-0.008659902269549909,24.88821022297111,14.690000000000001,0.5502726596878971,15.790545319375795,13.589454680624208,0.14983598630031228,0.05476617693679532,0.35413561365558904,0.025830460514630855,34.6437552355493,10.050185542869263,34.86188484372937,12.500000000000025,6.159420289855066,786261663.0,800318662.75,0.2162419570639519,-1.601645666065643,2.908544210407868,3278504.95,-0.5524310378450642,0.6628750095375027,0.02334062727935815,-0.06671204901293404,-0.11115433239327033,0.0,11.0,-0.023088023088023157,0.0,1218.3,1217.12,-0.0011899193316756707,-0.026553202380190655,-0.04895410894145047,0.0969548826379355,0.010019941406730903,-0.05021447438748605,-0.044299859312517675,-0.046580149001233084,0.9325267660079143,0.36391316917001343,13.86,14.0,0.010101010101010166,0.01148540157944744,-0.0013843914784372746,13.86,13.54,13.86,13.8,-0.004329004329004182,0.025010649801749718,-0.0293396541307539,13.86,14.0,0.010101010101010166,0.03531638103352219,-0.025215370932512027,-0.0013197649,0.005,4
2024-11-19,13.86,13.89,13.54,13.54,2324882,-0.01239970824215908,-0.003679175864606421,-0.003679175864606421,-0.04513399153737663,-0.08141112618724566,-0.09733333333333338,13.675999999999998,14.616999999999999,15.377666666666668,14.178927723719745,14.67194375081877,-0.49301602709902426,-0.3775436774270401,-0.11547234967198416,-0.03641181884040061,-0.008528238528211534,23.059167485946745,14.616999999999999,0.6014465019740621,15.819893003948124,13.414106996051874,0.16458821973703563,0.05232926101279168,0.35384021268018995,0.026132955146247413,35.65273375053574,11.156906854500821,32.39877553658862,3.260869565217322,7.246376811594174,783936781.0,799364360.75,0.2176780984863512,-1.5251793890629688,2.6218774751508342,3262079.7,-0.4668550822006472,0.7126993249122637,0.025849335302806607,-0.07368132995826782,-0.11950230854269195,1.0,11.0,0.0,0.0,1220.68,1205.15,-0.009834691731299916,-0.03186806124580244,-0.050980793612045106,0.09874220162623898,-0.002565016510859164,-0.01326593029157419,-0.04635253972128828,-0.04884257284708693,0.9322808909455798,0.3699378957369754,13.59,13.98,0.028697571743929506,0.03191798689053016,-0.0032204151466006525,13.59,13.59,13.59,13.62,0.002207505518763808,0.03831487650679977,-0.03610737098803596,13.59,13.74,0.011037527593819041,0.048192670992182496,-0.037155143398363455,-0.0013197649,0.005,4
2024-11-20,13.59,13.77,13.21,13.59,3635924,0.0036927621861153614,-0.00875273522975939,0.0,-0.02580645161290318,-0.08484848484848484,-0.10297029702970295,13.604,14.538999999999998,15.334666666666665,14.088323458532091,14.591799769276639,-0.5034763107445475,-0.4027302040905416,-0.10074610665400585,-0.03704755781784749,-0.0074132528810894665,24.80941479268631,14.538999999999998,0.6292008297916658,15.797401659583329,13.280598340416667,0.17310704444367994,0.1229343815732804,0.368565911774462,0.02712037614234452,37.1071323158975,9.946061630015917,35.27802128823773,18.00947867298574,11.25678274606769,787572705.0,798498491.1,0.21300866508913466,-1.6153079157726284,2.887528590822903,3350512.05,0.14403236590086396,1.0851845764888386,0.041206769683590785,-0.06527271476717778,-0.11377271541605072,2.0,11.0,0.01318681318681314,1.0,1203.71,1216.54,0.009451105671492988,-0.02367500240762732,-0.0427728381461957,0.10710914586881952,-0.005758343485377626,-0.0021314492052758593,-0.06019745888350725,-0.0628873284027236,0.908314745253302,0.36983612128851506,13.65,13.77,0.00879120879120876,0.02026616281935434,-0.011474954028145579,13.65,13.83,13.65,13.56,-0.00659340659340657,0.018984638133574316,-0.025578044726980886,13.65,14.15,0.03663003663003672,0.040006571921465506,-0.003376535291428784,-0.0013197649,0.005,4
2024-11-21,13.65,13.92,13.56,13.83,3000751,0.017660044150110465,0.021418020679468297,0.008752735229759168,0.017660044150110465,-0.07429718875502,-0.0889328063241106,13.652000000000001,14.4715,15.297500000000001,14.048581387988692,14.53537015673763,-0.4867887687489372,-0.41954191702222077,-0.0672468517267164,-0.035198031001369284,-0.004862389857318612,32.72074695109875,14.4715,0.6292290604591553,15.729958120918312,13.21304187908169,0.1739222777069842,0.24512461347069267,0.367954060933429,0.026605499705960156,37.73615533480043,12.162840265026073,32.81263439581118,30.99999999999996,17.42344941273434,790573456.0,797644988.25,0.2269617066073553,-1.2829394428598433,2.2479766750131813,3362878.85,-0.18303810090443953,0.8923161177810494,0.02603036876355744,-0.04432850775662511,-0.0959307076319661,3.0,11.0,0.002178649237472907,1.0,1217.3,1228.33,0.00969141992864997,-0.00288986841357608,-0.02312690371477888,0.11006682467075302,0.007968624221460496,0.020549912563686545,-0.06580590260933172,-0.0673638191691156,0.9640962874489685,0.3965499103982405,13.77,13.83,0.004357298474945592,0.010708328247690968,-0.006351029772745376,13.77,13.8,13.77,13.95,0.013071895424836555,0.03139265226412791,-0.018320756839291352,13.77,14.18,0.02977487291212788,0.020928434842751864,0.008846438069376017,-0.0013197649,0.005,4
2024-11-22,13.77,14.03,13.77,13.8,2750655,-0.002169197396963085,0.015452538631346657,0.019202363367799125,0.015452538631346657,-0.07630522088353409,-0.08183632734530932,13.693999999999999,14.41,15.258000000000001,14.010338097528892,14.480898293275583,-0.4705601957466907,-0.4297455727671148,-0.04081462297957594,-0.034098564909180486,-0.00295758137533159,32.263768269901675,14.41,0.631872738686148,15.673745477372297,13.146254522627704,0.17539840074563448,0.2586539335165926,0.36024305658104117,0.02610456931746675,37.81326834924377,13.716882615820733,31.121061207126782,29.499999999999993,26.16982622432856,787822801.0,796792604.6,0.22620750721903057,-1.382701941153844,2.5030354044231777,3361759.65,-0.30882801242589974,0.818218815851395,0.01884057971014491,-0.04233171408743919,-0.09555642941407783,4.0,11.0,0.007919366450683807,1.0,1228.95,1228.1,-0.00018724609836118233,0.00782064222818546,-0.01965323456159407,0.10968164143979549,-0.0019819512986019028,0.007631896403161198,-0.062183092783715255,-0.06342969138670773,0.9588997188471213,0.39562587177846736,13.89,13.89,0.0,0.01713858092224596,-0.01713858092224596,13.89,14.0,13.89,14.06,0.01223902087832962,0.033146519818771925,-0.020907498940442304,13.89,14.0,0.007919366450683807,0.022864998088482746,-0.01494563163779894,-0.0013197649,0.005,4
2024-11-25,13.89,14.03,13.77,14.0,2507878,0.014492753623188248,0.012292118582791112,0.030169242089771897,0.021152443471918136,-0.0572390572390572,-0.07407407407407407,13.751999999999999,14.354,15.224666666666668,14.008747620985986,14.445276197477392,-0.43652857649140664,-0.43110217351197316,-0.005426402979433476,-0.031180612606529046,-0.0003876002128166768,38.43665572419118,14.354,0.6150430023476725,15.584086004695344,13.123913995304655,0.17139278315387274,0.3561076222927703,0.3530828382538239,0.025220202732415993,37.884873291226874,12.9954029002327,29.484157617777797,39.49999999999996,33.33333333333329,790330679.0,795961755.9,0.23317589873236264,-1.2584400383356866,2.1570572066315297,3383294.6,-0.445193046134809,0.7412532151353299,0.018571428571428555,-0.024662115089870373,-0.08043963743048566,0.0,11.0,0.008658008658008809,1.0,1229.39,1234.7,0.0053741551990882375,0.014443933219403293,-0.0159949632203511,0.11164426900325843,0.00911859842410001,0.006708510252514843,-0.05807911085372297,-0.05902318451925648,0.9924175240085893,0.4093653830081109,13.86,13.8,-0.004329004329004182,0.01260895251814853,-0.016937956847152713,13.86,13.98,13.86,14.12,0.018759018759018753,0.03092349651594728,-0.012164477756928527,13.86,13.89,0.0021645021645022577,0.021956410899702794,-0.019791908735200536,-0.0013197649,0.005,4
2024-11-26,13.86,14.03,13.77,13.98,2526484,-0.0014285714285714457,0.01304347826086949,0.010845986984815648,0.03249630723781394,-0.014104372355430161,-0.07355864811133195,13.84,14.2985,15.189666666666666,14.004324910065066,14.410811293960549,-0.4064863838954835,-0.42617901558867527,0.019692631693191742,-0.02907627924860397,0.001408628876480096,38.063099344169586,14.2985,0.5948841107839034,15.488268221567807,13.108731778432194,0.16641860636679465,0.36615040046190694,0.3464340640928365,0.024780691279888162,37.9513635944969,12.298753171660014,27.90358866125461,38.49999999999998,35.83333333333331,787804195.0,795101996.6,0.23323960763699203,-1.26358359410777,2.1626400047066916,3412205.2,-0.45460433572087616,0.7404255758123808,0.018597997138769654,-0.022275063817883023,-0.0796374728433803,1.0,11.0,-0.010775862068965525,0.0,1235.63,1242.13,0.006017656110796299,0.030684976973820666,-0.015573237806907558,0.11198033554047893,-0.007446227539367745,0.0018113302639932716,-0.05798541030442439,-0.058902716313040226,0.9697900303665118,0.4042907405936156,13.92,13.62,-0.02155172413793105,0.0068231616936262895,-0.02837488583155734,13.92,13.77,13.92,14.0,0.005747126436781658,0.024738995939936892,-0.018991869503155234,13.92,13.83,-0.006465517241379337,0.015305793645678856,-0.021771310887058193,-0.0013197649,0.005,4
2024-11-27,13.92,13.95,13.77,13.77,2136380,-0.015021459227467893,-0.01642857142857146,-0.0021739130434783593,0.013245033112582849,-0.012903225806451646,-0.08200000000000007,13.876,14.237,15.158333333333333,13.968274923901209,14.363343790704212,-0.3950688668030029,-0.41995698583154084,0.024888119028537936,-0.02869054951365308,0.0018074160514551878,34.29427283880966,14.237,0.581984807180971,15.400969614361943,13.073030385638058,0.16351332645387967,0.2993933886942583,0.3366887738004911,0.02445089134353603,38.01310459039049,11.7508249010126,26.66044109445501,27.999999999999936,35.333333333333286,785667815.0,794298281.45,0.23659291779518168,-1.1346674075856276,1.6921682104148152,3356161.05,-0.6194810307813944,0.6365546730839988,0.013071895424836581,-0.03280185432324234,-0.09158878504672896,2.0,11.0,-0.004319654427645814,0.0,1241.36,1241.97,-0.00012881099401840235,0.02090354612261014,-0.01323661441408519,0.11180886563314435,-0.01489264823344949,-0.00765851301002729,-0.06876338558591488,-0.06968578951182403,0.9167133955473725,0.3860026962881001,13.89,13.56,-0.023758099352051865,-0.004781886598682394,-0.01897621275336947,13.89,13.83,13.89,13.92,0.002159827213822796,0.018044400940330663,-0.015884573726507867,13.89,14.03,0.010079193664506825,0.022200470165360198,-0.012121276500853373,-0.0013197649,0.005,4
2024-11-28,13.89,14.06,13.74,13.83,2898798,0.004357298474945592,-0.010729613733905574,-0.012142857142857122,0.0,0.017660044150110465,-0.07984031936127745,13.876000000000001,14.176999999999998,15.132499999999999,13.947001858685638,14.32383684324464,-0.376834984559002,-0.4113325855770331,0.03449760101803112,-0.027247648919667532,0.0024944035443261836,36.23689393454217,14.176999999999998,0.5572592706602926,15.291518541320583,13.062481458679413,0.15722910930670597,0.34432739917056926,0.3354967185290275,0.02425862028409454,37.46153164407069,13.292193187802074,24.844084995944684,34.06593406593405,33.52197802197798,788566613.0,793542604.65,0.23755318995943417,-1.1405111524075473,1.6574781249010913,3404199.4,-0.2599559331128225,0.8515359000415781,0.023138105567606673,-0.024476264371869783,-0.0860730216421608,3.0,11.0,-0.0021551724137930384,0.0,1246.37,1242.11,0.00011272413987439833,0.011218483632248644,-0.017691066683538037,0.11010874806776112,0.004244574335071194,-0.011218483632248644,-0.06214925267773941,-0.06326854064933696,0.8911554492502134,0.3756334440378188,13.92,13.95,0.0021551724137931494,0.020136658859888357,-0.017981486446095207,13.92,13.89,13.92,14.03,0.007902298850574585,0.019991790810536703,-0.012089491959962118,13.92,14.09,0.012212643678160884,0.02443441099065602,-0.012221767312495135,-0.0013197649,0.005,4
2024-11-29,13.92,13.92,13.77,13.89,2021584,0.004338394793926392,0.008714596949891185,-0.006437768240343367,0.006521739130434856,0.022075055187638082,-0.07952286282306154,13.894,14.117,15.104166666666666,13.93823234196477,14.291700780782074,-0.3534684388173037,-0.39975975622508725,0.04629131740778353,-0.025447691779503505,0.0033327082367014776,38.2044484349231,14.117,0.5169251192845714,15.150850238569143,13.083149761430859,0.1464688302853499,0.39021620756495146,0.3222469529198113,0.02319992461625711,36.94935676534516,12.850245314305706,24.018051972064423,40.0,34.021978021977986,790588197.0,792747117.9,0.2377117251842299,-1.1408662477866716,1.6512393092313689,3364389.45,-0.683409393422585,0.6008769287990723,0.010799136069114496,-0.016079903662251205,-0.08038620689655163,4.0,11.0,-0.01075268817204289,0.0,1242.51,1250.46,0.00672243199072553,0.018206986401758884,-0.0035301898971225043,0.11024773770781773,-0.002384037196799138,-0.011685247271324029,-0.07599267292593903,-0.07626189188621113,0.8656953781601074,0.37021664846092606,13.95,14.06,0.007885304659498216,0.011475396781155167,-0.0035900921216569515,13.95,13.8,13.95,13.83,-0.008602150537634357,0.005447030810763476,-0.014049181348397832,13.95,14.12,0.012186379928315505,0.01545714444984192,-0.0032707645215264147,-0.0013197649,0.005,4
2024-12-02,13.95,13.95,13.71,13.8,2602622,-0.006479481641468721,-0.002169197396963085,0.002178649237472907,-0.014285714285714235,0.006564551422319376,-0.06567366283006082,13.854,14.0685,15.0725,13.916965827816345,14.255278500724144,-0.338312672907799,-0.38747033956162963,0.049157666653830645,-0.024515411080275287,0.0035621497575239595,36.39051458326261,14.0685,0.4975759661652316,15.063651932330464,13.073348067669537,0.1414723577254808,0.36509597616354833,0.3163721705683961,0.022925519606405514,36.659963538802856,12.153945386034403,24.071259543180304,60.82474226804129,44.96355877799177,787985575.0,791983960.75,0.22919070792617854,-1.3448215904744196,2.6399674281947125,3332059.85,-0.3698668849800914,0.7810850096225012,0.017391304347825973,-0.019085190318797296,-0.08442527782385134,0.0,12.0,-0.015184381778741929,0.0,1255.73,1251.21,0.0005997792812244551,0.013371669231392325,0.0052220999268906,0.10616842069302124,-0.007079260922693176,-0.02765738351710656,-0.07089576275695142,-0.0705274613064194,0.8918651237593734,0.38053445491628,13.83,14.12,0.020968908170643452,0.017907513804207964,0.003061394366435488,13.83,13.62,13.83,14.0,0.012292118582791112,0.009876701053994186,0.002415417528796926,13.83,13.89,0.004338394793926392,0.01645317756486575,-0.012114782770939359,-0.0013197649,0.005,4
2024-12-03,13.83,13.83,13.62,13.62,2671279,-0.013043478260869712,-0.019438444924406162,-0.015184381778741929,-0.025751072961373467,0.005908419497784312,-0.07598371777476265,13.782,14.0125,15.039166666666667,13.871278777383061,14.208220834003837,-0.33694205662077614,-0.37736468297345893,0.04042262635268279,-0.024738770677002656,0.0029678873974069596,33.01434060535756,14.0125,0.480765562739045,14.974031125478088,13.05096887452191,0.1372390544839378,0.2958984428066005,0.3087741583849393,0.02267064305322609,36.66428088156963,11.563516505119967,24.98386262882503,48.23529411764689,49.68667879522939,785314296.0,791186193.3,0.23170804667010597,-1.1931429482452023,2.1560601545056395,3366670.15,-0.35603541417387913,0.793448386976669,0.015418502202643236,-0.028010704727921554,-0.09436471435695692,1.0,12.0,-0.010940919037199182,0.0,1251.43,1249.83,-0.0011029323614741848,0.006199029087132546,0.0032670819419471364,0.10625658710207733,-0.011940545899395527,-0.03195010204850601,-0.07925079971670979,-0.07899272401453672,0.9237940820301402,0.383618780273544,13.71,14.0,0.021152443471918136,0.01982619013260223,0.0013262533393159082,13.71,13.56,13.71,13.74,0.002188183807439792,0.011528532717623108,-0.009340348910183316,13.71,13.71,0.0,0.015585165231613018,-0.015585165231613018,-0.0013197649,0.005,4
2024-12-04,13.71,13.83,13.54,13.56,2536996,-0.004405286343612258,-0.017391304347826098,-0.023758099352051865,-0.015250544662309351,-0.002207505518763697,-0.08686868686868676,13.74,13.947999999999999,15.007333333333332,13.823389734708744,14.16020447592948,-0.33681474122073496,-0.36925469462291416,0.0324399534021792,-0.024838845222768063,0.002392326947063363,31.950260191684094,13.947999999999999,0.44790271500099765,14.843805430001995,13.052194569998003,0.12844930169228508,0.283435114922705,0.3074331470717295,0.022672060993490374,36.90202574972654,10.784387816393933,25.159203847565003,41.17647058823527,50.07883565797448,782777300.0,790117485.85,0.2278263070998748,-1.1458439261812852,2.2782622013678266,3349429.75,-0.41468276485073097,0.7574411733818271,0.021386430678466142,-0.027817608259248505,-0.09644173959397617,2.0,12.0,0.028761061946902533,1.0,1247.34,1240.41,-0.007537025035404654,-0.0012560689871735642,-0.016546682734999263,0.0990858515698725,0.003131738691792396,-0.013994475675135787,-0.0703220041336875,-0.07150517762170361,0.9032492109582806,0.38074091519408815,13.56,13.92,0.026548672566371723,0.021782720383955567,0.0047659521824161555,13.56,13.95,13.56,14.15,0.043510324483775786,0.01947963053929347,0.024030693944482318,13.56,13.74,0.01327433628318575,0.022467205127998824,-0.009192868844813074,-0.0013197649,0.005,4
2024-12-05,13.56,13.95,13.48,13.95,3565224,0.028761061946902533,0.02422907488986792,0.01086956521739113,0.00867678958785234,0.00867678958785234,-0.0662650602409639,13.764000000000001,13.898499999999999,14.982000000000001,13.842868237061245,14.144633774008778,-0.30176553694753316,-0.355756863087838,0.05399132614030483,-0.021631938132439653,0.0038703459598784825,44.47711128594164,13.898499999999999,0.38241992625908267,14.663339852518163,13.133660147481834,0.11006077670513578,0.5336671787109692,0.31904506513803443,0.022870613988389566,36.351884696981244,12.336192266539546,22.511833594346673,87.05882352941161,58.82352941176458,786342524.0,789104274.9,0.25439591074679146,-0.5561818841515497,1.672804944462177,3404926.25,0.08228000856888341,1.0470781856141524,0.033691756272401355,0.0037054358383998842,-0.06888265919102932,3.0,12.0,0.002138275124732747,1.0,1241.81,1267.53,0.021863738602558636,0.020465176192124845,0.006175828537408279,0.12761096466493704,0.0068973233443438975,-0.011788386604272505,-0.07244088877837218,-0.07199625226902273,0.9960937986963976,0.4473340988987662,14.03,14.03,0.0,-0.002840372631711552,0.002840372631711552,14.03,14.06,14.03,14.18,0.010691375623663513,-0.012817083149745057,0.02350845877340857,14.03,13.77,-0.018531717747683474,-0.01288002769560026,-0.005651690052083214,-0.0013197649,0.005,4
2024-12-06,14.03,14.24,13.98,14.06,3630525,0.007885304659498216,0.03687315634218291,0.032305433186490484,0.01223902087832962,0.018840579710144967,-0.058902275769745605,13.798000000000002,13.854499999999998,14.9625,13.876273123667207,14.138364605563684,-0.26209148189647635,-0.3370237868495657,0.07493230495308933,-0.01864093043360429,0.005329466924117307,47.41727360824041,13.854499999999998,0.2974713608506177,14.449442721701233,13.259557278298763,0.085884401703596,0.6727057013256472,0.3169704176281749,0.022544126431591385,34.29882373503701,18.065096477162964,21.040666169591056,82.52427184466022,70.25318865410236,789973049.0,788272590.2,0.25727573193317044,-0.6000936319865438,1.5268510195157055,3406272.95,0.11509833113184877,1.065835020649182,0.018492176386913212,0.014832725829153182,-0.060317460317460325,4.0,12.0,0.00426742532005675,1.0,1270.96,1270.14,0.002059122860997409,0.01573820833933115,0.014035255796129631,0.12569411929093366,0.005826181798500807,-0.0034991874610015294,-0.07293753156587524,-0.07192800363593987,0.9858847912319613,0.44367753181439523,14.06,13.83,-0.016358463726884764,-0.00699196199644514,-0.009366501730439625,14.06,14.12,14.06,14.0,-0.004267425320056972,-0.010979503877432295,0.006712078557375323,14.06,13.45,-0.04338549075391185,-0.01974895002595456,-0.02363654072795729,-0.0013197649,0.005,4
2024-12-09,14.06,14.18,14.06,14.12,1810631,0.00426742532005675,0.012186379928315505,0.041297935103244754,0.02318840579710124,0.008571428571428452,-0.04915824915824918,13.862,13.817999999999998,14.949833333333334,13.913769566179944,14.137004264410818,-0.22323469823087372,-0.3142659691258273,0.09103127089495361,-0.015809822820883408,0.006446973859415978,49.00356270711083,13.817999999999998,0.1965652429521684,14.211130485904334,13.424869514095661,0.05690121376528247,0.8840963888940038,0.30290110208330523,0.021451919410998953,32.39240998466022,17.553894361934674,20.445262039571343,88.34951456310668,85.97753664572616,791783680.0,787651708.9,0.25821271731464485,-0.6936466632611097,1.5565344529086962,3376532.65,-0.7953322741049067,0.5362397428616602,0.008498583569405044,0.021855550730930817,-0.055507865193591965,0.0,12.0,-0.012693935119887145,0.0,1271.46,1273.84,0.0029130647015287447,0.018086492275477317,0.018811184336809728,0.1255541652380206,0.0013543606185280055,0.005101913521623924,-0.0679694334950589,-0.06671445557333888,0.9391597885125073,0.4219832801607816,14.18,14.0,-0.012693935119887145,-0.008239882601291715,-0.0044540525185954305,14.18,14.0,14.18,13.89,-0.020451339915373734,-0.009048175846942175,-0.01140316406843156,14.18,12.98,-0.08462623413258108,-0.021455084792315615,-0.06317114934026546,-0.0013197649,0.005,4
2024-12-10,14.18,14.18,13.95,14.0,2624254,-0.008498583569405027,-0.004267425320056972,0.0035842293906811484,0.027900146842878115,0.0014306151645206988,-0.012693935119887145,13.937999999999999,13.809000000000001,14.935166666666667,13.927035786767645,14.126855800380387,-0.19982001361274193,-0.29137677802321027,0.09155676441046834,-0.014272858115195852,0.006539768886462024,46.01376574933113,13.809000000000001,0.18275378893041863,14.174507577860838,13.443492422139164,0.05293758821939857,0.7612804926204839,0.2976938805059263,0.021263848607566166,31.074095335025994,16.585162969524003,21.956303640953475,68.42105263157892,79.7649463464486,789159426.0,787364357.15,0.20509905959411762,0.24909624924728926,0.28483216729303057,3043003.1,-0.3002097267576761,0.8623895256629873,0.01642857142857146,0.013831559128104853,-0.06261508073785593,1.0,12.0,-0.005714285714285672,0.0,1274.29,1272.07,-0.0013894994661809434,0.017794420041125525,0.021890715123471738,0.1242981250466722,-0.007109084103224084,0.01010572680175259,-0.03458465024335888,-0.033843785574644514,1.0403387626998235,0.44308934433234387,14.0,13.74,-0.018571428571428572,-0.00904000062832322,-0.009531427943105353,14.0,13.92,14.0,13.83,-0.012142857142857122,-0.0101081501378385,-0.002034707005018621,14.0,12.98,-0.07285714285714284,-0.017443823975244133,-0.05541331888189871,-0.0013197649,0.005,4
2024-12-11,14.0,14.09,13.89,13.92,1796861,-0.005714285714285672,-0.014164305949008416,-0.009957325746799417,0.026548672566371723,0.01089324618736387,-0.0021505376344085336,14.01,13.8075,14.917166666666667,13.92595335803416,14.111533148500358,-0.185579790466198,-0.2702173805118078,0.08463759004560983,-0.013331881499008477,0.006080286641207603,44.08279120179451,13.8075,0.18165539961842392,14.170810799236847,13.444189200763152,0.05262513840113672,0.6548261161467159,0.2907157461840744,0.020884751881039828,30.08767131730614,15.770171340502957,22.351569289597126,57.89473684210521,71.55510134559692,787362565.0,787400008.4,0.19771696959064738,0.24948859402250034,0.6436364989714335,2720000.1,-1.3231754121791282,0.6606106374775501,0.014367816091953972,0.008147745790331395,-0.0668469213322459,2.0,12.0,0.003576537911301747,1.0,1273.23,1268.86,-0.002523446036774679,0.022935964721342073,0.018314018811595112,0.12496789732925254,-0.0031908396775109926,0.00361270784502965,-0.020464556446003646,-0.0200965086092858,1.0336667710513219,0.4399429118117561,13.98,14.15,0.012160228898426384,-0.0038241820499503865,0.01598441094837677,13.98,14.03,13.98,14.03,0.003576537911301747,0.0025022425758935984,0.0010742953354081486,13.98,12.98,-0.07153075822603716,-0.019742536550052647,-0.051788221675984514,-0.0013197649,0.005,4
2024-12-12,13.98,14.12,13.95,14.03,2115202,0.007902298850574585,0.002142857142857002,-0.006373937677053854,0.005734767025089571,0.014461315979754197,0.032376747608535705,14.026,13.8295,14.8995,13.941960533721213,14.10549365601885,-0.16353312229763795,-0.24888052886897385,0.08534740657133591,-0.011655960249297074,0.00608320788106457,47.3542359272342,13.8295,0.18056854654120366,14.190637093082406,13.468362906917593,0.052227064330945726,0.7775954116048781,0.28423605002806906,0.020259162510910127,29.000852778981148,15.7314625007186,21.228178598384673,72.36842105263146,66.22807017543852,789477767.0,787669475.55,0.1742534482771004,0.6273814596750991,0.5474397321840564,2697704.4,-0.8203913996521199,0.7840747859550513,0.012116892373485384,0.014497993419863242,-0.05835766300882583,3.0,12.0,0.01318681318681314,1.0,1270.86,1267.35,-0.001190044606970031,-0.0001420084731722504,0.02878503762511242,0.11663667903960698,0.009092343457544616,0.0058767754982618214,0.0035917099834232857,0.003491215221903321,1.0235044646111957,0.43272244332282267,13.65,14.18,0.03882783882783869,-0.008150326487375237,0.04697816531521393,13.65,13.83,13.65,14.09,0.03223443223443212,0.006237252762889334,0.025997179471542786,13.65,12.98,-0.04908424908424913,-0.027273158468908654,-0.021811090615340478,-0.0013197649,0.005,4
2024-12-13,13.65,14.0,13.65,13.83,1571574,-0.014255167498218091,-0.006465517241379337,-0.012142857142857122,-0.016358463726884764,-0.004319654427645814,0.017660044150110465,13.98,13.841500000000002,14.865833333333333,13.924735836225642,14.085086718535972,-0.1603508823103308,-0.23117459955724526,0.07082371724691447,-0.011594423883610325,0.005121020769841972,42.487102919406034,13.841500000000002,0.17156477984776855,14.184629559695539,13.498370440304464,0.04957982295206982,0.48324248133823605,0.2910763321689212,0.021046734068613248,29.0868098951459,14.264504207945357,26.610490901430108,46.052631578947334,58.77192982456133,787906193.0,787860364.0,0.18316427141066907,0.5933396031032918,0.2189151630886605,2545087.15,-1.642978430375644,0.6174931966475097,0.02530730296456975,-0.0008308348083662098,-0.06967879365435281,4.0,12.0,0.012292118582791112,1.0,1264.98,1262.57,-0.0037716495048722987,-0.005959972916371514,0.03610789696119232,0.10926710643040582,-0.010483517993345792,-0.01039849081051325,-0.018447852811081855,-0.01780495338872301,1.022577478079087,0.48749066940680424,13.83,14.0,0.012292118582791112,-0.0051660166293521215,0.017458135212143233,13.83,14.0,13.83,14.12,0.020968908170643452,0.008789348354073967,0.012179559816569485,13.83,13.33,-0.03615328994938538,-0.02245199876585202,-0.01370129118353336,-0.0013197649,0.005,4
2024-12-16,13.83,14.06,13.83,14.0,2225194,0.012292118582791112,-0.002138275124732636,0.005747126436781658,-0.008498583569405027,0.014492753623188248,0.021152443471918136,13.956,13.856,14.836999999999998,13.936314938344774,14.078783998644418,-0.14246906029964457,-0.21343349170572512,0.07096443140608055,-0.010176361449974611,0.005068887957577183,47.432855399123255,13.856,0.17211990924322917,14.200239818486459,13.51176018151354,0.049688195509015445,0.7091565127955477,0.2867137370139983,0.020479552643857025,28.819321618040398,14.941925542272847,25.085721439469687,68.42105263157892,62.280701754385895,790131387.0,788053850.2,0.18553947436897342,0.5570736144736225,0.036872754491691265,2547684.9,-0.5457390021546996,0.8734180588816145,0.01642857142857146,0.010392609699769073,-0.05641302150030314,0.0,12.0,-0.018571428571428572,0.0,1264.03,1263.79,0.0009662830575729586,-0.007889530867298822,0.038344616800315645,0.10875206672663942,0.011325835525218153,-0.0006090527021062053,-0.01719217332839751,-0.016557290373763967,1.0254443154573567,0.48380717510509974,14.0,13.89,-0.007857142857142785,-0.0016997256721822396,-0.006157417184960545,14.0,13.74,14.0,13.89,-0.007857142857142785,0.005620953269402484,-0.01347809612654527,14.0,13.13,-0.062142857142857055,-0.028334031670237514,-0.03380882547261954,-0.0013197649,0.005,4
2024-12-17,14.0,14.03,13.68,13.74,3157971,-0.018571428571428572,-0.006507592190889366,-0.02066999287241622,-0.018571428571428572,0.008810572687224738,0.014771048744461002,13.904,13.866000000000003,14.796999999999999,13.906112640137886,14.05368888763372,-0.14757624749583442,-0.200262042863747,0.05268579536791257,-0.010740629366509056,0.003834482923428862,41.548111930269904,13.866000000000003,0.15802731276254117,14.182054625525085,13.549945374474921,0.045586993440802207,0.3006673691443827,0.2912341843701413,0.02119608328749209,29.058111217598665,13.659287175610286,26.61124817803816,34.21052631578946,49.561403508771896,786973416.0,788205681.95,0.1926572796745305,0.41357607780057487,-0.027559898903225338,2589339.35,0.9420372159654935,1.2196049158253437,0.025473071324599684,-0.009086975335352854,-0.0714333986618908,1.0,12.0,0.029839883551673996,1.0,1264.91,1261.72,-0.0016379303523528232,-0.008136344698011833,0.04694021491100697,0.1006028848634951,-0.01693349821907575,-0.01043508387341674,-0.03216916616654597,-0.030726841617484735,0.9681739313377697,0.46494293546541215,13.74,13.83,0.0065502183406114245,-0.0017503979977347983,0.008300616338346223,13.74,14.15,13.74,13.71,-0.0021834061135370675,0.0033344685839200583,-0.005517874697457126,13.74,13.13,-0.044395924308588075,-0.020901811384715252,-0.023494112923872823,-0.0013197649,0.005,4
2024-12-18,13.74,14.27,13.71,14.15,3392444,0.029839883551673996,0.010714285714285676,0.02313810556760676,0.016522988505747183,0.043510324483775786,0.04120676968359094,13.95,13.894,14.763333333333332,13.943633772424365,14.060823044105296,-0.11718927168093174,-0.18364748862718394,0.0664582169462522,-0.008281927327274327,0.004696693777120297,51.72017695866634,13.894,0.1561510739468012,14.206302147893602,13.581697852106398,0.044954965869238826,0.9098594930048586,0.31043174262941686,0.021938639055082462,27.995948207320737,17.421512705025695,23.182314274225917,84.81012658227857,62.48056850988231,790365860.0,788345339.7,0.21848411260850553,0.514538354046903,-0.3010044399984423,2577165.35,1.3971711269734235,1.316347047735994,0.039575971731448674,0.01842521951921694,-0.0415443666741927,2.0,12.0,0.016487455197132572,1.0,1262.57,1266.0,0.0033921947817265874,-0.0022539917721418057,0.04065628750390449,0.09714214178468736,0.02644768876994741,0.01877698027788899,0.0005504821796864512,0.0005289759801545557,1.0338851737109669,0.46489006181904713,13.95,14.03,0.005734767025089571,0.013636725276473749,-0.007901958251384178,13.95,14.18,13.95,13.74,-0.01505376344086018,0.01019174158644276,-0.02524550502730294,13.95,13.21,-0.053046594982078754,-0.01156814384597038,-0.041478451136108374,-0.0013197649,0.005,4
2024-12-19,13.95,14.3,13.86,14.18,4598928,0.0021201413427560656,0.03202328966521106,0.0128571428571429,0.010691375623663513,0.016487455197132572,0.025307302964569844,13.98,13.9115,14.729166666666666,13.979997807436,14.069650966764163,-0.08965315932816331,-0.16484862276737983,0.07519546343921651,-0.006322507710025621,0.005302924078929233,52.37328242144567,13.9115,0.16778040159058272,14.247060803181165,13.575939196818835,0.048242217328277354,0.9000765248124639,0.31968661815588717,0.0225448954975943,26.86301232433315,16.379093275397132,20.903247905261345,85.36585365853647,68.12883551886817,794964788.0,788564906.3,0.21063779242440556,0.6755202176670373,0.24009021581452566,2657074.2,2.6438391391982257,1.7308240770995404,0.031029619181946494,0.019300578657944767,-0.0372842998585573,3.0,12.0,-0.012693935119887145,0.0,1256.9,1254.67,-0.008949447077409078,-0.010005128812088038,0.021443748829711895,0.10008844413820728,0.011069588420165144,0.02069650443575155,0.0038635541348579494,0.003782444348290781,0.9776532216231215,0.44640102029514916,14.18,14.09,-0.006346967559943573,0.01375438037591592,-0.020101347935859493,14.18,14.0,14.18,13.77,-0.028913963328631942,-0.0008043963045555325,-0.02810956702407641,14.18,13.65,-0.03737658674188993,-0.005168843580758198,-0.03220774316113173,-0.0013197649,0.005,4
2024-12-20,14.18,14.18,13.98,14.0,2329422,-0.012693935119887145,-0.010600706713780994,0.018922852983988436,0.012292118582791112,-0.004267425320056972,0.014492753623188248,14.014,13.9215,14.696333333333333,13.983075067830463,14.064491635892743,-0.0814165680622807,-0.14816221182636002,0.06674564376407932,-0.005815469147305764,0.004767545983148523,48.16339330116183,13.9215,0.16674200051829935,14.254984001036599,13.588015998963401,0.0479092053351433,0.6176968006800796,0.3111375740018952,0.0222241124287068,25.81100043298753,15.62705602132392,19.943486525826668,63.41463414634139,77.86353812905215,792635366.0,788805534.55,0.21619868448868562,0.6906868006688271,0.0665539292273051,2636012.55,-0.41560870317257276,0.8836915438813067,0.014285714285714235,0.005638760191071457,-0.04738143301050146,4.0,12.0,-0.012091038406827903,0.0,1255.6,1257.5,0.0022555731786046973,-0.004015618935979792,0.023939418614119523,0.10005378094571844,-0.014949508298491843,0.016307737518770904,-0.009446664990931275,-0.00922580459273381,0.9611331826165613,0.44134627147155525,14.06,14.12,0.00426742532005675,0.01005188324290085,-0.0057844579228440995,14.06,13.89,14.06,13.45,-0.04338549075391185,-0.01275298031605221,-0.03063251043785964,14.06,13.74,-0.022759601706970112,-0.010218226464414504,-0.012541375242555608,-0.0013197649,0.005,4
2024-12-23,14.06,14.18,13.89,13.89,2343367,-0.007857142857142785,-0.020451339915373734,-0.0183745583038869,-0.007857142857142785,-0.0162889518413597,-0.007857142857142785,13.992,13.916,14.657333333333332,13.968755826625776,14.051566329530317,-0.0828105029045414,-0.1350918700419963,0.052281367137454904,-0.005961879258786277,0.0037639573173113682,45.74350581541978,13.916,0.16582806568377836,14.247656131367558,13.584343868632443,0.047665439978091036,0.4608027750115897,0.30962774728747405,0.02229141449153881,25.203614659885652,14.581596413344053,20.685480958931713,50.0,66.26016260162595,790291999.0,788803600.55,0.2119485861408828,0.933793934448396,0.6260808799696708,2627787.0,-0.3842954875645387,0.8917644390508058,0.020878329733621248,-0.0018683529749927708,-0.052351496406804254,0.0,12.0,-0.004319654427645814,0.0,1262.45,1262.76,0.004182902584493053,-0.0008150088226682728,0.022726168299991967,0.09948271563228304,-0.012040045441635838,-0.007042134034474512,-0.03058331115713475,-0.029903714312865648,0.9586616309343319,0.44890305084526283,13.89,13.89,0.0,0.007117804010989381,-0.007117804010989381,13.89,13.83,13.89,12.98,-0.06551475881929447,-0.01273128904301557,-0.0527834697762789,13.89,13.77,-0.008639308855291628,-0.013412191317704325,0.0047728824624126975,-0.0013197649,0.005,4
2024-12-24,13.89,13.95,13.74,13.83,2630874,-0.004319654427645814,-0.012142857142857122,-0.024682651622002783,0.0065502183406114245,-0.012142857142857122,-0.010729613733905574,14.01,13.908499999999998,14.620166666666668,13.947408776375656,14.035154008824367,-0.08774523244871091,-0.12562254252333924,0.03787731007462833,-0.00634455766078893,0.0027387787472616287,44.432155492897536,13.908499999999998,0.1661728649708913,14.24084572994178,13.576154270058217,0.04779030520067323,0.38190009239211625,0.302511479624083,0.021873570471734126,25.204097870428345,13.858569484012452,23.201571779651776,42.68292682926823,52.0325203252032,787661125.0,788796447.05,0.21239887652943162,0.9623424034352324,0.6418620871891866,2633006.5,-0.0028828337541840147,0.9991900893522291,0.015184381778741799,-0.0056440306287520725,-0.054046351500780965,1.0,12.0,0.007902298850574585,1.0,1263.03,1260.36,-0.0019005986885869408,-0.0010778936689599394,0.01467640263096448,0.09829992942364735,-0.002419055739058873,0.007628112009571364,-0.025406016364870054,-0.02503854066083977,0.9784746777549911,0.45842624216836036,13.92,13.71,-0.015086206896551713,0.0037637774062422302,-0.018849984302793943,13.92,14.03,13.92,12.98,-0.06752873563218387,-0.008724039840574349,-0.05880469579160952,13.92,13.56,-0.025862068965517238,-0.015451296720363272,-0.010410772245153965,-0.0013197649,0.005,4
2024-12-25,13.92,14.18,13.92,14.03,3550541,0.014461315979754197,0.010079193664506825,0.002142857142857002,-0.008480565371024817,0.007902298850574585,0.01888162672476401,13.986,13.9215,14.585,13.960115118471709,14.034772230392933,-0.07465711192122448,-0.1154294564029163,0.04077234448169181,-0.005321248176851354,0.0029060829994078273,49.617010791043874,13.9215,0.16493300075134915,14.251366001502698,13.591633998497302,0.04738943382576555,0.6644607196645456,0.3059035167937913,0.02180352935094735,23.985527739379894,18.096483841272786,21.305420664519957,58.461538461538275,50.38148843026883,791211666.0,789073639.6,0.21136104680465884,0.7647472979554643,0.21534487206545785,2703714.55,1.118458972749066,1.3132085263956583,0.018531717747683522,0.007793700391480751,-0.03805279396640393,2.0,12.0,-0.0021246458923512845,0.0,1262.03,1274.04,0.010854041702370809,0.006350710900473899,0.025821879755549615,0.10453527884213971,0.0036072742773833877,-0.014831276271498717,-0.006940253030785604,-0.0067655537162449875,1.0213905397424279,0.48543538897409333,14.12,13.74,-0.026912181303116123,-0.004679857017433897,-0.022232324285682226,14.12,14.09,14.12,12.98,-0.08073654390934837,-0.023446318826037982,-0.05729022508331039,14.12,13.8,-0.022662889518413443,-0.012581525147372319,-0.010081364371041124,-0.0013197649,0.005,4
2024-12-26,14.12,14.36,14.09,14.09,3792326,0.004276550249465494,0.018799710773680367,0.014398848092152639,-0.006346967559943573,0.004276550249465494,0.018799710773680367,13.968,13.9345,14.553666666666667,13.980097407937599,14.038863176289754,-0.058765768352154524,-0.10409671879276394,0.04533095044060942,-0.004170742963247305,0.0032172427566081914,51.0913740164527,13.9345,0.16756695441085248,14.269633908821705,13.599366091178295,0.04810131814154866,0.7319968166556488,0.30762469416566335,0.021832838478755383,22.4864851571419,20.889349062271705,19.6729145266755,61.9718309859155,54.372098758907335,795003992.0,789395508.55,0.21134432689772722,0.7658743926310118,0.21765337249608996,2748390.95,1.3136461536959958,1.3798349903604505,0.019162526614620267,0.011159352685779833,-0.031859096218593286,3.0,12.0,-0.0021201413427562876,0.0,1275.68,1272.87,-0.0009183385137044864,0.014505806307634428,0.024764312339486727,0.10475390886124765,0.00519488876316998,-0.020852773867578,-0.00596460156580636,-0.005820461831061885,1.0160843235442283,0.47774961075567685,14.15,13.77,-0.02685512367491172,-0.016439838188717082,-0.010415285486194636,14.15,14.12,14.15,12.98,-0.08268551236749111,-0.03534134027407565,-0.04734417209341546,14.15,13.83,-0.022614840989399365,-0.008239518329204443,-0.014375322660194922,-0.0013197649,0.005,4
2024-12-27,14.15,14.18,13.86,14.12,3088713,0.002129169623846572,0.006414825374198241,0.020968908170643452,0.008571428571428452,0.020968908170643452,0.016558675305975434,13.991999999999999,13.945999999999998,14.5185,14.001620883639507,14.044873311379401,-0.04325242773989402,-0.09192786058218996,0.048675432842295946,-0.003063203097726205,0.0034472686148934806,51.85007536977905,13.945999999999998,0.17218105525717986,14.290362110514359,13.601637889485637,0.04938507249596453,0.7526410349560584,0.3085086445824017,0.021849054148895306,21.579706708447258,19.341674972440696,23.540522602033224,66.19718309859148,62.21018418201508,798092705.0,789770733.95,0.21102885861385137,0.7961337572921647,0.2720090515749117,2801747.4,0.3683829980419171,1.1024237945219473,0.02266288951841362,0.012476695826760364,-0.027447739091503998,4.0,12.0,-0.0162889518413597,0.0,1275.56,1275.14,0.0017833714362034403,0.014027833001988066,0.019736736880827888,0.10277668262861935,0.00034579818764313153,-0.005456404430559614,-0.0031780615748524532,-0.003116551027251946,1.083589196579214,0.5141378207051562,14.12,13.45,-0.0474504249291785,-0.02151128557409232,-0.025939139355086183,14.12,13.89,14.12,13.33,-0.05594900849858353,-0.029911678115799756,-0.026037330382783774,14.12,13.71,-0.029036827195467296,-0.01626692836113841,-0.012769898834328886,-0.0013197649,0.005,4
2024-12-30,14.12,14.12,13.83,13.89,2307158,-0.0162889518413597,-0.01419446415897796,-0.009978617248752597,0.0,-0.007857142857142785,0.006521739130434856,13.991999999999999,13.9505,14.477,13.98444844000266,14.033401214240186,-0.04895277423752553,-0.08333284331325708,0.034380069075731545,-0.0035243177996778638,0.0024751669600958635,45.96317504496889,13.9505,0.16931673837733582,14.289133476754671,13.611866523245329,0.048547862335353006,0.41067037940281725,0.3071865985408015,0.022115665841670372,20.848167610900266,18.037422171455404,22.650707102090117,33.80281690140853,53.990610328638496,795785547.0,790160732.55,0.21832794396936936,0.7326435326461825,0.07641220229545019,2786974.2,-0.6106593414969879,0.8278361529145121,0.020878329733621248,-0.004336762123221316,-0.040547074670166494,0.0,12.0,-0.015086206896551713,0.0,1273.75,1272.02,-0.002446790156375056,0.00733314327346446,0.01663190032048978,0.10349943276250237,-0.013842161684984644,-0.00733314327346446,-0.010110161190054923,-0.009944760917759643,1.0996125987946168,0.5209817896721106,13.92,12.98,-0.06752873563218387,-0.01988602868932987,-0.047642706942853996,13.92,13.71,13.92,13.13,-0.05675287356321834,-0.033939870308508646,-0.022813003254709696,13.92,13.83,-0.006465517241379337,-0.005950088426016853,-0.0005154288153624842,-0.0013197649,0.005,4
2024-12-31,13.92,14.0,13.71,13.71,2083155,-0.01295896328293733,-0.029036827195467296,-0.026969481902058168,-0.008676789587852451,-0.0021834061135370675,0.006607929515418665,13.968,13.955000000000002,14.4315,13.942225603079175,14.009445568740913,-0.06721996566173871,-0.08011026778295341,0.012890302121214697,-0.004902988013255923,0.0009402116791549743,41.94906791885608,13.955000000000002,0.16106553095917256,14.277131061918347,13.632868938081657,0.04616711743724038,0.11972000070253293,0.3059589843593156,0.02231648317719297,20.6044250650015,16.816237844441407,23.918686336012378,8.450704225352194,36.15023474178407,793702392.0,790580137.35,0.21825904417052203,0.7333398435989783,0.0782152878261552,2757568.0,-0.8418097384199401,0.7554319603360642,0.021152443471918244,-0.017556431386599902,-0.04999480303502746,1.0,12.0,-0.002178649237472685,0.0,1272.25,1266.78,-0.004119432084401242,0.005093782728744278,0.013561844410839852,0.10479819048923225,-0.008839531198536088,-0.01377057231659673,-0.006953914895421187,-0.006860868859426494,1.1066791340737243,0.5243959896309465,13.77,12.98,-0.057371096586782855,-0.014137561467658544,-0.04323353511912431,13.77,13.74,13.77,13.13,-0.046477850399418985,-0.02583217753120659,-0.020645672868212395,13.77,13.86,0.006535947712418277,0.0005122304879585649,0.006023717224459713,-0.0013197649,0.005,4
2025-01-02,13.77,13.86,13.71,13.74,1618804,0.002188183807439792,-0.010799136069114534,-0.026912181303116123,-0.02066999287241622,-0.028975265017667895,0.01327433628318575,13.91,13.964000000000002,14.389999999999999,13.911113971836224,13.989486637723068,-0.07837266588684422,-0.07976274740373157,0.0013900815168873537,-0.005703978594384586,0.00010117041607622661,42.84498275883933,13.964000000000002,0.1416964880893114,14.247392976178626,13.680607023821379,0.04058908280988589,0.10478907589647851,0.2948190569050787,0.02145699104112654,20.37809270095265,16.20510375156376,23.04943574548177,12.676056338028166,18.309859154929622,795321196.0,791207332.15,0.21758005880316797,0.6627097698471922,0.03896604707987612,2711658.4,-1.3012860938672337,0.5969793245343883,0.010917030567685487,-0.01604124892580938,-0.045170257123002044,3.0,1.0,-0.00649350649350644,0.0,1268.96,1269.71,0.0023129509464943077,-0.003398637405418903,0.02362122201530137,0.10027176599132999,-0.00012476713905451575,-0.017271355466997318,-0.010346885732115618,-0.010108119595004794,1.1773542503395904,0.5528673674971017,13.86,12.98,-0.06349206349206338,-0.01810457619370398,-0.0453874872983594,13.86,13.77,13.86,13.21,-0.04689754689754677,-0.020792282106657067,-0.026105264790889704,13.86,13.92,0.0043290043290042934,0.0021596229329885475,0.002169381396015746,-0.0013197649,0.005,4
2025-01-03,13.86,14.0,13.71,13.77,3512718,0.0021834061135370675,0.004376367614879584,-0.008639308855291628,-0.022711142654364802,-0.028913963328631942,-0.012903225806451646,13.845999999999998,13.955000000000002,14.352333333333336,13.889404130015267,13.9732283682621,-0.08382423824683372,-0.08057504557235201,-0.0032491926744817046,-0.006087453757939994,-0.00023596170475538887,43.77939333230529,13.955000000000002,0.14819972299143866,14.251399445982878,13.658600554017125,0.042479318664690284,0.18792114407209445,0.2944748385547159,0.02138524608240493,19.45380949351911,18.461061693916225,21.428065987955737,13.235294117647044,11.45401822700913,798833914.0,791831901.65,0.19102916499584086,0.6113055654088628,0.5944065733482836,2709033.1,0.9600876624654164,1.296668541997512,0.021060275962236686,-0.013256897169473425,-0.04057412267459437,4.0,1.0,-0.029581529581529598,0.0,1268.74,1254.59,-0.011908231013381121,-0.014361246631627744,-0.010208831349159397,0.07682419867806625,0.014091637126918188,-0.008349896022737058,-0.0026943944572922485,-0.002722184782639414,1.1065559468100756,0.5360355356043275,13.86,12.98,-0.06349206349206338,-0.019373759752627895,-0.04411830373943548,13.86,13.45,13.86,13.65,-0.015151515151515138,-0.004526653862399366,-0.010624861289115772,13.86,13.86,0.0,0.016265669952741257,-0.016265669952741257,-0.0013197649,0.005,4
2025-01-06,13.86,13.95,13.42,13.45,3179636,-0.023238925199709493,-0.021106259097525504,-0.018964259664478567,-0.0474504249291785,-0.03928571428571437,-0.04338549075391185,13.712,13.9245,14.3075,13.821803494628302,13.934470711353796,-0.11266721672549451,-0.08699347980298051,-0.025673736922514,-0.008376744737954982,-0.001908828023978736,36.85753001987247,13.9245,0.18391860327759504,14.29233720655519,13.55666279344481,0.05283309369172185,-0.14498641184739233,0.31129806437223617,0.023144837499794513,19.65076221280424,16.2160009954166,25.47635076836907,3.1914893617020614,9.700946605792419,795654278.0,792115963.1,0.20422640971505734,0.5694238827464543,0.5261903388763742,2686488.65,0.6037573392816129,1.1835657671585547,0.0394052044609665,-0.034076627527020786,-0.05993360125808145,0.0,1.0,-0.0370919881305638,0.0,1254.79,1246.35,-0.006567882734598518,-0.022577913013473228,-0.018730218716047187,0.07908013673192173,-0.016671042465110975,-0.024872511915705275,-0.02465527203786466,-0.02512588536620808,1.1365597712891042,0.5453368409226458,13.48,13.33,-0.011127596439169163,-0.010839023687349347,-0.00028857275181981556,13.48,12.98,13.48,13.74,0.01928783382789323,0.00028818674501063235,0.018999647082882598,13.48,13.71,0.017062314540059464,0.01126329861750408,0.005799015922555384,-0.0013197649,0.005,4
2025-01-07,13.48,13.56,12.86,12.98,5500862,-0.03494423791821555,-0.057371096586782855,-0.055312954876273634,-0.06551475881929447,-0.06551475881929447,-0.08073654390934837,13.530000000000001,13.867500000000001,14.259166666666665,13.692295264685486,13.86376917717944,-0.17147391249395483,-0.10388956634117538,-0.06758434615277945,-0.01321062499953427,-0.005206806329181775,29.484043561218442,13.867500000000001,0.2744923544137096,14.41648470882742,13.318515291172583,0.07917572869333606,-0.30831030967658446,0.33906248834564795,0.02612191743803143,21.21825993780278,13.82470122726211,33.516704848477204,8.000000000000066,8.142261159783052,790153416.0,792034449.9,0.2332815640871521,0.17401531924295022,0.6083189702394625,2871000.2,2.6196322210602383,1.9160089226047423,0.05392912172573198,-0.06399855777897967,-0.08970837472970594,1.0,1.0,0.0,0.0,1249.19,1246.95,0.00048140570465760035,-0.019708809609911726,-0.021109401494693092,0.07797486438645984,-0.03542564362287315,-0.045805949209382746,-0.059627142414655276,-0.060912978943409524,1.1168092130400198,0.5145934864758985,12.98,13.13,0.011556240369799742,-0.01371412980676645,0.025270370176566193,12.98,12.98,12.98,13.77,0.06086286594761159,-5.6172562110989865e-05,0.06091903850972258,12.98,13.62,0.04930662557781185,0.017886948706426153,0.03141967687138569,-0.0013197649,0.005,4
2025-01-08,12.98,13.13,12.72,12.98,3841731,0.0,-0.03494423791821555,-0.057371096586782855,-0.05324580598103579,-0.061460592913955114,-0.07285714285714284,13.384,13.816500000000001,14.215666666666667,13.582711377810796,13.798304793684666,-0.2155934158738706,-0.12623033624771443,-0.08936307962615617,-0.01660966223989758,-0.006884674855636068,29.484043561218442,13.816500000000001,0.3363625080803566,14.489225016160715,13.143774983839288,0.09737994660886815,-0.12172505845996498,0.34412945346381596,0.026512284550371027,22.93608184095354,12.64820718947545,33.570287469270845,15.853658536585364,9.015049299429158,790153416.0,792084149.4,0.2331054512494043,0.08076763962479247,0.6022762610511944,2931874.05,0.8877959578160378,1.3103328910053282,0.03158705701078583,-0.06054355299822678,-0.08692287851431524,2.0,1.0,-0.002305918524212136,0.0,1246.16,1251.02,0.0032639640723364227,-0.012440992121757533,-0.01654783148726091,0.07944561089476546,-0.0032639640723364227,-0.040804813859278255,-0.05630931136988193,-0.057256787033209466,1.0976447487828456,0.5110000568352416,13.01,13.13,0.009223674096848544,-0.011498848515864801,0.020722522612713346,13.01,12.98,13.01,13.56,0.04227517294388927,-0.00642112333674516,0.04869629628063443,13.01,13.74,0.05611068408916231,0.01307414278403285,0.04303654130512946,-0.0013197649,0.005,4
2025-01-09,13.01,13.15,12.98,12.98,2176129,0.0,0.0,-0.03494423791821555,-0.055312954876273634,-0.07483962936564492,-0.06752873563218387,13.232,13.769499999999999,14.175166666666666,13.489986550455288,13.7376896237821,-0.24770307332681085,-0.15052488366353373,-0.09717818966327713,-0.019083441704684966,-0.0074867634563387615,29.484043561218442,13.769499999999999,0.3835083887094638,14.536516777418926,13.002483222581072,0.11140807980230617,-0.014656278221663545,0.33169163535925766,0.02555405511242355,24.431796865926966,12.615863201824695,32.341317059623684,15.853658536585364,13.235772357723592,790153416.0,792223691.95,0.2333239923306278,0.016804810256648522,0.5823101009714264,2950837.45,-0.7700274491587054,0.7374614958882265,0.013097072419106312,-0.057336867714877005,-0.08431411741190575,3.0,1.0,-0.002305918524212136,0.0,1250.56,1245.77,-0.004196575594315077,-0.01885469910451998,-0.018197437069495392,0.08013980362377175,0.004196575594315077,-0.036458255771753656,-0.049331298562688475,-0.05024564044266033,1.0833153850205381,0.5074268257453554,13.01,13.21,0.015372790161414462,-0.0026652109691093218,0.018038001130523784,13.01,12.98,13.01,13.8,0.06072252113758658,0.011198702716588516,0.04952381842099807,13.01,13.77,0.058416602613374335,0.0198044441590135,0.038612158454360834,-0.0013197649,0.005,4
2025-01-10,13.01,13.36,12.95,12.98,3918743,0.0,0.0,0.0,-0.057371096586782855,-0.07877927608232782,-0.07483962936564492,13.074000000000002,13.717000000000002,14.132166666666667,13.411527081154475,13.681564466464907,-0.27003738531043275,-0.17442738399291355,-0.0956100013175192,-0.02080411288986385,-0.007365947713214114,29.484043561218442,13.717000000000002,0.4164271592336066,14.549854318467215,12.88414568153279,0.12143388765287055,0.05754566935765036,0.33728508997645357,0.025984983819449428,24.816210836429725,15.967732194559071,29.53319242210129,15.853658536585364,15.853658536585364,790153416.0,792257474.4,0.2299141314763939,0.08157761474214527,0.8107267490937364,3041014.5,0.8707081699999798,1.2886301594418572,0.03158705701078583,-0.05372894947874918,-0.08152795631714882,4.0,1.0,0.013688212927756682,1.0,1245.68,1230.48,-0.012273533637830347,-0.01921743358387995,-0.029092200260385725,0.08974304528580561,0.012273533637830347,-0.038153663002902904,-0.045747429105259196,-0.04711820125199129,0.9932271837301782,0.4785539460781746,13.15,13.65,0.03802281368821303,0.018301729900705777,0.019721083787507254,13.15,13.33,13.15,13.83,0.05171102661596949,0.03129636574111805,0.020414660874851442,13.15,14.21,0.08060836501901147,0.040288262436208866,0.04032010258280261,-0.0013197649,0.005,4
2025-01-13,13.15,13.39,13.15,13.33,2568208,0.026964560862865916,0.026964560862865916,0.026964560862865916,-0.00892193308550182,-0.05594900849858353,-0.03615328994938538,13.05,13.691999999999998,14.098,13.398984453284555,13.655522654134174,-0.25653820084961865,-0.19084954736425458,-0.06568865348536407,-0.01924517635781085,-0.004927880981647717,41.255332701433154,13.691999999999998,0.4242218883159131,14.540443776631825,12.843556223368171,0.12393277485127475,0.28666824486763587,0.34247901212099263,0.025692348996323527,25.03580333739923,15.228005905972854,27.00778033958476,37.195121951219505,22.96747967479674,792721624.0,792498245.95,0.25063353756190065,0.07420362502735615,0.37741744735568644,3090846.2,-0.5473634952566453,0.8309077300578721,0.018004501125281337,-0.026438796377446616,-0.05447581217193931,0.0,1.0,-0.01941747572815533,0.0,1226.66,1235.65,0.0042016123789090365,-0.008585068399727058,-0.0213215900900543,0.09146524969038869,0.02276294848395688,-0.0003368646857747626,-0.014831699859331082,-0.015154824822073976,1.0420827587365797,0.4863720661132618,13.39,13.74,0.026138909634055185,0.011969840537104037,0.014169069096951148,13.39,13.13,13.39,13.71,0.02389843166542205,0.014788179175069027,0.009110252490353021,13.39,14.27,0.0657206870799103,0.030734468767462886,0.034986218312447415,-0.0013197649,0.005,4
2025-01-14,13.39,13.42,13.1,13.13,1913473,-0.015003750937734428,0.011556240369799742,0.011556240369799742,0.011556240369799742,-0.05471562275017994,-0.062142857142857055,13.080000000000002,13.648499999999999,14.064833333333333,13.357602229702316,13.616595050124236,-0.25899282042191984,-0.20447820197578764,-0.0545146184461322,-0.01972527192855444,-0.004151913057588134,37.41211069893736,13.648499999999999,0.4354341451205285,14.519368290241056,12.777631709758941,0.12761377297740523,0.20230860061716324,0.3408733683980646,0.025961414196349168,25.373117977296662,14.206897369222132,26.244512039816822,25.00000000000003,26.01626016260163,790808151.0,792532084.15,0.24911590849754003,0.289133514455173,0.5267622246819162,3075260.15,-1.195142858095496,0.6222150018755324,0.024371667936024393,-0.03798952265816735,-0.06646600860301688,1.0,1.0,0.0,0.0,1234.77,1229.07,-0.005325132521345144,-0.014338987128593828,-0.027472918760237053,0.09233773541093937,-0.009678618416389284,0.02589522749839357,-0.03466993838262,-0.03564932951627764,1.040586317570941,0.4875600316617951,13.13,13.77,0.0487433358720486,0.010378743036917548,0.03836459283513105,13.13,13.13,13.13,13.83,0.05331302361005319,0.025452245619440816,0.027860777990612373,13.13,14.3,0.08910891089108919,0.03636614259419946,0.05274276829688973,-0.0013197649,0.005,4
2025-01-15,13.13,13.21,12.95,13.13,2455157,0.0,-0.015003750937734428,0.011556240369799742,0.011556240369799742,-0.042304886943836606,-0.044395924308588075,13.11,13.617999999999999,14.033666666666667,13.322586502055806,13.580550972337255,-0.25796447028144875,-0.21517545563691987,-0.04278901464452889,-0.019646951278099675,-0.0032588739257066934,37.41211069893736,13.617999999999999,0.449813996646337,14.517627993292672,12.718372006707325,0.13212336514799145,0.22877678127050122,0.3350966992267744,0.025521454625039935,26.073763767947465,13.41953545153409,27.987383551343935,25.00000000000003,29.065040650406516,790808151.0,792723820.9,0.24243697280355808,0.17220897715148556,0.8352285069895968,3040119.45,-0.5959275204649903,0.8075857019368103,0.01980198019801992,-0.03583492436481117,-0.06439276976793895,2.0,1.0,-0.006766917293233088,0.0,1233.29,1236.18,0.005784861724718704,-0.011862320346597066,-0.020242209047966253,0.09575424626657,-0.005784861724718704,0.023418560716396808,-0.024153715260621822,-0.024652741201630635,1.034273024479769,0.4840729374143805,13.3,13.56,0.019548872180451093,0.0006362040362717369,0.018912668144179356,13.3,13.21,13.3,13.86,0.042105263157894646,0.022444312013786938,0.019660951144107708,13.3,14.36,0.07969924812030071,0.03770515566865851,0.041994092451642206,-0.0013197649,0.005,4
2025-01-16,13.3,13.42,13.1,13.21,2037088,0.006092916984006047,0.006092916984006047,-0.00900225056264059,0.017719568567026167,-0.03857350800582238,-0.06643109540636039,13.156,13.571000000000002,14.001333333333333,13.305265501739528,13.553102752164126,-0.24783725042459714,-0.22170781459445532,-0.026129435830141823,-0.018761336141150425,-0.001978004226354415,40.00486161139264,13.571000000000002,0.44030969961942806,14.451619399238858,12.690380600761145,0.12977958871694883,0.29503063394241436,0.3340183635677191,0.025285265977874265,25.71744089749428,16.991997002337005,26.072184586838432,33.56164383561647,27.853881278538836,792845239.0,792847789.85,0.2138352681116589,-0.22476144281322058,1.236870857310814,2972351.65,-0.9328774946487866,0.6853455579524045,0.024224072672218037,-0.026600840026527184,-0.05651842681649355,3.0,1.0,0.028636021100226117,1.0,1241.74,1242.36,0.004999271950686612,-0.0027372628976457536,-0.018672985781990614,0.09689610215433962,0.0010936450333194347,0.02045683146467192,-0.04775810962436977,-0.0486668653083262,1.0348492853052347,0.4888320964987662,13.27,13.8,0.03993971363978899,0.013884640770134737,0.02605507286965425,13.27,13.65,13.27,13.92,0.04898266767143933,0.023422785299183735,0.025559882372255593,13.27,14.27,0.07535795026375292,0.04072827959239511,0.034629670671357804,-0.0013197649,0.005,4
2025-01-17,13.27,13.65,13.15,13.65,4046995,0.03330809992429984,0.03960396039603964,0.03960396039603964,0.05161787365177184,-0.008714596949890963,-0.03737658674188993,13.290000000000001,13.5445,13.975833333333332,13.358301578394986,13.560280326077894,-0.20197874768290802,-0.21776200121214587,0.015783253529237845,-0.014796977852227694,0.0011562823098342744,51.82537207927498,13.5445,0.4170633550256686,14.378626710051336,12.710373289948663,0.1231683281112387,0.5632397924252468,0.3458741947414534,0.025338768845527722,24.43928140125539,19.987306056352505,23.380022339157616,66.42857142857147,41.66340508806265,796892234.0,792944162.15,0.25000455743304023,0.26290373728858624,0.9257885612020951,2944755.0,1.1455267946214636,1.3743061816687636,0.03663003663003663,0.0077891395031193245,-0.023314054021823294,4.0,1.0,0.00659340659340657,1.0,1242.38,1249.11,0.005433207765864978,0.015140433001755271,-0.00443144412475005,0.09451748767274301,0.02787489215843486,0.03647744065001657,-0.03294514261713988,-0.03309178702231741,1.1680055315661102,0.515360200379794,13.65,13.83,0.01318681318681314,0.012015711622921144,0.0011711015638919964,13.65,13.74,13.65,13.86,0.01538461538461533,0.02013551674759806,-0.004750901362982729,13.65,14.12,0.03443223443223431,0.037375102997528,-0.002942868565293688,-0.0013197649,0.005,4
2025-01-20,13.65,13.83,13.59,13.74,2718576,0.00659340659340657,0.04012112036336113,0.046458492003046414,0.030757689422355572,0.021561338289962872,-0.018571428571428572,13.372,13.5315,13.954333333333333,13.417024412488065,13.573592894516569,-0.15656848202850426,-0.20552329737541755,0.04895481534691329,-0.011395086028275419,0.0035629414371843734,53.82920736184083,13.5315,0.406024046474828,14.343548092949655,12.719451907050344,0.12002336665553057,0.6283790958997592,0.33831175225992105,0.024622398272192217,22.785676498758786,22.774896930804648,22.19531509715481,79.6875,59.89257175472931,799610810.0,793292934.35,0.24821015396535356,0.0916407562419424,0.9858751457269981,2964212.7,-0.25774966901693086,0.9171325660941942,0.01746724890829696,0.015408491298082305,-0.015359625444903546,0.0,1.0,0.0021834061135370675,1.0,1250.03,1249.55,0.00035225080257150765,0.01124914012867717,-0.006322067594433434,0.09410081025355944,0.006241155790835062,0.0195085492936784,-0.012249360976995138,-0.012327294969045943,1.1630469488278192,0.5118197886286181,13.74,13.71,-0.0021834061135370675,0.00022350828178008264,-0.00240691439531715,13.74,13.77,13.74,13.71,-0.0021834061135370675,0.00838954300538819,-0.010572949118925257,13.74,14.41,0.04876273653566221,0.04135701456795049,0.00740572196771172,-0.0013197649,0.005,4
2025-01-21,13.74,13.89,13.56,13.77,4151665,0.0021834061135370675,0.00879120879120876,0.04239212717638141,0.0487433358720486,0.06086286594761159,-0.008639308855291628,13.5,13.5255,13.931833333333334,13.471328349028362,13.588141568996823,-0.11681321996846172,-0.1877812818940264,0.07096806192556468,-0.008483167753700924,0.00515381713330172,54.50846983790646,13.5255,0.4013067470939925,14.328113494187985,12.722886505812014,0.11868152662570489,0.6523149073436425,0.3377180556699267,0.024525639482202374,21.45778516702979,22.454317601873264,20.646166996692372,82.03124999999996,76.04910714285712,803762475.0,793966458.15,0.24699077361709904,-0.008758352422345765,1.065799219836101,3054627.6,1.1234458699550025,1.3591394905225107,0.023965141612200442,0.01807696573139639,-0.011616083071144034,1.0,1.0,-0.015250544662309351,0.0,1252.75,1246.09,-0.0027689968388620034,0.013847868713742884,-0.013201241724476565,0.09293632665670988,0.004952402952399071,0.034895467158305715,0.004561932869184937,0.004622961704124018,1.1514929320409637,0.5080785836352627,13.77,13.83,0.004357298474945592,0.01315431080063445,-0.008797012325688858,13.77,13.56,13.77,13.62,-0.01089324618736387,0.016174514924775396,-0.027067761112139266,13.77,14.41,0.046477850399418985,0.04398122186083042,0.0024966285385885634,-0.0013197649,0.005,4
2025-01-22,13.77,13.83,13.54,13.56,2401838,-0.015250544662309351,-0.013100436681222738,-0.00659340659340657,0.03274942878903264,0.04468412942989208,-0.0195227765726681,13.586000000000002,13.512,13.906333333333333,13.484970141485537,13.586057008330393,-0.1010868668448559,-0.17044239888419233,0.06935553203933642,-0.007454783690623592,0.005114714752163452,49.06670340565365,13.512,0.395016322114474,14.302032644228948,12.721967355771053,0.11693792839386435,0.5303784915412242,0.33430962312207485,0.02465410200015301,20.146903053343696,21.063017088352968,19.794221855067807,65.62500000000003,75.78124999999999,801360637.0,794651433.75,0.2523292584183826,0.05890184502922124,0.7445174137615935,3043175.8,-0.652398916286848,0.7892537788976898,0.021386430678466142,0.003552397868561208,-0.024904719672091735,2.0,1.0,0.019202363367799125,1.0,1248.26,1242.53,-0.002856936497363738,0.005136792376514654,-0.014146751721730189,0.09316899928395035,-0.012393608164945613,0.027612636412517988,-0.0053760248509379105,-0.005453169485749365,1.1807616659403846,0.5142445036700907,13.54,13.86,0.02363367799113747,0.01928403407220669,0.004349643918930779,13.54,13.8,13.54,13.74,0.014771048744461002,0.017116386611967238,-0.0023453378675062364,13.54,14.21,0.04948301329394389,0.04605849436813081,0.0034245189258130804,-0.0013197649,0.005,4
2025-01-23,13.54,13.83,13.54,13.8,2009187,0.017699115044247815,0.002178649237472907,0.004366812227074357,0.044663133989401915,0.06317411402157158,-0.016393442622950727,13.704000000000002,13.500499999999999,13.886333333333333,13.533436273564686,13.601904637342956,-0.06846836377827081,-0.15004759186300803,0.08157922808473722,-0.0049614756361065805,0.005911538267009943,54.6401534600387,13.500499999999999,0.3822850273098164,14.265070054619631,12.735929945380366,0.11326544270503054,0.6958617122070003,0.3311446500419267,0.02399598913347295,18.929655376349466,19.74544981399783,18.55602227386992,87.80487804878058,78.48704268292686,803369824.0,795259341.65,0.2551832536713003,0.0627629247873999,0.6209099223880832,2966108.1,-0.9555612891421481,0.6773815829571417,0.021014492753623253,0.02218436354209108,-0.006217143954487581,3.0,1.0,0.0021739130434781373,1.0,1245.59,1259.63,0.013762243165155175,0.013900962683924378,-0.011310476908103273,0.09837694815931772,0.0039368718790926405,0.030762171305477537,-0.005082965714847454,-0.005141114167925731,1.1945086415488368,0.5330087964734068,13.8,13.92,0.008695652173912993,0.009704111938757753,-0.0010084597648447602,13.8,13.83,13.8,13.77,-0.0021739130434783593,0.008806759525435526,-0.010980672568913885,13.8,14.39,0.04275362318840581,0.0385464479138542,0.004207175274551611,-0.0013197649,0.005,4
2025-01-24,13.8,13.83,13.62,13.83,2189261,0.0021739130434781373,0.019911504424778625,0.004357298474945592,0.01318681318681314,0.06548536209553157,-0.018452803406671436,13.74,13.4875,13.866333333333333,13.579061462247042,13.618800590132366,-0.03973912788532452,-0.12798589906747135,0.08824677118214683,-0.0028734004255476877,0.006380822211290443,55.29862634018081,13.4875,0.36522343557710096,14.217946871154203,12.757053128845799,0.10831464261786125,0.7344455247366619,0.3224914607532177,0.02331825457362384,17.799353961997678,18.82703248127776,17.69292861719463,94.87179487179483,82.76722430685847,805559085.0,795787096.3,0.25474780628968,0.08351265738879331,0.6511816811252772,2885954.85,-0.6995256863461595,0.7585915628583032,0.015184381778741927,0.025393883225208524,-0.002620255294598417,4.0,1.0,-0.004357298474945481,0.0,1259.26,1265.05,0.00430285083715054,0.012761085893155943,-0.006143596753792613,0.09985260245697591,-0.002128937793672403,0.0004257272936571965,-0.012309206652878824,-0.012385296922848843,1.1957972364800824,0.5332376297978879,13.77,13.86,0.006535947712418277,0.012794955086610216,-0.006259007374191938,13.77,13.71,13.77,14.21,0.031953522149600566,0.013493872558752784,0.018459649590847782,13.77,14.5,0.05301379811183726,0.036748762995496786,0.016265035116340476,-0.0013197649,0.005,4
2025-02-03,13.77,13.77,13.45,13.71,3915417,-0.008676789587852451,-0.006521739130434745,0.01106194690265494,-0.0021834061135370675,0.028507126781695424,-0.029036827195467296,13.734,13.467000000000002,13.843333333333332,13.599205852670574,13.625556101974412,-0.02635024930383878,-0.10765876911474484,0.08130851981090606,-0.0019219729616220846,0.0059305995485708285,52.04413735993885,13.467000000000002,0.3383722646342167,14.143744529268435,12.79025547073157,0.10050412553180853,0.679535991419601,0.32659921355655935,0.023821970354234816,17.042163690385223,17.262364129819048,19.940481734046553,84.61538461538464,89.09735251198667,801643668.0,795964644.45,0.2559798474586311,0.1868968919724938,0.5967991850047667,2927290.05,0.9672023989671422,1.3375568984016464,0.02334062727935815,0.018044107819113364,-0.009631591620515079,0.0,2.0,0.008752735229759168,1.0,1259.09,1253.03,-0.00950160072724393,0.0027850026009363926,-0.01733927255046519,0.10466477603814342,0.0008248111393914792,-0.00496840871447346,-0.011697554645002106,-0.011903960663374402,1.2233802554327864,0.5485278148430082,13.71,13.71,0.0,0.005052072145181441,-0.005052072145181441,13.71,13.83,13.71,14.27,0.04084609773887671,0.01257846623863279,0.028267631500243917,13.71,14.41,0.051057622173595885,0.04173727633641211,0.009320345837183774,-0.0013197649,0.005,4
2025-02-04,13.71,13.83,13.62,13.83,2541014,0.008752735229759168,0.0,0.0021739130434781373,0.004357298474945592,0.05331302361005319,-0.004319654427645814,13.746,13.464000000000002,13.827666666666666,13.634712644567408,13.640700094420753,-0.005987449853344984,-0.08732450526246488,0.0813370554091199,-0.0004329320212107725,0.005881204295670275,54.90242749838438,13.464000000000002,0.3346703012314059,14.133340602462814,12.79465939753719,0.0994267086248978,0.773403405271782,0.3182706983025195,0.023013065676248695,16.05884639125755,17.7953568543422,19.000692970563225,93.61702127659571,91.03473358792506,804184682.0,796384601.2,0.2519974969343047,-0.0037714710996961144,0.7698575240540314,2938982.85,-0.3919011400233339,0.8645895977242603,0.015184381778741927,0.0271836007130124,0.00016874382277087818,1.0,2.0,-0.004310344827586188,0.0,1256.91,1264.68,0.00929746294980971,0.014918665585953006,-0.005770349522806195,0.1104366278807193,-0.0005447277200505418,-0.010561367111007414,0.0014506950951603814,0.001459114696955588,1.1876556076708054,0.5404750664709898,13.92,13.62,-0.02155172413793105,1.5767523631637914e-05,-0.021567491661562688,13.92,13.86,13.92,14.3,0.027298850574712707,0.007655132723130231,0.019643717851582476,13.92,14.27,0.025143678160919558,0.034278596375046266,-0.009134918214126708,-0.0013197649,0.005,4
2025-02-05,13.92,14.12,13.86,13.86,4009306,0.002169197396963085,0.01094091903719896,0.002169197396963085,0.022123893805309658,0.055597867479055596,0.01094091903719896,13.806000000000001,13.4715,13.812999999999999,13.669372237710883,13.656944531871067,0.012427705839815673,-0.06737406304200877,0.07980176888182444,0.0008966598730025738,0.0057577033825270164,55.61467139265009,13.4715,0.34207224537023706,14.155644490740475,12.787355509259527,0.10156916315784788,0.7839312493618938,0.31625136270948234,0.022817558637047788,15.858136528168128,23.17971457084728,17.75615830804155,77.7777777777778,85.33672788991937,808193988.0,797109181.0,0.2474365083598559,-0.13283794831740797,1.075453599139499,3035290.4,0.9536409624775093,1.320897005439743,0.018759018759018746,0.02883865939204977,0.003402591761384244,2.0,2.0,0.0043290043290042934,1.0,1268.43,1269.61,0.0038982193123950903,0.021794242392537688,0.002234010641153139,0.11039354348902604,-0.0017290219154320052,0.00032965141277196963,0.00870690839604582,0.008687500427645434,1.1864414320473473,0.5410458711333362,13.86,13.74,-0.008658008658008587,-0.0052372053581242195,-0.0034208032998843674,13.86,13.92,13.86,14.36,0.03607503607503615,0.011762119380015479,0.02431291669502067,13.86,13.98,0.008658008658008809,0.02444290896527912,-0.01578490030727031,-0.0013197649,0.005,4
2025-02-06,13.86,14.06,13.83,13.92,3264239,0.0043290043290042934,0.006507592190889255,0.015317286652078765,0.008695652173912993,0.05374716124148371,0.013100436681222627,13.830000000000002,13.480500000000001,13.797500000000001,13.707930354986132,13.67643012210284,0.03150023288329251,-0.04759920385694852,0.07909943674024103,0.0022629477646043472,0.005682430800304672,57.07483728167632,13.480500000000001,0.3517396615022086,14.183979323004419,12.777020676995583,0.10436991550824043,0.8123759189701436,0.3100905510873765,0.022276620049380493,15.530094318939014,21.951655234031954,17.50648091379822,82.90598290598295,84.7669273201188,811458227.0,797916032.55,0.2477284210225004,-0.15452811786432005,1.0588051374358138,3117562.15,0.15183427795185633,1.0470485728728776,0.01652298850574716,0.03260264826972281,0.008878420003623821,3.0,2.0,-0.004310344827586188,0.0,1273.58,1271.48,0.001472893250683338,0.009407524431777503,0.0013940191067252083,0.11021381034770328,0.0028561110783209553,-0.0007118722578645098,0.011706417574497419,0.011690121322014635,1.2185990866241934,0.540643055450794,13.92,13.77,-0.010775862068965525,-0.0012814666897279503,-0.009494395379237575,13.92,13.86,13.92,14.27,0.025143678160919558,0.016509693548640625,0.008633984612278933,13.92,13.89,-0.0021551724137930384,0.036352772842340286,-0.038507945256133325,-0.0013197649,0.005,4
2025-02-07,13.92,13.98,13.74,13.86,2018337,-0.004310344827586188,0.0,0.002169197396963085,0.002169197396963085,0.01538461538461533,0.006535947712418277,13.836000000000002,13.485,13.7795,13.731325684988265,13.690027890835962,0.04129779415230317,-0.029819804255098184,0.07111759840740135,0.0029796388277275013,0.005131139856233864,55.12197241641285,13.485,0.35618593606799753,14.197371872135994,12.772628127864005,0.10565396694638408,0.7632052265592619,0.3050840831525639,0.0220118386112961,14.799881615230117,20.718178594288414,18.62992871197898,77.7777777777778,79.4871794871795,809439890.0,798446331.35,0.24830762250215546,-0.08629027077772702,1.0044515191923409,3042843.1,-1.0334751477455146,0.6633063006107676,0.017316017316017333,0.027808676307007785,0.005842011684023207,4.0,2.0,-0.010822510822510734,0.0,1271.98,1275.2,0.0029257243527227583,0.008023398284652927,0.01642767756797059,0.10098252326984077,-0.007236069180308946,-0.005854200887689842,-0.009891729855552311,-0.009731858029703111,1.216305362840258,0.5411035581912403,13.86,14.21,0.025252525252525304,0.002994647362588143,0.02225787788993716,13.86,13.71,13.86,14.12,0.018759018759018753,0.019241198802141035,-0.00048218004312228224,13.86,13.89,0.0021645021645022577,0.04227090161679525,-0.040106399452292996,-0.0013197649,0.005,4
2025-02-10,13.86,13.89,13.65,13.71,2437797,-0.010822510822510734,-0.015086206896551713,-0.010822510822510734,0.0,-0.0021834061135370675,0.019330855018587556,13.836000000000002,13.498000000000001,13.759000000000002,13.728044810374685,13.691507306329594,0.03653750404509104,-0.016548342595060342,0.05308584664015138,0.0026650258238578436,0.0038720530007404362,50.472467227940065,13.498000000000001,0.3595699185357328,14.217139837071466,12.778860162928536,0.10655502105074303,0.6473983146750165,0.30043522007023793,0.021913582791410497,13.77381012521061,19.535997704114973,19.706656454786383,64.9572649572651,75.21367521367527,807002093.0,799013722.1,0.2362193143393251,-0.0290502815257463,1.5604010186906638,3005751.15,-0.5680812497653709,0.8110441877398933,0.017505470459518613,0.015706030523040537,-0.0035613053274221596,0.0,2.0,-0.013043478260869712,0.0,1272.27,1263.26,-0.00936323713927234,0.008164209955068946,0.013567617442933333,0.10413836532915584,-0.0014592736832383935,-0.008164209955068946,0.005763237575654223,0.005686090869984506,1.2282968708391167,0.550680512850198,13.8,14.27,0.034057971014492594,0.0057529396889619555,0.02830503132553064,13.8,13.62,13.8,14.41,0.04420289855072457,0.03091414843848761,0.013288750112236958,13.8,13.98,0.01304347826086949,0.051239094702237864,-0.038195616441368374,-0.0013197649,0.005,4
2025-02-11,13.8,13.83,13.56,13.62,2310694,-0.006564551422319598,-0.017316017316017285,-0.02155172413793105,-0.015184381778741929,-0.01089324618736387,0.04930662557781185,13.794,13.530000000000001,13.7385,13.711422531855503,13.686210468823699,0.025212063031803567,-0.008196261469687561,0.03340832450149113,0.0018511059494716276,0.002452887261489804,47.86376346504348,13.530000000000001,0.338930205515133,14.207860411030268,12.852139588969735,0.10020109549597436,0.5663853490597045,0.2982612757795066,0.02189877208366422,13.215475667857982,18.272790909926712,20.587763786794458,50.98039215686273,64.5718116306352,804691399.0,799740621.25,0.19708171052252366,0.9803808713234408,1.2229111818226652,2846242.75,-0.6540158221097272,0.8118401004271333,0.019823788546255477,0.006651884700665134,-0.008625395785566203,1.0,2.0,0.0,0.0,1265.44,1268.45,0.004108417902886297,0.002980991238890507,0.017242070652391916,0.10483345370512845,-0.010672969325205894,-0.018165373017632436,0.03206455492541993,0.031521066470300285,1.2110801781806175,0.5440502935747584,13.74,14.3,0.040756914119359555,0.005752146235137756,0.0350047678842218,13.74,13.74,13.74,14.41,0.04876273653566221,0.02544006672804411,0.0233226698076181,13.74,13.86,0.008733624454148492,0.04855881589197608,-0.03982519143782759,-0.0013197649,0.005,4
2025-02-12,13.74,13.83,13.62,13.74,2312441,0.008810572687224738,0.002188183807439792,-0.008658008658008587,-0.008658008658008587,0.01327433628318575,0.05855161787365182,13.770000000000001,13.567999999999998,13.731166666666667,13.715819065416195,13.690194878540462,0.0256241868757332,-0.001432171800603409,0.02705635867633661,0.0018649335426297816,0.0019691672981322133,51.46574913339049,13.567999999999998,0.3158380664367901,14.199676132873577,12.936323867126418,0.09311263751084603,0.6361457169653943,0.2919568989381134,0.021248682601027174,12.697022243173397,17.333981569761054,19.530017051145716,60.82474226804129,58.920799794056364,807003840.0,800583142.45,0.19808897579689438,0.85586157373398,0.971891989257322,2769778.25,-0.5774663306622891,0.8348830813441473,0.015283842794759887,0.012676886792452935,0.0006433053758481133,2.0,2.0,0.0021834061135370675,1.0,1270.83,1266.91,-0.0012140801765934128,-0.0021266373138206784,0.012701635465460326,0.10468545533363216,0.010024652863818151,-0.0065313713441879084,0.04584998240819149,0.045274916917772856,1.1321362108806308,0.5490649407465277,13.74,14.36,0.04512372634643369,0.01681594002761888,0.02830778631881481,13.74,13.77,13.74,14.21,0.03420669577874813,0.02817912803314271,0.006027567745605422,13.74,13.89,0.01091703056768556,0.05299664628131784,-0.04207961571363228,-0.0013197649,0.005,4
2025-02-13,13.74,13.8,13.62,13.77,1800095,0.0021834061135370675,0.011013215859030812,0.004376367614879584,-0.010775862068965525,-0.0021739130434783593,0.06086286594761159,13.74,13.607500000000002,13.728166666666668,13.724154593813703,13.696106369018946,0.028048224794757104,0.004463907518468694,0.02358431727628841,0.002036908118718744,0.0017127318283433849,52.35203004643384,13.607500000000002,0.28646438191382007,14.180428763827642,13.034571236172361,0.08420779185414518,0.6418151873841722,0.2839599775853911,0.020621639621306545,12.215601205966282,16.549133369600586,18.64573673331991,47.76119402985079,53.18877615158493,808803935.0,801515668.4,0.19781316899823176,0.8309847952398716,0.9602811898463296,2750976.55,-1.1724205317468637,0.6543476352061235,0.01307189542483671,0.011941943781002884,0.0030472629265863027,3.0,2.0,0.02747650036153293,1.0,1267.25,1270.35,0.0027152678564379418,-0.0008887280963917332,0.01973076892203207,0.10330554605387549,-0.0005318617429008743,-0.009887133972573792,0.04113209702557952,0.0403362321498455,1.1362353097614744,0.5581585848449228,13.83,14.27,0.0318148951554591,0.012101571795353427,0.019713323360105672,13.83,14.21,13.83,14.39,0.04049168474331166,0.023702172960110124,0.01678951178320154,13.83,13.77,-0.004338394793926281,0.03815987225248918,-0.04249826704641546,-0.0013197649,0.005,4
2025-02-14,13.83,14.44,13.8,14.21,11697346,0.031953522149600566,0.03420669577874813,0.04331864904552152,0.025252525252525304,0.02747650036153293,0.09476117103235748,13.809999999999999,13.669,13.7385,13.798900040919287,13.734172563906432,0.06472747701285542,0.01651662141734604,0.048210855595509375,0.004555065236654146,0.003392741421218112,63.01855678971113,13.669,0.27651782087807925,14.22203564175616,13.115964358243842,0.0809182298275161,0.9891185659228586,0.3115342649007203,0.021923593589072504,13.415344990880717,28.68081439930083,15.781423599714737,76.7676767676769,61.78453768852298,820501281.0,803033061.65,0.22231822213607136,0.7190243840660561,0.08208815289106859,3139906.7,3.9729959267991237,3.725380120371092,0.045038705137227214,0.03957860853025097,0.03431961276704154,4.0,2.0,0.004222378606614896,1.0,1277.52,1276.08,0.004510567953713629,0.0006900878293600865,0.03705870879656703,0.09117554817780602,0.027442954195886937,0.024562437423165218,0.05770246223579045,0.055640497250874166,1.1189044485440158,0.5280360425024919,14.21,14.12,-0.006333567909922677,0.015370521172638485,-0.021704089082561162,14.21,14.27,14.21,14.5,0.020408163265306145,0.022112252568278645,-0.0017040893029725002,14.21,13.51,-0.049261083743842415,0.03839106740165388,-0.0876521511454963,-0.0013197649,0.005,4
2025-02-17,14.21,14.41,14.09,14.27,5678739,0.004222378606614896,0.03631082062454616,0.038573508005822266,0.04084609773887671,0.04084609773887671,0.07051762940735173,13.922,13.716,13.749833333333333,13.871376957700935,13.773863485098548,0.09751347260238674,0.03271599165435418,0.06479748094803256,0.006833459888043921,0.004540818566785744,64.19561541729182,13.716,0.2951253079090717,14.306250615818144,13.125749384181855,0.08606745637476586,0.9692921829756187,0.3121389602649546,0.02187378838577117,14.529392791158406,26.58059124411522,14.62579005303548,82.82828282828284,69.1190512086035,826180020.0,804705981.45,0.20607782197225832,0.8976858006159384,1.058038442442176,3295433.25,1.0727483663459614,1.7232146941528856,0.02242466713384725,0.04039078448527267,0.03783076158498888,0.0,2.0,-0.002093510118632236,0.0,1277.12,1272.72,-0.0026330637577580696,0.007488561341291611,0.030000404645328382,0.09204788963823406,0.006855442364372966,0.0333575363975851,0.04051722476202335,0.039337095965486624,1.1693151453392208,0.5374057632963638,14.33,14.41,0.005582693649685888,0.023947254817314745,-0.018364561167628857,14.33,14.3,14.33,14.41,0.005582693649685888,0.02772261685177191,-0.02213992320208602,14.33,13.51,-0.0572226099092813,0.04882853891134564,-0.10605114882062694,-0.0013197649,0.005,4
2025-02-18,14.33,14.41,14.24,14.3,3737923,0.0021023125437982237,0.006333567909922566,0.038489469862019066,0.04992657856093996,0.03398409255242241,0.08910891089108919,14.057999999999998,13.7745,13.759666666666668,13.937318964208483,13.812836560276434,0.12448240393204912,0.05106927410989317,0.07341312982215595,0.008705063212031407,0.005133785302248667,64.79890400866832,13.7745,0.2887445602130621,14.351989120426124,13.197010879573876,0.08384901381917662,0.9549869265175412,0.3019861773888864,0.021117914502719326,15.563865748559119,25.511786290720526,14.037687376445993,85.85858585858598,81.81818181818188,829917943.0,806661471.05,0.19432531574525957,1.0389396396601256,1.4997934354431768,3386655.75,0.15971808894026196,1.1037209790218565,0.011888111888111882,0.03815020508911404,0.03926936214540078,1.0,2.0,-0.0020847810979848225,0.0,1274.05,1278.14,0.004258595763404482,0.007639244747526641,0.03992449575695467,0.08886097848500753,-0.0021562832196062587,0.04228733381341332,0.04918441513413452,0.04729614057060316,1.1739968134753724,0.5420930978336364,14.39,14.41,0.001389854065323215,0.017616742152116283,-0.016226888086793068,14.39,14.36,14.39,14.27,-0.008339124391938957,0.024449476807746562,-0.03278860119968552,14.39,13.74,-0.045170257123002155,0.039333125097610555,-0.08450338222061271,-0.0013197649,0.005,4
2025-02-19,14.39,14.39,14.24,14.36,4573180,0.00419580419580412,0.006306937631394449,0.010555946516537462,0.04512372634643369,0.03607503607503615,0.09367859862909356,14.181999999999999,13.836000000000002,13.773333333333333,14.002346815868716,13.853367185441142,0.1489796304275739,0.07065134537342932,0.07832828505414458,0.010374626074343586,0.005454615950845723,66.0316621370131,13.836000000000002,0.27490476819973514,14.385809536399472,13.286190463600532,0.0794752148597095,0.9765286570250385,0.2911300218611088,0.02027367840258418,16.52444778043121,24.572891134346094,13.521066684572386,91.91919191919192,86.8686868686869,834491123.0,808845619.65,0.19364988842430367,0.9951642800175166,1.4822972664870446,3492556.9,0.490507522279878,1.3094074430111646,0.010445682451253506,0.0378722174038737,0.04259438528557591,2.0,2.0,-0.008339124391938957,0.0,1280.6,1288.56,0.008152471560235908,0.017088822410431526,0.04237247002863653,0.0905882369788135,-0.003956667364431787,0.028034903936002165,0.051306128600457024,0.04922053303944951,1.1542325056294958,0.5293793261785853,14.39,14.21,-0.012508686587908269,0.00774977957213796,-0.02025846616004623,14.39,14.27,14.39,13.98,-0.028492008339124353,0.009103283988429522,-0.037595292327553875,14.39,13.59,-0.05559416261292571,0.02451003140130248,-0.08010419401422819,-0.0013197649,0.005,4
2025-02-20,14.39,14.53,14.21,14.27,4493873,-0.0062674094707521055,-0.002097902097902171,0.0,0.03631082062454616,0.025143678160919558,0.08024224072672204,14.282,13.889,13.784666666666668,14.04352422881199,13.884228875408464,0.1592953534035253,0.08838014697944852,0.07091520642407678,0.011162953987633168,0.004969530933712459,62.49616107030779,13.889,0.2488055677156731,14.386611135431346,13.391388864568652,0.07165543025867191,0.8828290535236273,0.2931921631567438,0.02054605207825815,17.865214091397423,26.06793081142944,12.466969776037345,75.92592592592595,84.56790123456794,829997250.0,810703220.2,0.19728601974064863,1.0682999763965342,1.405890084226206,3615396.15,0.40185152705985044,1.242982183294077,0.022424667133847127,0.02743178054575557,0.035208202350437645,3.0,2.0,-0.010511562718990897,0.0,1292.94,1292.98,0.0034301856335754444,0.017813988270948933,0.0407450336456423,0.09009033007479544,-0.00969759510432755,0.018496832353597226,0.03949720708107973,0.03795089652527506,1.1704359754904627,0.5277870975626906,14.27,14.39,0.008409250175192673,0.010953672997688457,-0.0025444228224957843,14.27,14.12,14.27,13.89,-0.0266292922214435,0.019008526394718617,-0.04563781861616212,14.27,13.62,-0.04555010511562718,0.023422462373321462,-0.06897256748894864,-0.0013197649,0.005,4
2025-02-21,14.27,14.3,14.09,14.12,3417846,-0.010511562718990897,-0.01671309192200554,-0.012587412587412694,-0.006333567909922677,0.018759018759018753,0.03443223443223431,14.264,13.9125,13.7895,14.055289732071683,13.901693403155985,0.15359632891569852,0.10142338336669852,0.052172945549,0.010877926977032474,0.003694967815084986,57.016741344701124,13.9125,0.24723470630152744,14.406969412603054,13.418030587396945,0.07108275473179579,0.7098208652661135,0.287249865788405,0.02034347491419299,18.380286709700336,24.706680524686135,14.799915376074436,57.731958762886535,75.1923588693348,826579404.0,812187578.7,0.17022989016400825,1.009532723289238,2.228732016841302,3583938.7,-0.0760476325860746,0.9536563781071367,0.014872521246458985,0.014914645103324409,0.023967511512382522,4.0,2.0,0.02053824362606238,1.0,1293.63,1296.75,0.0029157450231247495,0.016198044009779977,0.03813915507841581,0.0892625252443593,-0.013427307742115646,-0.022531611919702654,-0.0037069206461814996,-0.003570735799770075,1.1293282270063447,0.5045450420548667,14.12,14.5,0.026912181303116123,0.005368186754364901,0.021543994548751222,14.12,14.41,14.12,13.89,-0.0162889518413597,0.02130330640254452,-0.03759225824390422,14.12,13.62,-0.03541076487252126,0.018091636565284785,-0.053502401437806046,-0.0013197649,0.005,4
2025-02-24,14.12,14.41,14.06,14.41,4062404,0.02053824362606238,0.009810791871058155,0.0034818941504177747,0.009810791871058155,0.051057622173595885,0.04876273653566221,14.292000000000002,13.946000000000002,13.799666666666665,14.109860542522194,13.93934574366295,0.17051479885924437,0.1152416664652077,0.05527313239403667,0.01183308805407664,0.0038357482577402267,63.65193943675052,13.946000000000002,0.2672156629509547,14.480431325901911,13.411568674098092,0.0766429550985099,0.9341062897248299,0.29173201823209033,0.02024510882943028,19.22991534950327,25.282713534759907,13.531635374982798,87.62886597938152,73.76225022273132,830641808.0,813739128.6,0.1822653000768913,0.8716972694398205,1.0735321741939778,3651130.1,0.1889440736461412,1.1126429047269502,0.02428868841082579,0.033271188871360824,0.04422812145220911,0.0,2.0,-0.006206896551724128,0.0,1298.39,1304.56,0.006022749180643938,0.02501728581306173,0.04402384858549069,0.0902325044249538,0.014515494445418442,-0.015206493942003574,0.004738887950171522,0.004539061015313095,1.162716784111004,0.5129677335578421,14.5,14.41,-0.006206896551724128,0.001920634191879822,-0.00812753074360395,14.5,14.41,14.5,13.98,-0.035862068965517246,0.017920817838177117,-0.05378288680369436,14.5,13.36,-0.07862068965517244,0.017951425554382228,-0.09657211520955467,-0.0013197649,0.005,4
2025-02-25,14.5,14.59,14.36,14.41,4016442,0.0,0.02053824362606238,0.009810791871058155,0.007692307692307665,0.058002936857562526,0.046477850399418985,14.313999999999998,13.978,13.806500000000002,14.156035843672626,13.974209021910138,0.18182682176248832,0.12855869752466384,0.05326812423782448,0.012618100052913831,0.0036966082052619347,63.65193943675052,13.978,0.28289108932777474,14.54378217865555,13.41221782134445,0.08095323775297603,0.8817723642573442,0.28732258835836966,0.01993911092008117,20.56149617481391,28.31190600261698,12.757921621485583,82.52427184466022,75.9616988623094,830641808.0,815083095.25,0.18247160518904337,0.8998408490390069,1.0943401763557457,3644368.95,0.17104687818693448,1.1020953298375566,0.01596113809854271,0.030905708971240564,0.04371129540433838,1.0,2.0,-0.015927977839335083,0.0,1306.86,1303.16,-0.001073158766173976,0.019575320387438033,0.04579926008554769,0.08919575931766657,0.001073158766173976,-0.011883012695130368,0.0006785903138712968,0.0006488724363944431,1.1427076852344031,0.5067962996111796,14.44,14.27,-0.011772853185595511,0.005171779705170243,-0.016944632890765754,14.44,14.21,14.44,13.86,-0.040166204986149645,0.020978270863342363,-0.06114447584949201,14.44,13.39,-0.07271468144044313,0.02050323332005277,-0.0932179147604959,-0.0013197649,0.005,4
2025-02-26,14.44,14.44,14.21,14.21,3151159,-0.013879250520471897,-0.013879250520471897,0.006373937677053965,-0.010445682451253435,0.03420669577874813,0.04793510324483785,14.284,14.010500000000002,13.810333333333334,14.164338021569145,13.991675020287165,0.17266300128198075,0.13737955827612722,0.03528344300585354,0.012150809379449736,0.002483000915260629,56.656633887779925,14.010500000000002,0.2693554685189349,14.549210937037872,13.471789062962133,0.07690102951898498,0.6851642377050667,0.28322811776134316,0.019931605753789102,20.920786217727724,26.669681446243942,15.800819168529548,63.106796116504924,77.75331131351555,827490649.0,816389595.85,0.1807756932318233,0.9518940975782296,1.1281203217127023,3681835.0,-0.24578171701094725,0.8558664361656619,0.016185784658690968,0.014239320509617626,0.028939682846177872,2.0,2.0,0.012667135819845132,1.0,1305.16,1302.96,-0.00015347309616631222,0.011175265412553648,0.04863464061229905,0.0876428495318085,-0.013725777424305585,-0.021620947863807083,-0.0006995373674612004,-0.0006670935141459555,1.1687185023381677,0.5103015146589656,14.21,13.98,-0.016185784658691138,-0.00198881673053819,-0.014196967928152948,14.21,14.39,14.21,13.89,-0.022519352568613704,0.02072958976830286,-0.04324894233691656,14.21,13.45,-0.053483462350457533,0.014365376230580429,-0.06784883858103796,-0.0013197649,0.005,4
2025-02-27,14.21,14.39,14.06,14.39,4266840,0.012667135819845132,-0.001387925052047212,-0.001387925052047212,0.008409250175192673,0.04502541757443734,0.04275362318840581,14.308000000000002,14.040000000000001,13.820666666666664,14.199055249020047,14.021180574339967,0.1778746746800799,0.14547858155691776,0.032396093123162134,0.01236099198610701,0.0022512920863906973,60.82903898579618,14.040000000000001,0.27728002186655637,14.594560043733114,13.485439956266887,0.07899715722693924,0.815565468478324,0.2865689664926758,0.019914452153764823,20.469219714066273,24.475994883016728,18.239955197745694,80.5825242718447,75.40453074433661,831757489.0,817808979.1,0.1759472144289491,1.0008779279168016,1.56113486200762,3794717.65,0.22208697181523768,1.12441567292892,0.022932592077831833,0.024928774928774988,0.041194346630649914,3.0,2.0,-0.006168608636052064,0.0,1307.31,1307.8,0.003714619021305321,0.01146189422883559,0.0382413883441961,0.07695946224672294,0.008952516798539811,-0.0030526440536429167,0.004512234844209706,0.004346036379272,1.1739996055815771,0.5158601547810937,14.59,13.89,-0.04797806716929398,0.008476521260155634,-0.056454588429449615,14.59,14.5,14.59,13.77,-0.05620287868403018,0.014635004666676776,-0.07083788335070695,14.59,13.36,-0.08430431802604532,0.012753033339963471,-0.09705735136600879,-0.0013197649,0.005,4
2025-02-28,14.59,14.77,14.47,14.5,7421727,0.007644197359277127,0.020408163265306145,0.006245662734212232,0.026912181303116123,0.020408163265306145,0.04844540853217638,14.384,14.073500000000001,13.831833333333332,14.2453544414785,14.056648679944415,0.18870576153408614,0.15412401755235144,0.03458174398173469,0.01301419045062663,0.002384947860809289,63.16279457208134,14.073500000000001,0.29072097311774453,14.65494194623549,13.492058053764511,0.08262933118776279,0.8667606050452217,0.29324261174319893,0.020223628396082684,21.225774525858636,31.46657946948151,16.551644978158354,77.68595041322315,73.79175693385758,839179216.0,819489985.65,0.1770238890341161,0.9079332259068391,1.3274354604016019,4056340.95,1.5044617781092353,1.8296605466559708,0.02068965517241372,0.03030518350090583,0.048306442867299015,4.0,2.0,-0.006206896551724128,0.0,1307.14,1305.36,-0.0018657287046949245,0.006639676113360249,0.03186435318762104,0.07750669022110815,0.009509926063972052,0.020272505189755874,0.01658105534455534,0.016069026217771176,1.162425741324293,0.510816658955765,14.5,13.89,-0.042068965517241375,0.014598651843577004,-0.05666761736081838,14.5,14.41,14.5,13.51,-0.06827586206896552,0.014675164693910281,-0.0829510267628758,14.5,13.18,-0.0910344827586207,0.008026197999954077,-0.09906068075857477,-0.0013197649,0.005,4
2025-03-03,14.5,14.62,14.41,14.41,4122420,-0.006206896551724128,0.001389854065323215,0.014074595355383579,0.0,0.009810791871058155,0.051057622173595885,14.384,14.108499999999998,13.8405,14.270684527404885,14.082822851800383,0.18786167560450195,0.16087154916278154,0.026990126441720413,0.01303689629455253,0.0018730136323192514,60.01238830829965,14.108499999999998,0.2867655378252631,14.682031075650524,13.53496892434947,0.08130291322968804,0.7628453912963885,0.28729671090439896,0.019937315121748712,21.631182363571437,29.823683208830325,17.179207867171215,68.6956521739131,75.65470895299364,835056796.0,821160642.05,0.17517661370464557,0.9312233379397197,1.4364777385337304,4066691.1,0.024915351736036685,1.0137037455340534,0.014573213046495425,0.021370096041393616,0.04114735739315778,0.0,3.0,-0.008339124391938957,0.0,1306.97,1309.37,0.0030719495005209208,0.00368706690378362,0.044963009664573006,0.06559662960406272,-0.009278846052245049,-0.00368706690378362,0.006094612509022879,0.005832371531485414,1.1613930192254254,0.5058220108470155,14.39,13.98,-0.028492008339124353,0.01795197502333923,-0.04644398336246358,14.39,14.27,14.39,13.51,-0.06115357887421824,0.022527968656739228,-0.08368154753095747,14.39,12.89,-0.10423905489923557,3.060865306614424e-05,-0.10426966355230172,-0.0013197649,0.005,4
2025-03-04,14.39,14.5,14.21,14.27,3338119,-0.009715475364330373,-0.01586206896551723,-0.008339124391938957,-0.009715475364330373,-0.002097902097902171,0.0318148951554591,14.356,14.130500000000001,13.848333333333333,14.270579215496442,14.096687825741096,0.17389138975534557,0.16347551728129436,0.010415872474051208,0.012185801664705367,0.0007299139785600005,55.384688760707284,14.130500000000001,0.28109700517044145,14.692694010340885,13.568305989659118,0.07957170805574941,0.6240674904339634,0.28748980298265614,0.020146447300816828,21.08056177485347,27.674819880007057,20.910527716906724,56.52173913043479,67.63444723919034,831718677.0,822537341.8,0.17873403387161935,1.0653599763811161,1.5233841693190306,4106546.35,-0.346902504799977,0.8128774681917325,0.020322354590048993,0.009872262128020726,0.030448910819593333,1.0,3.0,-0.02442428471737612,0.0,1306.82,1311.91,0.0019398642095054264,0.006714447957273162,0.03734541544106018,0.06001393673741995,-0.011655339573835799,-0.016429923321603535,-0.0055305202856010816,-0.00533141632794476,1.1541661851217209,0.5015101135843152,14.33,13.86,-0.032798325191905175,0.015005636635081254,-0.04780396182698643,14.33,13.98,14.33,13.74,-0.04117236566643401,0.013809755948935187,-0.054982121615369195,14.33,13.01,-0.0921144452198186,0.0034200664208889897,-0.09553451164070759,-0.0013197649,0.005,4
2025-03-05,14.33,14.33,13.98,13.98,4503054,-0.02032235459004894,-0.029840388619014502,-0.035862068965517246,-0.016185784658691138,-0.02646239554317542,0.008658008658008809,14.309999999999999,14.136500000000002,13.854333333333333,14.225874720804681,14.088044283093607,0.13783043771107373,0.15834650136725026,-0.02051606365617653,0.009859115716099693,-0.001467529589139952,47.25575482166382,14.136500000000002,0.27625836496028133,14.689016729920564,13.58398327007944,0.07816881546642548,0.358375329175551,0.29195481705532356,0.02088374943171127,19.654434990670815,25.30503367822957,24.74705955163315,18.556701030927826,47.9246974450919,827215623.0,823488423.55,0.19492630550546367,0.7934782991136702,1.0668621841160348,4131233.75,0.16773438861994913,1.0900022299633856,0.025035765379112992,-0.01107063275916964,0.009070567572119437,2.0,3.0,-0.006437768240343367,0.0,1312.84,1304.71,-0.0054881813539038315,0.0013430957205133875,0.027646285079670152,0.06480548045967353,-0.01483417323614511,-0.017528880379204526,-0.018988276421661343,-0.01847744374436122,1.1850346814735047,0.5134666775638802,13.98,13.89,-0.006437768240343367,0.020175532484212777,-0.026613300724556144,13.98,13.89,13.98,13.59,-0.027896995708154515,0.0126985825904804,-0.040595578298634916,13.98,12.95,-0.07367668097281843,0.007499885322854283,-0.08117656629567271,-0.0013197649,0.005,4
2025-03-06,13.98,14.0,13.77,13.89,5257028,-0.006437768240343367,-0.0266292922214435,-0.036086051353226845,-0.03474635163307849,-0.0266292922214435,-0.0021551724137930384,14.209999999999999,14.135,13.859833333333334,14.17420168683473,14.073374336197785,0.10082735063694415,0.14684267122118905,-0.0460153205842449,0.007258988526777836,-0.003312838055021231,45.04607172430718,14.135,0.2775740773578367,14.690148154715674,13.579851845284326,0.07854943823355841,0.2793381839434565,0.28752947297994336,0.02070046601727454,18.889852499605844,23.859179975036508,28.54994331577917,12.0000000000001,29.026146720454232,821958595.0,824013441.95,0.19586726363339405,0.9154795400905901,1.167232775544025,4230873.2,0.4621314361650213,1.2425397196966337,0.016558675305975552,-0.017332861690838253,0.002176553349607424,3.0,3.0,-0.007857142857142785,0.0,1308.02,1318.22,0.010354791486230752,0.007967579140541359,0.03676031081888831,0.07223168049943517,-0.01679255972657412,-0.042713930773619846,-0.03891548323268135,-0.03753566067931735,1.1233016013494388,0.4883852443940881,14.0,13.77,-0.01642857142857146,0.004689109750924292,-0.02111768117949575,14.0,13.89,14.0,13.62,-0.027142857142857246,0.002916489909702502,-0.03005934705255975,14.0,12.07,-0.1378571428571428,-0.06835949336403857,-0.06949764949310422,-0.0013197649,0.005,4
2025-03-07,14.0,14.06,13.89,13.89,2772999,0.0,-0.006437768240343367,-0.0266292922214435,-0.042068965517241375,-0.0162889518413597,0.0021645021645022577,14.088,14.136500000000002,13.858833333333333,14.130478350398617,14.059791052034987,0.07068729836363019,0.13161159664967728,-0.06092429828604709,0.0050890783559129,-0.004386198580708933,45.04607172430718,14.136500000000002,0.2760868475107474,14.688673695021496,13.584326304978507,0.07812028366589953,0.2767912504502722,0.2791345106242331,0.02009607707877848,17.94861426148246,24.35662048956955,27.30796903483163,12.0000000000001,14.185567010309333,821958595.0,824639377.2,0.19521620382785998,0.8687011962697733,1.15152320657571,4268606.3,-0.6838417814769517,0.649626319485121,0.012239020878329728,-0.01743713083153542,0.002248866547208239,4.0,3.0,0.00647948164146861,1.0,1320.08,1326.05,0.005939827949811072,0.015850033707176525,0.03987609786700119,0.07362452163338144,-0.005939827949811072,-0.0579189992244179,-0.037711595702498935,-0.03626547026117166,1.0438514596904516,0.4223443493762378,13.89,13.51,-0.02735781137509008,-0.004092820666866781,-0.0232649907082233,13.89,13.98,13.89,13.62,-0.019438444924406162,-0.007299489336136777,-0.012138955588269384,13.89,11.25,-0.1900647948164147,-0.09081556022829662,-0.09924923458811807,-0.0013197649,0.005,4
2025-03-10,13.89,14.06,13.86,13.98,3691065,0.00647948164146861,0.00647948164146861,0.0,-0.029840388619014502,-0.029840388619014502,0.01969365426695835,14.002,14.15,13.8575,14.107327834952676,14.053880603736099,0.053447231216576796,0.11597872356305719,-0.0625314923464804,0.0038231209740040625,-0.004472925060549384,47.87295429266934,14.15,0.2602832465239632,14.670566493047927,13.629433506952074,0.07357830290430058,0.3367163443380242,0.2734820455796451,0.019562378081519678,17.180679843015238,23.08431860758646,26.665045186955805,21.000000000000085,15.000000000000085,825649660.0,825571755.55,0.1919162095930028,0.7276843625219558,1.1388497022945636,4331269.7,-0.2978415702158762,0.8521900633433194,0.014306151645207515,-0.012014134275618371,0.00883997835107353,0.0,3.0,-0.002159827213823018,0.0,1331.6,1330.28,0.0031899249651219375,0.01596951205541597,0.05305321153206788,0.0602759251327305,0.003289556676346672,-0.04580990067443047,-0.03335955726510953,-0.031678890392039416,1.0445369323014322,0.42356200766870256,13.89,13.51,-0.02735781137509008,0.012955115716700494,-0.040312927091790574,13.89,13.86,13.89,13.36,-0.0381569474442045,0.0084522843909427,-0.0466092318351472,13.89,10.49,-0.24478041756659474,-0.14128580850079986,-0.10349460906579488,-0.0013197649,0.005,4
2025-03-11,13.89,13.98,13.68,13.86,2908948,-0.008583690987124526,-0.002159827213823018,-0.002159827213823018,-0.028731604765241725,-0.038167938931297773,0.017621145374449254,13.920000000000002,14.161999999999997,13.853166666666668,14.06927739880611,14.039519077533425,0.029758321272684185,0.09873464310498259,-0.0689763218322984,0.002147065026889191,-0.004976646596846927,44.580093152942226,14.161999999999997,0.23924442467243315,14.640488849344864,13.68351115065513,0.06757362651389168,0.1844231580176973,0.2753761851810991,0.01986841162922793,17.07988340681544,21.28799780432871,29.259025707855777,16.513761467889886,16.504587155963346,822740712.0,826474221.2,0.19310812740617525,0.7272731702431592,1.0709659046259146,4361182.4,-0.6837608385057827,0.6670090203060527,0.021645021645021696,-0.021324671656545502,0.0004932686870628977,1.0,3.0,0.0,0.0,1319.17,1332.54,0.001698890459151503,0.015725164073755016,0.05052623280381563,0.060079950186747264,-0.010282581446276029,-0.04445676883899674,-0.032905087429366375,-0.03132248048822528,1.0366335843744237,0.4188250504079899,13.89,13.74,-0.010799136069114534,-0.004978955316492617,-0.005820180752621917,13.89,13.89,13.89,13.39,-0.035997120230381596,-0.0042687439725485055,-0.03172837625783309,13.89,9.76,-0.2973362131029518,-0.18191129086518698,-0.1154249222377648,-0.0013197649,0.005,4
2025-03-12,13.89,14.09,13.8,13.89,4269034,0.0021645021645022577,-0.006437768240343367,0.0,-0.006437768240343367,-0.022519352568613704,0.01091703056768556,13.902000000000001,14.169500000000003,13.851333333333335,14.041696260528246,14.028443590308727,0.013252670219518592,0.0816382485278898,-0.0683855783083712,0.0009541159265312161,-0.004923367768781224,45.587731557928116,14.169500000000003,0.2273757613337592,14.624251522667521,13.714748477332485,0.0641873774893282,0.1926893192567133,0.2764207433824491,0.01990070146741894,16.512410996671573,22.535185742150528,27.066426806565666,19.26605504587164,18.926605504587194,827009746.0,827474516.5,0.19094602846992184,0.8280725036174735,1.3768867196829886,4459012.05,-0.09182529657595223,0.9573945869915288,0.020878329733621248,-0.01972546667137176,0.0027915483467295665,2.0,3.0,-0.012903225806451646,0.0,1337.63,1334.41,0.0014033349843156628,0.022763679285051852,0.05327923846208482,0.05865005975832184,0.0007611671801865949,-0.02920144752539522,-0.04236220789439926,-0.040219351476302956,1.0293253406831624,0.4166406605804738,13.95,13.59,-0.02580645161290318,-0.008258089633589316,-0.017548361979313865,13.95,13.77,13.95,13.45,-0.03584229390681004,-0.0071649970800953255,-0.028677296826714715,13.95,10.43,-0.2523297491039427,-0.12527140140454918,-0.1270583476993935,-0.0013197649,0.005,4
2025-03-13,13.95,13.95,13.71,13.77,3319579,-0.008639308855291628,-0.00649350649350644,-0.015021459227467893,-0.008639308855291628,-0.043085476025017444,0.0,13.878,14.1695,13.848833333333335,13.999896835831592,14.009299620656229,-0.009402784824636967,0.06343004185738445,-0.07283282668202141,-0.0006828456662771944,-0.0052892394104590715,42.276549012012545,14.1695,0.2273757613337592,14.624251522667517,13.714748477332481,0.06418737748932822,0.06074913432221127,0.27381926171227405,0.019885204191160064,16.297437996214715,21.124337332693592,27.71963598413089,8.256880733944943,14.678899082568813,823690167.0,828218828.1,0.19361021620222818,0.9167122735550617,1.3204730018789657,4534986.25,-0.6099541039425863,0.7319931785901225,0.017429193899782022,-0.028194361127774403,-0.005692416930427546,3.0,3.0,-0.014587892049598872,0.0,1335.66,1326.27,-0.00610007419009162,0.00610671966743026,0.04401936474200019,0.06628162954382306,-0.0025392346652000075,-0.014746028522721888,-0.04401936474200019,-0.04216336040172808,1.030962950642964,0.4209526681961235,13.71,13.62,-0.006564551422319598,-0.001440596150364959,-0.005123955271954639,13.71,13.51,13.71,13.36,-0.025528811086798053,-0.0015311048090267398,-0.023997706277771313,13.71,10.55,-0.2304886943836616,-0.077973209437036,-0.1525154849466256,-0.0013197649,0.005,4
2025-03-14,13.71,13.77,13.48,13.51,6446916,-0.01888162672476401,-0.02735781137509008,-0.025252525252525193,-0.02735781137509008,-0.06827586206896552,-0.049261083743842415,13.802000000000001,14.1345,13.840166666666667,13.924528091857502,13.972314463570582,-0.0477863717130802,0.04118675914329152,-0.08897313085637172,-0.0035371111556684086,-0.006585723971604124,36.14994793073088,14.1345,0.270583677105237,14.675667354210473,13.593332645789525,0.07657396500908756,-0.07699341538358496,0.27497502873282587,0.02035344402167475,16.819638606355422,19.533008981712573,31.606042281133995,2.3255813953487894,9.949505725055113,817243251.0,828055926.6,0.16447584588560782,0.2682729034486886,-0.05323808959687742,4272464.75,1.84406813012423,1.508945392703357,0.021465581051073216,-0.044182673600056566,-0.0238556857455956,4.0,3.0,-0.0036873156342183133,0.0,1325.84,1326.15,-9.047931416672483e-05,7.54119377097684e-05,0.03923735189016386,0.0661336221827978,-0.018791147410597286,-0.027433223312799848,-0.08849843563400628,-0.085157096666171,1.051411226478773,0.42325877642910464,13.56,13.62,0.004424778761061843,-0.006568366626083955,0.010993145387145797,13.56,13.51,13.56,13.18,-0.028023598820059004,-0.00989012640723863,-0.018133472412820373,13.56,11.07,-0.1836283185840708,-0.06702138852564954,-0.11660693005842127,-0.0013197649,0.005,4
2025-03-17,13.56,13.77,13.48,13.51,3669447,0.0,-0.01888162672476401,-0.02735781137509008,-0.03361945636623753,-0.06245662734212354,-0.053258584442887114,13.707999999999998,14.0965,13.834833333333334,13.86075453926404,13.938068947750539,-0.07731440848649918,0.01748652561733338,-0.09480093410383256,-0.005722754144078399,-0.007017093568011292,36.14994793073088,14.0965,0.3020852964243569,14.700670592848715,13.492329407151287,0.08571923425654793,0.014623843876110211,0.2760482409661954,0.0204328823809175,17.304539172914648,18.06727847210773,29.234367722304345,2.3255813953487894,4.302681174880831,817243251.0,827609088.15,0.16287170827374267,0.3294545632199784,0.10330277020668344,4172000.15,-0.4416443356190463,0.8795414352993252,0.021465581051073216,-0.04160607242932646,-0.023479381753785833,0.0,3.0,0.011037527593819041,1.0,1330.62,1336.26,0.007623571994118228,0.0044952942237723725,0.049924570997548434,0.0667568271222461,-0.007623571994118228,-0.038114750590009905,-0.10318315544043555,-0.09827673176788287,1.0015052383378966,0.40972434911859157,13.59,13.36,-0.01692420897718916,-0.007342406876790886,-0.009581802100398273,13.59,13.74,13.59,12.89,-0.05150846210448856,-0.024847779369627676,-0.026660682734860885,13.59,10.31,-0.24135393671817507,-0.08384819723018155,-0.1575057394879935,-0.0013197649,0.005,4
2025-03-18,13.59,13.95,13.54,13.74,5766867,0.01702442635085122,0.01702442635085122,-0.002178649237472685,-0.008658008658008587,-0.0371408549404344,-0.039160839160839234,13.684000000000001,14.0685,13.8305,13.842176917838803,13.92339717384309,-0.08122025600428806,-0.0022548307069909083,-0.07896542529729715,-0.005911226783427079,-0.005747119745072572,44.41427014454571,14.0685,0.30812292488892745,14.684745849777855,13.452254150222146,0.087606475427779,0.2334667648322351,0.28775908089718144,0.020943164548557602,16.90832405951068,20.56202349108512,26.041438375765818,20.15503875968992,8.268733850129157,823010118.0,827263696.9,0.17671125465688783,0.3540139797798392,-0.3577371829893633,4273447.35,1.258592049548056,1.3494648530067888,0.029839883551673954,-0.023350037317411254,-0.0065435089114638245,1.0,3.0,-0.01091703056768567,0.0,1340.16,1330.97,-0.00395881041114754,-0.0011782010296125245,0.0413335002425399,0.0700890191237296,0.020983236761998758,-0.007479807628396062,-0.08049433940337913,-0.07729928921390794,0.9397488535670899,0.38447620834006624,13.74,13.39,-0.02547307132459964,0.0011425135297655764,-0.026615584854365215,13.74,13.59,13.74,13.01,-0.05312954876273657,-0.009824113048707228,-0.04330543571402934,13.74,10.4,-0.24308588064046577,-0.0902736019242334,-0.15281227871623237,-0.0013197649,0.005,4
2025-03-19,13.74,13.74,13.56,13.59,2464990,-0.01091703056768567,0.005921539600296066,0.005921539600296066,-0.021598272138228958,-0.027896995708154515,-0.05362116991643451,13.623999999999999,14.030000000000001,13.828000000000001,13.803380468940524,13.89870108689175,-0.09532061795122537,-0.020867988155837805,-0.07445262979538757,-0.007014026339310182,-0.005478486371993199,40.71318426288676,14.030000000000001,0.31773872086487187,14.665477441729745,13.394522558270257,0.09058837373196638,0.1538036041040742,0.2800620036902399,0.02060794729140838,16.540410025635566,19.618057976401406,24.8459227792516,8.527131782945698,10.33591731266146,820545128.0,826566397.15,0.17789401971369548,0.5324461499842603,-0.27826389695484577,4168037.85,-1.3619244161098145,0.5914029787421436,0.01324503311258276,-0.031361368496079955,-0.0172114550188025,2.0,3.0,0.002207505518763808,1.0,1330.4,1324.63,-0.004763443203077422,-0.007329081766473511,0.02799248773825047,0.07013541501951208,-0.006153587364608248,-0.014269190371755447,-0.08161365765468498,-0.07939129772655074,0.9345700536252218,0.38924990135815585,13.59,13.45,-0.010301692420897735,-0.0005351220982816596,-0.009766570322616075,13.59,13.62,13.59,12.95,-0.047093451066961056,-0.006760627072656011,-0.040332823994305045,13.59,10.43,-0.23252391464311994,-0.08256707868555924,-0.1499568359575607,-0.0013197649,0.005,4
2025-03-20,13.59,13.74,13.48,13.62,2638354,0.002207505518763808,-0.008733624454148492,0.008142116950407008,-0.01089324618736387,-0.019438444924406162,-0.04555010511562718,13.594,13.997500000000002,13.819166666666666,13.77516808910352,13.878056561936805,-0.1028884728332855,-0.03727208509132735,-0.06561638774195816,-0.007554219738126689,-0.004817649613947002,41.75851507363335,13.997500000000002,0.32505667522028614,14.647613350440574,13.34738664955943,0.09288992326352159,0.20966601459254983,0.27862900342665137,0.020457342395495695,16.495590175937714,18.310457698116686,25.24072838056952,12.280701754385872,13.65429076567382,823183482.0,826225708.75,0.1781783787830515,0.4107495420207363,-0.3855147656838256,4075261.9,-1.1111858774878796,0.6474072255331614,0.019089574155653436,-0.026969101625290426,-0.014412349996984819,3.0,3.0,-0.006564551422319598,0.0,1326.8,1323.93,-0.0005284494538098095,-0.0017643466262524665,0.023936951847669752,0.07001611351728422,0.0027359549725736176,-0.009128899561111403,-0.06948705696329693,-0.0678626323992988,0.8913063304571289,0.3881306449488931,13.71,13.36,-0.025528811086798053,-0.00014350453172207178,-0.02538530655507598,13.71,13.62,13.71,12.07,-0.11962071480671044,-0.071117824773414,-0.04850289003329644,13.71,10.52,-0.2326768781911015,-0.07921450151057408,-0.15346237668052742,-0.0013197649,0.005,4
2025-03-21,13.71,13.86,13.54,13.62,2602198,0.0,0.002207505518763808,-0.008733624454148492,0.008142116950407008,-0.019438444924406162,-0.03541076487252126,13.616,13.9725,13.809833333333334,13.751296075395286,13.858941261052598,-0.10764518565731152,-0.05134670520452419,-0.056298480452787326,-0.007903464438862813,-0.0041335154517465,41.75851507363335,13.9725,0.33423715186109165,14.640974303722183,13.304025696277817,0.09568428036817794,0.23633990264306454,0.28158407461046203,0.02067430797433642,15.868676430348673,19.868138509306394,23.19185208949683,13.725490196078319,11.51110791113662,823183482.0,826055912.65,0.17561691354074233,0.29519533366516015,-0.307487511337336,4034479.5,-1.0790424414334034,0.6449897688165227,0.02349486049926581,-0.025228126677402152,-0.0137462436186776,4.0,3.0,-0.01692420897718916,0.0,1324.0,1321.88,-0.0015484202336981667,-0.003219846925310077,0.019379217273954197,0.07035137693082837,0.0015484202336981667,0.011361963875717085,-0.05478998214647546,-0.053748380600691426,0.9534277689146852,0.40472325756767924,13.59,13.18,-0.030169242089771897,-0.004112177791216309,-0.026057064298555588,13.59,13.36,13.59,11.25,-0.17218543046357615,-0.08483634439489007,-0.08734908606868608,13.59,10.43,-0.23252391464311994,-0.08755763852143028,-0.14496627612168966,-0.0013197649,0.005,4
2025-03-24,13.59,13.62,13.3,13.36,5212345,-0.019089574155653488,-0.019089574155653488,-0.01692420897718916,-0.011102886750555152,-0.044349070100143106,-0.07286606523247752,13.585999999999999,13.919999999999998,13.799166666666668,13.691096679180626,13.821982649122775,-0.13088596994214896,-0.06725455815204914,-0.06363141179009982,-0.009796854037586001,-0.0047628302238098665,35.47208852451631,13.919999999999998,0.344215354867154,14.608430709734305,13.231569290265691,0.0989124582951591,0.09327787671171366,0.28432806928114324,0.02128204111385803,16.157547114094925,18.27093819995644,27.356710806922393,5.825242718446481,10.610478222970213,817971137.0,825422379.1,0.1649436206108335,0.15128350661839776,-0.5114135171507833,4091976.55,0.8278853566834273,1.2737964004216984,0.023952095808383124,-0.04022988505747116,-0.03182559333293089,0.0,3.0,-0.00667655786350152,0.0,1322.9,1330.32,0.006384845825642138,-0.004445242692290519,0.019746121297602226,0.07070718152287321,-0.025474419981295626,-0.0066576440582646335,-0.09261218653007974,-0.0908188661823327,0.8885924026745279,0.3764306383431487,13.48,12.89,-0.04376854599406532,-0.02129125508316554,-0.022477290910899783,13.48,13.39,13.48,10.49,-0.22181008902077148,-0.1516524500295816,-0.07015763899118987,13.48,9.9,-0.2655786350148368,-0.10346816047450358,-0.16211047454033323,-0.0013197649,0.005,4
2025-03-25,13.48,13.48,13.36,13.39,2602842,0.002245508982035904,-0.016886930983847193,-0.016886930983847193,-0.02547307132459964,-0.03391053391053378,-0.07078417765440659,13.516,13.869,13.790833333333333,13.644774113152838,13.78998393437294,-0.14520982122010118,-0.08284561076565955,-0.062364210454441626,-0.010844646842427271,-0.004657521318479583,36.65701101205936,13.869,0.34335649725981915,14.555712994519638,13.182287005480362,0.09902847999417956,0.1512371224786099,0.27259035004677595,0.020357755791394767,16.425784177573586,17.69642027704743,26.496496596879638,11.392405063291134,10.314379325938637,820573979.0,824918987.65,0.16580641878847627,0.12136913111815475,-0.5748023983219396,4021296.55,-1.0177237087799202,0.6472643754661666,0.008961911874533308,-0.034537457639339464,-0.02906520031421833,1.0,3.0,-0.002225519287833877,0.0,1335.29,1331.92,0.001202718143003212,0.0007137651487261198,0.022069431228705527,0.07028770289839881,0.0010427908390326923,-0.02618683647332576,-0.09285360888311212,-0.09084863126322629,0.9083110077619365,0.38449426106941464,13.48,13.01,-0.034866468842730036,-0.01200003000007499,-0.022866438842655046,13.48,13.45,13.48,9.76,-0.27596439169139475,-0.1792729481823705,-0.09669144350902426,13.48,10.25,-0.23961424332344217,-0.0917477293693234,-0.14786651395411876,-0.0013197649,0.005,4
2025-03-26,13.48,13.68,13.39,13.45,3927375,0.004480955937266495,0.006736526946107713,-0.012481644640234935,-0.010301692420897735,-0.031677465802735894,-0.053483462350457533,13.488,13.831,13.7845,13.614808864975478,13.764799939234203,-0.14999107425872538,-0.09627470346427272,-0.053716370794452656,-0.011151752732990735,-0.003993782215200941,39.06697071835837,13.831,0.34567858511995353,14.522357170239907,13.139642829760092,0.09997211629526535,0.22445501659598785,0.2738338964720062,0.020359397507212357,15.704878783851028,21.57469369942176,24.492157440892534,18.98734177215174,12.068329851296445,824501354.0,824769522.9,0.16351988661857253,-0.0850932000545027,-0.47729021751801864,4060107.35,-0.09625430170153104,0.9673081673567079,0.02156133828996276,-0.02754681512544288,-0.024266386158366293,2.0,3.0,-0.006691449814126393,0.0,1333.33,1326.09,-0.004377139768154348,0.0011021945750886442,0.01775188800884142,0.07284042108442007,0.008858095705420843,-0.011403886995986379,-0.07123535035929895,-0.06999284520971594,0.876605363178805,0.3730437785627565,13.45,12.95,-0.03717472118959109,-0.006146397381559421,-0.031028323808031666,13.45,13.36,13.45,10.43,-0.2245353159851301,-0.1188856543839274,-0.1056496616012027,13.45,10.43,-0.2245353159851301,-0.07739935745637194,-0.14713595852875816,-0.0013197649,0.005,4
2025-03-27,13.45,13.56,13.33,13.36,1737577,-0.006691449814126393,-0.0022404779686333587,0.0,-0.019089574155653488,-0.02977487291212777,-0.0715774843641418,13.435999999999998,13.779499999999999,13.773333333333333,13.575607501133097,13.734814758550188,-0.15920725741709063,-0.1088612142548363,-0.05034604316225433,-0.011916710884512773,-0.003768416404360354,36.80496558065909,13.779499999999999,0.3345613782095617,14.448622756419121,13.110377243580876,0.09711858288314129,0.1865298661750831,0.2707029038668629,0.0202621934032083,15.271614641547105,20.26535644656088,24.58894351241099,7.5949367088606055,12.65822784810115,822763777.0,824319837.3,0.15353350469166271,-0.006458830794415447,-0.1428990532593576,3933644.2,-1.492028236393749,0.4417219533988356,0.01721556886227548,-0.030443775173264576,-0.030009680542110395,3.0,3.0,-0.01788375558867361,0.0,1325.98,1323.81,-0.001719340316268081,-9.063923319219125e-05,0.012241933017280937,0.0725992827459318,-0.0049721094978583125,-0.018998934922461297,-0.08381941738142273,-0.08280571536053105,0.8444560195933521,0.35275577311203654,13.42,12.07,-0.10059612518628913,-0.07141239183944681,-0.029183733346842322,13.42,13.18,13.42,10.55,-0.213859910581222,-0.07698464233400282,-0.13687526824721918,13.42,10.4,-0.22503725782414308,-0.07187297080986399,-0.1531642870142791,-0.0013197649,0.005,4
2025-03-28,13.42,13.51,13.18,13.18,3420604,-0.013473053892215536,-0.02007434944237918,-0.015683345780433178,-0.03230543318649037,-0.024426350851221357,-0.0910344827586207,13.347999999999999,13.7135,13.758166666666666,13.514744808651082,13.693717369027953,-0.17897256037687015,-0.12288348347924308,-0.05608907689762707,-0.013579101697789845,-0.004255620401944391,32.72398344805853,13.7135,0.3145468754289484,14.342593750857896,13.084406249142104,0.09174809506805644,0.07597734894642855,0.27493841073351555,0.02086027395550194,15.429413794949713,18.527936779806335,26.377824318358456,0.0,8.860759493670772,819343173.0,823328035.15,0.15118891128972195,0.20261119849913042,0.020168475323258713,3733588.05,-0.25574116630608507,0.916170706085263,0.025037936267071327,-0.03890327049987241,-0.04202352542126497,4.0,3.0,-0.004633204633204491,0.0,1324.42,1317.46,-0.0047967608644744475,-0.003343722576935937,0.009269473555187924,0.0746461517436196,-0.008676293027741089,-0.028961710609554436,-0.10030395631380862,-0.09938273071956127,0.8765904958416033,0.3666185836257815,12.95,11.25,-0.13127413127413123,-0.0782940365889867,-0.05298009468514453,12.95,12.89,12.95,11.07,-0.14517374517374515,-0.054868253762818675,-0.09030549141092648,12.95,10.4,-0.19691119691119685,-0.06601396258878889,-0.13089723432240796,-0.0013197649,0.005,4
2025-03-31,12.95,13.13,12.8,12.89,4900941,-0.02200303490136568,-0.03517964071856283,-0.04163568773234194,-0.03517964071856283,-0.04589193190229457,-0.10548230395558633,13.254,13.6375,13.737666666666666,13.418630222704762,13.634182749099956,-0.21555252639519473,-0.14141729206243342,-0.07413523433276131,-0.016722461318479032,-0.005751375821005532,27.444170238700153,13.6375,0.32096687810756436,14.279433756215129,12.99556624378487,0.09414243904163219,-0.0822251850465791,0.2824428099668358,0.021911777344207586,16.704295542946806,16.74739529168978,33.45294227695603,6.976744186046505,4.857226964969027,814442232.0,822297306.95,0.16317465499072845,0.13991141606772708,-0.33387159358726926,3772514.1,0.9034841364322901,1.2991180072726567,0.025601241272304117,-0.054812098991750546,-0.06170383131536161,0.0,3.0,0.0,0.0,1313.51,1306.86,-0.008045785071273626,-0.01763485477178428,-0.0019169524275033378,0.07976641272073286,-0.013957249830092056,-0.01754478594677855,-0.103565351528083,-0.10376426268332184,0.940480230268495,0.39311573703119035,13.01,10.49,-0.1936971560338201,-0.13727028323800672,-0.056426872795813376,13.01,13.01,13.01,10.31,-0.2075326671790929,-0.06491854717713985,-0.14261412000195306,13.01,10.25,-0.2121445042275173,-0.06605332703746303,-0.14609117719005427,-0.0013197649,0.005,4
2025-04-01,13.01,13.24,12.89,13.01,2568823,0.009309542280837801,-0.012898330804248848,-0.026197604790419105,-0.028379387602688655,-0.05312954876273657,-0.08829712683952351,13.178,13.5745,13.723,13.355764034596337,13.587946989907367,-0.23218295531103017,-0.15957042471215277,-0.0726125305988774,-0.0178464992552675,-0.005581285979929086,32.310919169581396,13.5745,0.31386344667372007,14.20222689334744,12.94677310665256,0.09248619003977157,0.050361784732746474,0.2872683235406332,0.022080578289057125,17.351986894677225,18.025048876666833,30.541644760348348,18.260869565217334,8.412537917087937,817011055.0,821561925.85,0.1704787154209358,-0.016268166174460454,-0.6463865260118925,3734049.3,-0.9141631129894325,0.6879456572788153,0.026902382782474994,-0.04158532542635096,-0.05195656926328074,1.0,4.0,-0.009181331293037553,0.0,1313.03,1317.33,0.008011569716725564,-0.010954111358039587,0.004131380963632969,0.08457625935762558,0.0012979725641122375,-0.01742527624464907,-0.09242850780315648,-0.09204822153297887,0.934716123429821,0.3983694422811131,13.07,9.76,-0.2532517214996175,-0.17194463992493547,-0.08130708157468203,13.07,12.95,13.07,10.4,-0.20428462127008418,-0.08416759362254356,-0.12011702764754062,13.07,10.34,-0.20887528691660295,-0.06165580804068016,-0.1472194788759228,-0.0013197649,0.005,4
2025-04-02,13.07,13.18,12.92,12.95,1804654,-0.004611837048424272,0.00465477114041879,-0.017450682852807264,-0.03717472118959109,-0.047093451066961056,-0.07367668097281843,13.078,13.523,13.710333333333333,13.293338798504593,13.540691657321636,-0.2473528588170435,-0.17712691153313093,-0.07022594728391257,-0.01910060685845896,-0.005422853072116801,31.18459995298825,13.523,0.3280099485012659,14.179019897002531,12.866980102997468,0.09702283472639674,0.06327544132568493,0.28532058614487366,0.02203247769458484,17.953414578426898,16.8518040287134,28.55369856345966,13.043478260869458,12.760364004044424,815206401.0,820961464.75,0.16000803009560638,-0.0562123015666224,-0.2723887205075788,3599129.3,-1.3486813221517557,0.501414050337119,0.020077220077220063,-0.042372254677216614,-0.05545695460844624,2.0,4.0,-0.0328525641025641,0.0,1321.53,1317.83,0.0003795556162844438,-0.006228838163322203,0.010055874485517702,0.08184465956686683,-0.004991392664708716,-0.030945883026268883,-0.08373255545833613,-0.08289893418122651,0.9147112216089498,0.3899817894950551,12.48,10.43,-0.1642628205128206,-0.08212150494551684,-0.08214131556730375,12.48,12.07,12.48,10.43,-0.1642628205128206,-0.04369652831789572,-0.12056629219492487,12.48,10.58,-0.15224358974358976,-0.024291561589164568,-0.1279520281544252,-0.0013197649,0.005,4
2025-04-03,12.48,12.48,12.07,12.07,5340784,-0.06795366795366786,-0.07225211375864715,-0.06361520558572542,-0.09655688622754488,-0.11380323054331853,-0.13102951763858894,12.819999999999999,13.431999999999999,13.682500000000001,13.105132829503885,13.43175153455707,-0.32661870505318547,-0.20702527023714185,-0.11959343481604362,-0.027060373243843038,-0.009908321028669727,20.11144196668394,13.431999999999999,0.4504453936179112,14.33289078723582,12.531109212764177,0.13414097487132548,-0.2559184860680977,0.32779768713452545,0.02715805195812141,20.290259615627548,13.620371060125365,41.60023558789663,0.0,10.434782608695587,809865617.0,820356815.85,0.27863140516132234,-2.2793976841831496,7.504174296590572,3603317.1,1.300349886784764,1.4821854007797426,0.033968516984258505,-0.10139964264443113,-0.11785126987027228,3.0,4.0,0.0,0.0,1272.87,1229.84,-0.06676885485988326,-0.07098450684010549,-0.06704495455993698,0.24801149140100054,-0.001184813093784598,-0.025572379387439392,-0.06398456307865197,-0.06858268615554919,0.9714731439728705,0.645999707015278,11.25,10.55,-0.06222222222222218,0.05445386559478327,-0.11667608781700545,11.25,11.25,11.25,10.52,-0.06488888888888888,0.051572891238905294,-0.11646178012779418,11.25,10.69,-0.04977777777777781,0.07852811537698501,-0.12830589315476282,-0.0013197649,0.005,4
2025-04-04,11.25,11.37,11.25,11.25,9634281,-0.06793703396851702,-0.13127413127413123,-0.13528055342044576,-0.14643399089529585,-0.17400881057268713,-0.1900647948164147,12.434000000000001,13.3,13.640500000000001,12.81972777881098,13.270140309775066,-0.4504125309640852,-0.25570272238253056,-0.19470980858155462,-0.040036669419029794,-0.01730753854058263,14.82788502191869,13.3,0.65123364713282,14.60246729426564,11.997532705734361,0.1958597434985924,-0.28696793732384546,0.3629549951963451,0.03226266623967512,23.37075514908696,11.422399958410878,51.02442777459288,0.0,4.347826086956476,800231336.0,819270452.9,0.3513567847025538,-1.8523239927619233,3.4206512536152642,3946381.2,3.023308284863155,2.441295078133861,0.010666666666666597,-0.15413533834586468,-0.17525017411385224,4.0,4.0,0.0,0.0,1159.33,1210.67,-0.015587393482078826,-0.0810574894114432,-0.08701029372949731,0.2490940920702049,-0.0523496404864382,-0.06537650148385266,-0.10305450108691738,-0.11287586308928677,1.1209925282221107,0.6585024091297905,10.49,11.07,0.05529075309818876,0.05821982031130135,-0.0029290672131125906,10.49,10.49,10.49,10.43,-0.0057197330791229906,0.02892237925567276,-0.03464211233479575,10.49,10.81,0.030505243088655876,0.08239425814480783,-0.051889015056151955,-0.0013197649,0.005,4
2025-04-08,10.49,10.72,10.49,10.49,3054589,-0.06755555555555559,-0.13090306545153274,-0.1899613899613899,-0.18619084561675725,-0.21482035928143706,-0.24964234620886983,11.953999999999999,13.125499999999999,13.591166666666668,12.461308120532369,13.064203990532468,-0.6028958700000988,-0.3251413519060442,-0.2777545180940546,-0.057473390848436494,-0.026478028416973748,11.747454728304291,13.125499999999999,0.8850422231973623,14.895584446394723,11.355415553605274,0.2697168788076225,-0.24445600755600577,0.3913153526823204,0.03730365611842902,26.767010065916903,9.83781316326196,57.81862560655526,0.0,0.0,797176747.0,817846807.25,0.3995907006012365,-1.4727270454199206,1.2994914512671294,3914557.4,-0.4547083447465415,0.7803152918386125,0.021925643469971442,-0.20079235076758972,-0.22817516278955696,1.0,4.0,0.0,0.0,1173.14,1132.79,-0.06432801671801569,-0.13319712899621994,-0.1484574676008058,0.3253591770294131,-0.0032275388375399006,-0.05299371662053731,-0.10118487860806402,-0.11882539598225217,1.0707878348436448,0.7322037827003991,9.76,10.31,0.05635245901639352,0.14360894552025427,-0.08725648650386075,9.76,9.76,9.76,9.9,0.014344262295082011,0.11505108931548724,-0.10070682702040523,9.76,10.72,0.09836065573770503,0.18041001853559502,-0.08204936279788999,-0.0013197649,0.005,4
2025-04-09,9.76,10.17,9.76,9.76,6225921,-0.06959008579599624,-0.13244444444444448,-0.19138359569179786,-0.2498078401229823,-0.2710978342046304,-0.29581529581529575,11.303999999999998,12.920499999999999,13.5375,12.04572225583508,12.819448139381915,-0.7737258835468346,-0.4148582582342023,-0.3588676253126323,-0.079275192986356,-0.036769223904982815,9.669523380323511,12.920499999999999,1.1431557199262181,15.206811439852435,10.634188560147562,0.35390448354977544,-0.19117880112693314,0.4155071132050119,0.042572450123464334,30.28416825091844,8.603245402403948,63.112054549615365,0.0,0.0,790950826.0,816257312.95,0.4448491080711653,-1.1613410290693054,0.011607540415854536,4080406.05,1.1041417275321792,1.525809177741024,0.042008196721311494,-0.24461127665338023,-0.279039704524469,2.0,4.0,0.0,0.0,1073.61,1094.3,-0.03397805418480038,-0.16930457819984357,-0.17878637789484741,0.33602265373026213,-0.03561203161119586,-0.08050326192313872,-0.11702891792044834,-0.14250727797287233,1.1651974964676302,0.7789077038021319,10.43,10.4,-0.0028763183125598557,0.0379130255812159,-0.040789343893775754,10.43,10.43,10.43,10.25,-0.017257909875359467,0.03851332229930793,-0.055771232174667396,10.43,11.02,0.056567593480345124,0.10048109494121382,-0.0439135014608687,-0.0013197649,0.005,4
2025-04-10,10.43,10.43,10.43,10.43,1286692,0.06864754098360648,-0.0057197330791229906,-0.07288888888888889,-0.1945945945945946,-0.2245353159851301,-0.24910007199424056,10.8,12.7475,13.495,11.797149601091222,12.64245198090918,-0.8453023798179586,-0.5009470825509537,-0.344355297267005,-0.08104529049069593,-0.03301584825187009,23.112087346837356,12.7475,1.2459064550506498,15.239312910101301,10.2556870898987,0.39094927006884495,0.034977126371460464,0.43368517654751104,0.04158055383964632,32.75936818112836,11.936114937838955,56.147641713019716,16.34146341463415,5.447154471544707,792237518.0,814518701.55,0.536071221531132,-0.04963263495157464,1.0698111587300558,3931288.95,-1.2964114159344706,0.3272951991992346,0.0,-0.1818003530103942,-0.22712115598369764,3.0,4.0,0.011505273250239867,1.0,1166.09,1168.34,0.06765969112674775,-0.11343648270262474,-0.12445200500595777,0.43304313939616096,0.0009878498568587357,-0.08115811189196986,-0.12464806698828279,-0.14236577286563368,1.1311524042120782,0.820254189692617,10.43,10.43,0.0,0.02647024100652695,-0.02647024100652695,10.43,10.55,10.43,10.43,0.0,0.0316141871721789,-0.0316141871721789,10.43,10.99,0.05369127516778538,0.09071053918675065,-0.03701926401896527,-0.0013197649,0.005,4
2025-04-11,10.43,10.58,10.05,10.55,9244260,0.011505273250239867,0.08094262295081966,0.0057197330791229906,-0.12593206296603143,-0.21032934131736514,-0.2338416848220769,10.496,12.5865,13.4545,11.605280431692572,12.487455537878871,-0.882175106186299,-0.5771926872780228,-0.30498241890827626,-0.08361849347737431,-0.028908286152443247,25.257479442857658,12.5865,1.3130610079224632,15.212622015844925,9.960377984155073,0.4172918628443056,0.11226097117487191,0.44056480679411736,0.04175969732645662,35.28337226356947,10.910460592796797,57.4838728685404,20.153061224489818,12.164841546374646,801481778.0,813408282.1,0.5432995834997449,-0.12271340056865436,0.8612107526745777,4227523.0,2.132381382846341,2.186684732407133,0.050236966824644486,-0.16180034163587964,-0.21587572930989618,4.0,4.0,0.043355325164938785,1.0,1185.86,1222.46,0.04632213225602144,-0.006000780589344834,-0.07827214669712801,0.47157568605648076,-0.034816859005781575,-0.1199312823766866,-0.1555695381249489,-0.16878033745805665,1.034424826158649,0.7967530061708846,10.61,10.52,-0.008482563619227168,-0.012866292580626992,0.004383728961399824,10.61,11.07,10.61,10.4,-0.01979264844486328,-0.00468012404757856,-0.015112524397284721,10.61,11.05,0.041470311027332896,0.0605015344005313,-0.019031223373198403,-0.0013197649,0.005,4
2025-04-14,10.61,11.13,10.55,11.07,5895937,0.049289099526066416,0.061361457334611735,0.13422131147540983,-0.016000000000000014,-0.1600910470409711,-0.18060695780903036,10.46,12.464500000000001,13.422666666666666,11.522929596047561,12.382458831369325,-0.8595292353217641,-0.6336599968867711,-0.22586923843499296,-0.07764491737323975,-0.02040372524254679,33.868660239121155,12.464500000000001,1.335895028179921,15.136290056359844,9.792709943640158,0.42870392817358777,0.23903263905773994,0.4505244634516804,0.04069778350963689,36.148808242011945,18.627170593289378,52.19786749853309,33.418367346938794,23.30429732868758,807377715.0,812915005.3,0.5852235492665294,-0.12947951818610043,0.29416066949142333,4199974.05,0.7283844768383764,1.4038031973078502,0.052393857271906055,-0.1118777327610414,-0.17527565312406868,0.0,4.0,-0.06696832579185519,0.0,1235.01,1241.44,0.015526070382670953,0.025415678921588913,-0.06387663537307242,0.47637073149033815,0.03376302914339546,-0.04141567892158893,-0.11673032243595793,-0.12469544810739597,1.075231577165299,0.795961738606461,11.05,10.43,-0.05610859728506801,-0.02074409397715482,-0.035364503307913187,11.05,10.31,11.05,10.4,-0.05882352941176472,-0.004737798546209926,-0.05408573086555479,11.05,11.1,0.004524886877828038,0.06535565939771537,-0.06083077251988733,-0.0013197649,0.005,4
2025-04-15,11.05,11.05,10.31,10.31,7234148,-0.06865401987353204,-0.02274881516587679,-0.011505273250239645,-0.01715919923736886,-0.20015515903801395,-0.23686158401184298,10.424000000000001,12.304499999999999,13.372333333333334,11.336325042809476,12.228943362379004,-0.8926183195695288,-0.6854516614233227,-0.20716665814620605,-0.0865779165440862,-0.020093759277032594,28.669734934908703,12.304499999999999,1.394434331642478,15.093368663284956,9.515631336715042,0.4533087347368779,0.14241772546385995,0.4726298589194175,0.04584188738306668,37.157920536151586,16.487675507027866,49.82960238379335,14.030612244897977,22.534013605442187,800143567.0,812060021.1,0.6204992755189405,-0.021091165858287547,-0.19375736308823396,4378209.1,1.180010799011406,1.652307561098441,0.0717749757516974,-0.1620951684343126,-0.22900515990727122,1.0,4.0,0.008729388942773975,1.0,1232.64,1227.79,-0.010995295785539483,0.08386373467279906,-0.08117432236241451,0.47551767237985837,-0.05765872408799255,-0.10102293391016792,-0.15568726164942848,-0.16944156594504378,1.1019450601172334,0.7797555447022424,10.31,9.9,-0.03976721629485935,-0.022982314390878722,-0.01678490190398063,10.31,10.4,10.31,10.25,-0.005819592628516057,0.0008242946567751375,-0.0066438872852911945,10.31,10.96,0.06304558680892347,0.062107745921373914,0.000937840887549557,-0.0013197649,0.005,4
2025-04-16,10.31,10.61,9.96,10.4,5528404,0.008729388942773975,-0.060523938572719094,-0.014218009478673022,0.06557377049180335,-0.2006149116064565,-0.24308588064046577,10.552,12.1375,13.326833333333333,11.192275036223402,12.093466076276856,-0.9011910400534546,-0.7285995371493491,-0.17259150290410552,-0.08665298462052448,-0.016595336817702453,30.03930197220363,12.1375,1.4133419707614436,14.964183941522887,9.310816058477112,0.46577696255783935,0.19266107638056026,0.4852991547108876,0.04666338026066227,38.37589947765949,14.910299547192972,50.21386587293509,16.842105263157908,21.43036161833155,805671971.0,811193113.75,0.6159126798269536,-0.002359600710736797,-0.11219100806334577,4366285.95,0.4814789956417533,1.2661571100261997,0.06249999999999986,-0.1431513903192584,-0.21961956453771214,2.0,4.0,0.017560975609756113,1.0,1225.29,1210.3,-0.014245107062282658,0.10600383806999902,-0.09066320052292698,0.47696415789785895,0.022974496005056633,-0.04043006757819567,-0.1524226801175388,-0.16761961047346985,1.0789388271157934,0.7667569299973462,10.25,10.25,0.0,0.007797741401263103,-0.007797741401263103,10.25,10.43,10.25,10.34,0.008780487804878057,0.03197323635395244,-0.023192748549074382,10.25,10.81,0.05463414634146346,0.07877632882001939,-0.02414218247855593,-0.0013197649,0.005,4
2025-04-17,10.25,10.46,10.14,10.43,3175748,0.0028846153846153744,0.011639185257031892,-0.057813911472448076,0.0,-0.1945945945945946,-0.23252391464311994,10.552,11.9795,13.281833333333335,11.075001953727494,11.970246366923014,-0.8952444131955204,-0.7619285123585834,-0.133315900836937,-0.08583359666304127,-0.012781965564423492,30.518200983341927,11.9795,1.4190377577410662,14.817575515482133,9.141424484517866,0.47382203188482547,0.22701572041560522,0.4734920722315385,0.045397130607050674,39.506879923345394,14.190526468022329,47.78986434687397,17.866666666666667,16.246461391574176,808847719.0,810608243.3,0.6185053531617887,-0.057345064450908326,-0.16481040653154858,4401823.85,-0.513156125780461,0.7214618549536007,0.030680728667305878,-0.12934596602529325,-0.2147168438092132,3.0,4.0,-0.011278195488721887,0.0,1201.63,1217.25,0.005742377922829167,0.04186281390691082,-0.08106414621441471,0.47828764328924067,-0.0028577625382137928,-0.04186281390691082,-0.15145976842870523,-0.16482082814024712,1.0798632752186872,0.767105151617272,10.64,10.43,-0.019736842105263275,-0.004086716543061142,-0.015650125562202133,10.64,10.52,10.64,10.58,-0.005639097744360999,0.01105530092724516,-0.01669439867160616,10.64,10.81,0.015977443609022535,0.07064646645554684,-0.05466902284652431,-0.0013197649,0.005,4
2025-04-18,10.64,10.69,10.49,10.52,4214389,0.008628954937679678,0.011538461538461497,0.020368574199805867,-0.0028436018957347375,-0.12841756420878214,-0.2276064610866373,10.546000000000001,11.8245,13.237,10.989617037769417,11.862820710113901,-0.8732036723444843,-0.7841835443557637,-0.08902012798872061,-0.08300415136354414,-0.008461989352539983,32.02157433158854,11.8245,1.3995881913131516,14.623676382626304,9.025323617373697,0.4734536568356046,0.26698503029379217,0.45824263850071434,0.043559186169269425,39.930782665374196,17.200544913006336,45.853060615427125,21.839080459770106,18.849284129864884,813062108.0,810102174.6,0.620933853860982,-0.07798682558221,-0.2100434584779171,4480625.6,-0.11310985963893462,0.9405804850108432,0.019011406844106397,-0.11032178950484173,-0.20525798897031056,4.0,4.0,-0.0431192660550459,0.0,1228.37,1219.12,0.0015362497432735989,-0.002732195736465881,-0.0791658169238556,0.4785301584564212,0.007092705194406079,-0.00011140615926885644,-0.1484406441627817,-0.16120236074088812,1.0796715199411875,0.7659146237601814,10.9,10.4,-0.04587155963302747,0.007251839590947107,-0.05312339922397458,10.9,10.43,10.9,10.69,-0.019266055045871644,0.024574312918926644,-0.04384036796479829,10.9,10.75,-0.013761467889908285,0.0841295334240153,-0.09789100131392359,-0.0013197649,0.005,4
2025-04-21,10.9,10.9,10.31,10.43,4248214,-0.008555133079847899,0.0,0.0028846153846153744,-0.057813911472448076,-0.07288888888888889,-0.23421439060205573,10.418000000000001,11.665,13.183333333333334,10.903522108881814,11.756685842698056,-0.8531637338162419,-0.7979795822478594,-0.05518415156838252,-0.08179901570625521,-0.005290906190640703,31.29241972750755,11.665,1.3655556031385994,14.396111206277197,8.9338887937228,0.46825738641700787,0.2739015538507788,0.46765387860780616,0.04483738049931028,39.77435307264617,18.85800982115463,41.720989715403036,19.252873563218387,19.652873563218378,808813894.0,809383695.2,0.6194650550210671,-0.043698568904092266,-0.18237370942144593,4562926.4,-0.13605797090574273,0.9310283856430381,0.056567593480345145,-0.10587226746678091,-0.20884955752212397,0.0,4.0,-0.04807692307692313,0.0,1220.38,1207.07,-0.009884178751886519,-0.027685590926665893,-0.08685357218506984,0.4789519992063768,0.0013290456720386201,-0.030128320545782183,-0.1473608184169859,-0.16137698613091644,1.067304477841422,0.7726370078227406,10.4,10.4,0.0,0.021159000482777968,-0.021159000482777968,10.4,9.9,10.4,10.81,0.039423076923077005,0.056951172817925944,-0.01752809589484894,10.4,10.61,0.02019230769230762,0.09360901629792395,-0.07341670860561633,-0.0013197649,0.005,4
2025-04-22,10.4,10.4,9.73,9.9,10035938,-0.0508149568552253,-0.05893536121672993,-0.0508149568552253,-0.03976721629485935,-0.05624404194470922,-0.2589820359281436,10.336,11.492,13.119333333333334,10.749134092130767,11.619153558053755,-0.8700194659229883,-0.8123875589828852,-0.05763190694010312,-0.08788075413363518,-0.005821404741424557,27.343732121496913,11.492,1.3586704026944747,14.209340805388951,8.77465919461105,0.4729099904958145,0.2070665562371137,0.48425003013581996,0.04891414445816363,40.23415712280922,16.910874183820194,45.968398138919525,4.927536231884057,15.339830084957507,798777956.0,808424036.15,0.6339935319046287,0.04040893914650596,-0.4237058301760735,4804106.05,1.9999421552375503,2.089033400917534,0.06767676767676767,-0.1385311521058128,-0.24538848518725542,1.0,4.0,0.010848126232741562,1.0,1201.38,1197.13,-0.008234816539222978,-0.02497169711432723,-0.10011876841662148,0.47751727769552443,-0.042580140316002324,-0.014795519180532124,-0.15886326751152213,-0.17653803850536542,1.0825090266323965,0.7637104700346999,10.14,10.25,0.010848126232741562,0.008760745280302684,0.0020873809524388776,10.14,10.25,10.14,10.72,0.05719921104536496,0.04248755809649141,0.014711652948873555,10.14,10.55,0.04043392504930976,0.08128161888701513,-0.04084769383770537,-0.0013197649,0.005,4
2025-04-23,10.14,10.28,9.99,10.25,3626217,0.03535353535353525,-0.017257909875359467,-0.025665399239543696,-0.014423076923076983,0.050204918032786816,-0.234503360716953,10.306000000000001,11.334999999999999,13.060666666666666,10.672344231802956,11.517734775975699,-0.8453905441727425,-0.8189881560208567,-0.02640238815188578,-0.08247712626075537,-0.0025758427465254422,33.327025760885604,11.334999999999999,1.3082913726649539,13.951582745329906,8.718417254670092,0.46168200182265684,0.2926685097315356,0.47680359941183276,0.04651742433286173,40.66111802653205,15.948193862827488,43.35156876659557,18.909090909090892,14.36316690139777,802404173.0,807515545.85,0.6558350285113049,-0.00042080062262555434,-0.6849854180178275,4855274.8,-0.4762985431909964,0.7468613311032365,0.028292682926829186,-0.09572121746801932,-0.21520085753662388,2.0,4.0,0.011639185257031892,1.0,1215.65,1211.0,0.01158604328686108,0.0005783689994216523,-0.09078623340741188,0.4806688354875507,0.023767492066674167,-0.015001445922498635,-0.14371712730954112,-0.15806747828746825,1.1010012697480218,0.7639033898791047,10.31,10.34,0.0029097963142579175,0.020802120548576664,-0.017892324234318746,10.31,10.43,10.31,11.02,0.0688651794374393,0.056372347256293365,0.01249283218114594,10.31,10.87,0.054316197866149274,0.09691466767645163,-0.04259846981030235,-0.001878695,0.005,5
2025-04-24,10.31,10.66,10.28,10.43,5199691,0.017560975609756113,0.05353535353535355,0.0,0.0,0.0,-0.2245353159851301,10.306000000000001,11.184000000000001,13.0085,10.635060503833271,11.437161829607128,-0.8021013257738563,-0.8156107899714566,0.013509464197600352,-0.07690329106173119,0.0012952506421476848,36.23530858022068,11.184000000000001,1.2228241686229875,13.629648337245976,8.738351662754026,0.4373476997936293,0.3458486470607883,0.472031913739559,0.04525713458672666,40.07904883471562,20.708955582607455,40.661958975854816,42.68292682926828,22.173184656747736,807603864.0,806670671.35,0.66192893411767,-0.03480636301893874,-0.7705568928301896,4918890.6,0.10917480154320415,1.0570861242573681,0.03643336529242577,-0.06741773962804021,-0.19821655071683897,3.0,4.0,-0.008579599618684486,0.0,1214.78,1223.35,0.010198183319570564,0.005011295953994521,-0.0774758877602576,0.48341830619646126,0.007362792290185549,-0.005011295953994521,-0.1470594282248725,-0.15940984769258282,1.1055843290381038,0.7656506581513534,10.49,10.58,0.008579599618684375,0.012052218129665171,-0.003472618510980796,10.49,10.4,10.49,10.99,0.04766444232602485,0.054002738029270914,-0.006338295703246066,10.49,11.07,0.05529075309818876,0.0917973206427849,-0.036506567544596136,-0.001878695,0.005,5
2025-04-25,10.49,10.61,10.34,10.4,4634202,-0.0028763183125598557,0.014634146341463428,0.05050505050505061,-0.011406844106463754,-0.014218009478673022,-0.22155688622754488,10.282,11.036,12.951833333333333,10.598897349397383,11.360335027414006,-0.7614376780166232,-0.80477616758049,0.04333848956386677,-0.07321516134775223,0.004167162458064112,35.95381710543079,11.036,1.1204388238073604,13.27687764761472,8.79512235238528,0.4061032344354332,0.3580913150976844,0.4576010627581619,0.0440001021882848,39.53855601374322,19.83617133225097,38.94825027426421,47.85714285714285,36.483053531834,802969662.0,805680965.6,0.6624575098866838,-0.049496164419810064,-0.7783022770304431,5063721.85,-0.17441101182148905,0.9151770451214655,0.02596153846153842,-0.057629575933309085,-0.19702487421343173,4.0,4.0,-0.008579599618684486,0.0,1227.16,1229.23,0.00480647402623946,0.008292866986022718,-0.07144529804125965,0.4843058172671222,-0.007682792338799316,-0.01969971109248647,-0.15011158818628523,-0.16166154548529266,1.0996691388344355,0.7627660991959032,10.49,10.69,0.019065776930409895,0.01301952523697647,0.006046251693433424,10.49,10.4,10.49,11.05,0.05338417540514784,0.06111156120878225,-0.007727385803634412,10.49,11.19,0.06673021925643452,0.08715061168273519,-0.02042039242630067,-0.001878695,0.005,5
2025-04-28,10.49,10.61,10.37,10.4,2775760,0.0,-0.0028763183125598557,0.014634146341463428,-0.0028763183125598557,-0.060523938572719094,-0.2109256449165402,10.276,10.897000000000002,12.894666666666666,10.568297757182401,11.289199099457413,-0.7209013422750115,-0.7880012025193943,0.06709986024438286,-0.06931743675721264,0.006451909638882967,35.95381710543079,10.897000000000002,1.0071747875277992,12.9113495750556,8.882650424944403,0.36970718088567467,0.37663511682517076,0.44205812970400754,0.04250558939461611,39.036669822840274,19.066931658641284,37.43785097256372,47.85714285714285,46.132404181184654,802969662.0,804862290.05,0.663678989893874,-0.10168229797844364,-0.7921855712531873,5031479.65,-0.9061268159138988,0.5516786697129938,0.023076923076923096,-0.045608883178856696,-0.19346499844897103,0.0,4.0,-0.017257909875359467,0.0,1234.3,1226.8,-0.0019768472946478655,0.016345365223226604,-0.06881423344921289,0.484290178294399,0.0019768472946478655,-0.01922168353578646,-0.1421114114673273,-0.15261338453842932,1.0987461089590338,0.7619853100825289,10.43,10.81,0.0364333652924258,0.034671012426156,0.0017623528662698007,10.43,10.25,10.43,11.1,0.0642377756471717,0.07003463027093093,-0.005796854623759229,10.43,11.02,0.056567593480345124,0.09338765532695037,-0.036820061846605245,-0.001878695,0.005,5
2025-04-29,10.43,10.43,10.22,10.25,2851199,-0.014423076923076983,-0.014423076923076983,-0.017257909875359467,0.03535353535353525,-0.005819592628516057,-0.20480993017843296,10.346,10.765,12.837,10.519328871462033,11.212221388386494,-0.6928925169244611,-0.7689794654004077,0.07608694847594666,-0.06759926994384986,0.007423116924482601,34.40399609885746,10.765,0.8994647531200738,12.563929506240148,8.966070493759853,0.33421820831215004,0.3568593159949952,0.4254825490108641,0.041510492586425765,38.783480242911736,18.394744337341027,38.63616288459255,37.1428571428571,44.285714285714256,800118463.0,804146101.6,0.6625464034583309,-0.1314173957962122,-0.7684903263111929,4928992.55,-0.8190584857465927,0.5784547189059963,0.02048780487804869,-0.04784022294472834,-0.20152683648827607,1.0,4.0,0.008780487804878057,1.0,1227.25,1226.3,-0.0004075643951744201,0.024366610142591005,-0.06164394043738419,0.48401735789604944,-0.014015512527902563,0.010986925210944243,-0.14316598974104877,-0.15257107180378948,1.1017290590461724,0.7615294091378876,10.25,10.72,0.04585365853658541,0.02701038112757992,0.018843277409005488,10.25,10.34,10.25,10.96,0.06926829268292689,0.05463666053469707,0.014631632148229823,10.25,10.75,0.04878048780487809,0.07992900961935856,-0.031148521814480468,-0.001878695,0.005,5
2025-05-05,10.25,10.34,9.84,10.34,5048780,0.008780487804878057,-0.00576923076923086,-0.00576923076923086,0.008780487804878057,-0.00576923076923086,-0.2052267486548809,10.364,10.631499999999999,12.778833333333333,10.491739814314029,11.14761239665416,-0.6558725823401321,-0.7463580887883526,0.09048550644822051,-0.06343061724759498,0.008751016097506819,36.18153385357519,10.631499999999999,0.7311078471816741,12.093715694363347,9.169284305636651,0.27507232175391017,0.4003225033339151,0.43080522408151667,0.04166394817035945,39.04375363262083,16.869797288925646,41.733671177271006,43.57142857142852,42.85714285714281,805167243.0,803553911.0,0.6623386696121684,-0.1299185897481923,-0.7658027787886179,5052990.4,-0.0017010109643222201,0.9991667508412444,0.04835589941972921,-0.027418520434557614,-0.19084945156704447,0.0,5.0,0.017307692307692246,1.0,1233.97,1240.05,0.011212590720052207,0.0239884393063583,-0.05866411605292521,0.48509189859254737,-0.0024321029151741502,-0.015207951501480244,-0.14656263260195568,-0.15569642579374565,1.1007501116490308,0.7616582113895859,10.4,11.02,0.059615384615384626,0.031310777143775725,0.0283046074716089,10.4,10.58,10.4,10.81,0.039423076923077005,0.04178252832918106,-0.0023594514061040517,10.4,11.22,0.07884615384615379,0.0739371534195934,0.004909000426560395,-0.001878695,0.005,5
2025-05-06,10.4,10.84,10.4,10.58,7370134,0.023210831721470093,0.03219512195121954,0.017307692307692246,0.014381591562799612,0.014381591562799612,-0.18301158301158293,10.394,10.513,12.724166666666667,10.505318304419562,11.105567033939037,-0.6002487295194747,-0.7171362169345771,0.11688748741510235,-0.056734284453636555,0.011047966674395308,40.7893455990609,10.513,0.48678429244226884,11.486568584884537,9.539431415115462,0.18521232471883145,0.5344094915552078,0.4357477080756941,0.0411859837500656,37.940486964278044,23.683225692762623,38.31314083664512,60.71428571428568,47.14285714285709,812537377.0,803420459.8,0.6729417382489443,-0.20384856702328272,-0.8831905218062104,5331264.4,0.8486082707227591,1.382436406643047,0.041587901701323204,0.00637306192333309,-0.16851136289213442,1.0,5.0,0.0028142589118198558,1.0,1244.3,1241.95,0.0015321962824079716,0.01520415253198193,-0.05757950570255643,0.4852021537165267,0.02167863543906212,-0.0008225609691823177,-0.1254320773090265,-0.13309565959994718,1.1026710584766204,0.7558287219164107,10.66,10.99,0.030956848030018858,0.04216420916928554,-0.01120736113926668,10.66,10.69,10.66,10.81,0.014071294559099501,0.05966481347192021,-0.04559351891282071,10.66,11.19,0.04971857410881797,0.08552896623962614,-0.035810392130808166,-0.0019434482,0.005,5
2025-05-07,10.66,10.9,10.58,10.69,6378040,0.010396975425330801,0.03384912959381037,0.04292682926829272,0.027884615384615286,0.01615969581749055,-0.11433305716652864,10.452,10.443999999999999,12.670333333333334,10.533730872970398,11.074784290684294,-0.5410534177138953,-0.6819196570904408,0.14086623937654552,-0.050613041881561766,0.013177384413147383,42.82688650192398,10.443999999999999,0.3255828781223255,11.09516575624465,9.792834243755348,0.12469662126477435,0.6888919968847187,0.427480014641716,0.03998877592532423,36.76772786843593,23.41944857911087,36.26455633347715,72.72727272727265,59.004329004328945,818915417.0,803872949.8,0.6387995393769264,-0.37503224831334,-0.49046176995366697,5383127.2,0.41214480558439087,1.1848206001894215,0.02993451824134708,0.023554193795480627,-0.1562968614348479,2.0,5.0,0.005581395348837281,1.0,1241.1,1250.37,0.006779661016949046,0.017197757946031178,0.01669322838743259,0.42216158522994557,0.0036173144083817554,0.010686857438584108,-0.13102628555396123,-0.12887494663634258,1.1046225176290794,0.7567671545546921,10.75,11.05,0.027906976744186185,0.0433269074513678,-0.015419930707181617,10.75,10.81,10.75,10.75,0.0,0.05393757866394755,-0.05393757866394755,10.75,11.37,0.05767441860465117,0.07201236318447601,-0.014337944579824846,-0.0019434482,0.005,5
2025-05-08,10.75,11.07,10.58,10.81,8215495,0.01122544434050532,0.021739130434782705,0.045454545454545414,0.039423076923077005,0.0364333652924258,-0.039111111111111097,10.534,10.422,12.6195,10.576233815590337,11.055170639522494,-0.4789368239321572,-0.6413230904587841,0.1623862665266269,-0.044304979087156075,0.01502185629293496,45.04845459700256,10.422,0.27991728101463886,10.981834562029277,9.862165437970724,0.10743323009581209,0.8465309453149743,0.4319457278815934,0.03995797667729819,35.25553274791185,24.333000881044978,33.32608654493086,80.59701492537314,71.34619112231049,827130912.0,805217928.6,0.5961823375297638,-0.5373814706397734,0.11017049107363906,5312187.9,1.261938264524773,1.5465369739650963,0.04532839962997227,0.03722893878334288,-0.14338919925512106,3.0,5.0,-0.021897810218978075,0.0,1255.34,1269.8,0.015539400337500231,0.035050537985001684,0.048840724557476234,0.42023520271771087,-0.0043139559969949115,0.004372538938075321,-0.08795183566858733,-0.08385623632768047,1.103520160548629,0.7585229754819248,10.96,11.1,0.012773722627737127,0.030364848960376722,-0.017591126332639595,10.96,10.72,10.96,10.61,-0.03193430656934315,0.030867006669281993,-0.06280131323862514,10.96,11.37,0.037408759124087476,0.05303256178893667,-0.015623802664849196,-0.0019434482,0.005,5
2025-05-09,10.96,10.96,10.69,10.72,4040343,-0.008325624421831601,0.00280636108512633,0.013232514177693888,0.04585365853658541,0.08282828282828292,0.0219256434699715,10.628,10.433499999999999,12.569666666666667,10.598351690114901,11.03034318474305,-0.43199149462814823,-0.599456771292657,0.16746527666450872,-0.04029771405113323,0.015621760882883275,43.677657819921336,10.433499999999999,0.287480434117005,11.008460868234009,9.858539131765989,0.11021438026242585,0.7491473905693666,0.4203781758900511,0.03921438207929581,33.85135156456806,23.21667436929807,31.797183713555935,73.8805970149254,75.73496155585705,823090569.0,806513619.7,0.5436534564552004,-0.5749855970203884,0.9114600242408487,5361475.6,-0.5845819870980631,0.7535878742038853,0.02518656716417923,0.027459625245603192,-0.14715319950144523,4.0,5.0,0.0194264569842737,1.0,1274.5,1267.3,-0.001968813986454543,0.03343390687433745,0.11874222053513894,0.3386553668098782,-0.006356810435377058,0.012419751662247958,-0.09681657706516744,-0.08654055893131152,1.105500854199029,0.7584369169109813,10.81,10.96,0.013876040703052706,0.022365898878169865,-0.00848985817511716,10.81,11.02,10.81,10.55,-0.02405180388529138,0.032633629764635685,-0.056685433649927064,10.81,11.43,0.057354301572617894,0.04475536561606397,0.012598935956553925,-0.0019434482,0.005,5
2025-05-12,10.81,11.02,10.72,11.02,5594617,0.027985074626865503,0.0194264569842737,0.030869971936389184,0.06576402321083163,0.07512195121951226,0.12909836065573765,10.764,10.496500000000001,12.526333333333332,10.663220660866456,11.029577022910232,-0.366356362043776,-0.5528366894428808,0.1864803273991048,-0.03324467895134083,0.016921989782132923,49.22409708027338,10.496500000000001,0.26962498322493605,11.035749966449874,9.957250033550128,0.10274852883339643,0.9853964140660374,0.4117797347550474,0.03736658210118398,32.38590962030308,23.049282118861147,30.14249271027317,96.26865671641785,83.5820895522388,828685186.0,808400337.7,0.48076455317419453,-0.5737140347485913,1.809997382020213,5329910.4,0.11756140933218699,1.0496643620875878,0.02722323049001805,0.04987376744629146,-0.12025333297852514,0.0,5.0,-0.028293545534924913,0.0,1272.92,1283.26,0.012593703148425783,0.03484536913834124,0.17267659691126758,0.30467803960901196,0.01539137147843972,0.030918654072490392,-0.04357823625552992,-0.0371613421554684,1.1184881996025569,0.7609090085049787,11.31,10.81,-0.044208664898320094,0.00273834848191834,-0.046947013380238434,11.31,10.99,11.31,10.87,-0.03890362511052181,0.030756140011603206,-0.06965976512212502,11.31,11.22,-0.007957559681697646,0.013784567781860435,-0.02174212746355808,-0.0012163307,0.005,5
2025-05-13,11.31,11.31,10.96,10.99,5715144,-0.0027223230490017736,0.025186567164179108,0.016651248843663202,0.03875236294896034,0.05369127516778538,0.05369127516778538,10.846,10.5245,12.4805,10.71349440534854,11.026645391583548,-0.3131509862350086,-0.5048995488013064,0.1917485625662978,-0.028494175271611338,0.017447548914130827,48.70754457218797,10.5245,0.29061595203816004,11.10573190407632,9.94326809592368,0.11045311493682747,0.9004425744142193,0.4073668965582583,0.03706705155216181,30.27686780697139,26.719674905043806,28.292655808641033,79.74683544303795,83.2986963914604,822970042.0,809936963.9,0.42155682950146206,-1.1512657561785817,2.434016582669789,5551333.0,0.08025990297321105,1.0295084081607067,0.03184713375796175,0.04423012969737283,-0.11942630503585583,1.0,5.0,0.0,0.0,1292.75,1293.43,0.00792512818914326,0.041450944079874485,0.10706643614016476,0.20861068487264808,-0.010647451238145034,-0.002698581130914146,-0.053375160972379376,-0.04821315074682797,1.1166139733458622,0.7620466632312517,11.05,10.81,-0.021719457013574694,0.015324635219640337,-0.03704409223321503,11.05,11.05,11.05,11.07,0.0018099547511312153,0.03436269590056362,-0.03255274114943241,11.05,11.13,0.007239819004524861,0.01615841889909686,-0.008918599894571999,-0.0012163307,0.005,5
2025-05-14,11.05,11.16,10.96,11.05,5061567,0.005459508644221955,0.0027223230490018846,0.03078358208955234,0.033676333021515514,0.0625,0.04739336492891,10.918000000000001,10.5495,12.435166666666667,10.76526449683338,11.028375362577359,-0.2631108657439789,-0.4565418121898409,0.193430946445862,-0.02381093807637818,0.01750506302677484,49.84124457301969,10.5495,0.3135278884600272,11.176555776920054,9.922444223079946,0.11887876713020598,0.8990873048473736,0.39255497537552553,0.035525337138056605,28.318471837449103,25.747302459285162,27.263040028380825,83.54430379746837,86.51993198564139,828031609.0,811264455.45,0.4204760615906819,-1.1240378231288106,2.4304312430748163,5342198.35,-0.1518697841970712,0.9474689385129251,0.018099547511312153,0.047443006777572405,-0.11139108174397871,2.0,5.0,-0.0026954177897574594,0.0,1295.3,1309.73,0.012602150870166806,0.047473947711477615,0.07138883889861436,0.14506638566869126,-0.007142642225944851,-0.013797614689962101,-0.023995473969704362,-0.022396606253964446,1.113387627606754,0.7621820796582796,11.13,10.75,-0.0341419586702606,0.006741795326398625,-0.04088375399665922,11.13,11.1,11.13,11.19,0.005390835579514697,0.021062403457642986,-0.01567156787812829,11.13,11.13,0.0,0.0007685342302101716,-0.0007685342302101716,-0.0012163307,0.005,5
2025-05-15,11.13,11.16,10.9,11.1,4861557,0.004524886877828038,0.010009099181073733,0.007259528130671544,0.026827012025901764,0.06730769230769229,0.0027100271002709064,10.976,10.551,12.383333333333333,10.816762266551322,11.033680891275333,-0.2169186247240109,-0.4086171746966749,0.191698549972664,-0.019542218443604587,0.017270139637176937,50.81682847374009,10.551,0.31620945756370017,11.183418915127401,9.9185810848726,0.11987847884132327,0.9340477386649665,0.38308676284870224,0.03451232097736057,26.650515477527502,24.499114751169472,27.060103828295144,85.71428571428565,83.001808318264,832893166.0,812540228.0,0.3829826488784983,-1.59964124926502,3.321721024264042,5290479.35,-0.23235201104600697,0.9189256168252505,0.023423423423423406,0.052032982655672466,-0.10363391655450871,3.0,5.0,-0.009936766034326916,0.0,1314.19,1313.2,0.0026494010215847297,0.034178610804851184,0.05780384070112121,0.13792545679108695,0.0018754858562433085,-0.00735159877894942,-0.055093813600850305,-0.05208320435321323,1.1077444289834613,0.7693695399982339,11.07,10.61,-0.04155374887082208,-0.0003119649990489526,-0.04124178387177313,11.07,10.96,11.07,11.02,-0.004516711833785103,0.02100817957009693,-0.025524891403882033,11.07,11.34,0.024390243902439046,0.0066501807114323075,0.01774006319100674,-0.0012163307,0.005,5
2025-05-16,11.07,11.19,10.96,10.96,3479821,-0.012612612612612484,-0.008144796380090469,-0.0027297543221109777,0.02238805970149249,0.06926829268292689,0.06304558680892347,11.024000000000001,10.5835,12.328166666666666,10.838798840928042,11.02822304747716,-0.18942420654911807,-0.36477858106716354,0.17535437451804547,-0.017283230524554567,0.01599948672609904,48.0015837435919,10.5835,0.32345625263475414,11.23041250526951,9.936587494730492,0.12224925691302657,0.7909976209558257,0.37215199407379485,0.033955473911842594,25.015111429870483,23.993408090080553,25.865541241806486,76.19047619047622,81.81635523407674,829413345.0,814003716.9,0.2890787846321103,-1.0670027345575197,3.2786967186029496,5102763.0,-0.887456605523585,0.6819483875696363,0.02098540145985389,0.03557424292530831,-0.110978923603131,4.0,5.0,-0.010978956999085021,0.0,1314.25,1301.39,-0.008993298812062123,0.026899708040716508,0.05994510461886815,0.13542043273362375,-0.003619313800550361,-0.004511648339224017,0.0031004821900553203,0.0029251346853196303,1.1087466854346573,0.7715993932476258,10.93,10.55,-0.034766697163769344,0.016117686165073142,-0.050884383328842486,10.93,10.81,10.93,10.75,-0.016468435498627643,0.030140459643942075,-0.04660889514256972,10.93,11.98,0.0960658737419946,0.016913907591932675,0.07915196615006193,-0.0012163307,0.005,5
2025-05-19,10.93,11.05,10.78,10.81,4219707,-0.013686131386861367,-0.02612612612612608,-0.021719457013574694,-0.019056261343012637,0.045454545454545414,0.039423076923077005,10.982,10.604000000000001,12.270000000000001,10.834368250016036,11.012058377293668,-0.17769012727763212,-0.32736089030925725,0.14967076303162513,-0.016437569590900286,0.013845583999225267,45.11753954491059,10.604000000000001,0.32420591247586256,11.252411824951727,9.955588175048275,0.12229570444204561,0.6588496631869231,0.36485542306852387,0.03375165800818907,23.973898213606684,22.72515227172333,28.02222796681556,65.98639455782313,75.96371882086167,825193638.0,814979800.25,0.2943160048670453,-0.8551655763038842,2.570046874321108,5037328.15,-0.4452974836904519,0.8376875348095001,0.024976873265495036,0.01942663145982637,-0.11898940505297484,0.0,5.0,0.0,0.0,1293.61,1296.29,-0.003918886728805471,0.01015382697193079,0.07104850037180865,0.12236140673139045,-0.009767244658055896,-0.029210088314943428,-0.03162542344873165,-0.02952753627660476,1.1093917499307948,0.7716536161185412,10.81,10.87,0.005550416281220993,0.02609693366804766,-0.020546517386826668,10.81,10.81,10.81,11.22,0.037927844588344195,0.02901541636506444,0.008912428223279756,10.81,12.8,0.18408880666049954,0.030409203616146296,0.15367960304435324,-0.0012163307,0.005,5
2025-05-20,10.81,10.9,10.72,10.81,3150829,0.0,-0.013686131386861367,-0.02612612612612608,-0.016378525932666088,0.021739130434782705,0.0364333652924258,10.946000000000002,10.623000000000001,12.210833333333333,10.830619288475107,10.99709109008673,-0.1664718016116229,-0.29518307256973036,0.12871127095810747,-0.015399796633822654,0.011906685565042319,45.11753954491059,10.623000000000001,0.3246066445473752,11.27221328909475,9.973786710905252,0.12222786201539103,0.6440204653394792,0.351651464277915,0.03253020021072294,23.162645184828513,21.89427124636535,28.21641353793743,65.98639455782313,69.38775510204083,825193638.0,815797096.2,0.2943920843549406,-0.8286669917728477,2.5314024925091188,5036082.2,-1.0260098440769114,0.6256508283363603,0.016651248843663247,0.017603313564906298,-0.11472053504401825,1.0,5.0,-0.011039558417663242,0.0,1298.62,1315.15,0.01454921352475158,0.016792559319019906,0.08042719244197993,0.12837980936057516,-0.01454921352475158,-0.033171085251685994,-0.04399382714955413,-0.040718918828874906,1.1012175259463772,0.7692456093704972,10.87,11.07,0.01839926402943881,0.007504718648248199,0.010894545381190612,10.87,10.75,10.87,11.19,0.029438822447102053,0.013099418722693823,0.01633940372440823,10.87,12.48,0.14811407543698274,0.01343028808193547,0.13468378735504727,-0.0012163307,0.005,5
2025-05-21,10.87,10.9,10.64,10.75,4943281,-0.005550416281221104,-0.005550416281221104,-0.019160583941605913,-0.02714932126696834,0.00561272217025266,0.02186311787072248,10.886,10.6345,12.152166666666666,10.818216321017399,10.978788046376602,-0.16057172535920294,-0.2682608031276249,0.10768907776842196,-0.014936904684577017,0.010017588629620648,43.89410181419039,10.6345,0.3248396365497586,11.284179273099516,9.984820726900482,0.12218332278894488,0.5888900144905105,0.3451049311152068,0.032102784289786676,22.619958119768267,20.716055990902603,28.35379048793833,61.90476190476189,64.62585034013605,820250357.0,816156508.65,0.29443154240384684,-0.707453032707862,2.383220170166829,5072526.8,-0.0707224553464317,0.9745204303306984,0.02418604651162789,0.010860877333207952,-0.1153840878855622,2.0,5.0,0.01725790987535958,1.0,1329.83,1323.05,0.006006919362810281,0.010170035045391046,0.08525001640527607,0.12826591557017947,-0.011557335644031386,-0.037319356312359386,-0.06338689853455359,-0.05840764577411661,1.0999488928981325,0.7688066846778652,10.43,11.19,0.07286673058485138,0.016591286165594576,0.056275444419256804,10.43,10.61,10.43,11.37,0.09012464046021096,0.019523170981158744,0.07060146947905221,10.43,12.51,0.19942473633748792,0.020348947324560385,0.17907578901292753,-0.0012163307,0.005,5
2025-05-22,10.43,10.69,10.43,10.61,8983816,-0.013023255813953583,-0.018501387604070385,-0.018501387604070385,-0.04414414414414414,-0.018501387604070385,0.01725790987535958,10.788,10.6435,12.093666666666667,10.786183040860875,10.951470413311668,-0.16528737245079306,-0.24766611699225854,0.08237874454146549,-0.015578451691874936,0.00776425490494491,41.09398476096268,10.6435,0.32135035806993223,11.286200716139865,10.000799283860134,0.12076867875038573,0.4739381027912922,0.34331172174983493,0.03235737245521536,22.641246868228944,19.33681426618902,30.835247735985554,52.38095238095233,60.090702947845784,811266541.0,816279141.0,0.29682184067589873,-0.6682398394098984,2.173162895033832,5309306.9,1.8258394852188011,1.692088283689157,0.024505183788878396,-0.0031474608916239877,-0.12268129323888544,3.0,5.0,-0.008458646616541388,0.0,1319.97,1313.84,-0.006961188163712606,0.00048735912275343907,0.08845385934535699,0.12439133851495865,-0.0060620676502409765,-0.044631503266897576,-0.07119594946999741,-0.06541016769678942,1.1012300686168843,0.7703139894021012,10.64,11.02,0.03571428571428559,0.021256840166523183,0.014457445547762404,10.64,10.55,10.64,11.37,0.0686090225563909,0.021431887543476247,0.04717713501291465,10.64,12.48,0.1729323308270676,0.029004589285578364,0.14392774154148924,-0.001878695,0.005,5
2025-05-23,10.64,10.66,10.52,10.55,2226710,-0.005655042412818001,-0.018604651162790642,-0.02405180388529138,-0.03740875912408759,-0.01585820895522383,0.06565656565656575,10.706,10.676,12.029333333333334,10.749847188420741,10.92173186417747,-0.17188467575672917,-0.2325098287451527,0.060625152988423525,-0.016292386327652054,0.005746459998902703,39.91867055071533,10.676,0.27114571728148973,11.21829143456298,10.13370856543702,0.1015907520724953,0.3838263044837321,0.3287894559105611,0.03116487733749394,22.661014991799572,18.74869278240734,29.8974059901002,16.48351648351652,43.58974358974357,809039831.0,816792234.75,0.2273799598980414,0.749538879783333,-0.12990233606166193,4918845.5,-1.5016752190693483,0.4526895589625655,0.01327014218009484,-0.011802173098538704,-0.1229771669252937,4.0,5.0,0.024505183788878337,1.0,1313.93,1314.46,0.00047189916580414604,0.010043107754016845,0.09800940582894091,0.11635684029394963,-0.006126941578622147,-0.04745186687810443,-0.032352840172375164,-0.02946499365180799,1.0957123225265433,0.7719555970169915,10.61,10.75,0.013195098963242335,0.011783642603334643,0.0014114563599076924,10.61,10.87,10.61,11.43,0.07728557964184724,0.0097260606796854,0.06755951896216184,10.61,12.33,0.16211121583411892,0.024501169253196453,0.13761004658092246,-0.001878695,0.005,5
2025-05-26,10.61,10.9,10.37,10.87,6293563,0.03033175355450224,0.024505183788878337,0.01116279069767434,0.005550416281220993,-0.01361161524500909,0.06048780487804861,10.718,10.707,11.970333333333333,10.768332236356011,10.9178998742384,-0.14956763788238803,-0.21592139057259976,0.06635375269021174,-0.013759672298287768,0.006104301075456462,48.395722502967374,10.707,0.2548291481305356,11.216658296261071,10.19734170373893,0.09520095194939211,0.6599110631532841,0.34316163763123536,0.031569607877758546,21.770821070169575,21.675924917594013,26.599163280227426,53.191489361702054,40.68531940872363,815333394.0,817438695.8,0.21851099255625658,0.6094617513322483,-0.5413010652558986,5052212.8,0.6932028488687234,1.2457042585379619,0.04875804967801299,0.015223685439432089,-0.09192169530227512,0.0,5.0,0.015596330275229331,1.0,1317.08,1332.51,0.013731874686182977,0.02794127857192441,0.10033856317093304,0.11827192558097391,0.016599878868319262,-0.022390862290703417,-0.039850758292884425,-0.03621681510283825,1.109937508036703,0.7737706021524627,10.9,11.22,0.029357798165137616,-0.0013377276565851304,0.030695525821722747,10.9,11.07,10.9,11.22,0.029357798165137616,-0.020566628552638466,0.04992442671777608,10.9,12.72,0.16697247706422025,0.01501393777698068,0.15195853928723957,-0.001878695,0.005,5
2025-05-27,10.9,11.07,10.87,11.07,7410013,0.01839926402943881,0.049289099526066416,0.043355325164938785,0.024051803885291267,0.007279344858962755,0.061361457334611735,10.77,10.739,11.918000000000001,10.81474266153201,10.92916655022074,-0.1144238886887301,-0.19562189019582585,0.08119800150709575,-0.010336394642161708,0.00733495948573584,52.871360143386795,10.739,0.25837345472272155,11.255746909445444,10.222253090554558,0.09623743541213202,0.8202728395175296,0.3329358063718615,0.030075501930610794,20.368329367790878,24.393054246194893,25.457838016954362,74.468085106383,48.04769698386718,822743407.0,818195672.95,0.2192693046539555,0.6055216741206045,-0.5694599329022629,5162728.9,1.2037440031274835,1.4352899684505998,0.018066847335140114,0.03082223670732831,-0.07115287799966441,1.0,5.0,-0.005333333333333412,0.0,1338.09,1339.81,0.005478382901441536,0.01875071284644325,0.09519761311153796,0.11659938125387799,0.012920881127997275,0.005301091038848016,-0.033836155776926224,-0.030895023301589553,1.1138328758562064,0.7730557114570699,11.25,11.19,-0.005333333333333412,0.002358490566037874,-0.007691823899371286,11.25,11.19,11.25,11.13,-0.010666666666666602,-0.020720492827807857,0.010053826161141255,11.25,11.98,0.064888888888889,0.016881435628831598,0.0480074532600574,-0.001878695,0.005,5
2025-05-28,11.25,11.54,11.16,11.19,11259003,0.010840108401083848,0.029438822447102053,0.0606635071090047,0.040930232558139545,0.012669683257918507,0.07596153846153841,10.858,10.7785,11.864666666666668,10.872474559757855,10.948487546500685,-0.07601298674283008,-0.1717001095052267,0.09568712276239663,-0.006792938940378024,0.008551128039534998,55.37233493571384,10.7785,0.26414260502532205,11.306785210050643,10.250214789949355,0.09802573828466743,0.889467651347415,0.3427261059167285,0.030627891502835434,20.065803100748134,31.79906486242279,22.96413830801875,70.08547008547012,65.91501485118505,834002410.0,819747310.35,0.21973923991354682,0.4513273191443082,-0.7207963932137611,5493968.95,2.501530722121868,2.0493386661750246,0.03395889186773896,0.03817785406132579,-0.05686351632297593,2.0,5.0,-0.025641025641025772,0.0,1344.08,1341.87,0.0015375314410250862,0.014224708060919689,0.09163460052227812,0.11709247650832949,0.009302576960058762,0.026705524497219857,-0.015673062060739706,-0.01435742514321292,1.1124209477435576,0.7724413430810334,11.31,11.37,0.0053050397877982824,-0.0006980128909614969,0.006003052678759779,11.31,11.02,11.31,11.13,-0.01591511936339518,-0.023376006178156716,0.007460886814761536,11.31,11.81,0.04420866489831998,0.014903317788932835,0.029305347109387148,-0.001878695,0.005,5
2025-05-29,11.31,11.37,11.02,11.02,5077523,-0.015192135835567444,-0.004516711833785103,0.013799448022079108,0.03864278982092362,-0.007207207207207245,0.059615384615384626,10.940000000000001,10.8095,11.806666666666668,10.895170781333569,10.953784765278412,-0.058613983944843184,-0.14908288439315,0.09046890044830683,-0.005318873316228964,0.008209519096942544,51.22509166388872,10.8095,0.2535531710044351,11.31660634200887,10.30239365799113,0.09382604968016459,0.7075501552259407,0.3432456697798193,0.031147519943722262,19.334747856176342,29.48300761377484,24.2049304863228,55.555555555555586,66.7030369158029,828924887.0,821045071.6,0.22958175914339943,0.4404485544688002,-0.8697252109070543,5609057.1,-0.23969495144137806,0.9052364612226893,0.03176043557168781,0.019473611175355066,-0.06662902315076247,3.0,5.0,-0.024500907441016295,0.0,1346.68,1341.86,-7.452286734155322e-06,0.021326797783596252,0.09378871861754146,0.11586796021686316,-0.015184683548833289,0.017315992037327366,-0.03417333400215683,-0.031243085086257838,1.1145620234490612,0.7739245988371288,11.02,11.37,0.03176043557168784,-0.000595730104476333,0.03235616567616417,11.02,10.75,11.02,11.34,0.029038112522685955,-0.014818786348844704,0.04385689887153066,11.02,11.72,0.06352087114337568,0.01696341472495888,0.0465574564184168,-0.001878695,0.005,5
2025-05-30,11.02,11.02,10.75,10.75,7024212,-0.024500907441016295,-0.03932082216264521,-0.028906955736224038,0.018957345971563955,-0.019160583941605913,0.04878048780487809,10.98,10.8345,11.745666666666667,10.872836814974558,10.93868959748001,-0.06585278250545201,-0.13243686401561042,0.0665840815101584,-0.006125840233065304,0.006193868047456596,45.408087070261075,10.8345,0.21758180554759365,11.269663611095188,10.399336388904812,0.0803292465910172,0.40291008043234955,0.3380138362241179,0.031443147555731896,18.046091756815027,27.800825406458948,28.529493265277857,32.47863247863255,52.70655270655275,821900675.0,822134182.2,0.24216659577506472,0.22998572351867677,-0.7144080782440491,5817707.75,0.5639610648124561,1.2073848157807514,0.025116279069767402,-0.007799160090451784,-0.08476885092374498,4.0,5.0,0.02653247941445569,1.0,1342.89,1332.6,-0.006900868943108818,0.013800343867443665,0.0866835195302944,0.12167568636555315,-0.017600038497907478,0.00515700210412029,-0.037903031725416314,-0.03487954960594175,1.1196194362184853,0.7746021309234852,10.93,11.43,0.04574565416285448,-0.0006162123978927792,0.046361866560747256,10.93,11.22,10.93,11.98,0.0960658737419946,-0.011437503287718642,0.10750337702971324,10.93,11.6,0.061299176578225145,0.030607720690458473,0.030691455887766672,-0.001878695,0.005,5
2025-06-02,10.93,11.31,10.72,11.22,8345416,0.0437209302325583,0.01814882032667886,0.002680965147453085,0.03219871205151814,0.037927844588344195,0.08510638297872353,11.05,10.8785,11.694833333333332,10.926246535747703,10.959527405074084,-0.03328086932638108,-0.11260566507776455,0.07932479575138347,-0.0029662093873779926,0.007069946145399596,54.989858704736676,10.8785,0.2006377988213479,11.279775597642697,10.477224402357304,0.073774067682621,0.925518025524291,0.3560128479223952,0.031730200349589587,17.42346904363879,30.328325082725723,25.152327620686304,72.64957264957278,53.561253561253636,830246091.0,823388124.6,0.28258357738605266,0.5403627199830097,-0.2800209830575737,5982539.55,1.072558171501032,1.394962111031928,0.05258467023172904,0.031392195615204344,-0.040601975231227216,0.0,6.0,-0.0158311345646438,0.0,1330.71,1336.3,0.0027765270898993943,0.0028442563282826683,0.07761783799040356,0.11887323543601303,0.0409444031426589,0.029354455723235473,0.007488544988319967,0.0069491657657458905,1.1254522082290095,0.7582725791461987,11.37,11.22,-0.01319261213720302,-0.022917893700934222,0.009725281563731203,11.37,11.19,11.37,12.8,0.12576956904133696,-0.002385727385913805,0.12815529642725076,11.37,11.75,0.033421284080914715,0.025914963729488427,0.007506320351426288,-0.001878695,0.005,5
2025-06-03,11.37,11.46,11.16,11.19,9067858,-0.002673796791443972,0.040930232558139545,0.015426497277676976,0.010840108401083848,0.035152636447733476,0.05765595463137996,11.074,10.909,11.648333333333333,10.966823991786518,10.97659944914267,-0.009775457356152373,-0.09203962353344212,0.08226416617728975,-0.0008735886824086125,0.007351578746853419,54.334317790957755,10.909,0.1992327388021644,11.30746547760433,10.510534522395671,0.07305261299923535,0.8526026918184214,0.35201193021365274,0.031457723879683,17.202775197720108,31.52582964124622,23.62119073936647,70.08547008547012,58.40455840455848,821178233.0,823820167.4,0.27435512256936495,0.7594919601515998,0.26073098408734247,6067425.75,1.3100672055935894,1.494514869011788,0.026809651474530894,0.025758547987899894,-0.03934754614394054,1.0,6.0,0.007978723404255206,1.0,1341.31,1347.25,0.008194267754246809,0.005553026175353359,0.08478602198156127,0.11955919771866969,-0.010868064545690781,0.005287082225730488,-0.02713006735018131,-0.025009602631699934,1.11939722492699,0.7570579645215447,11.28,11.13,-0.013297872340425454,-0.025390220063382984,0.01209234772295753,11.28,11.37,11.28,12.48,0.1063829787234043,-0.0020954891449218582,0.10847846786832616,11.28,11.57,0.025709219858156107,0.02022924503154333,0.005479974826612777,-0.001878695,0.005,5
2025-06-04,11.28,11.57,11.25,11.37,12805432,0.01608579088471851,0.013368983957219083,0.05767441860465117,0.01608579088471851,0.05767441860465117,0.06361085126286237,11.11,10.943000000000001,11.606333333333334,11.028851069973207,11.005740230687657,0.023110839285550355,-0.06900953096964363,0.09212037025519398,0.002032615592396689,0.008102055431415478,57.60031467163851,10.943000000000001,0.21711263145410495,11.377225262908212,10.508774737091791,0.07936128354349088,0.9916802826488933,0.3540110780555347,0.0311355389670655,17.25342256522579,31.328132990247244,21.810098811666325,83.33333333333326,75.35612535612539,833983665.0,824573579.8,0.2771330284760419,0.702949947159859,0.07264929070353657,6388795.35,2.3397288630053446,2.0043578324981093,0.028144239226033447,0.03902037832404259,-0.020362445791091144,2.0,6.0,-0.0026315789473685403,0.0,1350.52,1345.74,-0.0011208016329560255,0.002884034966129434,0.07627342306677232,0.12049970668855381,0.017206592517674535,0.013201755918589075,-0.01266257180390995,-0.011765199746202715,1.124575935784086,0.7556544566725273,11.4,11.13,-0.023684210526315752,-0.02312211716295398,-0.0005620933633617708,11.4,11.37,11.4,12.51,0.09736842105263155,0.0003713799737063983,0.09699704107892515,11.4,11.57,0.014912280701754321,0.02841799558800595,-0.01350571488625163,-0.001878695,0.005,5
2025-06-05,11.4,11.54,11.16,11.37,6219795,0.0,0.01608579088471851,0.013368983957219083,0.03176043557168784,0.07163053722902912,0.05180388529139668,11.18,10.971,11.564333333333334,11.08133552074656,11.032722435821904,0.048613084924655325,-0.04548500779078384,0.09409809271543917,0.004275557161359308,0.008275997600302478,57.600314671638515,10.971,0.2344736546755838,11.439947309351167,10.502052690648833,0.08548852599601986,0.9254209290080515,0.35586742962299645,0.03129880647519758,17.00149533733448,28.938661609830255,21.95304177948548,83.33333333333326,78.91737891737887,833983665.0,824916217.45,0.2756992971631412,0.8156590250149292,0.2668604379637509,6289010.35,-0.02555387180276469,0.9889942381793028,0.033421284080914604,0.036368608148755754,-0.016804542703139025,3.0,6.0,0.005277044854881341,1.0,1346.33,1342.09,-0.0027122623983830696,0.00017140387223713027,0.05693022523232005,0.11397356652356486,0.0027122623983830696,0.03158903169945071,-0.0051263399409233745,-0.004850216048837619,1.1244365364910391,0.7551700093599193,11.37,11.34,-0.0026385224274405594,-0.012052601315779676,0.009414078888339117,11.37,11.43,11.37,12.48,0.09762532981530359,0.009640587545645118,0.08798474226965847,11.37,11.66,0.025505716798592815,0.03198345194267915,-0.0064777351440863384,-0.001878695,0.005,5
2025-06-06,11.37,11.84,11.37,11.43,14092299,0.005277044854881341,0.005277044854881341,0.02144772117962468,0.06325581395348845,0.08341232227488149,0.06623134328358193,11.315999999999999,11.006499999999999,11.521833333333332,11.134976209862474,11.0621504035388,0.07282580632367441,-0.02182284496789219,0.0946486512915666,0.006371461620618934,0.008280721897774856,58.74106842159517,11.006499999999999,0.24783855101356322,11.502177102027126,10.510822897972872,0.09006988634481933,0.927193427200944,0.36401975607849674,0.03184774768840742,17.464038729387056,32.15646754511417,19.92844019751349,72.10884353741497,79.59183673469383,848075964.0,826165487.2,0.2727157586095096,0.72622290718143,0.2691078051709439,6791608.15,2.3076064387603226,2.0749576077942598,0.04111986001749787,0.038477263435242826,-0.007970375084983439,4.0,6.0,-0.022648083623693416,0.0,1339.13,1329.89,-0.009090299458307416,-0.0020336184901694754,0.04938846366290561,0.12053722375293734,0.014367344313188757,0.06528943244365792,0.01684287962067632,0.016050185611804713,1.114630096568582,0.7502683133420001,11.48,11.98,0.04355400696864109,-0.010656859648331185,0.054210866616972275,11.48,11.22,11.48,12.33,0.0740418118466899,0.014808296857843128,0.05923351498884677,11.48,11.81,0.028745644599303066,0.04310124392701886,-0.014355599327715796,-0.001878695,0.005,5
2025-06-09,11.48,11.51,11.19,11.22,6075831,-0.01837270341207342,-0.01319261213720302,-0.01319261213720302,0.0,0.03219871205151814,0.01814882032667886,11.315999999999999,11.016499999999999,11.477833333333333,11.148056792960555,11.07384296623963,0.07421382672092491,-0.0026155106301287705,0.07682933735105368,0.006614423058905964,0.006847534523266817,53.332594828781446,11.016499999999999,0.25240475014313424,11.521309500286268,10.51169049971373,0.09164607639200639,0.7015611828666064,0.3608754877871756,0.03216359071186948,17.293283253773946,30.11974020470467,22.228976280721493,57.82312925170075,71.08843537414965,842000133.0,826831234.55,0.26675556735374717,0.9282696209845851,0.9645984606868014,6815668.85,-0.23442350343850707,0.8914504407003284,0.028520499108734425,0.018472291562656284,-0.022463589237225245,0.0,6.0,-0.01851851851851849,0.0,1329.66,1310.57,-0.014527517313462135,-0.019254658385093215,0.021281735579695482,0.12842459557851307,-0.0038451860986112862,0.019254658385093215,-0.0031329152530166215,-0.003067630746611094,1.1145839379813138,0.7524398946171527,11.34,12.8,0.12874779541446224,0.02322327068071628,0.10552452473374596,11.34,11.13,11.34,12.72,0.12169312169312185,0.03857035802223696,0.08312276367088489,11.34,11.72,0.0335097001763669,0.07212442840319944,-0.03861472822683254,-0.001878695,0.005,5
2025-06-10,11.34,11.34,11.07,11.13,5602124,-0.008021390374331583,-0.026246719160104903,-0.02110817941952492,-0.005361930294906059,0.005420054200542035,0.01273885350318471,11.304,11.0235,11.431833333333334,11.145278824812777,11.078002746518175,0.06727607829460247,0.011362807154817477,0.05591327113978499,0.006044571275346133,0.005023654190456872,51.15859560843412,11.0235,0.25356977654883933,11.530639553097679,10.516360446902322,0.09201062332247985,0.6050006840814168,0.354384381516663,0.03184046554507305,16.75180895037905,28.480614063022372,23.437949345209642,51.700680272108926,60.54421768707488,836398009.0,827502632.9,0.26840293886899946,0.9551825641354174,0.932742431059617,6810017.85,-0.3824672191853289,0.8226298555149897,0.024258760107816673,0.009661178391617842,-0.026402880844425547,1.0,6.0,-0.008021390374331583,0.0,1307.74,1316.23,0.0043187315442898555,-0.023024679903507095,0.017627548456429665,0.12650040439184,-0.012340121918621438,0.017662749608601036,-0.004888694953244954,-0.004804011998948199,1.1121657198887205,0.7511833580735529,11.22,12.48,0.11229946524064172,0.019378701581610702,0.09292076365903101,11.22,11.13,11.22,11.98,0.06773618538324411,0.03381061517166262,0.03392557021158149,11.22,11.92,0.062388591800356386,0.07063922485193674,-0.008250633051580358,-0.001878695,0.005,5
2025-06-11,11.22,11.22,11.02,11.13,3963505,0.0,-0.008021390374331583,-0.026246719160104903,-0.02110817941952492,-0.005361930294906059,0.007239819004524861,11.256,11.0275,11.387833333333333,11.142928236380042,11.081854394924235,0.06107384145580674,0.021305014015015333,0.03976882744079141,0.005487317291626841,0.0035731201653900636,51.15859560843412,11.0275,0.2546385467162523,11.536777093432505,10.518222906567495,0.09236492286239044,0.6006328394913223,0.3433569256940443,0.030849678858404696,16.088549033123922,27.295649133703947,23.502940052209496,51.700680272108926,53.741496598639536,836398009.0,827920952.9,0.2678361493305077,1.0139315829408782,1.049186695727422,6755114.75,-0.8725324343644261,0.586741328117335,0.017969451931716177,0.009294944457039378,-0.022641122835774907,2.0,6.0,-0.007874015748031482,0.0,1322.07,1315.2,-0.0007825380062754794,-0.02269383387578583,0.004176433310682404,0.1187700737768254,0.0007825380062754794,0.0015856544562609098,0.0030633856938424575,0.0030506448789509033,1.1124263937631975,0.7508333613717993,11.43,12.51,0.09448818897637801,0.019360454115420866,0.07512773486095714,11.43,11.34,11.43,11.81,0.03324584426946631,0.03443708609271523,-0.001191241823248923,11.43,11.95,0.045494313210848514,0.08330747398297067,-0.037813160772122156,-0.001878695,0.005,5
2025-06-12,11.43,11.6,11.31,11.34,11127966,0.018867924528301883,0.018867924528301883,0.010695187165775222,-0.0026385224274405594,0.029038112522685955,0.021621621621621623,11.25,11.0395,11.351666666666667,11.173246969244651,11.100976291596515,0.07227067764813633,0.03149814674163953,0.040772530906496796,0.006373075630347119,0.0035954612792325215,56.0109992350958,11.0395,0.2637278301983562,11.566955660396713,10.512044339603287,0.09555788946903629,0.7848580672866281,0.35240285957304107,0.031076089909439247,16.421357789665397,32.39757078456995,21.26394779733031,65.98639455782313,56.46258503401365,847525975.0,828652593.35,0.2754300563048421,0.8632079907177951,0.46396327417177835,7068435.2,1.226744560117093,1.5743181744100871,0.025573192239858832,0.027220435708138924,-0.0010277492291881352,3.0,6.0,0.014394580863674955,1.0,1321.25,1322.99,0.005923053527980615,-0.014231534397842083,0.00745507158087122,0.12021241745979165,0.012944871000321267,0.011593011970401523,0.014166550040750403,0.014061718919654353,1.1167500940215722,0.7525487238300747,11.81,12.48,0.05673158340389506,0.029670697901118093,0.027060885502776966,11.81,11.98,11.81,11.72,-0.007620660457239636,0.04005087275718178,-0.04767153321442141,11.81,12.13,0.02709568162574083,0.10095348341304433,-0.0738578017873035,-0.001878695,0.005,5
2025-06-13,11.81,12.01,11.72,11.98,22482129,0.0564373897707231,0.07637017070979324,0.07637017070979324,0.048118985126859304,0.11441860465116283,0.09306569343065685,11.36,11.0905,11.326166666666667,11.29736282013009,11.166089158885661,0.1312736612444283,0.05145324964219729,0.07982041160223101,0.010957734661471477,0.0066628056429241245,66.82760434233361,11.0905,0.33620912978003303,11.762918259560067,10.418081740439934,0.12126022443714282,1.1614186835006242,0.37508836960353814,0.031309546711480646,17.539551649864702,36.07168165280751,18.5509023661449,97.67441860465121,71.78716447819441,870008104.0,830682331.3,0.33258992586897945,1.0235559408502872,0.7592220297252302,8018550.6,3.095839918970082,2.803764685353485,0.0242070116861435,0.08020377800820522,0.05772768073929102,4.0,6.0,0.01587301587301604,1.0,1313.08,1315.49,-0.0056689770897738745,-0.01082796321500279,0.01083456919140291,0.11731183738046212,0.062106366860496975,0.05894694834186209,0.08223112423925394,0.08134973490769415,1.1007024645986532,0.7140135644638506,12.6,12.33,-0.021428571428571352,0.027371707019948177,-0.04880027844851953,12.6,12.8,12.6,11.6,-0.07936507936507942,0.04419065022080093,-0.12355572958588035,12.6,11.95,-0.051587301587301626,0.10991320237551383,-0.16150050396281546,-0.001878695,0.005,5
2025-06-16,12.6,12.8,12.51,12.8,20390792,0.06844741235392315,0.12874779541446224,0.15004492362982935,0.14081996434937616,0.14081996434937616,0.18408880666049954,11.676,11.190000000000001,11.3105,11.528537770879307,11.287119591560797,0.24141817931850973,0.08944623557745979,0.15197194374104994,0.018860795259258573,0.011872808104769527,75.23127596927374,11.190000000000001,0.502279016609684,12.19455803321937,10.185441966780633,0.17954567171034277,1.3013474317856655,0.406867771774714,0.03178654466989953,19.687726588603905,44.747933404280865,15.880371721422726,100.0,87.88693772082478,890398896.0,833942594.2,0.3945056640788292,1.069444550430078,0.6461333098579084,8827104.85,2.1685225011747664,2.310020368682944,0.022656250000000072,0.1438784629133154,0.13169179081384574,0.0,6.0,-0.025000000000000022,0.0,1313.4,1338.11,0.01719511360785697,0.021013757372746245,0.03226129955488344,0.1298765054219736,0.05125229874606618,0.11980620697662991,0.1518275071056161,0.14708243656047637,1.148224011120711,0.7166132538309128,12.8,12.72,-0.006249999999999978,0.010776214928927663,-0.01702621492892764,12.8,12.48,12.8,11.75,-0.08203125,0.024090198705068122,-0.10612144870506812,12.8,12.01,-0.061718750000000044,0.09430676490288015,-0.1560255149028802,-0.0012163307,0.005,5
2025-06-17,12.8,12.8,12.25,12.48,16914026,-0.025000000000000022,0.04173622704507518,0.10052910052910069,0.12129380053908356,0.11528150134048265,0.15448658649398705,11.946000000000002,11.2735,11.292,11.674916575359413,11.375481103297034,0.2994354720623793,0.1314440828744437,0.1679913891879356,0.023993226928075265,0.013460848492623044,67.99236561830067,11.2735,0.570025622692865,12.41355124538573,10.133448754614271,0.20225329230243122,1.0291428805868232,0.41709150236223447,0.03342079345851238,20.891701913432104,40.53313996773177,18.837207581082694,84.6153846153846,94.09660107334525,873484870.0,836357155.8,0.41149266042385496,0.9762157497472451,0.41726919550071256,9515264.7,1.3580055352218499,1.7775675751826432,0.04407051282051288,0.10702088969707724,0.10520722635494151,1.0,6.0,-0.018053375196232402,0.0,1343.7,1347.69,0.0071593516228114495,0.023901597745074943,0.024742424818461783,0.12256283135479694,-0.03215935162281147,0.09739220279400862,0.12974416167552527,0.1266114864898953,1.1364286190189572,0.7063332354976187,12.74,11.98,-0.05965463108320246,0.01229474806876163,-0.07194937915196409,12.74,12.51,12.74,11.57,-0.09183673469387754,0.02049371560618285,-0.11233045030006039,12.74,11.95,-0.06200941915227631,0.08182673292992737,-0.14383615208220368,-0.0012163307,0.005,5
2025-06-18,12.74,12.8,12.45,12.51,10291791,0.0024038461538460343,-0.022656250000000044,0.04424040066777968,0.12398921832884091,0.10026385224274414,0.16372093023255818,12.222000000000001,11.3615,11.2735,11.803390948381042,11.459519540089847,0.34387140829119467,0.17392954795779392,0.16994186033340075,0.027487722485307328,0.013584481241678718,68.30031945262745,11.3615,0.6187276843397997,12.598955368679599,10.1240446313204,0.2178330975099414,0.9640571405922634,0.41229925219350355,0.032957574116187334,22.00967900077258,38.075389938348465,17.69500276984028,86.05769230769226,90.22435897435895,883776661.0,839533471.0,0.4091031696487618,0.9491483175426506,0.43151102267233094,9782690.2,0.09529682368501523,1.0520409815287823,0.027977617905675572,0.10108700435681905,0.10968199760500275,2.0,6.0,-0.004784688995215225,0.0,1350.17,1346.83,-0.0006381289465678952,0.024049574209245694,0.017973621556252484,0.12140723845782207,0.0030419751004139295,0.09993964411959522,0.1457473086763057,0.14317395420668255,1.1363879181494754,0.7063032281728314,12.54,11.81,-0.05821371610845283,0.015167158126165203,-0.07338087423461803,12.54,12.48,12.54,11.57,-0.07735247208931406,0.02841799558800595,-0.10577046767732001,12.54,11.95,-0.047049441786283897,0.09592001960886276,-0.14296946139514666,-0.0012163307,0.005,5
2025-06-19,12.54,12.6,12.22,12.48,7844944,-0.0023980815347721673,0.0,-0.025000000000000022,0.10052910052910069,0.09762532981530359,0.1762488218661642,12.45,11.455000000000002,11.2545,11.907484648630112,11.535110685268377,0.3723739633617349,0.21361843103858213,0.15875553232315276,0.029837657320651835,0.012720795859226983,67.59989269553239,11.455000000000002,0.6401110101093596,12.735222020218721,10.174777979781283,0.22352195900806968,0.9003211879705376,0.4099921627511104,0.032851936117877435,22.350984450045406,35.554671340167474,20.530579437286583,84.6153846153846,85.09615384615383,875931717.0,842766729.8,0.40359072726173234,0.9476853082549365,0.5201894156216573,9725746.6,-0.35107441995171107,0.8066161213782806,0.03044871794871787,0.08948057616761229,0.1088897774223645,3.0,6.0,-0.021428571428571352,0.0,1346.33,1352.04,0.0038683427010091087,0.021957837927724322,0.02907507763502415,0.11812601186456836,-0.006266424235781276,0.07857126260137637,0.14717374423114005,0.1430155558420172,1.1358545503612467,0.7060896853356363,12.6,11.72,-0.06984126984126982,0.008105175353771088,-0.0779464451950409,12.6,12.33,12.6,11.66,-0.07460317460317456,0.020130066657316315,-0.09473324126049087,12.6,11.95,-0.051587301587301626,0.09989001173700252,-0.15147731332430414,-0.0012163307,0.005,5
2025-06-20,12.6,12.66,12.25,12.33,6762245,-0.012019230769230838,-0.014388489208633115,-0.012019230769230838,0.02921535893155247,0.07874015748031504,0.1687203791469194,12.52,11.544,11.237333333333334,11.972487010379325,11.593991375248496,0.37849563513082884,0.2465938718570315,0.13190176327379735,0.03069713180298693,0.010697628813771074,64.06238198304266,11.544,0.6313427628559546,12.80668552571191,10.281314474288092,0.2187604860900743,0.8112413914608106,0.4099927225546025,0.03325164010986233,22.770809070007655,34.06032160146549,19.064083447371882,73.59550561797751,81.42286084701811,869169472.0,845773211.85,0.4071571949283707,0.9443580461770892,0.45913586123907,9952523.35,-0.6238831126433124,0.679450302420039,0.033252230332522316,0.06808731808731805,0.09723540579022294,4.0,6.0,-0.02229054573405065,0.0,1354.69,1349.35,-0.001989586106919905,0.025739458300709117,0.02654321926874914,0.11872082576690395,-0.010029644662310933,0.0034759006308433538,0.14217715987817026,0.138500900117434,1.1441252215401445,0.7121289683544704,13.01,11.6,-0.10837817063797084,0.01947607861794176,-0.1278542492559126,13.01,12.72,13.01,11.81,-0.09223674096848578,0.031020487050637868,-0.12325722801912364,13.01,12.22,-0.06072252113758636,0.11302072492640725,-0.1737432460639936,-0.0012163307,0.005,5
2025-06-23,13.01,13.01,12.72,12.72,13367822,0.031630170316301776,0.019230769230769162,0.016786570743405393,-0.006249999999999978,0.1336898395721926,0.17019319227230922,12.504000000000001,11.6365,11.226166666666666,12.087489008782507,11.677399421526385,0.4100895872561221,0.27929301493684966,0.13079657231927244,0.03223974742579576,0.010282749396169216,68.65516360321445,11.6365,0.6621676922288187,12.960835384457637,10.312164615542363,0.22761747681134994,0.9090731142261721,0.42927895665784516,0.033748345649201664,23.724624765766205,36.03023302875343,16.907048370104363,85.427135678392,81.21267530391803,882537294.0,849133406.85,0.4081211142130841,0.9362658137950377,0.42001406115796913,10306236.3,0.6012789788084761,1.297061469471644,0.022798742138364712,0.09311219009152238,0.13306709028014918,0.0,6.0,-0.0024979184013321776,0.0,1345.24,1358.18,0.006543891503316468,0.014998766917518225,0.019264395764384545,0.11127598848634045,0.025086278812985308,-0.021248766917518203,0.15092879650792468,0.1480761980258689,1.151666092030585,0.7104660824328851,12.01,11.75,-0.02164862614487928,0.007600553566329049,-0.02924917971120833,12.01,11.98,12.01,11.72,-0.024146544546211457,0.026631226705914113,-0.05077777125212557,12.01,12.07,0.004995836802664577,0.08739904370684415,-0.08240320690417957,-0.0012163307,0.005,5
2025-06-24,12.01,12.22,11.89,11.98,16777992,-0.05817610062893086,-0.02838605028386043,-0.04006410256410253,-0.04006410256410253,0.07637017070979324,0.08220415537488712,12.404,11.682,11.201666666666666,12.070952238200583,11.699814279191097,0.3711379590094861,0.29766200375137697,0.07347595525810913,0.030979796244531392,0.006133218302012447,54.43884348884058,11.682,0.6523850977678235,12.986770195535648,10.377229804464353,0.22338130380682206,0.6141963546606236,0.45790188832514195,0.03822219435101352,22.477718923097196,31.365307734814436,27.665302736569668,48.24120603015079,69.0879491088401,865759302.0,851284201.6,0.46874537815093525,0.3861632463420034,0.6875983893048052,10774635.25,1.1456643266175857,1.5571749400983204,0.027545909849749587,0.02550933059407634,0.0694837077815802,1.0,6.0,-0.01171548117154797,0.0,1365.69,1366.77,0.006324640327497022,0.014157558488969935,0.020122256140796102,0.11176939548560764,-0.06450074095642788,-0.05422166105307247,0.06208189923409102,0.06085731279793061,1.1362969473462856,0.6806618553760058,11.95,11.57,-0.03179916317991627,0.006420510573025062,-0.03821967375294133,11.95,11.81,11.95,11.92,-0.002510460251045954,0.03389941930535789,-0.036409879556403846,11.95,12.01,0.00502092050209213,0.10261860414155799,-0.09759768363946586,-0.001878695,0.005,5
2025-06-25,11.95,12.04,11.75,11.81,6718067,-0.014190317195325486,-0.07154088050314467,-0.04217356042173559,-0.05595523581135087,0.061096136567834636,0.05540661304736383,12.264,11.713,11.175833333333335,12.030805740015879,11.7079761844362,0.32282955557967874,0.3026955141170373,0.020134041462641417,0.027335271429270003,0.001704829929097495,51.7859034747882,11.713,0.6424304181040317,12.997860836208062,10.428139163791936,0.21939056368275642,0.5377472786415811,0.4459088963019175,0.03775689215088209,21.029045847932984,29.90826134860479,28.622747224184067,39.6984924623116,57.78894472361813,859041235.0,852536142.85,0.47256643155993977,0.5023265844393172,0.6530790154733764,10547588.45,-0.7204030492789821,0.6369291930422257,0.024555461473327614,0.008281396738666569,0.05674446350011175,2.0,6.0,-0.007620660457239636,0.0,1369.05,1366.75,-1.4633039940870063e-05,0.014790285336679476,0.01854128939465083,0.1118098906968158,-0.014175684155384616,-0.07074552114803034,0.036865323652713,0.03619423585137449,1.1364188900676861,0.6798402097162298,11.81,11.57,-0.020321761219305734,0.011587383925244499,-0.03190914514455023,11.81,11.72,11.81,11.95,0.011854360711261558,0.0457285220605963,-0.03387416134933474,11.81,12.25,0.03725656223539375,0.10490016292475501,-0.06764360068936126,-0.001878695,0.005,5
2025-06-26,11.81,11.87,11.63,11.72,5725750,-0.007620660457239636,-0.02170283806343909,-0.07861635220125784,-0.0608974358974359,0.0335097001763669,0.06352087114337568,12.112,11.748000000000001,11.151499999999999,11.982989472321128,11.708866837440926,0.27412263488020194,0.29698093826967026,-0.022858303389468315,0.023389303317423372,-0.0019503671834017332,50.38597302142748,11.748000000000001,0.6214126521165969,12.990825304233194,10.505174695766808,0.21158074637950172,0.4887353436140101,0.43120111799463756,0.03679190426575406,19.619447989470952,28.71922674202768,29.47262254952382,35.175879396984975,41.03852596314912,853315485.0,853755672.75,0.4694296853415719,0.48086709277188944,0.7251323528577154,10579999.8,-0.9189183789357792,0.541186210608435,0.020477815699658567,-0.0023833844058563924,0.05097968883109916,3.0,6.0,-0.012765957446808529,0.0,1368.73,1365.67,-0.0007901957197731235,0.010081062690453058,0.017744026947669855,0.11193255356812513,-0.006830464737466513,-0.07097849858788896,0.045776844195705824,0.04497874021721926,1.135200025444442,0.6792705705554053,11.75,11.66,-0.007659574468085073,0.00937091437628279,-0.017030488844367864,11.75,11.6,11.75,12.13,0.03234042553191485,0.055882202566593264,-0.023541777034678413,11.75,12.45,0.05957446808510625,0.11093906349287486,-0.05136459540776861,-0.001878695,0.005,5
2025-06-27,11.75,11.81,11.57,11.6,4639708,-0.010238907849829393,-0.01778154106689256,-0.03171953255425719,-0.05920519059205198,-0.03171953255425719,0.07906976744186034,11.966000000000001,11.7905,11.129999999999999,11.924068015040953,11.700802627260117,0.22326538778083638,0.2822378281719035,-0.05897244039106714,0.019247016188003136,-0.005083831068195443,48.50323860605176,11.7905,0.5770476127396037,12.944595225479206,10.636404774520793,0.19576696925138148,0.41746781556916146,0.41754389528073493,0.035995163386270256,18.43787508050261,27.54011813367194,29.28899268380909,29.14572864321608,34.67336683417088,848675777.0,855094427.85,0.46079910404018687,0.47275951644262054,0.932458673085871,10460774.6,-1.0794137498252303,0.4435338851484287,0.020689655172413814,-0.016157075611721305,0.04222821203953275,4.0,6.0,0.0051325919589393365,1.0,1369.13,1371.44,0.004225032401678375,0.016370845221773456,0.029146030316674176,0.10856024618596279,-0.014463940251507768,-0.07557603581382544,0.04992373712518616,0.04850986706893701,1.1284478041612547,0.6761685666957484,11.69,11.81,0.010265183917878673,0.008778820277838273,0.0014863636400404001,11.69,11.75,11.69,11.95,0.022241231822070162,0.06026620117826753,-0.03802496935619737,11.69,12.36,0.057313943541488444,0.11363008218779558,-0.056316138646307135,-0.001878695,0.005,5
2025-06-30,11.69,11.84,11.51,11.75,5358750,0.012931034482758674,0.0025597269624573205,-0.005080440304826461,-0.07625786163522019,-0.08203125,0.04723707664884125,11.772,11.817,11.109,11.897288320419268,11.704446877092701,0.19284144332656616,0.2643585512028361,-0.07151710787626991,0.016412037729920524,-0.006086562372448504,50.96950716592393,11.817,0.5614276913651771,12.939855382730354,10.694144617269647,0.1900406842227898,0.4701653476349368,0.4112907599035396,0.035003468927960815,17.472788908724965,25.96177018442843,28.65243092281677,36.68341708542715,33.66834170854273,854034527.0,856283849.65,0.43818822434771953,0.5662104900799119,1.757169189359425,10311441.3,-0.9013332406081641,0.5196897159274911,0.02808510638297873,-0.005669797749005667,0.05770096318300477,0.0,6.0,-0.022804054054054057,0.0,1374.9,1376.07,0.003376013533220368,0.013172039052260942,0.029761281149442542,0.1086774847168301,0.009555020949538306,-0.08942990068748113,0.017475795499398705,0.01697072498190244,1.1289282222109576,0.6751768722189371,11.84,11.72,-0.010135135135135087,0.01735672718301462,-0.027491862318149707,11.84,11.57,11.84,12.01,0.014358108108108114,0.0669598154033697,-0.05260170729526159,11.84,12.57,0.06165540540540548,0.13008837999042178,-0.06843297458501629,-0.001878695,0.005,5
2025-07-01,11.84,11.84,11.57,11.57,4928016,-0.015319148936170146,-0.002586206896551646,-0.012798634812286713,-0.03422370617696158,-0.07291666666666663,0.03395889186773915,11.690000000000001,11.836,11.086000000000002,11.846936271123996,11.69448784915991,0.15244842196408648,0.24197652535508618,-0.0895281033909997,0.013176181673646195,-0.007737951892048375,47.99881987438648,11.836,0.5452898794509502,12.926579758901902,10.745420241098099,0.18428181123722562,0.37804651708012904,0.40119856276757243,0.03467576169123357,16.576637463502866,24.71378146115295,27.275101471393146,15.294117647058817,27.04108779190068,849106511.0,857680263.55,0.4425106819513284,0.6100981867284547,1.6298075538800187,10104449.2,-0.9209595908509233,0.48770753382579235,0.023336214347450264,-0.022473808719161825,0.043658668591015415,1.0,7.0,-0.002586206896551646,0.0,1378.14,1377.84,0.0012862717739650087,0.008099387607278352,0.022705511226572606,0.10575206169083738,-0.016605420710135155,-0.04232309378423993,0.011253380641166544,0.011003539648153371,1.1285831059514524,0.673858795371563,11.6,11.92,0.02758620689655178,0.02773622990575486,-0.00015002300920308187,11.6,11.57,11.6,11.95,0.030172413793103425,0.0605477542366728,-0.030375340443569376,11.6,12.42,0.07068965517241388,0.08433411265846691,-0.01364445748605303,-0.001878695,0.005,5
2025-07-02,11.6,11.66,11.54,11.57,4167023,0.0,-0.015319148936170146,-0.002586206896551646,-0.020321761219305734,-0.07513988808952832,0.017590149516270914,11.642,11.846,11.077666666666666,11.804330690951073,11.685266526999916,0.11906416395115649,0.21739405307430026,-0.09832988912314378,0.010290766115052419,-0.008498693960513722,47.998819874386484,11.846,0.5380804087827784,12.922160817565556,10.769839182434444,0.18169184831429283,0.37176637752694114,0.3811129511413173,0.03293975377193754,15.818809036317752,24.15795565704476,27.223933255523306,4.000000000000033,18.659178244161996,849106511.0,858436405.85,0.4394099154210174,0.7123187136786464,1.867786856486021,9672528.75,-0.9603182998225587,0.4308100919317505,0.01037165082108911,-0.023299003883167302,0.04444377576505287,2.0,7.0,-0.0025662959794695572,0.0,1377.26,1384.59,0.0048989723044765565,0.013052862630327455,0.02886887511703584,0.10619981330962992,-0.0048989723044765565,-0.03337462384963319,-0.011278725600764927,-0.01096225755636937,1.171819441955336,0.6395318567671817,11.69,11.95,0.022241231822070162,0.03595726817405387,-0.013716036351983707,11.69,11.66,11.69,11.95,0.022241231822070162,0.06791204655337135,-0.04567081473130119,11.69,12.39,0.05988023952095811,0.09118873223126145,-0.03130849271030334,-0.001878695,0.005,5
2025-07-03,11.69,11.81,11.57,11.66,4222937,0.007778738115816752,0.007778738115816752,-0.007659574468085073,-0.005119453924914752,-0.0657051282051282,0.025505716798592815,11.63,11.8605,11.0845,11.782125969266293,11.68339493240733,0.0987310368589629,0.1936614498312328,-0.0949304129722699,0.00846749887298138,-0.008141544851824176,49.698877156190896,11.8605,0.5283985238435587,12.917297047687118,10.803702952312882,0.1782044682242937,0.40513788790439487,0.3710334546312233,0.03182105099753201,14.693936237307021,25.929472970462417,25.966105981888443,10.000000000000023,9.764705882352953,853329448.0,859403695.0,0.4399878288378306,0.6635127427115829,1.7920313772280294,9572685.85,-0.9202879515857902,0.4411444255219135,0.020583190394511168,-0.016904852240630652,0.05191934683567134,3.0,7.0,0.007679180887371961,1.0,1381.64,1381.96,-0.0018994792682309747,0.011928211061237315,0.029707396672354447,0.10581629013485543,0.009678217384047727,-0.017047664986152067,-0.004201679873761632,-0.004080460029072253,1.1127781837343873,0.6300115970657981,11.72,12.13,0.03498293515358353,0.043640222640937365,-0.008657287487353837,11.72,11.81,11.72,11.95,0.019624573378839383,0.07567192948259804,-0.05604735610375866,11.72,12.39,0.05716723549488045,0.08470318151300549,-0.027535946018125035,-0.001878695,0.005,5
2025-07-04,11.72,11.87,11.69,11.81,4983184,0.012864493996569415,0.02074330164217808,0.02074330164217808,0.01810344827586219,-0.04217356042173559,0.03324584426946631,11.672,11.8795,11.1065,11.786414281686863,11.692773085562342,0.09364119612452093,0.17365739908989042,-0.08001620296536949,0.007928975116386192,-0.006775292376407238,52.48690501563188,11.8795,0.5188496892164928,12.917199378432986,10.841800621567014,0.17470421792718316,0.4665124594634765,0.3595310650147073,0.030442935225631435,13.806650269055208,26.039698032691366,24.882773753802976,20.000000000000046,11.333333333333362,858312632.0,859915528.4,0.4416452594644491,0.6143410937156145,1.6714318560617072,9117230.1,-0.7131103782819599,0.5465677563627576,0.01524132091447923,-0.005850414579738228,0.06334128663395311,4.0,7.0,-0.010135135135135087,0.0,1385.19,1386.97,0.0036252858259284704,0.011323863967800163,0.04292084307724697,0.09832092454592162,0.009239208170640945,0.0067795843080620255,-0.009674998807780666,-0.00927682946601549,1.148814043292745,0.5739617365654193,11.84,11.95,0.00929054054054057,0.0462342285443611,-0.03694368800382053,11.84,11.72,11.84,12.22,0.03209459459459474,0.07459772919746799,-0.04250313460287325,11.84,12.48,0.05405405405405417,0.07311209037277333,-0.019058036318719163,-0.001878695,0.005,5
2025-07-07,11.84,11.87,11.72,11.72,5092886,-0.007620660457239636,0.005145797598627766,0.012964563526361328,-0.002553191489361617,-0.07861635220125784,0.04456327985739761,11.666,11.9045,11.139166666666666,11.776196699888883,11.694789894039205,0.08140680584967797,0.15520728044184795,-0.07380047459216998,0.0069459731953650135,-0.0062969688218575065,50.67212301346882,11.9045,0.4969853857853978,12.898470771570796,10.910529228429205,0.16699076342068894,0.4071904299014597,0.3445645603707995,0.029399706516279822,12.982741869964237,25.22998979010328,24.109040241931435,14.000000000000057,14.666666666666705,853219746.0,860476509.05,0.43668818534298415,0.591601800101918,1.8311611104464822,9068082.85,-0.6820359149613736,0.5616276432675072,0.012798634812286568,-0.015498340963501223,0.05214333807136984,0.0,7.0,0.009314140558848383,1.0,1393.34,1402.06,0.010879831575304477,0.018887120567994353,0.06980931960902503,0.08111580780308555,-0.018500492032544114,-0.02144031205735597,-0.025246039751627425,-0.023598635092143216,1.016301881662941,0.5050858617914789,11.81,12.01,0.016934801016087908,0.04502263568976672,-0.028087834673678813,11.81,11.92,11.81,12.07,0.02201524132091448,0.05542012835182342,-0.033404887030908936,11.81,12.36,0.046570702794242136,0.08607958381601488,-0.039508881021772746,-0.001878695,0.005,5
2025-07-08,11.81,11.92,11.78,11.92,6777038,0.017064846416382284,0.009314140558848383,0.022298456260720467,0.030250648228176358,-0.005008347245409106,0.07097933513027854,11.736,11.944,11.164,11.798320284521363,11.711472124110376,0.08684816041098742,0.14153545643567586,-0.05468729602468844,0.007285919497566059,-0.004587860404755742,54.44186483232539,11.944,0.4623782912405979,12.868756582481197,11.019243417518805,0.1548487244610174,0.4870236122377161,0.3342385203443138,0.0280401443241874,12.372117323588261,25.220159778808785,23.078593900066878,27.333333333333343,20.444444444444475,859996784.0,861656447.8,0.4377207009104429,0.4475198301625993,1.6670439661709826,9126828.55,-0.4053114361481504,0.7425402989519289,0.011744966442953067,-0.002009377093101228,0.0677176639197421,1.0,7.0,0.0,0.0,1407.07,1415.46,0.009557365590630917,0.027303605643616224,0.07538955957545412,0.08399007641041288,0.007507480825751367,0.0029470425845601333,-0.004410224445175581,-0.0041010482256463865,1.0164048169019015,0.40148531907754736,11.95,11.95,0.0,0.02781608871875707,-0.02781608871875707,11.95,11.95,11.95,12.01,0.00502092050209213,0.06221853186219328,-0.05719761136010115,11.95,12.28,0.02761506276150638,0.08868357351947775,-0.06106851075797137,-0.001878695,0.005,5
2025-07-09,11.95,12.07,11.87,11.95,7318442,0.00251677852348986,0.019624573378839383,0.011854360711261558,0.032843560933448535,0.011854360711261558,0.07367475292003589,11.812000000000001,11.985,11.187333333333333,11.82165562536423,11.729140855657755,0.0925147697064741,0.1317313190898355,-0.039216549383361415,0.00774182173275934,-0.0032817196136704116,54.99742675581059,11.985,0.42089503629645586,12.82679007259291,11.143209927407089,0.1404739378544699,0.47921096889858067,0.32465005460543434,0.027167368586228816,12.26046237299596,27.410643237845115,22.063056727362312,29.3333333333333,23.55555555555556,867315226.0,863202308.65,0.43752263511435674,0.43305503520796157,1.6665107407708215,9294575.4,-0.34743793302792536,0.7873885234176485,0.016736401673640256,-0.002920317062995448,0.06817233776294618,2.0,7.0,0.009991673605328932,1.0,1421.12,1431.32,0.011204838003193274,0.03375006319560314,0.08829075425790744,0.0863376448467772,-0.008688059479703414,-0.000906502262154607,-0.014616001337871554,-0.013430235698214665,1.4434692090515528,0.4609252689222874,12.01,11.95,-0.004995836802664466,0.02667817107707715,-0.03167400787974162,12.01,12.13,12.01,12.25,0.019983347210657865,0.05231259524190568,-0.032329248031247815,12.01,12.6,0.04912572855953368,0.0950366355166199,-0.04591090695708622,-0.001878695,0.005,5
2025-07-10,12.01,12.25,11.87,12.13,8534132,0.015062761506276168,0.017617449664429685,0.03498293515358353,0.04030874785591765,0.03498293515358353,0.06966490299823636,11.906,12.0245,11.205000000000002,11.869093221462041,11.758834125609033,0.1102590958530083,0.12743687444247007,-0.017177778589461762,0.009089785313520882,-0.0014161400321073174,58.28443362903342,12.0245,0.3933456361442571,12.811191272288514,11.237808727711485,0.13084806391758738,0.5670529874401031,0.32860362213361766,0.02709015846113913,12.66239805933992,29.059167708142517,20.24063495064178,41.3333333333334,32.66666666666668,875849358.0,864618477.8,0.4360040053974804,0.4551628591839202,1.7502194472562034,9164883.7,-0.11117938228588622,0.9311773372530631,0.031327287716405666,0.008773753586427846,0.08255243195002215,3.0,7.0,-0.01483924154987648,0.0,1437.13,1445.64,0.010004750859346823,0.04607948131639117,0.0927066720081029,0.08857138860820327,0.005058010646929345,-0.0057707334604735205,-0.023041769009866542,-0.02108687500509343,1.3362802290698454,0.4332159133441084,12.13,11.95,-0.01483924154987648,0.026799988974034017,-0.0416392305239105,12.13,11.95,12.13,12.45,0.026380873866446608,0.04816968961905288,-0.021788815752606272,12.13,12.6,0.03874690849134366,0.09006146976128782,-0.05131456126994416,-0.001878695,0.005,5
2025-07-11,12.13,12.16,11.89,11.95,5695934,-0.01483924154987648,0.0,0.00251677852348986,0.011854360711261558,0.030172413793103425,-0.0025041736227046085,11.934000000000001,12.023,11.232333333333333,11.881540418160188,11.772994560749105,0.1085458574110838,0.12365867103619282,-0.015112813625109023,0.00908333534820785,-0.001264670596243433,54.03416488003874,12.023,0.3935813966507053,12.81016279330141,11.235837206698589,0.1309428251353923,0.45363093846583263,0.3244176491240735,0.027147920428792764,13.035624053802167,27.33168214342974,19.03738628746493,59.459459459459374,43.37537537537535,870153424.0,864625743.8,0.3930057132811827,0.5157731780718398,3.2075050273652135,8325573.95,-0.5513978236027578,0.6841491090232884,0.022594142259414193,-0.0060716959161607464,0.06389292815384162,4.0,7.0,-0.004971002485501308,0.0,1451.12,1457.76,0.008383829999169867,0.05103931591887356,0.10814981489787079,0.08098358976295295,-0.023223071549046348,-0.039184955207612004,-0.1106539885205754,-0.09985471912998833,1.061018165286376,0.3644342174049594,12.07,12.22,0.012427506213753103,0.017588691042544458,-0.005161184828791354,12.07,12.01,12.07,12.36,0.024026512013255896,0.04059399211635184,-0.016567480103095944,12.07,13.48,0.11681855840927913,0.07717140138643463,0.03964715702284449,-0.001878695,0.005,5
2025-07-14,12.07,12.1,11.89,12.01,4662770,0.00502092050209213,-0.009892827699917617,0.00502092050209213,0.024744027303754246,0.02212765957446816,-0.061718750000000044,11.992,11.983500000000001,11.259166666666667,11.901303430750929,11.790550519212134,0.11075291153879441,0.12107751913671315,-0.010324607597918742,0.009221724524462483,-0.0008596675768458569,55.20673798961696,11.983500000000001,0.34856510378836686,12.680630207576735,11.286369792423267,0.11634834690645203,0.5190064924113059,0.3162449599009253,0.026331803488836413,13.382191048659967,26.03529711240859,18.134412863314754,67.56756756756755,56.1201201201201,874816194.0,863846608.7,0.30042839213427686,-1.0271503995249587,2.8927358138967727,7539172.85,-0.7393067872521859,0.6184723566856543,0.017485428809325486,0.0022113739725455606,0.0666864036710828,0.0,7.0,-0.004995836802664466,0.0,1471.4,1470.42,0.008684557128745496,0.04875682923697999,0.09887826860273075,0.0689492560450137,-0.003663636626653366,-0.024012801933225747,-0.1605970186027308,-0.14614632320187437,1.2023654276991156,0.39505769265332447,12.01,12.07,0.004995836802664577,0.007633328809879325,-0.002637492007214748,12.01,11.95,12.01,12.57,0.04662781015820161,0.05673768489618691,-0.010109874737985303,12.01,13.48,0.12239800166527903,0.08349843940833224,0.038899562256946796,-0.001878695,0.005,5
2025-07-15,12.01,12.25,11.95,11.95,7970862,-0.004995836802664466,0.0,-0.01483924154987648,0.00251677852348986,0.032843560933448535,-0.04246794871794879,11.998000000000001,11.956999999999999,11.284500000000001,11.9087952106354,11.802361591863088,0.1064336187723125,0.11814873906383302,-0.011715120291520525,0.008906578976762553,-0.0009803447942695002,53.73065229341206,11.956999999999999,0.3283948201400038,12.613789640280007,11.30021035971999,0.1098586000301093,0.4946710487112621,0.31508460562228785,0.026366912604375552,14.151521901001844,27.66511125892023,16.901110586964958,59.459459459459374,62.1621621621621,866845332.0,863514631.8,0.28918723282303477,-1.2320386338320706,4.108622681065202,7092014.65,0.2736924280749396,1.1239206901525507,0.025104602510460313,-0.0005854311282094127,0.0589746998094729,1.0,7.0,0.00251677852348986,1.0,1473.8,1460.65,-0.0066443601147970766,0.03192601698387798,0.08381749512128156,0.07916416308473402,0.0016485233121326104,-0.02940923846038812,-0.12628544383923035,-0.11651910437660795,1.190622751534868,0.39686739489477707,11.92,12.01,0.007550335570469802,0.03402357744182716,-0.026473241871357356,11.92,11.95,11.92,12.42,0.04194630872483218,0.022974648427599886,0.018971660297232296,11.92,13.48,0.1308724832214765,0.10161863727592202,0.02925384594555447,-0.001878695,0.005,5
2025-07-16,11.92,11.98,11.89,11.95,4853773,0.0,-0.004995836802664466,0.0,0.0,0.032843560933448535,-0.04476418864908083,11.998,11.929,11.308333333333334,11.915134408999185,11.813297770243599,0.1018366387555858,0.11488631900218359,-0.013049680246597792,0.008521894456534377,-0.0010920234515981416,53.73065229341207,11.929,0.3015381620258777,12.532076324051756,11.325923675948244,0.10111096052506593,0.5174107315794715,0.29900713379212446,0.025021517472144306,14.583699526019213,27.070318948944813,17.971056403586665,59.459459459459374,62.1621621621621,866845332.0,862668065.35,0.28882657662903904,-1.215394148391018,4.106622992515493,6820113.75,-0.6231218037888999,0.7116850507075487,0.007531380753138064,0.0017604157934445475,0.056742815033161254,2.0,7.0,-0.004995836802664466,0.0,1459.87,1475.47,0.010146167802005834,0.03084565296369801,0.09551316795735176,0.07995529243908846,-0.010146167802005834,-0.03084565296369801,-0.1402773566064326,-0.12804716612214517,1.169780719719648,0.3932292774293404,12.01,12.25,0.019983347210657865,0.020555386847521673,-0.0005720396368638081,12.01,11.95,12.01,12.39,0.03164029975020832,0.017397172453352372,0.01424312729685595,12.01,13.33,0.10990840965861781,0.0875594695819415,0.022348940076676316,-0.001878695,0.005,5
2025-07-17,12.01,12.16,11.92,11.95,8884794,0.0,0.0,-0.004995836802664466,-0.01483924154987648,0.024871355060034128,-0.04246794871794879,11.962,11.9025,11.333666666666666,11.920498346076233,11.823423861336666,0.09707448473956681,0.11132395214966023,-0.01424946741009342,0.008123387844315214,-0.0011924240510538427,53.73065229341207,11.9025,0.2724523135485283,12.447404627097056,11.357595372902944,0.09156137401336793,0.5435856089652354,0.29479233852125847,0.024668814939017448,15.516379890601117,29.857540894001204,16.925997857702175,59.459459459459374,59.459459459459374,866845332.0,862213746.1,0.2889221938954279,-1.2360545963103475,4.136399275935186,6872106.25,0.6325508004313116,1.2928778567706225,0.02008368200836822,0.003990758244066361,0.0543807535072498,3.0,7.0,0.009917355371900971,1.0,1481.85,1490.01,0.00985448704480607,0.030692288536565027,0.10204579746161357,0.08204135510533238,-0.00985448704480607,-0.04553153008644151,-0.14451374617956236,-0.13113225104839266,1.1681738050327986,0.38464297430352873,12.1,12.45,0.02892561983471076,0.01568582933230056,0.013239790502410198,12.1,12.22,12.1,12.39,0.023966942148760495,0.0033321536129493623,0.020634788535811133,12.1,13.42,0.10909090909090913,0.09559741708012526,0.01349349201078387,-0.001878695,0.005,5
2025-07-18,12.1,12.36,11.98,12.22,14317648,0.02259414225941425,0.02259414225941425,0.02259414225941425,0.02259414225941425,0.03471634208298058,-0.008921330089213253,12.016,11.897,11.372333333333334,11.966575523602966,11.852799871608024,0.113775651994942,0.11181429211871659,0.0019613598762254075,0.009310609819553355,0.00016050408152417408,59.77539520781038,11.897,0.26435820993104375,12.425716419862088,11.368283580137913,0.08888230980282213,0.8054567513566658,0.3030214571983115,0.024797173256817632,16.90113368389046,31.68636193459503,15.290173312983955,82.92682926829282,67.28191606240385,881162980.0,862813421.5,0.29896405424924993,-1.2837204131597257,3.8737850529500664,7249876.4,1.9685124064949622,1.9748816683274766,0.031096563011456545,0.02714970160544672,0.07453762054107926,4.0,7.0,-0.02346278317152095,0.0,1497.53,1497.28,0.004879161884819627,0.027110086708374448,0.10963056286360096,0.07792988110348077,0.017714980374594624,-0.004515944448960196,-0.11855189295281421,-0.10683906601028526,1.0014266645799905,0.33818983924256074,12.36,12.36,0.0,0.014934376242874414,-0.014934376242874414,12.36,12.07,12.36,12.48,0.009708737864077666,-0.008875778867824424,0.01858451673190209,12.36,13.33,0.07847896440129465,0.08047196075831908,-0.0019929963570244347,-0.001878695,0.005,5
2025-07-21,12.36,12.42,12.04,12.07,6059512,-0.01227495908346976,0.01004184100418426,0.01004184100418426,0.004995836802664577,0.029863481228668887,-0.05110062893081768,12.028,11.864500000000001,11.402666666666669,11.982486981510203,11.86888877000743,0.11359821150277227,0.11217107599552772,0.001427135507244548,0.009411616528812948,0.00011823823589432874,55.44193312586409,11.864500000000001,0.18627865374797448,12.23705730749595,11.491942692504052,0.06280202410484204,0.77579649608971,0.3085199245412893,0.02556088852869008,18.333002172081713,30.287791105052374,13.944979836287418,60.227272727272805,67.53785381834166,875103468.0,862441730.2,0.2766004208973383,-1.5768295441181541,4.669184113949393,6884460.9,-0.25038579815339707,0.8801723312859544,0.031483015741507935,0.01732057819545685,0.05852432179607092,0.0,7.0,-0.002491694352159457,0.0,1508.6,1485.05,-0.008168144902756969,0.009949538227173038,0.09341177163557113,0.0910278594003091,-0.004106814180712792,-0.004953701424508461,-0.1445124005663888,-0.13216649419296178,0.9487254891542805,0.33021732300266915,12.04,12.57,0.04401993355481748,0.04858408628792277,-0.004564152733105287,12.04,12.01,12.04,12.36,0.02657807308970095,0.028904030270794356,-0.0023259571810934077,12.04,13.39,0.11212624584717612,0.10173976273514396,0.010386483112032163,-0.001878695,0.005,5
2025-07-22,12.04,12.13,11.95,12.01,5559535,-0.004971002485501308,-0.017184942716857665,0.00502092050209213,0.00502092050209213,0.007550335570469802,0.0025041736227044975,12.04,11.866,11.429,11.986719753585556,11.879341453710584,0.10737829987497172,0.11121252077141652,-0.0038342208964448066,0.00894074103871538,-0.00031925236440006715,53.76297257361311,11.866,0.1873752216389962,12.240750443277992,11.491249556722007,0.06316373559379618,0.6921278581292829,0.2993399299311973,0.024924223974287868,19.19030761075845,28.986880607897962,15.493602317319487,51.76470588235291,64.97293595930617,869543933.0,862630961.75,0.1831901782152911,0.36613862275671444,-0.9542818110357902,6323538.05,-0.32682437299894707,0.8791810780675227,0.014987510407993463,0.012135513231080308,0.0508355936652376,1.0,7.0,0.009892827699917506,1.0,1485.26,1509.54,0.01649102723814022,0.03347139971930302,0.10445795561798987,0.10041372095044089,-0.02146202972364153,-0.02845047921721089,-0.10195378199528538,-0.09231114817606434,0.8399103884083445,0.29981138814462766,12.13,12.42,0.023907666941467287,-0.01722186393608749,0.041129530877554776,12.13,12.25,12.13,12.28,0.012366034624896827,0.018143171139393788,-0.005777136514496961,12.13,13.45,0.10882110469909301,0.08859026836362682,0.020230836335466185,-0.001878695,0.005,5
2025-07-23,12.13,12.36,12.01,12.25,11780315,0.019983347210657865,0.014913007456503813,0.002454991816693841,0.025104602510460206,0.025104602510460206,0.03725656223539375,12.1,11.888,11.459833333333334,12.027224406880086,11.906797642324614,0.12042676455547152,0.11305536952822753,0.007371395027243988,0.009830756290242573,0.0006017465328362439,59.09859434553068,11.888,0.20541613732551678,12.298832274651033,11.477167725348966,0.06911713907318869,0.9405690866272468,0.3029585063646832,0.024731306642014953,20.57002680844534,32.017609596753054,14.215077206469058,76.71232876712331,62.90143579224968,881324248.0,863745112.4,0.18772138154002838,0.23452153998380232,-1.1256444700413821,6576650.45,1.972984534490069,1.7912332561326867,0.028571428571428543,0.03045087483176312,0.06895097369071679,2.0,7.0,0.011372867587327251,1.0,1519.58,1512.31,0.0018349960915244878,0.024968315180925238,0.10650082312054132,0.0993983477332998,0.018148351119133377,0.00013628732953496758,-0.06924426088514757,-0.06257949333455137,0.8321889605193462,0.2954011527642401,12.31,12.39,0.006498781478472715,-0.00830126623910532,0.014800047717578035,12.31,12.45,12.31,12.6,0.023558082859463703,0.03516526887025173,-0.011607186010788029,12.31,13.01,0.05686433793663692,0.0947936194704817,-0.03792928153384478,-0.001878695,0.005,5
2025-07-24,12.31,12.48,12.31,12.45,9944294,0.01632653061224487,0.036636136552872456,0.0314830157415078,0.04184100418410042,0.026380873866446608,0.062286689419795094,12.2,11.924499999999998,11.494,12.09226680582161,11.947034854004272,0.1452319518173386,0.11949068598604975,0.025741265831288856,0.011665217013440853,0.0020675715527139647,62.93690603343026,11.924499999999998,0.23649802491674898,12.397496049833496,11.4515039501665,0.07933180424059669,1.0555014679139347,0.29774718448149157,0.023915436504537476,22.122769735132632,33.12975872248584,13.430742631968148,96.05263157894721,74.84322207614115,891268542.0,865642765.25,0.19083817573342224,0.020210431900453723,-1.2497133298228942,6787577.65,1.1551256446335703,1.4650725947864478,0.013654618473895578,0.04406893370791232,0.08317382982425614,3.0,7.0,-0.014354066985645897,0.0,1520.25,1521.02,0.0057594011809747325,0.020811940859457367,0.11375368866563651,0.09694672084965537,0.01056712943127014,0.02102906332464305,-0.051466999245841416,-0.04621039622100187,0.8438557452377904,0.29715723954927414,12.54,12.39,-0.011961722488038173,-0.012513473014537646,0.0005517505264994726,12.54,12.36,12.54,12.6,0.004784688995215447,0.03959751833644409,-0.034812829341228646,12.54,12.8,0.020733652312599826,0.10938773364178878,-0.08865408132918895,-0.001878695,0.005,5
2025-07-25,12.54,12.66,12.36,12.36,8950765,-0.0072289156626506035,0.00897959183673458,0.029142381348875812,0.011456628477904962,0.03430962343096233,0.06551724137931036,12.228,11.9625,11.529166666666667,12.1334565280029,11.97762486481877,0.15583166318413078,0.12675888142566596,0.02907278175846481,0.012607739739816406,0.0023521668089372823,60.199181255260946,11.9625,0.24259290135847206,12.447685802716945,11.477314197283055,0.08111779355769193,0.9096368832044109,0.2979080998756708,0.024102597077319644,23.93880281999816,35.062538948194565,12.464667429756457,65.90909090909086,79.5580170850538,882317777.0,867324865.25,0.18833161691711975,0.023222829694350137,-1.201981913961146,7003130.5,0.7148685446944048,1.2781091256260326,0.024271844660194233,0.033228840125391734,0.07206360679436208,4.0,7.0,0.0023923444976077235,1.0,1521.56,1531.13,0.006646855399666141,0.02260766189356711,0.11643965466954453,0.09693227328298867,-0.013875771062316744,-0.011151033415662148,-0.05092241329023417,-0.04561143370109577,0.8103386847088528,0.2862150439340005,12.54,12.48,-0.004784688995215225,-0.030230506803647583,0.02544581780843236,12.54,12.57,12.54,13.48,0.07496012759170667,0.02797343399359198,0.04698669359811469,12.54,12.45,-0.0071770334928229484,0.06722574619605415,-0.0744027796888771,-0.001878695,0.005,5
2025-07-28,12.54,12.57,12.33,12.57,10033886,0.016990291262136026,0.009638554216867545,0.026122448979591928,0.04142502071251042,0.04662781015820161,0.06978723404255316,12.328,12.003499999999999,11.566333333333334,12.2006170621563,12.021504504461824,0.1791125576944772,0.13722961667942823,0.04188294101504897,0.014249209044906699,0.003331976214403259,64.12098923992193,12.003499999999999,0.27226680026466954,12.548033600529338,11.45896639947066,0.09072913742314151,1.020169921056578,0.2937718070274086,0.02337086770305558,25.456100476348052,33.01648795937832,12.466729238240731,88.6075949367089,83.523105808249,892351663.0,869240722.05,0.19162310103410576,0.022126354255060765,-1.2711338365040532,7236887.3,1.0075547093518935,1.386491952140805,0.0190930787589499,0.04719456825092694,0.08677483500965444,0.0,7.0,-0.031956352299298496,0.0,1541.82,1557.42,0.017170325184667545,0.048732365913605635,0.13178835379014164,0.10488836530289061,-0.0001800339225315195,-0.007307345201095217,-0.062001119747588485,-0.05478154951847547,0.8241433435872347,0.29628354282367897,12.83,12.36,-0.036632891660171474,-0.022020990656597905,-0.014611901003573569,12.83,12.42,12.83,13.48,0.05066250974279041,0.021924996800204877,0.02873751294258553,12.83,12.16,-0.05222135619641466,0.03291309356201211,-0.08513444975842677,-0.001878695,0.005,5
2025-07-29,12.83,13.01,12.42,12.42,20021845,-0.011933174224343701,0.004854368932038833,-0.002409638554216831,0.03413821815154039,0.03933054393305446,0.07346585998271382,12.41,12.046,11.597000000000001,12.234368283363024,12.051022689316504,0.18334559404651962,0.14645281215284653,0.03689278189367309,0.014762125124518488,0.0029704333247723906,59.60325242620648,12.046,0.26733381458598937,12.580667629171979,11.51133237082802,0.08877098276141113,0.8497499938225184,0.31493096366830803,0.025356760359767153,27.656415469409875,38.57785921047847,10.798479209071784,48.245614035087755,67.58743329362916,872329818.0,870401887.4,0.18755874686249213,0.08116605454456864,-1.3278475254604596,7991578.75,3.06270170939129,2.505367916195533,0.04750402576489532,0.031047650672422433,0.07096662930068098,1.0,7.0,-0.027472527472527486,0.0,1562.6,1493.41,-0.04110002439932714,-0.010685374352451649,0.08387766358938631,0.19798227294679302,0.02916685017498344,0.04482359250399204,-0.010411803606672487,-0.009606068984014837,0.639359909261569,0.29715266541835816,12.74,12.28,-0.03610675039246469,0.03127520446864818,-0.06738195486111287,12.74,12.39,12.74,13.48,0.058084772370486704,0.07198229604793926,-0.013897523677452561,12.74,12.54,-0.01569858712715866,0.11158289062343774,-0.1272814777505964,-0.001878695,0.005,5
2025-07-30,12.74,12.74,12.36,12.39,6532529,-0.0024154589371979673,-0.014319809069212375,0.0024271844660195274,0.011428571428571566,0.03682008368200851,0.07087294727744164,12.437999999999999,12.087,11.625333333333334,12.258311624384097,12.076132119737505,0.1821795046465926,0.15359815065159577,0.02858135399499684,0.014703753401662033,0.002306808232041714,58.71227984996291,12.087,0.25298429325082705,12.592968586501653,11.581031413498346,0.08372111963293682,0.7994257035747915,0.3195787519777147,0.025793281031292546,29.377834557453397,35.301316840414096,11.222380514152698,44.642857142857174,60.498688704884614,865797289.0,871236426.3,0.18837077093248536,0.10802134817174333,-1.3569518748888474,8109854.05,-0.4106088668197801,0.8055051249658433,0.0306698950766748,0.02506825515016131,0.06577589173070297,2.0,7.0,-0.02594339622641506,0.0,1500.23,1507.63,0.00952183258448791,-0.0030946036196281,0.08886385139283126,0.19890435453442193,-0.011937291521685878,0.014523175048199666,-0.017990904115389617,-0.016522638796738764,0.6237541666555086,0.2908943822273505,12.72,12.6,-0.009433962264151052,0.034002207679571184,-0.043436169943722236,12.72,12.39,12.72,13.33,0.047955974842767146,0.0588977371284396,-0.010941762285672452,12.72,12.54,-0.014150943396226578,0.09909590265184365,-0.11324684604807023,-0.001878695,0.005,5
2025-07-31,12.72,12.74,12.33,12.39,9119662,0.0,-0.0024154589371979673,-0.014319809069212375,-0.004819277108433662,0.03682008368200851,0.06260720411663812,12.425999999999998,12.1235,11.651666666666667,12.278571374478851,12.099381592349541,0.1791897821293098,0.15871647694713859,0.02047330518217122,0.014462452149258256,0.0016524055837103485,58.71227984996291,12.1235,0.24048799072770824,12.604475981455417,11.642524018544583,0.07934606037124878,0.7770408609527449,0.3260374125507351,0.02631456114210937,30.810620731485006,32.13044061854196,10.871593424528324,44.642857142857174,45.84377610693404,865797289.0,871859818.35,0.18804863562572613,0.21379528019675434,-1.316840669282107,8354690.3,0.20479877326402365,1.0915619457492038,0.03309120258272802,0.02198210087845931,0.06336718638249184,3.0,7.0,0.002409638554216942,1.0,1521.96,1502.52,-0.003389425787494349,-0.012162890691772676,0.0872384150047758,0.19959353640416191,0.003389425787494349,0.007343613583339015,-0.02463121088813769,-0.022654838670347677,0.6197189872497203,0.28607583540712833,12.45,12.6,0.012048192771084265,0.04972526014015699,-0.037677067369072725,12.45,12.48,12.45,13.42,0.07791164658634542,0.08879937354002965,-0.01088772695368423,12.45,12.6,0.012048192771084265,0.11545710341898485,-0.10340891064790059,-0.001878695,0.005,5
2025-08-01,12.45,12.72,12.45,12.48,7840236,0.007263922518159882,0.007263922518159882,0.004830917874396157,0.009708737864077666,0.02127659574468077,0.05673158340389506,12.45,12.157,11.681000000000001,12.309560393789797,12.127575548471798,0.18198484531799863,0.1633701506213106,0.018614694696688028,0.014582119015865275,0.0014915620750551304,60.75348250886401,12.157,0.24118348551310204,12.639366971026204,11.674633028973796,0.07935625088857517,0.834807334872907,0.3263204545113969,0.02614747231661834,32.14106503594293,29.809530680050692,10.086294849703826,52.67857142857145,47.321428571428605,873637525.0,872626063.0,0.1852240377594764,0.27218754553997415,-1.1847752276434496,8497542.9,-0.17992432587338672,0.9226474161136626,0.02163461538461549,0.026569054865509534,0.06840167793853258,4.0,8.0,-0.004830917874396157,0.0,1506.88,1495.21,-0.004865159864760549,-0.023459797665776327,0.07804062092186559,0.20221385331883251,0.01212908238292043,0.03316853552985399,-0.02130903751797053,-0.01976645137893651,0.5973188768686332,0.2773380861429136,12.42,13.48,0.08534621578099832,0.06132438712442334,0.024021828656574984,12.42,12.36,12.42,13.33,0.07326892109500815,0.09149105713922201,-0.018222136044213855,12.42,12.48,0.004830917874396157,0.12645225228844836,-0.1216213344140522,-0.001878695,0.005,5
2025-08-04,12.42,12.54,12.31,12.36,6904693,-0.009615384615384692,-0.002421307506053405,-0.002421307506053405,-0.01670644391408116,0.024026512013255896,0.05460750853242313,12.408,12.189,11.703333333333335,12.317320333206752,12.144792174510924,0.17252815869582783,0.16520175223621406,0.007326406459613771,0.013958588891248206,0.0005927513316839621,56.726544256063036,12.189,0.2218320844338058,12.632664168867612,11.745335831132389,0.07279746802323595,0.6927133313880768,0.319440422046297,0.025844694340315295,32.56097335209665,28.276449797887246,12.698038783885973,41.964285714285644,46.42857142857142,866732832.0,873301717.3,0.1868445977581027,0.2652280625386195,-1.209519358952513,8588133.25,-0.46941907216789525,0.8039806555167271,0.01860841423948209,0.014029042579374762,0.056109370549700666,0.0,8.0,-0.013654618473895597,0.0,1493.37,1528.19,0.02205710234682745,-0.018768219234374772,0.08996048671240886,0.21107120791260062,-0.03167248696221214,0.002061775320293613,-0.03535297817998573,-0.032435100731604605,0.474127379555991,0.22870350691643493,12.45,13.48,0.0827309236947793,0.032103361578086576,0.050627562116692726,12.45,12.28,12.45,13.39,0.0755020080321287,0.05763997957587619,0.01786202845625251,12.45,12.89,0.03534136546184752,0.08667972259386358,-0.051338357132016066,-0.0041464344,0.005,5
2025-08-05,12.45,12.6,12.19,12.28,12629291,-0.006472491909385147,-0.01602564102564108,-0.008878127522195411,-0.011272141706924366,0.02248126561198993,0.030201342281879207,12.38,12.206999999999999,11.724833333333333,12.311578743482636,12.154807568991597,0.1567711744910394,0.16351563668717914,-0.00674446219613975,0.012766382287543924,-0.0005492233058745725,54.14967110658545,12.206999999999999,0.2132974202228427,12.633594840445685,11.780405159554313,0.06989347758592383,0.5855612786171224,0.3259089633287044,0.02653981786064368,32.301429523746165,25.73556837708364,14.187018149082586,33.02752293577977,42.55679335954562,854103541.0,873007055.15,0.18149303053827573,0.48798606916139636,-0.9099338909001007,8880745.9,1.0218254633583508,1.4220980019257166,0.03338762214983715,0.00598017530924877,0.047349642496695044,1.0,8.0,0.02857142857142847,1.0,1547.19,1547.15,0.012406834228728236,0.035984759710997016,0.09303689260028536,0.21223353291156122,-0.018879326138113384,-0.04725690141792138,-0.06283555031840615,-0.057487126686934786,0.457602557510412,0.22184116881453705,12.25,13.48,0.10040816326530622,0.031862745098039325,0.06854541816726689,12.25,12.6,12.25,13.45,0.09795918367346923,0.06136433631044058,0.03659484736302865,12.25,13.15,0.07346938775510203,0.08837003387742537,-0.014900646122323336,-0.0041464344,0.005,5
2025-08-06,12.25,12.77,12.25,12.6,10744949,0.026058631921824116,0.01941747572815533,0.009615384615384581,0.016949152542372836,0.02857142857142847,0.05439330543933063,12.422,12.2395,11.750666666666666,12.355951244485308,12.18778478610333,0.16816645838197708,0.16444580102613873,0.003720657355838347,0.013346544316029928,0.00029529026633637675,61.65341612715592,12.2395,0.2214420442179002,12.6823840884358,11.7966159115642,0.07236963739299813,0.9069913657016123,0.3397726088052255,0.026966080063906786,32.52405581028589,26.49605691520941,12.636138605709606,61.32075471698113,45.43752112234885,864848490.0,872883718.35,0.20131127261472592,0.46933545671719373,-1.080804255522682,9052071.25,0.4610626591525727,1.18701551316225,0.041269841269841234,0.02945381755790688,0.07227958697378889,2.0,8.0,-0.007092198581560294,0.0,1558.56,1573.71,0.017167049090262676,0.04383038278622742,0.0994815974065899,0.21574158714563915,0.00889158283156144,-0.02688123024385458,-0.045088291967259275,-0.04100868270429592,0.5050992437619886,0.2443378779745192,12.69,13.33,0.05043341213553987,0.01496372430471582,0.03546968783082405,12.69,12.6,12.69,13.01,0.025216706067769934,0.048191253526803646,-0.022974547459033712,12.69,13.27,0.045705279747833005,0.04983499596936736,-0.004129716221534352,-0.0041464344,0.005,5
2025-08-07,12.69,12.77,12.51,12.6,6323391,0.0,0.026058631921824116,0.01941747572815533,0.016949152542372836,0.012048192771084265,0.03874690849134366,12.464,12.263000000000002,11.775666666666666,12.393497206872183,12.218319246391973,0.17517796048021061,0.1665922329169531,0.008585727563257511,0.013903012736524653,0.0006814069494648819,61.65341612715592,12.263000000000002,0.2338037863815483,12.730607572763098,11.795392427236905,0.07626316117803092,0.8603448913462441,0.33407456531913793,0.026513854390407772,32.73078021921563,25.023123386267304,11.933687207440396,61.32075471698113,51.88967745658067,864848490.0,872333674.95,0.19610306412673595,0.6523683564572691,-0.714795107627094,8941534.2,-0.7036040951860307,0.7071930676057807,0.020634920634920617,0.02748104052841871,0.07000311376567492,3.0,8.0,0.06225374310480691,1.0,1587.84,1581.81,0.005147072840612221,0.05277134414184159,0.09419357516394111,0.21488720350971072,-0.005147072840612221,-0.035822191599468756,-0.055446666672597456,-0.050673544362833556,0.50405892097375,0.24391753697138363,12.69,13.42,0.05752561071710005,0.03215314737226205,0.025372463344838003,12.69,13.48,12.69,12.8,0.008668242710796026,0.06191572616666052,-0.0532474834558645,12.69,13.01,0.025216706067769934,0.021986939946400996,0.0032297661213689377,-0.0041464344,0.005,5
2025-08-08,12.69,13.48,12.69,13.48,31370619,0.06984126984126982,0.06984126984126982,0.09771986970684043,0.08012820512820507,0.09061488673139162,0.12803347280334743,12.664,12.3395,11.817666666666668,12.560651482738,12.311777079992567,0.24887440274543415,0.1830486668826493,0.06582573586278484,0.018462492785269596,0.004883214826616086,74.80448223590274,12.3395,0.3482811175503698,13.036062235100738,11.64293776489926,0.11289958833027904,1.3186633889469033,0.37306923922491386,0.027675759586417943,34.33750641924275,34.400863929214815,9.923021618476323,100.0,74.21383647798741,896219109.0,873636959.2,0.3017285807137384,2.12622744853037,5.909824335963258,10225268.45,3.428690680572007,3.0679506512124877,0.05860534124629087,0.09242675959317648,0.14066510591487313,4.0,8.0,-0.021060275962236696,0.0,1589.58,1584.95,0.0019850677388562055,0.06001832518509098,0.08725030183294913,0.21459267626587467,0.06785620210241361,0.020109879943114084,0.0407831709703983,0.03751037907429744,0.4658340865565543,0.20433634154828353,13.77,13.33,-0.031953522149600566,0.024525763994519112,-0.05647928614411968,13.77,13.48,13.77,12.45,-0.09586056644880181,0.03424933060126456,-0.13010989705006637,13.77,12.98,-0.057371096586782855,0.029126701781291953,-0.08649779836807481,-0.0035744538,0.005,5
2025-08-11,13.77,13.95,13.42,13.48,11638983,0.0,0.06984126984126982,0.06984126984126982,0.09061488673139162,0.07239459029435169,0.12239800166527903,12.888,12.413,11.862166666666667,12.702089716162924,12.398312111104229,0.3037776050586949,0.20719445451785842,0.09658315054083647,0.022535430642336415,0.007164922146946325,74.80448223590274,12.413,0.42232564138167933,13.257651282763359,11.568348717236642,0.13609140139585246,1.1316216063208988,0.38427857928027714,0.02850731300298792,36.403266152898325,39.748089998422095,8.945456728732143,75.77319587628871,79.03131686442327,896219109.0,874707104.95,0.3025160486715753,2.151573164163155,5.951258397239998,10574079.1,0.1765480037752907,1.100708902395103,0.039317507418397575,0.08595826955611052,0.13638598906888855,0.0,8.0,-0.005899705014749235,0.0,1590.98,1596.86,0.007514432631944068,0.04493551194550416,0.08598903714584938,0.21431409545288696,-0.007514432631944068,0.04567937478588746,0.036408964519429654,0.0335260884540034,0.441518200320127,0.1940189995943519,13.56,13.39,-0.012536873156342221,0.020498908637355706,-0.03303578179369793,13.56,13.48,13.56,12.16,-0.1032448377581121,0.00656688493919555,-0.10981172269730766,13.56,13.3,-0.019174041297935096,0.024795759276582396,-0.04396980057451749,-0.0035744538,0.005,5
2025-08-12,13.56,13.71,13.27,13.48,13631027,0.0,0.0,0.06984126984126982,0.09771986970684043,0.08534621578099832,0.12803347280334743,13.128,12.489500000000001,11.906666666666666,12.821768221368627,12.478437139911323,0.34333108145730407,0.23442177990574756,0.10890930155155651,0.02546966479653591,0.008079325040916656,74.80448223590274,12.489500000000001,0.469932525951748,13.429365051903497,11.549634948096505,0.15050483236374487,1.0269373502046666,0.38825868076025744,0.028802572756695656,37.64415750536169,36.530581292065385,10.98091835478245,73.2954545454546,83.02288347391443,896219109.0,876175793.8,0.3006308044530896,2.1578297386409417,6.0421204470336525,10857087.35,0.459564070435349,1.2554957476693784,0.032640949554896236,0.07930661755874935,0.13213885778275491,1.0,8.0,-0.013323464100666205,0.0,1603.5,1608.22,0.007113961148754511,0.039472578612287146,0.10103036319446823,0.21059511977252537,-0.007113961148754511,0.05824729109455329,0.027003109608879194,0.024525308757638475,0.4567143437287207,0.19857296067570668,13.51,13.45,-0.004441154700222105,0.023911065444394364,-0.02835222014461647,13.51,13.33,13.51,12.54,-0.07179866765359,0.032223920969069786,-0.10402258862265978,13.51,13.39,-0.0088823094004441,0.026108432318005415,-0.034990741718449514,-0.0035744538,0.005,5
2025-08-13,13.51,13.54,13.04,13.33,15989507,-0.011127596439169163,-0.011127596439169163,-0.011127596439169163,0.05793650793650795,0.07586763518966899,0.11548117154811721,13.274000000000001,12.558499999999999,11.949666666666667,12.899957725773453,12.541515870288261,0.35844185548519114,0.2592257950216363,0.09921606046355486,0.026889861626796033,0.007443065301091887,69.71445884817916,12.558499999999999,0.48753164539666166,13.533563290793323,11.583436709206675,0.15528340021393067,0.8956153448112578,0.3962402035630962,0.029725446628889436,37.8351348261454,33.237973409670104,14.137290363687008,64.77272727272731,71.28045923149021,880229602.0,876845007.3,0.3062210001438491,2.0974776635994323,5.699812382087573,11413874.05,0.7669119565733564,1.4008834274809612,0.037509377344336084,0.06143249591909883,0.11551228765098043,2.0,8.0,0.004491017964071808,1.0,1615.57,1611.6,0.0021017025033887027,0.024076862954419687,0.09226212664439126,0.20987629626004212,-0.013229298942557866,0.033859644982088266,0.02321904490372595,0.021257758863303833,0.46580389964676683,0.2019094859944445,13.36,13.01,-0.026197604790419105,0.02536995280868415,-0.05156755759910325,13.36,13.42,13.36,12.54,-0.06137724550898205,0.030557301100309298,-0.09193454660929135,13.36,14.0,0.04790419161676662,0.02715656920366194,0.020747622413104683,-0.0041464344,0.005,5
2025-08-14,13.36,13.45,13.15,13.42,9519016,0.006751687921980443,-0.004451038575667643,-0.004451038575667643,0.06507936507936507,0.08313155770782887,0.1230125523012553,13.437999999999999,12.632000000000001,11.9965,12.979964229500613,12.606588768785427,0.37337546071518624,0.2820557281603463,0.09131973255483994,0.027822314509328334,0.00680474907264083,70.98994751709036,12.632000000000001,0.5015722648254386,13.635144529650878,11.628855470349125,0.1588259229972889,0.892764939003478,0.3893659033085893,0.02901385270555807,38.01247090973027,31.408736999142427,13.359251162538401,69.88636363636367,69.31818181818187,889748618.0,877990171.6,0.30550548887203055,2.05526334226408,5.605459865460228,11445585.15,-0.32358480002505713,0.8316757837409474,0.022354694485841948,0.062381253958201155,0.11865960905264039,3.0,8.0,-0.015509601181683874,0.0,1623.18,1640.69,0.018050384710846412,0.03722318103944233,0.10112683807491218,0.21460927661996826,-0.01129869678886597,0.027856184039922738,0.02188571422634311,0.019875743165615356,0.4301573598805929,0.1892670448959066,13.54,12.8,-0.05465288035450511,0.01794673871092245,-0.07259961906542756,13.54,13.33,13.54,12.6,-0.069423929098966,0.013640968737938852,-0.08306489783690485,13.54,13.98,0.03249630723781394,0.016077286761868148,0.01641902047594579,-0.0041464344,0.005,5
2025-08-15,13.54,13.92,13.33,13.33,15645768,-0.006706408345752646,0.0,-0.011127596439169163,-0.011127596439169163,0.06810897435897423,0.0908346972176759,13.407999999999998,12.6875,12.042833333333334,13.033815886500518,12.660174785912432,0.3736411005880864,0.30037280264589433,0.07326829794219208,0.028030090066623138,0.0054964964697818515,67.90988897966412,12.6875,0.5148211237640665,13.717142247528134,11.657857752471866,0.1623081375413807,0.8120015721686111,0.4036969102151186,0.030284839476002898,38.90944320135246,36.44590446140228,11.964647936622208,64.77272727272731,66.47727272727276,874102850.0,877637165.1,0.30206707804767374,2.3271916585064107,6.837874163261656,11511991.15,0.6895586067646389,1.3590844360577883,0.04426106526631657,0.05064039408866994,0.1068823781778927,4.0,8.0,-0.00667655786350152,0.0,1658.24,1630.0,-0.006515551383869056,0.02842360957758916,0.08864073519982907,0.21841318905240778,-0.0001908569618835898,-0.03955120601675832,0.002193962017846829,0.0020153223620134053,0.43749396678595387,0.19414956104422723,13.48,12.45,-0.07640949554896148,0.0043335754438864615,-0.08074307099284794,13.48,13.39,13.48,12.48,-0.0741839762611276,0.02675830245915156,-0.10094227872027917,13.48,13.98,0.0370919881305638,0.025958727271617743,0.011133260858946059,-0.0041464344,0.005,5
2025-08-18,13.48,13.65,13.3,13.39,6770674,0.004501125281320295,-0.0022354694485841042,0.004501125281320295,-0.00667655786350152,0.08333333333333348,0.10936205468102744,13.39,12.7535,12.084833333333334,13.088613442423515,12.71423591288188,0.3743775295416345,0.3151737480250424,0.05920378151659211,0.027959486896313255,0.0044214922715901505,68.87929338512609,12.7535,0.5161015301989457,13.785703060397893,11.721296939602109,0.16186977071359107,0.8083211164645466,0.3998614166283244,0.029862689815408842,39.616831250979665,34.16724597212378,11.752498225241839,68.18181818181826,67.61363636363642,880873524.0,877925667.9,0.2954914138271315,2.378703547058407,7.198574407597486,11547549.25,-0.8011133088694926,0.5863299522190824,0.026138909634055237,0.04990786842827455,0.10800038615895957,0.0,8.0,-0.008112094395280378,0.0,1638.37,1636.37,0.003907975460122559,0.024742306777050027,0.10189555907208514,0.21338448535981083,0.000593149821197736,-0.03141886464055155,0.007466495608942303,0.006776046556744353,0.3943646333105655,0.1755862400487775,13.56,12.16,-0.1032448377581121,-0.019857535843763152,-0.08338730191434895,13.56,13.45,13.56,12.89,-0.04941002949852502,0.020993119697825247,-0.07040314919635027,13.56,13.77,0.015486725663716783,0.014720081616294012,0.0007666440474227709,-0.0041464344,0.005,5
2025-08-19,13.56,13.86,13.45,13.45,8929593,0.004480955937266495,0.00900225056264059,0.0022354694485842153,-0.002225519287833877,0.09527687296416931,0.11990008326394674,13.384,12.8255,12.124500000000001,13.14421137435836,12.768736956372111,0.3754744179862488,0.3272338820172837,0.048240535968965104,0.027916313604925563,0.0035866569493654354,69.85983073201565,12.8255,0.5072887167139328,13.840077433427865,11.810922566572135,0.15821253493865584,0.8077635966581945,0.4048713154405869,0.030101956538333603,40.569343116986545,35.0390210989448,10.777995612540828,71.59090909090908,68.1818181818182,889803117.0,878938627.1,0.2930017492580004,2.3647426125971953,7.256534214159354,11716052.15,-0.4778836750813502,0.762167399536541,0.030483271375464697,0.048692058789131076,0.1093240958390036,1.0,8.0,-0.034866468842730036,0.0,1646.73,1654.2,0.010896068737510589,0.028590615711780787,0.09583051790611719,0.2102725876516298,-0.006415112800244094,-0.030816134999614664,0.02406956535782956,0.021964678811666083,0.38626799425652353,0.17354718916658388,13.48,12.54,-0.06973293768546007,0.0033210798322615975,-0.07305401751772167,13.48,13.01,13.48,13.15,-0.02448071216617209,0.020564222584546155,-0.045044934750718246,13.48,13.48,0.0,0.0018470498342468833,-0.0018470498342468833,-0.0041464344,0.005,5
2025-08-20,13.48,13.48,12.66,13.01,12733226,-0.03271375464684012,-0.028379387602688655,-0.02400600150037513,-0.02400600150037513,0.032539682539682646,0.06204081632653069,13.319999999999999,12.863499999999998,12.154833333333332,13.12356347061092,12.78660829293714,0.33695517767377936,0.32917814114858285,0.007777036525196512,0.02589970620090541,0.0005977737528975029,55.94027441623385,12.863499999999998,0.49008350523688016,13.843667010473759,11.883332989526238,0.1523950729542909,0.574732162189988,0.43452336433768785,0.03339918250097524,38.75793706176624,30.31594821047591,22.311494047850072,46.590909090909115,62.121212121212146,877069891.0,878725909.25,0.31790329603808987,1.8549447995031167,6.287833420558605,11763697.7,0.16614952608429018,1.0824169682633038,0.06302843966179864,0.01138881330897501,0.07035609976826773,2.0,8.0,-0.028831562974203306,0.0,1662.11,1664.36,0.0061419417240962115,0.03273765202283441,0.10054155563343481,0.2100579307276458,-0.03885569637093633,-0.056743653523209536,-0.03850073930690412,-0.03498344893005367,0.3717730554690273,0.16326212042928168,13.18,12.54,-0.04855842185128989,-0.0011822589505362524,-0.04737616290075364,13.18,12.8,13.18,13.27,0.006828528072837514,-0.004651412739735794,0.011479940812573308,13.18,13.33,0.011380880121396153,-0.009637201748310287,0.02101808186970644,-0.0031742838,0.005,5
2025-08-21,13.18,13.18,12.8,12.8,7889471,-0.016141429669484952,-0.048327137546468335,-0.04406273338312172,-0.046199701937406745,0.01587301587301604,0.028112449799196915,13.196000000000002,12.881,12.184499999999998,13.073784475132317,12.787600271238093,0.2861842038942246,0.32057935369771123,-0.034395149803486624,0.022358140929236298,-0.0026871210783973925,50.74354646841993,12.881,0.4807001472632919,13.842400294526584,11.919599705473416,0.14927417041015198,0.45787394675186477,0.43062883831356724,0.03364287799324744,37.07591715334739,28.405111363947707,20.905183922508378,34.659090909090985,50.946969696969724,869180420.0,877621503.15,0.3209981091538888,2.0028501515460566,6.703314950058401,11660956.55,-0.6406619540034167,0.6765715116226892,0.029687499999999922,-0.006288331651269297,0.05051499856374919,3.0,8.0,-0.01891252955082745,0.0,1674.76,1688.0,0.014203657862481789,0.028835428996336843,0.10978159393038878,0.2126462904280121,-0.03034508753196674,-0.07503513093374359,-0.08166914413119186,-0.0735902853118634,0.3154858766005577,0.13970489878017156,12.69,12.6,-0.007092198581560294,0.00026183930207923645,-0.00735403788363953,12.69,12.45,12.69,13.01,0.025216706067769934,-0.033259542257292884,0.05847624832506282,12.69,12.92,0.01812450748620975,-0.027356256174051685,0.045480763660261436,-0.0031742838,0.005,5
2025-08-22,12.69,13.13,12.42,12.45,8886463,-0.02734375000000011,-0.043043812451960095,-0.07434944237918217,-0.06601650412603155,-0.07640949554896148,0.007281553398058138,13.02,12.885499999999999,12.212833333333332,12.97781763280427,12.762592843738975,0.21522478906529408,0.2995084407712278,-0.08428365170593372,0.01728713165183085,-0.0067697712213601385,43.49174858688796,12.885499999999999,0.47596411850607623,13.837428237012151,11.933571762987846,0.14775185084197784,0.27125376521715705,0.45058392129116964,0.036191479621780695,34.51829478779482,25.208048918112087,24.576185406960047,14.772727272727263,32.007575757575786,860293957.0,876520312.15,0.3359110643831063,1.7612407105509673,5.646912211235525,11657741.45,-0.47063090395862817,0.7622799869180492,0.057028112449799266,-0.03379767956229862,0.019419463133043102,4.0,8.0,-0.030303030303030276,0.0,1680.42,1645.47,-0.025195497630331687,0.009490797546012342,0.07467687263654943,0.2384601481270845,-0.002148252369668424,-0.07550730167204389,-0.06739531923849129,-0.0627121704714344,0.3735829792174998,0.1757804037160824,12.54,12.48,-0.004784688995215225,0.013562692052780712,-0.018347381047995936,12.54,12.16,12.54,12.98,0.03508771929824572,-0.013484364644212876,0.0485720839424586,12.54,13.18,0.0510366826156301,-0.014725552810748943,0.06576223542637905,-0.0031742838,0.005,5
2025-08-25,12.54,12.63,12.13,12.16,5733482,-0.02329317269076303,-0.050000000000000044,-0.06533435818601074,-0.09185959671396571,-0.09792284866468848,-0.032617342879872724,12.774,12.865,12.2285,12.851999535449766,12.717956336795348,0.1340431986544175,0.26641539234786576,-0.13237219369344827,0.011023289363027754,-0.010885871191895416,38.57291659032262,12.865,0.4985610874253432,13.862122174850686,11.867877825149314,0.15501316359901843,0.14648263884735577,0.45411364119894326,0.037344871809123624,32.61632329480136,23.22553313421222,27.204839461230534,1.6483516483516145,17.02672327672329,854560475.0,874630752.75,0.3402024554221122,1.902635426478013,6.089008339846884,11442721.25,-0.9471641932254078,0.5010593087723779,0.04111842105263158,-0.054799844539448084,-0.0056016682340434,0.0,8.0,0.018683996750609166,1.0,1659.7,1614.03,-0.019107002862404077,-0.013652169130453307,0.03634857649189027,0.24596390431927656,-0.004186169828358954,-0.0782074275835124,-0.068965919371763,-0.06654702957687975,0.4358353980712909,0.217837518085675,12.31,12.89,0.04711616571892763,0.043242471813900396,0.003873693905027231,12.31,12.54,12.31,13.3,0.08042242079610085,0.019638746346820835,0.06078367444928001,12.31,13.33,0.082859463850528,0.028449811058506747,0.05440965279202126,-0.0031742838,0.005,5
2025-08-26,12.31,12.57,12.22,12.54,3207524,0.03125,0.0072289156626506035,-0.020312500000000067,-0.06765799256505578,-0.06973293768546007,0.009661835748792313,12.592,12.871,12.251,12.803999606919032,12.704774385921619,0.09922522099741293,0.23297735807777523,-0.1337521370803623,0.007912697049235482,-0.010666039639582322,47.0272256753395,12.871,0.49362141896716916,13.85824283793434,11.883757162065661,0.1534057707923765,0.33236140730452385,0.4509626668275902,0.035961935153715326,30.850206908450293,21.717256778905917,25.438145199696645,22.527472527472455,12.982850482850443,857767999.0,873902661.8,0.35667620318931875,1.51574254519669,3.9541986867463934,10602005.2,-1.2448370083128513,0.30253937245758,0.027910685805422622,-0.025716727526998828,0.023589911027671162,1.0,8.0,-0.004761904761904856,0.0,1611.61,1667.63,0.03320880033208806,0.008118728086083937,0.11665918937197417,0.21286079759676002,-0.001958800332088062,-0.07577672065113972,-0.10699735362318186,-0.0958191672459694,0.5060150727270273,0.26484887640670735,12.6,13.15,0.04365079365079372,0.010574666078854156,0.03307612757193956,12.6,12.54,12.6,13.39,0.0626984126984127,-0.012385763818556605,0.0750841765169693,12.6,13.48,0.06984126984126982,-0.007417160151083735,0.07725842999235355,-0.0041464344,0.005,5
2025-08-27,12.6,12.77,12.42,12.54,6103356,0.0,0.03125,0.0072289156626506035,-0.03612605687932369,-0.05926481620405111,0.012106537530266248,12.498,12.878499999999999,12.2705,12.763384282777642,12.69256887585335,0.07081540692429122,0.20054496784707843,-0.1297295609227872,0.0056471616367058395,-0.01034526004168957,47.027225675339494,12.878499999999999,0.48702399162778004,13.852547983255558,11.90445201674444,0.15126730337470348,0.3262405929589671,0.44375104776847657,0.03538684591455156,28.690322785450313,23.713060537685664,24.00501364273361,22.527472527472455,15.567765567765507,857767999.0,873501197.3,0.3564979539216939,1.5002474215882942,3.9290650501559266,10580546.55,-0.7516670895776378,0.576846949366713,0.027910685805422622,-0.0262841169390845,0.02196324518153281,2.0,8.0,0.0,0.0,1678.54,1672.78,0.0030882150117230722,0.0050590016582952035,0.109542792329683,0.21252046443343423,-0.0030882150117230722,-0.04118505853761889,-0.09743625479941675,-0.0878165812738344,0.5168152308759387,0.2710670458600482,12.6,13.27,0.05317460317460321,-0.007360078126395608,0.060534681300998816,12.6,12.6,12.6,14.0,0.11111111111111116,-0.0071873902091905695,0.11829850132030173,12.6,13.27,0.05317460317460321,-0.011093709991484624,0.06426831316608783,-0.001878695,0.005,5
2025-08-28,12.6,12.66,12.45,12.6,2186295,0.004784688995215447,0.004784688995215447,0.03618421052631571,-0.01562500000000011,-0.06110283159463492,0.016949152542372836,12.458,12.889000000000001,12.291,12.73824823927339,12.685711922086435,0.05253631718695395,0.17094323771505354,-0.11840692052809959,0.004169548983091583,-0.00939737464508727,48.32948664067449,12.889000000000001,0.4781202227143545,13.84524044542871,11.932759554571293,0.1483808589384294,0.3488873790156225,0.4270545443564426,0.03389321780606687,26.684716099807474,22.880155437468765,23.16185388855367,25.824175824175782,23.626373626373564,859954294.0,873209047.55,0.3567534926019968,1.461860400991747,3.82993172290861,10233878.2,-1.2895070538661404,0.21363308779656964,0.016666666666666736,-0.022422220498099277,0.025140346595069474,3.0,8.0,-0.01421800947867291,0.0,1679.33,1680.86,0.004830282523702989,-0.004229857819905258,0.11869392753507446,0.21005360549525362,-4.5593528487541946e-05,-0.011395142180094853,-0.10174477499270163,-0.09094960872531566,0.5184293928579158,0.2711407952159961,12.66,13.01,0.027646129541864184,-0.038802208140298555,0.06644833768216274,12.66,12.48,12.66,13.98,0.10426540284360186,-0.003082639591505787,0.10734804243510765,12.66,13.27,0.048183254344391635,-0.013981338492760731,0.062164592837152366,-0.001878695,0.005,5
2025-08-29,12.66,12.72,12.48,12.48,4277013,-0.00952380952380949,-0.004784688995215225,-0.004784688995215225,0.002409638554216942,-0.06376594148537129,0.0,12.463999999999999,12.889,12.3085,12.698517740923638,12.670474001931884,0.028043738991753386,0.14236333797039352,-0.11431959897864014,0.0022470944704930597,-0.009160224277134626,45.89915961007396,12.889,0.4781202227143545,13.845240445428708,11.932759554571291,0.14838085893842942,0.286141654039412,0.41369350547383954,0.03314851806681406,24.899784744647672,22.967998712791434,22.20206035270781,19.553072625698313,22.63490699244885,855677281.0,872311035.35,0.35786654427689535,1.5651483325534448,4.018336476659155,10055717.05,-0.9082546706205523,0.42533147847472497,0.019230769230769246,-0.03173248506478388,0.01393346061664702,4.0,8.0,0.018167456556082096,1.0,1690.11,1682.21,0.0008031602869960075,0.022327967085391975,0.12506604423458922,0.2072142540760948,-0.010326969810805497,-0.019918328531175034,-0.12506604423458922,-0.11116329114676538,0.5410276314217571,0.27927821125172964,12.66,12.98,0.025276461295418606,-0.026627271700423893,0.0519037329958425,12.66,12.89,12.66,13.98,0.10426540284360186,-0.000719334645177705,0.10498473748877957,12.66,13.21,0.043443917851500924,-0.012133570337254929,0.05557748818875585,-0.001878695,0.005,5
2025-09-03,12.66,13.04,12.63,12.89,6585191,0.0328525641025641,0.023015873015873156,0.027910685805422775,0.060032894736842035,-0.03734129947722176,0.04288025889967639,12.61,12.9155,12.336333333333334,12.72797655001231,12.686735186973968,0.041241363038341916,0.1221389429839832,-0.08089757994564128,0.003199485107706898,-0.006275995341011737,54.34640008478771,12.9155,0.4616614731483181,13.838822946296636,11.992177053703363,0.14297904785670495,0.486191180397781,0.4241439693685652,0.03290488513332546,24.0596454417197,26.190947607332365,20.108237315614005,42.458100558659225,29.278449669511105,862262472.0,872087517.35,0.3737573281795889,1.232151066494905,2.460391553334915,10039741.95,-0.542217776659723,0.6559123763136163,0.03180760279286256,-0.0019743718787502695,0.044880974897997694,2.0,9.0,0.006120887528691776,1.0,1682.11,1681.3,-0.0005409550531741969,0.04167828355111114,0.10019042134813083,0.19935162652152502,0.033393519155738294,0.018354611185730896,-0.05731016244845444,-0.05209113016838374,0.4903643371090051,0.24496901131506793,13.07,13.3,0.017597551644988663,-0.0262682286574345,0.04386578030242316,13.07,13.15,13.07,13.77,0.05355776587605199,-0.009848363642827929,0.06340612951887992,13.07,13.03,-0.003060443764345888,-0.013356324699719702,0.010295880935373813,-0.0041464344,0.005,5
2025-09-04,13.07,13.3,12.98,13.15,8389656,0.020170674941815347,0.053685897435897356,0.04365079365079372,0.04864433811802238,-0.022304832713754608,0.07084690553745943,12.732000000000001,12.959,12.370000000000001,12.7929032346258,12.72105109904997,0.07185213557583126,0.11208158150235281,-0.040229445926521556,0.005464040728200096,-0.003059273454488331,58.745431560028706,12.959,0.43906479560178985,13.83712959120358,12.08087040879642,0.13552428292361754,0.6087538797879553,0.42313368584223915,0.03217746660397256,23.85300513691604,28.76725454085517,18.716516182274674,56.98324022346369,39.66480446927374,870652128.0,872914946.7,0.3773545919591646,1.0378367068889702,1.9429946421007929,9827760.2,-0.2264390618561087,0.8536691808984107,0.024334600760456293,0.014738791573423837,0.06305578011317703,3.0,9.0,0.0022658610271901747,1.0,1687.59,1696.29,0.008915719978588088,0.017186066453589666,0.09639660020036822,0.1979792623389485,0.01125495496322726,0.03145827166443271,-0.025549694662908795,-0.023303332624562634,0.5006716747087971,0.24967143010308288,13.24,13.39,0.011329305135951762,-0.027786737668095696,0.03911604280404746,13.24,13.27,13.24,13.48,0.01812688821752273,-0.023429298645851082,0.04155618686337381,13.24,12.85,-0.02945619335347438,-0.030742524030425877,0.001286330676951497,-0.0041464344,0.005,5
2025-09-05,13.24,13.77,13.13,13.27,16998038,0.009125475285171047,0.02948021722265315,0.06330128205128194,0.05821371610845305,0.019984627209838512,0.05317460317460321,12.878,12.992500000000001,12.405666666666667,12.866302736991061,12.761713980601824,0.10458875638923715,0.11058301647972968,-0.005994260090492531,0.007881594302127894,-0.0004517151537673347,60.63094491766208,12.992500000000001,0.43577970050063003,13.864059401001262,12.120940598998741,0.1341634636907847,0.6591974108025236,0.4386241368535077,0.03305381588948815,24.519847562253904,33.42287695711227,16.765843393334393,63.687150837988796,54.37616387337058,887650166.0,874055030.5,0.3687313805502488,1.1824590241454183,2.614232674707361,10140414.65,1.0470765443522712,1.6762665617426207,0.04822908816880172,0.02135847604387142,0.06967246150952522,4.0,9.0,-0.021804511278195604,0.0,1705.13,1666.97,-0.01728478031468672,-0.0034732600820190918,0.05926123618709922,0.2067480229260354,0.026410255599857768,0.06168697619047214,-0.006086633012496012,-0.005746111350591221,0.45119974877617247,0.23188246549360977,13.3,14.0,0.05263157894736836,0.003823205351283221,0.04880837359608514,13.3,13.01,13.3,13.33,0.0022556390977443996,-0.0013787622447936076,0.0036344013425380073,13.3,12.46,-0.06315789473684208,-0.009085380905648144,-0.054072513831193936,-0.0041464344,0.005,5
2025-09-08,13.3,13.65,13.01,13.01,10018021,-0.019593067068575665,-0.010646387832699666,0.009309542280837801,0.032539682539682646,0.016406249999999956,0.032539682539682646,12.959999999999999,13.013,12.4335,12.888410008223206,12.780105537594281,0.10830447062892468,0.11012730730956868,-0.0018228366806440077,0.008324709502607585,-0.00014011042895034647,54.788145822055164,13.013,0.42587495075926607,13.864749901518532,12.161250098481467,0.13090753884861794,0.49823891966723355,0.4530081270782572,0.03481999439494675,24.75619856623053,30.05008328017477,16.966070048436624,50.86705202312137,57.17914769485795,877632145.0,874694213.25,0.3771984649188295,1.1929699063436559,2.3665077545029103,10325146.15,-0.0473389389886235,0.9702546438047271,0.04919292851652579,-0.0002305386920771202,0.04636667068806033,0.0,9.0,-0.017411052233156754,0.0,1660.91,1624.53,-0.025459366395316096,-0.03351260664183808,0.027007036243291038,0.2297277507509072,0.005866299326740432,0.06605228918152073,0.005532646296391608,0.005387155200639704,0.4802681027426607,0.25957097676283547,13.21,13.98,0.058289174867524496,0.033947397488923725,0.02434177737860077,13.21,12.98,13.21,12.92,-0.02195306585919765,0.002988500104321501,-0.024941565963519152,13.21,12.82,-0.029523088569265776,0.040452141042477185,-0.06997522961174296,-0.0031742838,0.005,5
2025-09-09,13.21,13.24,12.77,12.98,4470118,-0.002305918524212136,-0.021853805576488305,-0.012927756653992373,0.040064102564102644,0.04257028112449812,-0.0370919881305638,13.059999999999999,12.988,12.450166666666666,12.902500776188866,12.79491253480952,0.10758824137934653,0.10961949412352426,-0.0020312527441777306,0.00828877052229172,-0.00015649096642355396,54.13984552718719,12.988,0.41144929981200284,13.810898599624005,12.165101400375994,0.12671675386880288,0.4951391337865598,0.4542218322869532,0.03499397783412582,24.247361166073606,27.829088707266287,19.486227434428596,49.13294797687863,54.56238361266293,873162027.0,873541359.15,0.27887805236536595,0.2578675298492481,-0.05522856602610743,8980121.1,-1.0434831733110133,0.49777925600580153,0.03620955315870575,-0.000615953187557694,0.042556324547194935,1.0,9.0,0.01526717557251911,1.0,1629.58,1637.32,0.007873046358023439,-0.02668513443624765,0.03304205179974118,0.2308633780674886,-0.010178964882235575,0.06674923700035029,-0.07013403993030498,-0.06789078896461098,0.5442332638255143,0.30962870252965624,13.1,13.98,0.06717557251908413,0.020948609398630857,0.04622696312045327,13.1,13.3,13.1,13.18,0.006106870229007688,-0.006772310663808012,0.0128791808928157,13.1,12.61,-0.037404580152671785,0.023621090736815065,-0.06102567088948685,-0.001878695,0.005,5
2025-09-10,13.1,13.42,13.04,13.3,6348738,0.024653312788905923,0.02229054573405076,0.0022607385079127518,0.031807602792862655,0.09375,-0.013353115727002929,13.142,12.979,12.458499999999999,12.96365450292904,12.832326421119925,0.13132808180911582,0.11396121166064258,0.01736687014847324,0.009874291865347053,0.0013057797104115217,59.62752122285902,12.979,0.40198062273277546,13.78296124546555,12.175038754534448,0.12388646975353282,0.6996364885810631,0.45320598712359933,0.03407563812959393,24.13096932865045,28.73615038598547,18.134911899779,71.3414634146342,57.1138211382114,879510765.0,872705941.95,0.2942278034751432,0.16639186555163885,-0.5213474022079713,8715608.85,-0.5488204705450442,0.7284331030987009,0.02857142857142863,0.024732259804299384,0.06754424689970717,2.0,9.0,0.002245508982035904,1.0,1646.41,1643.26,0.0036278797058608703,-0.02262534943198713,0.029057024410405585,0.2299817323592325,0.021025433083045053,0.054432952224849784,-0.042410140137408514,-0.041212623918200464,0.44167750825996344,0.27080284023928763,13.36,13.77,0.030688622754491135,0.01966132723112124,0.011027295523369895,13.36,13.39,13.36,13.33,-0.002245508982035904,0.011417238749046543,-0.013662747731082447,13.36,12.79,-0.042664670658682624,0.036051868802440934,-0.07871653946112356,-0.001878695,0.005,5
2025-09-11,13.36,13.71,13.24,13.39,11687018,0.006766917293232977,0.0315870570107859,0.02920830130668728,0.018250950570342317,0.06778309409888372,-0.00667655786350152,13.190000000000001,12.9745,12.473666666666666,13.029246117863034,12.873635575111042,0.15561054275199204,0.12229107787891247,0.033319464873079574,0.011621399757430324,0.002488384232492873,61.039583120740325,12.9745,0.3965439512376358,13.767587902475272,12.18141209752473,0.12225332806278026,0.7619507867307024,0.45440555947191374,0.033936188160710506,24.548180280127653,31.17167285761588,16.795106770193623,76.82926829268297,65.76789322806526,891197783.0,872454875.65,0.2953613399120912,0.10735636682544576,-0.578089887120494,8618408.4,0.7276970724917978,1.3560529343213765,0.035100821508588544,0.03202435546649185,0.07346142540284872,3.0,9.0,0.040892193308550207,1.0,1638.75,1657.75,0.008817837712839172,-0.022720171668759503,0.030798025145813313,0.230608811968867,-0.0020509204196061948,0.04097112223910182,-0.03747458300931483,-0.03635492317131073,0.456635714493293,0.28464172313657804,13.45,13.48,0.0022304832713755385,0.0019013008267048104,0.0003291824446707281,13.45,14.0,13.45,13.48,0.0022304832713755385,0.0024488273305975916,-0.00021834405922205313,13.45,13.09,-0.026765799256505574,0.03276133861205044,-0.05952713786855601,-0.001878695,0.005,5
2025-09-12,13.45,14.18,13.27,14.0,21726265,0.045556385362210516,0.05263157894736836,0.07858243451463798,0.055011303692539704,0.11642743221690588,0.050262565641410406,13.336000000000002,13.008000000000001,12.4985,13.17859286896103,12.957069976954669,0.22152289200636055,0.1421374407044021,0.07938545130195845,0.01582306371474004,0.005670389378711318,68.96310985442588,13.008000000000001,0.45250879607617883,13.91301759215236,12.102982407847643,0.13914784627188778,1.048055644775244,0.48694801950963423,0.0347820013935453,25.647236423691027,33.90499154476886,14.553220785808824,91.21951219512195,79.7967479674797,912924048.0,874089597.95,0.33353843154841184,0.23315003615969895,-0.40875624378172154,8905246.3,2.6237150761927093,2.4397152271914138,0.06500000000000002,0.07626076260762593,0.12013441612993558,4.0,9.0,-0.02032235459004894,0.0,1662.02,1667.26,0.005736691298446672,0.00017396833776239795,0.03453710598163329,0.23107040653984978,0.039819694063763844,0.054837335354777306,0.01572545965977712,0.015200479102057685,0.4697079741644956,0.27969042752892714,14.27,13.33,-0.06587245970567623,-0.008352315869400218,-0.057520143836276016,14.27,13.98,14.27,13.27,-0.07007708479327257,-0.007108735553841616,-0.06296834923943095,14.27,12.94,-0.09320252277505259,0.04481672137224302,-0.1380192441472956,-0.001878695,0.005,5
2025-09-15,14.27,14.27,13.89,13.98,8803190,-0.0014285714285714457,0.04406273338312161,0.051127819548872244,0.0745580322828594,0.10952380952380958,0.04172876304023854,13.530000000000001,13.035999999999998,12.5235,13.301886273736256,13.032842571254323,0.2690437024819339,0.16751869305990846,0.10152500942202541,0.019244900034473097,0.007262160902863048,68.47142240118777,13.035999999999998,0.4947024624112813,14.02540492482256,12.046595075177436,0.15179578472270056,0.9770544275233407,0.479308875258946,0.03428532727174149,26.790076690526003,33.32619734046288,13.72908417339108,86.44859813084116,84.8324595395487,904120858.0,874808209.95,0.33347257345112136,0.2973352088633645,-0.3807985549000681,8869455.0,-0.013566443160626752,0.9925288532384459,0.02718168812589406,0.07241485118134428,0.11630135345550374,0.0,9.0,-0.005689900426742556,0.0,1672.59,1684.9,0.010580233436896513,0.03716151748505725,0.026945980044981166,0.22555827011191878,-0.012008804865467959,0.03739651479780215,0.01478278299525737,0.01439489835152763,0.4639890679081258,0.27715921194215193,14.06,12.92,-0.08108108108108114,-0.036785375426520495,-0.044295705654560646,14.06,13.98,14.06,13.27,-0.05618776671408254,-0.01790944503703873,-0.038278321677043814,14.06,12.64,-0.10099573257467998,0.04022111299038822,-0.1412168455650682,-0.001878695,0.005,5
2025-09-16,14.06,14.36,13.86,13.98,12729710,0.0,-0.0014285714285714457,0.04406273338312161,0.07704160246533132,0.12019230769230771,0.048762190547636974,13.73,13.0685,12.550999999999998,13.406211462392218,13.10300238079104,0.3032090816011781,0.1946567707681624,0.1085523108330157,0.021688775507952653,0.007764829101074084,68.47142240118777,13.0685,0.5347628593960765,14.138025718792154,11.998974281207847,0.16367995084243078,0.9261234601395952,0.4807868127404499,0.03439104526040414,27.9754164554888,32.18772145837518,12.709246645050497,82.24299065420564,86.63703366005625,904120858.0,876309110.35,0.33192848857501206,0.2525731574134639,-0.3461762056509071,8723652.1,0.8501754971112981,1.4592179805061232,0.035765379113018594,0.06974786700845548,0.11385546968369065,1.0,9.0,-0.024787535410764838,0.0,1696.87,1680.9,-0.002374028132233419,0.026616666259497324,0.031226993865030694,0.22409853082416253,0.002374028132233419,0.05042493620583399,0.01753519668260628,0.0170042064326541,0.4552031826490701,0.27319398207250584,14.12,13.18,-0.06657223796033995,-0.025523064913085647,-0.041049173047254306,14.12,13.77,14.12,13.21,-0.06444759206798856,-0.009767056594103929,-0.05468053547388463,14.12,12.46,-0.11756373937677045,0.0494431168769256,-0.16700685625369605,-0.001878695,0.005,5
2025-09-17,14.12,14.18,13.77,13.77,8727511,-0.015021459227467893,-0.015021459227467893,-0.01642857142857146,0.03533834586466167,0.06826997672614432,0.028379387602688544,13.824000000000002,13.0875,12.5685,13.462178929716492,13.152409611843556,0.30976931787293616,0.21767928018911717,0.09209003768381899,0.022495956272544384,0.006687729679289687,63.00149213253091,13.0875,0.5532190486502312,14.193938097300462,11.981061902699539,0.16908318583388143,0.8084221348059119,0.47573061183041776,0.034548337823559754,28.75781985216722,30.2062630642827,13.278177401434112,69.58762886597938,79.4264058836754,895393347.0,877035101.5,0.33762263074894555,0.3598619105355648,-0.45797963635587524,8821493.95,-0.020040663278175618,0.989346141307505,0.029774872912127825,0.05214899713467047,0.09559613319011806,2.0,9.0,-0.016776075857038664,0.0,1678.09,1670.97,-0.005907549527039091,0.01686282146464957,0.021144362216369172,0.22548145492538008,-0.009113909700428802,0.0184755244000121,0.007235025386319371,0.007085213074688124,0.45981040377040167,0.28120531415412664,13.71,13.33,-0.027716994894237845,-0.010973535817644708,-0.016743459076593137,13.71,13.48,13.71,13.03,-0.0495988329686361,-0.006444490855386786,-0.04315434211324931,13.71,12.28,-0.10430342815463178,0.048990064743264616,-0.1532934928978964,-0.001878695,0.005,5
2025-09-18,13.71,13.8,13.39,13.48,7742919,-0.021060275962236696,-0.03576537911301858,-0.03576537911301858,0.006721433905899854,0.025095057034220547,0.0022304832713755385,13.842000000000002,13.089000000000002,12.5935,13.464920632837032,13.17667556652181,0.2882450663152216,0.23179243741433808,0.05645262890088354,0.02138316515691555,0.00418788048226139,56.311399273975965,13.089000000000002,0.5542932911659423,14.197586582331887,11.980413417668117,0.16939209753715098,0.6763506821350568,0.4710355681282451,0.03494329140417248,28.255738359762262,28.32824779410917,18.215012243679304,53.926701570680684,68.58577369695523,887650428.0,876927467.05,0.3467941301707906,0.4616338417059222,-0.5822343453626411,8762160.25,-0.21705952824899463,0.8836769448493025,0.030415430267062324,0.029872411948964617,0.07039345694207322,3.0,9.0,-0.015509601181683874,0.0,1675.85,1665.18,-0.0034650532325535277,0.0044819785854322,0.0066376496191513645,0.22299107000123514,-0.01759522272968317,0.0022394553204676537,-0.004407166347775826,-0.004378106014058969,0.4983839481793105,0.32997983306376866,13.54,13.48,-0.004431314623338123,-0.003081544242598322,-0.001349770380739801,13.54,13.33,13.54,12.85,-0.05096011816838997,-0.011087575692300344,-0.03987254247608962,13.54,12.28,-0.09305760709010336,0.05720901845336401,-0.15026662554346737,-0.001878695,0.005,5
2025-09-19,13.54,13.68,13.33,13.33,3921381,-0.011127596439169163,-0.031953522149600566,-0.046494992846924155,-0.04785714285714282,0.0045214770158252815,0.024596464258263007,13.708000000000002,13.105,12.618833333333333,13.444163612400565,13.188032931964639,0.2561306804359269,0.23666008601865585,0.01947059441727106,0.019214604683865485,0.0014606597462318873,53.16656436338515,13.105,0.5565069631190541,14.21801392623811,11.991986073761892,0.16986095783870414,0.6010769024069987,0.462390170404799,0.03468793476405094,27.610247062217383,26.796627443631717,18.15704414825659,45.21276595744682,56.242365464702296,883729047.0,877260424.85,0.3274332572583787,0.6044144997013515,-0.46649404414236806,8321568.0,-0.9328714686610373,0.47123102280724016,0.02625656414103523,0.017169019458222134,0.05635756078876808,4.0,9.0,-0.02857142857142858,0.0,1671.24,1658.62,-0.003939514046529591,-0.005182155152765655,-0.0034487731019731127,0.22243356432918007,-0.007188082392639572,-0.042674987704377165,0.02804523736023612,0.02814229374593502,0.5009714035501938,0.3333635468058488,13.3,13.27,-0.0022556390977443996,0.002438641604191494,-0.004694280701935893,13.3,12.92,13.3,12.46,-0.06315789473684208,-0.006543285888474526,-0.056614608848367554,13.3,11.98,-0.09924812030075192,0.04498810860405866,-0.14423622890481058,-0.001878695,0.005,5
2025-09-22,13.3,13.39,12.92,12.92,9589767,-0.030757689422355572,-0.041543026706231445,-0.061728395061728336,-0.07582260371959948,-0.006917755572636408,0.009374999999999911,13.496,13.111,12.638833333333334,13.363523056646633,13.168178640707998,0.19534441593863505,0.2283969520026517,-0.03305253606401665,0.015119536837355655,-0.0025582458253882853,45.66039323877501,13.111,0.5536852611556901,14.21837052231138,12.003629477688621,0.16892235867765684,0.413759669346565,0.4629337296615991,0.03583078402953554,25.889015329080294,24.853366439866303,23.166429659170085,16.763005780346784,38.63415776949143,874139280.0,877508367.85,0.3416308627088558,0.4817379785441951,-0.5461112573420783,8406582.8,0.2504655545741872,1.1407449647673724,0.036377708978328226,-0.014567920067119267,0.022246251631875325,0.0,9.0,0.006106870229007688,1.0,1656.66,1634.45,-0.014572355331540554,-0.02994242981779338,-0.03172393364928905,0.22137673287445267,-0.016185334090815018,-0.0458801739018061,0.04109893364928896,0.04244547095353157,0.5475207788698281,0.36147775812990374,13.1,13.27,0.012977099236641143,0.019179020500024624,-0.006201921263383481,13.1,13.18,13.1,12.82,-0.021374045801526687,0.036926953373452864,-0.05830099917497955,13.1,11.32,-0.13587786259541978,0.0008011644405303553,-0.13667902703595014,-0.001878695,0.005,5
2025-09-23,13.1,13.24,13.01,13.18,3193952,0.020123839009287936,-0.011252813203300849,-0.022255192878338326,-0.05722460658082984,0.015408320493066174,0.05863453815261055,13.335999999999999,13.147499999999999,12.665166666666666,13.33528874023946,13.16905429695185,0.1662344432876086,0.2159644502596431,-0.049730006972034474,0.012612628474021899,-0.0037731416518994292,50.43892780655767,13.147499999999999,0.5314317800452806,14.21036356009056,12.084636439909438,0.1616829906964154,0.515288886184616,0.4527241775429135,0.034349330617823484,24.290728719738716,23.59856942354593,21.996802724104505,25.78616352201259,29.253978419935397,877333232.0,878360331.6,0.3313746969185234,0.3359492689036556,-0.6339295787928739,8121957.25,-1.0133775469374282,0.39324905336087557,0.017450682852807316,0.002471952842745928,0.0406495506046769,1.0,9.0,0.009084027252081794,1.0,1635.12,1635.26,0.0004955795527548101,-0.027152120887619757,-0.006204914097491909,0.20294883446596967,0.019628259456533126,-0.030072485693210083,0.06483945225010246,0.06524428744907596,0.5434739710696719,0.3572910302521225,13.21,13.21,0.0,0.016106545347813306,-0.016106545347813306,13.21,13.33,13.21,12.61,-0.04542013626040886,0.03053761862831439,-0.07595775488872325,13.21,11.8,-0.10673732021196058,0.01716441639761279,-0.12390173660957338,-0.001878695,0.005,5
2025-09-24,13.21,13.39,13.15,13.33,3817059,0.011380880121396153,0.03173374613003088,0.0,-0.031953522149600566,0.0022556390977443996,0.09621710526315796,13.248,13.206,12.6915,13.334475087894926,13.180976200881343,0.15349888701358338,0.20347133761043115,-0.04997245059684777,0.011515295349856219,-0.0037488710125167116,53.00647737158361,13.206,0.47879673744655044,14.1635934748931,12.2484065251069,0.14502400043814934,0.564745637502304,0.4375295934327054,0.032822925238762596,23.17145379296844,25.12276727675354,21.134945486653585,35.22012578616356,25.923098362840978,881150291.0,879689822.4,0.3173646654538862,0.23074883769957577,-0.46271571076680945,8026136.1,-0.8536127891664815,0.47557865359397533,0.018004501125281337,0.009389671361502483,0.05030926210455822,2.0,9.0,0.0022304832713755385,1.0,1635.36,1657.46,0.0135758228049363,-0.008085124209291639,0.026907802209376497,0.19566500682732607,-0.0021949426835401464,-0.023868397940308927,0.06930930305378147,0.06749320913198198,0.5472964978396754,0.36241864688866204,13.45,13.03,-0.03122676579925654,0.0023900113179378124,-0.03361677711719435,13.45,13.48,13.45,12.79,-0.04907063197026018,0.02212416018494001,-0.07119479215520019,13.45,11.86,-0.11821561338289965,0.010487152936643707,-0.12870276631954336,-0.001878695,0.005,5
2025-09-25,13.45,13.59,13.42,13.48,4784558,0.01125281320330096,0.022761760242792084,0.04334365325077405,0.0,0.006721433905899854,0.07496012759170667,13.248,13.253,12.723333333333333,13.356863535911092,13.203126111927169,0.1537374239839231,0.19352455488512954,-0.03978713090120645,0.011404853411270259,-0.002951567574273475,55.489741650303415,13.253,0.45555171871153943,14.16410343742308,12.34189656257692,0.13749391646013426,0.624574219938208,0.4248489081875122,0.03151698131954838,22.593227971684716,27.387115217951443,20.211073204291065,44.65408805031452,35.22012578616356,885934849.0,881098164.9,0.30286034848897786,0.2866794301910569,-0.04429101159280956,8104987.8,-0.6829472389488,0.5903226652605202,0.012611275964391686,0.017128197389270294,0.05947078857741683,3.0,9.0,-0.019940915805022108,0.0,1661.08,1666.09,0.005206762154139399,0.0005464874668204001,-0.0009234662365154023,0.1566451545707944,0.0060460510491615604,-0.0005464874668204001,0.07588359382822207,0.0759537345376049,0.5453208682766785,0.363359193515187,13.54,12.85,-0.05096011816838997,-0.008381932944536485,-0.04257818522385348,13.54,13.27,13.54,13.09,-0.03323485967503692,0.029873761009911792,-0.06310862068494871,13.54,12.04,-0.1107828655834564,0.012227902176782601,-0.123010767760239,-0.001878695,0.005,5
2025-09-26,13.54,13.59,13.24,13.27,4863674,-0.015578635014836806,-0.004501125281320406,0.006828528072837514,-0.004501125281320406,-0.05214285714285716,0.05821371610845305,13.235999999999999,13.2895,12.751666666666667,13.343499915001694,13.208079733265897,0.13542018173579606,0.18190368025526285,-0.04648349851946679,0.010204987319954489,-0.0035029011695152062,51.395069652836696,13.2895,0.4235374214498692,14.136574842899739,12.442425157100262,0.12748031798032108,0.488489801011415,0.4195025576026899,0.031612852871340615,21.529560155223116,25.754996728945134,22.071461040939624,31.446540880503147,37.10691823899374,881071175.0,882263323.7,0.31040222813729784,0.34271546131788694,-0.24791164509264635,8043003.7,-0.6492995279439139,0.604708661267929,0.026375282592313462,-0.0014673238270815903,0.04064828127042208,4.0,9.0,-0.006736526946107824,0.0,1666.68,1660.7,-0.003235119351295501,0.0012540545754906596,-0.007221511495833277,0.1566000409917327,-0.012343515663541305,-0.005755179856811066,0.06543522760428633,0.06591120613710966,0.5569574645029078,0.36886090242779906,13.36,12.46,-0.06736526946107779,-0.008088040307610789,-0.059277229153467004,13.36,13.27,13.36,12.94,-0.03143712574850299,0.05322316241170655,-0.08466028816020954,13.36,12.07,-0.09655688622754488,0.014428292471251991,-0.11098517869879687,-0.001878695,0.005,5
2025-09-29,13.36,13.51,13.18,13.27,3726511,0.0,-0.015578635014836806,-0.004501125281320406,0.027089783281733615,-0.05078683834048647,0.05317460317460321,13.306000000000001,13.323000000000002,12.7785,13.332192235770664,13.212666419690645,0.119525816080019,0.16942810742021408,-0.04990229134019508,0.00900722050339254,-0.0037605343888617243,51.395069652836696,13.323000000000002,0.3914090604873121,14.105818120974627,12.540181879025377,0.11751379133447792,0.46614794766502304,0.41310951777392635,0.03113108649389046,20.368877837634795,24.28545405409945,21.849523673540794,24.30555555555554,33.4687281621244,881071175.0,883319167.75,0.31050475344264694,0.3828903693647181,-0.23031278524572105,8120014.5,-0.9132285341833505,0.4589291065921126,0.024868123587038438,-0.003978083014336331,0.038463043393199614,0.0,9.0,-0.01784386617100364,0.0,1659.24,1666.48,0.0034804600469682256,0.019596806265104405,-0.008555144390371527,0.15608417964752877,-0.0034804600469682256,0.00749297701662921,0.061729747564974735,0.06226241148532452,0.5616961018899017,0.3716711782532594,13.45,12.82,-0.04684014869888464,0.016572134351804158,-0.0634122830506888,13.45,13.21,13.45,12.64,-0.06022304832713743,0.05831424699914867,-0.1185372953262861,13.45,12.01,-0.1070631970260223,-0.009185423236962253,-0.09787777378906004,-0.001878695,0.005,5
2025-09-30,13.45,13.45,12.94,13.21,4408994,-0.0045214770158250595,-0.0045214770158250595,-0.02002967359050445,0.0022761760242793194,-0.05507868383404857,0.05849358974358987,13.312000000000001,13.3595,12.801833333333333,13.313393430267485,13.212468907120968,0.10092452314651723,0.15572739056547472,-0.054802867418957485,0.00764000932221932,-0.004148589509383609,50.16837141600448,13.3595,0.33921697760388775,14.037933955207777,12.681066044792225,0.10156577045664524,0.38981978359690583,0.4200302665043602,0.03179638656353976,19.200919327292283,22.1792144132095,24.035887023274167,20.13888888888896,25.296995108315883,876662181.0,884368412.75,0.3083773959561705,0.3596888149139542,-0.17247203418063545,8126613.55,-0.7736182857617675,0.5425376724109147,0.038607115821347446,-0.011190538568060182,0.031883454192759064,1.0,9.0,-0.015861027190332444,0.0,1667.86,1661.7,-0.0028683212519802215,0.016168682655969047,-0.012192294660000824,0.1562580180689167,-0.001653155763844838,-0.013892506631689727,0.07068588440359069,0.07155834482912948,0.5634299672342752,0.37426268048360434,13.24,12.61,-0.047583081570997,0.012222589266944972,-0.05980567083794197,13.24,13.03,13.24,12.46,-0.05891238670694854,0.05772545722093758,-0.11663784392788612,13.24,12.07,-0.08836858006042292,0.009339619808402588,-0.09770819986882551,-0.001878695,0.005,5
2025-10-01,13.24,13.24,12.97,13.03,3365806,-0.013626040878122692,-0.018085908063300682,-0.018085908063300682,-0.022505626406601698,-0.053740014524328306,0.010861132660977324,13.251999999999999,13.366499999999998,12.823666666666666,13.269794440995565,13.198952691778674,0.0708417492168909,0.13875026229575796,-0.06790851307886706,0.005436818819408358,-0.005211704764302921,46.57674348113049,13.366499999999998,0.33034710612671503,14.027194212253429,12.705805787746568,0.09885822201076278,0.24534361452002257,0.4093138188969059,0.0314131864080511,18.11638642483138,21.134192299351945,22.903383725477305,7.638888888888852,17.361111111111118,873296375.0,884920107.9,0.2924732243541175,0.5530932060065928,0.38699088333717574,7965644.3,-0.9363399131409587,0.4225403336174577,0.02072141212586336,-0.025174877492238013,0.016090041849704972,2.0,10.0,-0.01607963246554367,0.0,1664.95,1665.05,0.0020160077029547363,0.004579296031276714,-0.00966514007018382,0.15652700774088107,-0.015642048581077428,-0.02708492243787841,0.020526272731161144,0.020726598206000535,0.5780988524766303,0.38117089332038234,13.06,12.79,-0.020673813169984734,0.017859283950025118,-0.03853309712000985,13.06,12.85,13.06,12.28,-0.059724349157733614,0.053901585093882654,-0.11362593425161627,13.06,12.25,-0.06202143950995409,0.010665211865422908,-0.072686651375377,-0.001878695,0.005,5
2025-10-02,13.06,13.09,12.79,12.85,3450715,-0.013814274750575617,-0.027252081756245383,-0.03165033911077619,-0.04673590504451042,-0.04673590504451042,-0.02281368821292784,13.126,13.351499999999998,12.839166666666667,13.2052106808424,13.173104344239512,0.03210633660288842,0.11742147715718405,-0.08531514055429563,0.0024985475955555192,-0.006639310548972423,43.24278863223375,13.351499999999998,0.34708219866705786,14.045664397334114,12.657335602665881,0.10398298278607147,0.13877432930443467,0.4015056889756984,0.031245578908614662,17.598391501138977,20.006249254691273,24.883249798172073,3.821656050955445,10.533144609577752,869845660.0,884879784.5,0.2872994952231429,0.7944715802669803,0.9065279714932516,7718697.25,-0.8513417984638675,0.44705924953851506,0.02334630350194558,-0.037561322697824084,0.0008437723112870721,3.0,10.0,-0.018897637795275424,0.0,1668.04,1652.71,-0.007411188853187589,-0.008030778649412595,-0.025691361736495444,0.15429840579309473,-0.006403085897388028,-0.03870512639509782,0.002877673523567603,0.0029535543569607636,0.5804497865000547,0.38400232909759197,12.7,13.09,0.03070866141732287,0.03940922495594612,-0.008700563538623252,12.7,12.46,12.7,12.28,-0.03307086614173227,0.06991685791969182,-0.10298772406142409,12.7,12.13,-0.04488188976377938,0.011008907647496846,-0.05589079741127623,-0.001878695,0.005,5
2025-10-03,12.7,12.82,12.4,12.46,4954887,-0.030350194552529075,-0.04374520337682264,-0.05677517032551094,-0.061039939713639746,-0.06526631657914472,-0.061039939713639746,12.963999999999999,13.310999999999998,12.847666666666667,13.090562883789724,13.12028180022177,-0.029718916432045717,0.08799339843933811,-0.11771231487138382,-0.002385145781063059,-0.009447216281812505,37.05403876268577,13.310999999999998,0.4002749055336619,14.111549811067322,12.510450188932674,0.1202839472717788,-0.031509712597028464,0.40496956833457703,0.032501570492341654,18.02593066530463,18.41833237885666,29.787064053570397,3.0612244897959453,4.840589809880081,864890773.0,883741814.85,0.30261261791521926,0.8040712057358387,0.7958738938552936,7116539.7,-0.47602589136855333,0.6962494707926663,0.03370786516853932,-0.06393208624445923,-0.03017409127468018,4.0,10.0,0.019077901430842648,1.0,1651.39,1645.82,-0.004168910456159969,-0.008960077075931938,-0.012687690840267107,0.14282378943930982,-0.026181284096369106,-0.05207986263770781,-0.04835224887337264,-0.04897361090790364,0.6057132366291399,0.39030525488351014,12.58,12.94,0.02861685214626397,0.04446078079801086,-0.015843928651746886,12.58,12.82,12.58,11.98,-0.04769475357710651,0.0346828755169859,-0.08237762909409241,12.58,12.97,0.031001589825119247,-0.02002797102488707,0.05102956085000632,-0.001878695,0.005,5
2025-10-06,12.58,12.82,12.49,12.82,2803865,0.028892455858748,-0.0023346303501945442,-0.016116653875671405,-0.03391107761868872,-0.007739938080495334,-0.014604150653343528,12.874,13.301499999999999,12.859166666666665,13.04893782474515,13.098038703909046,-0.04910087916389472,0.06057454291869155,-0.10967542208258627,-0.003830021775654814,-0.008555025123446667,44.893949220402135,13.301499999999999,0.4099329213419952,14.12136584268399,12.481634157316009,0.12327419353967452,0.2063543967000047,0.40175745631067866,0.03133833512563796,18.42293131774417,17.239476196522727,27.880557867731426,23.595505617977533,10.15946205290964,867694638.0,883244939.5,0.31594098932763376,0.572468355884722,0.08184260703874582,6755831.9,-0.8619814101724721,0.4150288286480307,0.025741029641185652,-0.03619892493327814,-0.003045816862160433,0.0,10.0,-0.02323780015491872,0.0,1673.16,1695.5,0.03018556099694991,0.017413950362440644,0.0436864816285325,0.1507259004271215,-0.001293105138201911,-0.05132502798112937,-0.05829063228187603,-0.05585071121254859,0.6313113016808125,0.41741678942475535,12.91,12.64,-0.02091402013942678,0.03592933857620739,-0.056843358715634174,12.91,12.61,12.91,11.32,-0.12316034082106897,-0.03959739421327546,-0.08356294660779351,12.91,13.27,0.027885360185902375,-0.05100064557779216,0.07888600576369453,-0.001878695,0.005,5
2025-10-07,12.91,12.97,12.58,12.61,3022433,-0.01638065522620913,0.012038523274478186,-0.018677042801556465,-0.04542013626040886,-0.04324734446130507,-0.02850539291217269,12.754000000000001,13.283000000000001,12.870166666666668,12.981408928630511,13.061887688804672,-0.08047876017416122,0.032363882300120994,-0.11284264247428222,-0.006382137999536973,-0.008948663162115957,41.63621289576055,13.283000000000001,0.43291059001525,14.1488211800305,12.417178819969502,0.13036530603485647,0.11135161883179227,0.4009176380027731,0.03179362712155219,18.26331343569562,18.714058415416368,25.94332036596589,14.99999999999993,13.885576702591136,864672205.0,882820448.4,0.32089089030666984,0.6344196202357244,-0.010135555073907645,6683447.65,-0.7900507371998607,0.4522266288717021,0.030927835051546438,-0.05066626515094497,-0.02021470843423434,1.0,10.0,-0.0046692607003890885,0.0,1703.9,1685.3,-0.006015924506045489,0.014202322922308497,0.029303984560134833,0.15183024277025553,-0.01036473072016364,-0.05962245918271736,-0.05780937747230752,-0.056163561338016144,0.654533262916658,0.433208047472522,12.85,12.46,-0.030350194552529075,0.03527212444005512,-0.0656223189925842,12.85,12.79,12.85,11.8,-0.08171206225680927,-0.02212150071132113,-0.05959056154548814,12.85,13.72,0.067704280155642,-0.028852597791964918,0.09655687794760692,-0.001878695,0.005,5
2025-10-08,12.85,12.88,12.58,12.79,2887250,0.014274385408405976,-0.002340093603744209,0.026484751203852186,-0.018419033000767526,-0.04051012753188299,-0.03834586466165424,12.706,13.257499999999999,12.883166666666664,12.951961401148894,13.041747860004326,-0.08978645885543202,0.007933814069010394,-0.09772027292444241,-0.007020051513325412,-0.007640365357657734,45.30018272385949,13.257499999999999,0.44665864747971223,14.150817294959422,12.364182705040575,0.13476406486282086,0.23833485445883248,0.3937092352882893,0.030782582899788066,18.11509683093625,17.69550080606903,24.531292799100864,30.468749999999922,23.021418539325794,867559455.0,882222882.9,0.31176296307341805,0.674575206892205,0.3135295885021852,6510373.25,-0.7690679068254151,0.44348455750981713,0.02345582486317441,-0.035263058646049394,-0.00723165888303845,2.0,10.0,0.021060842433697324,1.0,1701.06,1697.83,0.0074348780632527145,0.019687096483589128,0.03320837846719327,0.1531375523142961,0.006839507345153262,-0.038106129484356654,-0.0715542431288475,-0.06925441626305928,0.6599093264115793,0.4348363270226297,12.82,12.28,-0.04212168486739476,0.03241208391082706,-0.07453376877822182,12.82,13.09,12.82,11.86,-0.0748829953198129,-0.014247457069698655,-0.06063553825011425,12.82,14.53,0.13338533541341646,-0.02811318095327575,0.1614985163666922,-0.001878695,0.005,5
2025-10-09,12.82,13.24,12.73,13.09,4000217,0.023455824863174435,0.03806502775574949,0.021060842433697324,0.018677042801556354,-0.028931750741839846,-0.022404779686333143,12.754,13.242500000000001,12.902166666666666,12.97319810866445,13.0453220925966,-0.07212398393214947,-0.00807774553122158,-0.0640462384009279,-0.00550985362354083,-0.004892760764012826,50.83952186522608,13.242500000000001,0.44701200972914673,14.136524019458294,12.348475980541709,0.1350234501730478,0.4147114637409829,0.4020157184819829,0.030711666805346288,16.84985765855246,22.488365034428032,22.308394760831007,57.9831932773109,34.48398109243692,871559672.0,881240977.35,0.323241658807229,0.5754419419270118,-0.16767128928729724,6126033.2,-0.46433582811984947,0.6529865035664514,0.038961038961038946,-0.011515952425901532,0.014558278325345952,3.0,10.0,-0.01145912910618796,0.0,1702.76,1716.47,0.010978719895395894,0.038579061057293806,0.035421505052028346,0.15465822879646457,0.01247710496777854,-0.019902018255737453,-0.05782628473836149,-0.055848062316858904,0.6743811290038844,0.43948157200982857,13.09,12.28,-0.06187929717341489,0.024100575562086002,-0.0859798727355009,13.09,12.94,13.09,12.04,-0.0802139037433156,-0.022147258110324808,-0.0580666456329908,13.09,14.8,0.13063407181054254,-0.04789395283057141,0.17852802464111395,-0.001878695,0.005,5
2025-10-10,13.09,13.15,12.91,12.94,3540087,-0.01145912910618796,0.011727912431587217,0.026169706582077623,0.038523274478330594,-0.024868123587038493,-0.07571428571428573,12.85,13.1895,12.918666666666667,12.968090707331458,13.037520456107963,-0.0694297487765052,-0.020348146180278307,-0.0490816025962269,-0.005365513815804112,-0.00379301411099126,48.210648072584576,13.1895,0.41409984811699013,14.017699696233981,12.36130030376602,0.12558469937965508,0.34937207708808843,0.3904431671618413,0.030173351403542607,15.674992712767509,21.500987455345374,21.328918983981602,45.37815126050415,44.61003151260499,868019585.0,878995754.2,0.27409571310233843,0.34445631957213324,-0.7502111436116484,5216724.3,-0.6068806083562244,0.6786034293589178,0.01854714064914994,-0.01891656241707429,0.0016513572092062834,4.0,10.0,0.0,0.0,1725.27,1747.55,0.018106928754944684,0.06181113365981705,0.048156856159207395,0.16475258051988084,-0.029566057861132644,-0.02328785918148646,-0.12387114187349313,-0.11817996623844818,0.6417697864112651,0.42064173290695456,12.64,11.98,-0.05221518987341778,-0.004050096937689429,-0.04816509293572835,12.64,12.64,12.64,12.07,-0.04509493670886078,-0.03167014721872252,-0.013424789490138256,12.64,14.8,0.1708860759493671,-0.08004119132680954,0.25092726727617665,-0.001878695,0.005,5
2025-10-13,12.64,12.76,12.46,12.64,5831826,-0.023183925811437356,-0.03437738731856377,-0.011727912431587106,-0.01404056162246492,-0.047475508666164234,-0.09585121602288982,12.813999999999998,13.122499999999999,12.930166666666668,12.917615213895848,13.008074496396262,-0.09045928250041335,-0.03437037344430532,-0.056088909056108034,-0.007156588805412449,-0.004437413691147788,43.379328317866644,13.122499999999999,0.386983951795626,13.896467903591251,12.348532096408746,0.11796043491579385,0.18829456766800506,0.3968400837931383,0.031395576249457144,15.756558109460798,19.643370891744993,27.585868806802655,20.168067226890784,41.17647058823528,862187759.0,876899099.25,0.2823664127284679,0.44321261756947133,-0.8576664963923389,5068156.1,0.28962901805175956,1.1506800273969462,0.023734177215189788,-0.036768908363497665,-0.02244106160013415,0.0,10.0,-0.04594180704441042,0.0,1738.23,1765.12,0.010054075705988375,0.04106163373636096,0.047611134191940074,0.16441654763329852,-0.03323800151742573,-0.05510219535882588,-0.1434623502148299,-0.136942368721088,0.6240634087131023,0.4036561394530458,13.06,11.32,-0.1332312404287902,-0.08218870760584862,-0.05104253282294158,13.06,12.46,13.06,12.01,-0.08039816232771824,-0.07315322187137197,-0.007244940456346272,13.06,14.8,0.1332312404287903,-0.11353528101987143,0.24676652144866174,-0.001878695,0.005,5
2025-10-14,13.06,13.06,12.46,12.46,4375413,-0.014240506329113889,-0.037094281298299725,-0.048128342245989275,-0.011895321173671536,-0.05677517032551094,-0.10872675250357655,12.784,13.0465,12.934166666666666,12.847212873296487,12.967476385552095,-0.12026351225560816,-0.05154900120656589,-0.06871451104904228,-0.009651967275730991,-0.005514808270388625,40.74121912999202,13.0465,0.357877882730077,13.762255765460154,12.330744234539846,0.10972379802401466,0.09029320593530742,0.4113515063793427,0.03301376455692959,14.917551602183496,22.80611217305205,24.71180246218768,5.042016806722733,23.529411764705884,857812346.0,874583673.65,0.28362726660748944,0.5606307325921652,-0.8026652160010688,4650441.25,-0.14289495693138807,0.9408597517493635,0.04815409309791329,-0.04495458552102094,-0.0366600090200373,1.0,10.0,-0.016813450760608584,0.0,1782.97,1761.06,-0.002300126903553301,0.04495342075594855,0.047688738175976964,0.16438842042205312,-0.011940379425560588,-0.056848741929620084,-0.15641549067955351,-0.14929576407576206,0.6260943577026215,0.407681779320771,12.49,11.8,-0.055244195356285,-0.05814440694856515,0.0029002115922801552,12.49,12.28,12.49,12.07,-0.033626901521216945,-0.04847915203949893,0.014852250518281984,12.49,14.68,0.17534027221777415,-0.09767739451452906,0.2730176667323032,-0.001878695,0.005,5
2025-10-15,12.49,12.58,12.25,12.28,4691917,-0.014446227929374111,-0.02848101265822789,-0.051004636785162316,-0.03987490226739643,-0.05755947812739837,-0.10820624546114743,12.681999999999999,12.972,12.937666666666667,12.759949354327796,12.916552208844532,-0.15660285451673595,-0.07255977186859991,-0.08404308264813604,-0.012752675449245599,-0.00684389923844756,38.23696694002157,12.972,0.3544098133368648,13.68081962667373,12.26318037332627,0.10928455545385907,0.01186453227364696,0.40554068449510394,0.03302448570807036,14.661852890946628,21.480541978415822,26.974232715106908,2.2388059701492065,9.149630001254241,853120429.0,872470027.75,0.2833807308941965,0.5582093223672199,-0.7988489332034187,4448661.55,0.14571709754613127,1.0546805926380263,0.026872964169381116,-0.05334566759173609,-0.05083348362661999,2.0,10.0,-0.004862236628849326,0.0,1766.12,1757.95,-0.0017659818518391823,0.03540990558536494,0.052053597610968394,0.16226189336584404,-0.012680246077534929,-0.07528480785276137,-0.16025984307211583,-0.15233049289127298,0.6251228720256194,0.4043590747007847,12.34,11.86,-0.03889789303079416,-0.048744410629579904,0.009846517598785742,12.34,12.28,12.34,12.25,-0.007293354943273878,-0.04459028285473021,0.037296927911456335,12.34,14.65,0.18719611021069693,-0.07517667794458527,0.2623727881552822,-0.001878695,0.005,5
2025-10-16,12.34,12.49,12.22,12.28,4587177,0.0,-0.014446227929374111,-0.02848101265822789,-0.06187929717341489,-0.04435797665369656,-0.08902077151335319,12.52,12.912,12.942166666666667,12.68611099212352,12.869400193374567,-0.1832892012510463,-0.0947056577450892,-0.08858354350595711,-0.014925830720769244,-0.0072136436079769635,38.23696694002158,12.912,0.36529152020932876,13.642583040418659,12.181416959581343,0.11316342013919732,0.06746874411577078,0.39585920703116795,0.03223609177778241,14.497928467532578,20.434039616111534,26.201403321473222,4.651162790697579,3.977328522523173,853120429.0,870743527.8,0.2779082436134143,0.43356079245255225,-0.7788912017198586,4290874.45,0.20020318539606058,1.0690541178616866,0.021986970684039056,-0.04894671623296165,-0.05116350945874604,3.0,10.0,-0.019639934533551617,0.0,1764.51,1766.85,0.005062715094285908,0.029350935349874874,0.061056462364428965,0.16085894927367875,-0.005062715094285908,-0.09123023252328977,-0.15007723387778216,-0.1414413268294452,0.6455123503158748,0.4137525637704561,12.22,12.04,-0.014729950900163824,-0.047724950751011797,0.03299499985084797,12.22,11.98,12.22,12.13,-0.0073649754500818565,-0.05759732672540796,0.050232351275326104,12.22,15.67,0.2823240589198035,-0.07912012237456312,0.3614441812943666,-0.001878695,0.005,5
2025-10-17,12.22,12.37,11.98,11.98,5703227,-0.024429967426709998,-0.024429967426709998,-0.038523274478330705,-0.07418856259659967,-0.038523274478330705,-0.10127531882970742,12.328,12.8445,12.937666666666667,12.577478531796825,12.803518697569043,-0.22604016577221842,-0.12097255935051505,-0.10506760642170336,-0.018868127359951452,-0.00877025095339761,34.17638497729371,12.8445,0.4064023803287148,13.65730476065743,12.03169523934257,0.12656074750397917,-0.0318005269191313,0.3954406922432273,0.033008405028650024,14.914772106481411,18.99454698952972,28.69075127733899,0.0,2.2966562536155952,847417202.0,868927935.55,0.28600587505439207,0.44469096189624796,-0.9018478886935687,4379966.75,0.8763749756929156,1.302116505793109,0.032554257095158495,-0.06730507220989523,-0.07402159070414549,4.0,10.0,-0.05980066445182719,0.0,1771.61,1731.19,-0.02018281121770371,-0.009361677777459776,0.0437532406458383,0.17943523127515354,-0.004247156209006286,-0.0648268848191399,-0.14502855947554572,-0.13894908664983596,0.670173336915751,0.4393065708581431,12.04,12.07,0.002491694352159568,-0.023445250900736125,0.025936945252895693,12.04,11.32,12.04,12.97,0.07724252491694372,-0.04870067707517445,0.12594320199211817,12.04,16.0,0.3289036544850499,-0.051131649638255006,0.3800353041233049,-0.001878695,0.005,5
2025-10-20,12.04,12.19,11.26,11.32,5929412,-0.05509181969949917,-0.07817589576547224,-0.07817589576547224,-0.10443037974683544,-0.11700468018720744,-0.12383900928792568,12.063999999999998,12.7645,12.918833333333334,12.384020296135775,12.69362842367504,-0.30960812753926525,-0.1586996729882651,-0.15090845455100016,-0.027350541302055234,-0.013331135561042417,27.30613622042381,12.7645,0.5295725684579637,13.823645136915928,11.705354863084072,0.1659516842674493,-0.18191787397814374,0.43362349994013966,0.03830596289223848,16.59374956924678,16.084694037322294,36.1556869248256,3.0303030303030547,2.5604886070002113,841487790.0,867295361.05,0.3252336009742023,-0.23148674747888992,0.31173597079767656,4196949.0,1.7845808366216245,1.4127910536916222,0.0821554770318021,-0.11316541971875116,-0.12375988543857164,0.0,10.0,0.03690685413005279,1.0,1723.59,1636.43,-0.054736915069980796,-0.07290722443799846,0.0012114166845116348,0.2653240945431465,-0.0003549046295183711,-0.03152315530883698,-0.12505042597243732,-0.12489912109326406,0.73760076599871,0.5269726775356239,11.38,12.01,0.055360281195079075,0.007155046318868763,0.04820523487621031,11.38,11.8,11.38,13.27,0.16608084358523723,-0.014505119453924853,0.18058596303916208,11.38,16.0,0.4059753954305798,0.008300828863968768,0.39767456656661104,-0.001878695,0.005,5
2025-10-21,11.38,12.1,11.38,11.8,5774068,0.042402826855123754,-0.015025041736226985,-0.03908794788273606,-0.052969502407704705,-0.064234734337827,-0.10470409711684359,11.932,12.6955,12.909500000000001,12.294171019807195,12.627433725625037,-0.3332627058178428,-0.19361227955418064,-0.13965042626366214,-0.028242602187952777,-0.011834781886751028,37.19453081693747,12.6955,0.5615249443772774,13.818549888754553,11.572450111245445,0.17692093871916104,0.1013088959952195,0.45836467851584395,0.03884446428100372,18.152800070386046,14.129597405260874,31.76095852199915,27.272727272727312,10.101010101010123,847261858.0,865791792.35,0.3573491104584658,0.1602833784898543,0.49887222372283796,4325954.8,1.4460261632934743,1.3347499608641311,0.06101694915254227,-0.07053680437950438,-0.08594445950656493,1.0,10.0,0.0,0.0,1640.8,1663.43,0.016499330860470618,-0.05543820199198202,0.017226618397074622,0.2715719625669383,0.025903495994653136,0.002468699584277312,-0.12193071551391821,-0.11986583255760075,0.7787254952178289,0.5413035136737516,11.86,12.07,0.01770657672849918,0.0010007028746381597,0.01670587385386102,11.86,11.86,11.86,13.72,0.15682967959527838,-0.015987419735290165,0.17281709933056855,11.86,15.67,0.321247892074199,-0.011257907339679019,0.33250579941387803,-0.001878695,0.005,5
2025-10-22,11.86,12.07,11.77,11.86,3193486,0.005084745762711673,0.04770318021201403,-0.010016694490818101,-0.03420195439739415,-0.07271305707584053,-0.11027756939234812,11.848,12.622,12.897666666666668,12.227375478298395,12.570586782986146,-0.34321130468775074,-0.22353208458089466,-0.11967922010685608,-0.02893855857400934,-0.010090996636328507,38.323909456576644,12.622,0.5702409463043829,13.762481892608765,11.481518107391235,0.18071334061301933,0.16593068906294348,0.4470529157647123,0.037694175022319754,19.60048982144394,13.452323917987735,30.238561632663664,30.30303030303028,20.20202020202022,850455344.0,864257045.0,0.3541418049086967,0.19324239010552702,0.639911312342891,4294776.15,-1.0718263352043282,0.7435744933993823,0.025295109612141715,-0.06037078117572492,-0.08045382885793306,2.0,10.0,-0.014729950900163824,0.0,1678.82,1678.5,0.009059593731025606,-0.045194686993373034,0.012694122331760704,0.26926056375981766,-0.003974847968313933,0.010992732595978882,-0.12297169172410882,-0.12143024138518999,0.7720513441755604,0.5355222132635408,12.22,12.25,0.002454991816693841,0.0030343957685052825,-0.0005794039518114413,12.22,12.04,12.22,14.53,0.18903436988543354,-0.015374271893760394,0.20440864177919393,12.22,15.61,0.2774140752864156,-0.01887870151660287,0.29629277680301846,-0.001878695,0.005,5
