date,open,high,low,close,volume,return_1d,return_2d,return_3d,return_5d,return_10d,return_20d,sma_5,sma_20,sma_60,ema_12,ema_26,macd,macd_signal,macd_hist,macd_pct,macd_hist_pct,rsi_14,bb_mid_20,bb_std_20,bb_upper_20,bb_lower_20,bb_width_20,bb_position_20,atr_14,atr_pct_14,adx_14,plus_di_14,minus_di_14,stoch_k_14,stoch_d_3,obv,obv_sma_20,volatility_20d,return_skew_20d,return_kurtosis_20d,volume_sma_20,volume_z_20,volume_ratio_20,range_pct,close_vs_sma20,close_vs_sma60,day_of_week,month_of_year,next_return,target_next_up,market_open,market_close,market_return_1d,market_return_5d,market_return_20d,market_volatility_20d,excess_return_1d,excess_return_5d,excess_return_20d,relative_strength_20d,beta_60d,corr_60d,target_entry_open_5d,target_exit_close_5d,target_return_5d,target_market_return_5d,target_excess_return_5d,swing_execution_open,swing_execution_close,target_entry_open_10d,target_exit_close_10d,target_return_10d,target_market_return_10d,target_excess_return_10d,target_entry_open_20d,target_exit_close_20d,target_return_20d,target_market_return_20d,target_excess_return_20d,predicted_excess_return_5d,entry_margin,fold
2023-04-14,26.7,26.75,25.7,25.7,16399050,-0.02835538752362954,-0.01532567049808442,-0.009633911368015391,-0.011538461538461608,-0.01908396946564883,0.02594810379241519,26.03,25.689999999999998,25.375833333333333,25.954741276203418,25.67913552530799,0.2756057508954264,0.2977965207442726,-0.022190769848846215,0.010723959178810366,-0.0008634540797216426,50.378814321938165,25.689999999999998,0.7092620330879222,27.108524066175843,24.271475933824153,0.1104339483204239,0.50352479039251,0.727487308189267,0.028306899151333345,15.113955498945524,27.83584497707906,21.165656048704523,28.947368421052637,51.71261487050965,2259855297.0,2237174301.7,0.26672231528284146,-0.8331762919390282,-0.10286963765603563,19611665.1,-0.41410434594381956,0.8361885600422576,0.0408560311284047,0.0003892565200467324,0.012774621523102603,4.0,4.0,0.003875968992248069,1.0,1067.21,1052.89,-0.010720661467631176,-0.015723887782669976,0.007415274508678182,0.12220573842736591,-0.017634726055998362,0.004185426244208368,0.018532829283737007,0.018396414817886786,1.4986604157461736,0.6562330047468959,25.8,25.6,-0.007751937984496138,-0.009572740481865849,0.0018208024973697112,25.8,25.9,25.8,25.3,-0.019379844961240345,-0.0036752485778593913,-0.015704596383380953,25.8,27.0,0.046511627906976605,0.0070750909315377974,0.03943653697543881,-0.004718576,0.0,1
2023-04-17,25.8,26.05,25.65,25.9,10198863,0.0077821011673151474,-0.020793950850661602,-0.00766283524904221,-0.0019267822736031004,-0.03177570093457949,0.0702479338842974,26.02,25.775,25.382499999999997,25.946319541402893,25.69549585676666,0.2508236846362344,0.28840195352266496,-0.037578268886430566,0.009684312148117158,-0.0014508984126034969,52.20663205523199,25.775,0.6171880204869833,27.009376040973965,24.540623959026032,0.09578087611825153,0.5506328686926597,0.7040953576043195,0.02718514894225172,14.920066210870832,26.706296475021023,20.814013092752436,39.47368421052627,46.61654135338347,2270054160.0,2242522159.95,0.23227429615705134,-0.9107234994829426,0.45100479398202653,19272931.25,-1.131060331180883,0.5291806870322333,0.015444015444015528,0.004849660523763344,0.02038806264158377,0.0,4.0,0.0,0.0,1052.99,1053.81,0.0008737854856630811,-0.01083212089923491,0.03001661616655249,0.09216601012826471,0.006908315681652066,0.008905338625631809,0.04023131771774491,0.039058901658766576,1.5011168797544527,0.655646527759947,25.9,25.55,-0.013513513513513487,-0.013723540275607293,0.00021002676209380677,25.9,25.9,25.9,25.15,-0.02895752895752901,-0.014433868447222609,-0.014523660510306402,25.9,27.2,0.050193050193050315,0.011800918691101892,0.03839213150194842,-0.0075778035,0.0,1
2023-04-18,25.9,26.1,25.8,25.9,10114251,0.0,0.0077821011673151474,-0.020793950850661602,-0.0019267822736031004,-0.03717472118959109,0.05284552845528445,26.009999999999998,25.839999999999996,25.371666666666666,25.93919345811014,25.71064431182098,0.2285491462891578,0.27643139207596357,-0.04788224578680578,0.008824291362515745,-0.0018487353585639296,52.20663205523199,25.839999999999996,0.5519343973231128,26.94386879464622,24.73613120535377,0.08543876119552823,0.5271771429226929,0.6752314034897253,0.026070710559448856,14.811136146932931,26.387687294001193,20.153477217246376,30.303030303030265,32.908027644869755,2270054160.0,2247327064.95,0.22733733111226903,-0.8236336767686342,0.4975767028822895,19235690.55,-1.1309418051044462,0.5258064935963528,0.011583011583011612,0.0023219814241486336,0.020823753530841538,1.0,4.0,-0.019230769230769273,0.0,1055.85,1055.02,0.0011482145737846672,-0.013502141267555667,0.021880418042869554,0.08765394972562009,-0.0011482145737846672,0.011575358993952567,0.030965110412414898,0.03030208805813106,1.470975538824996,0.6378953913825353,26.0,25.05,-0.03653846153846152,-0.02176995500434853,-0.01476850653411299,26.0,25.5,26.0,24.95,-0.04038461538461546,-0.016608689076265892,-0.02377592630834957,26.0,27.85,0.07115384615384612,0.008687185692138888,0.062466660461707235,-0.0075778035,0.0,1
2023-04-19,26.0,26.0,25.5,25.5,14170417,-0.015444015444015413,-0.015444015444015413,-0.0077821011673151474,-0.02298850574712652,-0.02857142857142858,0.028225806451612767,25.889999999999997,25.875,25.35,25.8716252337855,25.695041029463873,0.17658420432162814,0.2564619545250965,-0.07987775020346838,0.0069248707577109075,-0.0031324607922928777,48.09717296061286,25.875,0.5024937810570972,26.879987562114195,24.870012437885805,0.07768019803781218,0.313430526836018,0.6627148746690307,0.02598881861447179,14.155898032696784,24.965631687013584,22.300841270444632,0.0,23.258904837852214,2255883743.0,2250595843.6,0.23510411839481773,-0.58881507349484,-0.13323190707915183,19116605.9,-0.6088049325188246,0.7412621819022801,0.0196078431372549,-0.01449275362318836,0.00591715976331364,2.0,4.0,0.00390625,1.0,1057.88,1048.98,-0.005725009952417981,-0.019140679788676396,0.008111173044765163,0.08702011059140509,-0.009719005491597432,-0.003847825958450124,0.020114633406847604,0.019952792851304357,1.4831343208237269,0.6388378545722362,25.6,25.4,-0.007812500000000111,-0.008780785127902369,0.0009682851279022575,25.6,25.7,25.6,25.65,0.001953124999999778,0.0032570808175083066,-0.0013039558175085286,25.6,28.15,0.09960937499999978,0.01963772118626328,0.0799716538137365,-0.0049156193,0.0,1
2023-04-20,25.6,25.8,25.5,25.7,9010878,0.007843137254901933,-0.007722007722007707,-0.007722007722007707,-0.02835538752362954,0.0019493177387914784,0.028000000000000025,25.74,25.909999999999997,25.331666666666667,25.845221351664655,25.695408360614696,0.14981299104995927,0.23513216183006908,-0.08531917078010981,0.0058292992626443295,-0.003319812092611277,50.207629788772266,25.909999999999997,0.4610057654634376,26.83201153092687,24.987988469073123,0.07117032272689106,0.3861185609094878,0.6368066693355285,0.024778469623950528,13.547462640906078,24.12553712201351,21.55041701596942,12.90322580645156,14.40208536982731,2264894621.0,2253703018.55,0.23502340083023068,-0.587428771347735,-0.13108360339282435,18955002.2,-1.1982863468362777,0.4753825879271067,0.01167315175097279,-0.008104978772674576,0.014540430291466455,3.0,4.0,-0.0038910505836574627,0.0,1050.02,1049.25,0.0002573928959559435,-0.014140749788593365,0.003970911874461969,0.08575047655802119,0.007585744358945989,-0.014214637735036173,0.024029088125538056,0.023934048129616192,1.5039667532556922,0.6428493310876154,25.7,25.15,-0.021400778210116767,-0.009970479001999655,-0.011430299208117112,25.7,25.6,25.7,25.75,0.0019455252918287869,0.003494905247119373,-0.0015493799552905863,25.7,27.95,0.08754863813229563,0.014998571564612817,0.07255006656768281,-0.0060228813,0.0,1
2023-04-21,25.7,25.8,25.5,25.6,8711727,-0.0038910505836574627,0.0039215686274509665,-0.011583011583011449,-0.0038910505836574627,-0.01538461538461533,0.021956087824351433,25.72,25.9375,25.314166666666665,25.807494989870094,25.688341074643237,0.11915391522685681,0.21193651250942663,-0.09278259728256982,0.004654449813549094,-0.0036243202063503837,49.13189876192188,25.9375,0.42173669760446303,26.780973395208925,25.094026604791075,0.06503891240165202,0.2999344129186189,0.6127490500972765,0.023935509769424865,12.982486919957564,23.28183806545904,20.79677300743299,6.896551724138033,6.599925843529898,2256182894.0,2255569217.85,0.23578165920654395,-0.5184432782610227,-0.22751442064752891,18585199.25,-1.1491753127739264,0.4687454184813219,0.011718750000000028,-0.01301204819277102,0.011291437600816634,4.0,4.0,-0.0038986354775827348,0.0,1050.1,1042.91,-0.006042411246128143,-0.009478672985781977,-0.0037065696080397226,0.0883565665001927,0.0021513606624706805,0.005587622402124515,0.025662657432391156,0.025758131740660994,1.5263514551653692,0.6498051761070616,25.65,25.3,-0.013645224171539905,0.0036736568192254904,-0.017318880990765395,25.65,25.55,25.65,26.35,0.02729044834308003,0.012417725394152868,0.014872722948927164,25.65,27.4,0.06822612085769975,0.015794810959742778,0.05243130989795697,-0.0062212846,0.0,1
2023-04-24,25.65,25.9,25.45,25.55,7660158,-0.001953125,-0.005836575875486361,0.0019607843137254832,-0.013513513513513487,-0.015414258188824581,0.0019607843137254832,25.65,25.939999999999998,25.309166666666666,25.767880376043927,25.678093587632628,0.08978678841129906,0.18750656768980112,-0.09771977927850206,0.0035141600160978103,-0.0038246488954403936,48.57153442659963,25.939999999999998,0.41914700348132133,26.77829400696264,25.101705993037356,0.06463330816982586,0.26738471421675253,0.601124117947471,0.023527362737670098,12.64451321054629,23.225179083297792,19.684743588129674,6.896551724138033,8.898776418242575,2248522736.0,2256217151.85,0.22744228247496914,-0.43993943761481824,-0.04084929918051449,18132949.75,-1.1730994418980907,0.42244411999211545,0.0176125244618395,-0.015034695451040747,0.009515656382733662,0.0,4.0,-0.027184466019417486,0.0,1045.28,1041.36,-0.0014862260405981154,-0.011814273920346174,-0.010349251603706477,0.08611132567493592,-0.00046689895940188464,-0.001699239593167312,0.01231003591743196,0.012438767855609711,1.505480335420626,0.6417550914788159,25.75,25.15,-0.023300970873786464,-0.005029305745455903,-0.01827166512833056,25.75,25.05,25.75,26.4,0.025242718446601975,0.01075659498790471,0.014486123458697264,25.75,27.0,0.04854368932038833,0.017937219730941978,0.03060646958944635,-0.0061537125,0.0,1
2023-04-25,25.75,25.9,24.9,25.05,15452437,-0.019569471624266144,-0.021484375,-0.02529182879377423,-0.03281853281853275,-0.034682080924855474,-0.013779527559054983,25.48,25.922500000000003,25.275,25.65743724126794,25.631568136696878,0.025869104571061285,0.15517907506605316,-0.12930997049499188,0.0010326987852719075,-0.005162074670458757,43.258277206891805,25.922500000000003,0.4491146260916879,26.82072925218338,25.024270747816626,0.06930112853184507,0.014322207900061806,0.6296152523797945,0.025134341412367048,12.241519484091592,20.590329694210887,23.691187691253106,8.108108108108217,7.300403852128127,2233070299.0,2256951362.3,0.23774827299871087,-0.3440737702138782,-0.5017033950762294,18046673.3,-0.2900049754776871,0.8562485031521017,0.03992015968063872,-0.033658019095380576,-0.008902077151335175,1.0,4.0,0.013972055888223478,1.0,1045.87,1034.85,-0.0062514404240607835,-0.01911812098348853,-0.018438949435164997,0.08791594979011334,-0.01331803120020536,-0.013700411835044224,0.004659421876110015,0.004746950659287874,1.4667490631377755,0.6408444684631789,25.05,24.95,-0.003992015968063978,0.006083054486373474,-0.010075070454437451,25.05,25.4,25.05,26.8,0.06986027944111783,0.03179822440571756,0.03806205503540028,25.05,27.2,0.0858283433133733,0.028761532658942768,0.05706681065443053,-0.006762231,0.0,1
2023-04-26,25.05,25.4,24.65,25.4,12437934,0.013972055888223478,-0.005870841487279899,-0.007812500000000111,-0.0039215686274510775,-0.026819923371647625,0.001972386587770991,25.46,25.925,25.270833333333332,25.617831511842102,25.614414941386,0.0034165704561033294,0.1248265741440632,-0.12141000368795987,0.00013451064787808385,-0.00477992140503779,47.58093642932401,25.925,0.44588764220904326,26.81677528441809,25.033224715581913,0.06879655038905212,0.2056433334869886,0.6382141629240949,0.025126541847405315,12.295932249779522,18.861986074536667,24.500545343507913,35.71428571428569,16.906315182177348,2245508233.0,2259147883.15,0.2431904120848056,-0.4448411652481153,-0.6136355232529426,17828156.3,-0.5969034417289582,0.697656773403989,0.029527559055118113,-0.020250723240115787,0.005111294311624048,2.0,4.0,-0.009842519685039353,0.0,1034.02,1040.8,0.005749625549596571,-0.007798051440446985,-0.014701845067355834,0.0905594150186225,0.008222430338626907,0.0038764828129959072,0.016674231655126825,0.01692303144144902,1.4299958107315303,0.603218377919435,25.4,25.65,0.009842519685039353,0.011571073277062416,-0.0017285535920230632,25.4,25.15,25.4,27.0,0.06299212598425208,0.023353402663747413,0.039638723320504665,25.4,27.7,0.09055118110236227,0.03225496691921359,0.058296214183148676,-0.006957108,0.0,1
2023-04-27,25.4,25.5,25.15,25.15,6549106,-0.009842519685039353,0.003992015968063756,-0.015655577299413026,-0.021400778210116767,-0.04914933837429114,-0.0326923076923078,25.35,25.8825,25.254166666666666,25.54585743309716,25.580013834616665,-0.03415640151950328,0.0930299790113499,-0.12718638053085318,-0.0013581074162824366,-0.005057112545958377,44.94699684806182,25.8825,0.477734511165932,26.837969022331865,24.927030977668135,0.07383127768429365,0.11668040361355594,0.6176274370009455,0.024557750974192664,12.128169352411156,19.254999803980056,23.508825097785145,23.809523809523792,22.543972543972597,2238959127.0,2259047026.0,0.22598572029716166,-0.49064753023428365,-0.763812779223247,16185688.9,-1.2347074807858633,0.40462324714519876,0.013916500994035843,-0.028300975562638886,-0.004124731892427014,3.0,4.0,0.001980198019801982,1.0,1041.39,1039.63,-0.0011241352805532179,-0.009168453657374176,-0.018698557728611287,0.08951874116325509,-0.008718384404486135,-0.01223232455274259,-0.013993749963696511,-0.014260398854918255,1.4249171048423754,0.603645507407628,25.25,25.75,0.01980198019801982,0.010161335161095408,0.009640645036924411,25.25,25.3,25.25,27.4,0.085148514851485,0.021798939770123704,0.0633495750813613,25.25,27.7,0.0970297029702969,0.033436544379152,0.0635931585911449,-0.00879654,0.0,1
2023-04-28,25.25,25.45,25.15,25.3,6775616,0.0059642147117298094,-0.00393700787401563,0.009980039920159722,-0.01171875,-0.015564202334630295,-0.03435114503816794,25.29,25.8375,25.241666666666667,25.508033212620674,25.559272069089506,-0.05123885646883153,0.06417621191531363,-0.11541506838414516,-0.002025251243827333,-0.00456186041044052,46.84819242764764,25.8375,0.48851951423718254,26.814539028474364,24.860460971525633,0.07562953292496298,0.22493422251550302,0.5949397629294494,0.02351540564938535,11.972389519140531,18.561472216203672,22.66208300858742,30.952380952381034,30.158730158730204,2245734743.0,2258164405.65,0.22512857995991756,-0.4834760647421009,-0.743537045130834,15403925.7,-1.0880007043207123,0.4398629370174124,0.01185770750988145,-0.020803096274794264,0.0023109937273027015,4.0,4.0,0.003992015968063756,1.0,1043.17,1049.12,0.009128247549608837,0.005954492717492155,-0.014577697625488661,0.09429386557344116,-0.0031640328378790272,-0.017673242717492155,-0.01977344741267928,-0.020065962953174976,1.4126001909520147,0.6030195980298445,25.05,26.35,0.05189620758483038,0.011672482194923894,0.040223725389906484,25.05,25.15,25.05,27.0,0.07784431137724557,0.013756512595000325,0.06408779878224524,25.05,27.7,0.10578842315369252,0.027838057454232734,0.07795036569945979,-0.009411805,0.0,1
2023-05-04,25.05,25.3,24.95,25.15,8447716,-0.005928853754940788,0.0,-0.009842519685039353,-0.015655577299413026,-0.02895752895752901,-0.059813084112149584,25.21,25.7575,25.2325,25.4529511799098,25.52895561952732,-0.07600443961752035,0.036140081608746835,-0.11214452122626718,-0.0030220453128238707,-0.004459026688917184,45.168364378214875,25.7575,0.4614835915438605,26.68046718308772,24.83453281691228,0.07166589793945226,0.17089837475713177,0.577444065577346,0.022960002607449143,12.207414103337564,17.757867446378675,24.154901802204883,23.809523809523792,26.190476190476236,2237287027.0,2255594694.85,0.20891453050315434,-0.5626602275840061,-0.7721272906473655,14561606.85,-0.7923202866619831,0.5801362505539697,0.013916500994035843,-0.02358536348636331,-0.0032695927870802777,3.0,5.0,-0.003992015968063978,0.0,1046.05,1040.61,-0.008111560164709486,-0.0007202120304217186,-0.03582944185012238,0.08076575163561348,0.0021827064097686977,-0.014935365268991307,-0.023983642262027205,-0.024874895898137406,1.4685433264592092,0.6237953063408876,25.05,26.4,0.053892215568862145,0.016344267969080395,0.03754794759978175,25.05,24.95,25.05,27.2,0.0858283433133733,0.027102642002845956,0.058725701310527345,25.05,28.0,0.11776447105788423,0.03679383148098325,0.08097063957690098,-0.0074817645,0.0,1
2023-05-05,25.05,25.25,24.85,24.95,7685327,-0.007952286282306154,-0.013833992094861691,-0.007952286282306154,-0.003992015968063978,-0.036679536679536606,-0.07249070631970256,25.19,25.660000000000004,25.219166666666663,25.375574075308293,25.486070018080852,-0.11049594277255892,0.006812876732485684,-0.1173088195050446,-0.004428695101104566,-0.004701756292787359,42.956665625109615,25.660000000000004,0.4105836667105604,26.481167333421123,24.838832666578885,0.06400368927678246,0.06768859944657882,0.5647694894646783,0.022636051681951035,12.612099438941817,16.859505104237964,24.197654931126596,14.28571428571431,23.015873015873073,2229601700.0,2251754213.5,0.20704432303257955,-0.4246010828049677,-0.8142833830336098,14059369.0,-0.8145242388217496,0.546633849641474,0.016032064128256456,-0.027669524551831803,-0.010673099163995503,4.0,5.0,0.026000000000000023,1.0,1040.12,1040.31,-0.0002882924438549761,0.005276126974923967,-0.035365570958319936,0.08086592688634484,-0.007663993838451177,-0.009268142942987945,-0.03712513536138262,-0.03848622259757484,1.6003922974347808,0.6522858595136007,25.0,26.8,0.07200000000000006,0.022483324388560932,0.04951667561143913,25.0,25.65,25.0,27.85,0.1140000000000001,0.022646247029057598,0.0913537529709425,25.0,28.3,0.13200000000000012,0.045426665644406894,0.08657333435559322,-0.0063015535,0.0,1
2023-05-08,25.0,25.7,25.0,25.65,10205857,0.028056112224448926,0.01988071570576544,0.01383399209486158,0.009842519685039353,0.00588235294117645,-0.02285714285714291,25.24,25.630000000000003,25.23,25.417793448337786,25.498212979704494,-0.08041953136670799,-0.01063360488735305,-0.06978592647935494,-0.0031352643807683427,-0.0027206988880840136,51.84440118125045,25.630000000000003,0.386414013041392,26.402828026082787,24.857171973917218,0.06030651783712714,0.5129394893333318,0.5780002402172013,0.022534122425621885,11.894253370149373,20.85794278650592,21.954917207952292,47.619047619047585,28.571428571428594,2239807557.0,2250396482.7,0.221007704868483,-0.10322555619107465,-0.025915367319953475,12597204.15,-0.4704247485680308,0.8101684213794376,0.027290448343079896,0.0007803355442839166,0.016646848989298357,0.0,5.0,0.003898635477582957,1.0,1043.44,1053.44,0.012621237900241278,0.01214450422751745,-0.02536868789667468,0.09490233521383831,0.015434874324207648,-0.002301984542478097,0.0025115450395317707,0.0025769180697792216,1.6639229832936338,0.6873281211359022,25.65,27.0,0.052631578947368585,0.009749673115915902,0.04288190583145268,25.65,25.75,25.65,28.15,0.09746588693957126,0.01442079930264728,0.08304508763692398,25.65,28.05,0.0935672514619883,0.040173580186086966,0.05339367127590133,-0.0011000996,0.0,1
2023-05-09,25.65,25.9,25.6,25.75,7318148,0.003898635477582957,0.03206412825651306,0.02385685884691857,0.02385685884691857,0.0019455252918287869,0.003898635477582957,25.359999999999996,25.634999999999998,25.251666666666665,25.46890214859351,25.516863870096753,-0.04796172150324196,-0.018099228210530834,-0.029862493292711127,-0.0018625911263394936,-0.0011597084773868399,52.971682488912066,25.634999999999998,0.387332306670309,26.409664613340617,24.86033538665938,0.06043804278062171,0.574225670063902,0.5581430802016868,0.021675459425308224,11.290440624842049,22.616659406916263,21.112010562170767,75.8620689655172,45.92227695675973,2247125705.0,2250718297.95,0.20590414562984696,-0.1920471038416406,0.5598585042629881,11649472.9,-1.0656911875800883,0.6281956327826643,0.011650485436893093,0.004486054222742508,0.019734670978813318,1.0,5.0,0.02131782945736438,1.0,1055.42,1053.77,0.00031325941676785263,0.013600992660850464,-0.01600507979195276,0.09024201100126227,0.003585376060815104,0.010255866186068108,0.019903715269535716,0.020227457338222177,1.649366435675059,0.6834223656149463,25.8,27.4,0.06201550387596888,0.00974782592220702,0.05226767795376186,25.8,26.35,25.8,27.95,0.08333333333333326,0.009690987287092057,0.0736423460462412,25.8,28.3,0.0968992248062015,0.04991379473674251,0.04698543006945899,0.0011803634,0.0,1
2023-05-10,25.8,26.45,25.75,26.35,14510242,0.023300970873786353,0.02729044834308003,0.05611222444889785,0.04150197628458496,0.029296875,0.013461538461538414,25.57,25.652499999999996,25.296666666666667,25.60445566419451,25.578577657496993,0.02587800669751772,-0.009303781228921124,0.03518178792643884,0.0009820875407027597,0.0013351722173221572,59.15053495031845,25.652499999999996,0.41182360812803614,26.47614721625607,24.828852783743923,0.06421574632149489,0.9234215731162932,0.5682757173301377,0.02156644088539422,11.748695091660009,27.539865472045886,19.25446061604965,94.44444444444457,72.64185367633648,2261635947.0,2250992496.8,0.2167853663353885,-0.056993795417423165,0.31398891874884827,11601856.5,0.7229979073008101,1.2506827678828816,0.026565464895635646,0.027190332326284095,0.04163921465278708,2.0,5.0,0.0,0.0,1055.62,1058.26,0.0042608918454691835,0.008712063443648166,-0.010703835618999569,0.09198631677974982,0.01904007902831717,0.0327899128409368,0.024165374080537982,0.02442683490606501,1.628875791786838,0.6796227985891815,26.4,27.0,0.022727272727272707,-0.00029224605232136547,0.023019518779594073,26.4,26.4,26.4,27.4,0.037878787878787845,0.0009804383690783514,0.036898349509709494,26.4,28.35,0.07386363636363646,0.04599575771859521,0.027867878645041255,-0.0019946701,0.0,1
2023-05-11,26.4,26.75,26.3,26.4,14945774,0.001897533206830948,0.025242718446601975,0.029239766081871288,0.0497017892644136,0.03326810176125239,0.01734104046242768,25.82,25.675,25.328333333333333,25.726847100472277,25.63942375694166,0.08742334353061665,0.010041643722986432,0.07738169980763021,0.0033114902852506307,0.0029311249927132656,59.62657924951604,25.675,0.44024514702010176,26.555490294040204,24.794509705959797,0.06858736467693895,0.9117024372144266,0.5598274518065565,0.0212055852957029,12.64359605060765,29.786356202711666,18.148953240612283,83.33333333333327,84.54661558109838,2276581721.0,2252837298.85,0.21658292127104672,-0.10335150026851446,0.3338475223348994,11525830.7,0.8681362860540984,1.2967198971610785,0.01704545454545452,0.028237585199610393,0.04231098243074283,3.0,5.0,0.009416195856873921,1.0,1060.75,1057.12,-0.0010772399977322378,0.01586569416015604,-0.0077251607452949456,0.09106093918902051,0.002974773204563186,0.03383609510425756,0.025066201207722627,0.02526134919086509,1.7422791703925145,0.7326851362743287,26.55,27.2,0.024482109227871973,0.010031199773092414,0.014450909454779559,26.55,26.8,26.55,27.0,0.016949152542372836,0.0065519523494375065,0.01039720019293533,26.55,27.6,0.039548022598870025,0.041240427342346564,-0.0016924047434765388,0.0010763848,0.0,1
2023-05-12,26.55,26.85,26.35,26.8,16487925,0.015151515151515138,0.017077798861480087,0.040776699029126284,0.07414829659318634,0.06986027944111783,0.032755298651252485,26.189999999999998,25.7175,25.368333333333332,25.891947546553464,25.725392367538575,0.16655517901488892,0.04134435078136693,0.12521082823352198,0.0062147454856301835,0.004672045829609029,63.310247012240445,25.7175,0.5045255718322351,26.726551143664473,24.70844885633553,0.07847194662501968,1.036395011688303,0.5555540623918025,0.020729629193723974,13.625295588578375,29.15723161307107,16.98223168221008,97.7272727272727,91.83501683501687,2293069646.0,2255506497.15,0.22230506388179436,-0.21505558861134214,0.06001913432079889,11682504.65,1.1789816743584693,1.4113347688673934,0.018656716417910446,0.04209196072713128,0.056435188226791944,4.0,5.0,0.0,0.0,1057.7,1066.9,0.009251551384894974,0.02555968893887406,-0.0023937314158546386,0.09624887352010959,0.005899963766620164,0.04858860765431228,0.03514903006710712,0.035233369290063266,1.7423109601716407,0.734479699050338,27.0,27.85,0.031481481481481444,-0.007210509666734866,0.03869199114821631,27.0,27.0,27.0,27.2,0.007407407407407307,-0.010290095085688677,0.017697502493095985,27.0,28.1,0.040740740740740744,0.030433002735341663,0.01030773800539908,4.46931e-05,0.0,1
2023-05-15,27.0,27.6,26.9,27.0,29856140,0.00746268656716409,0.022727272727272707,0.024667931688804545,0.052631578947368585,0.06299212598425208,0.0344827586206895,26.459999999999997,25.7625,25.429166666666667,26.062417154776007,25.8198077477209,0.24260940705510592,0.08159736203611473,0.1610120450189912,0.008985533594633553,0.005963409074777452,65.02837459931929,25.7625,0.5755717980737981,26.913643596147594,24.611356403852405,0.08936582988045373,1.0375089624532532,0.5730144865066739,0.021222758759506438,15.50288470442388,35.59863130419903,15.288708635525058,79.66101694915251,86.90720766991952,2322925786.0,2258650472.45,0.22279368481862166,-0.23101746284324656,0.0366256204483323,12157281.65,3.242435270620714,2.455823666798079,0.025925925925926033,0.048034934497816595,0.06177289857447166,0.0,5.0,0.014814814814814836,1.0,1074.82,1065.71,-0.0011153810104039819,0.011647554678007266,-0.0034971246902613107,0.0963147432926182,0.008578067577568071,0.04098402426936132,0.03797988331095081,0.03811316981814605,1.844355244188594,0.8000611872618336,27.0,28.15,0.042592592592592515,0.0019934301036024227,0.04059916248899009,27.0,27.4,27.0,27.7,0.025925925925925908,0.006055160925026559,0.01987076500089935,27.0,28.2,0.04444444444444451,0.04446378601978451,-1.9341575340003914e-05,0.0016333164,0.0,1
2023-05-16,27.0,27.55,27.0,27.4,13151264,0.014814814814814836,0.02238805970149249,0.037878787878787845,0.06407766990291264,0.08946322067594425,0.03591682419659725,26.79,25.809999999999995,25.4875,26.268199130964312,25.936859025667502,0.33134010529681035,0.13154591068825386,0.1997941946085565,0.01209270457287629,0.00729175892731958,68.232492199247,25.809999999999995,0.667201539819793,27.14440307963958,24.47559692036041,0.10340202089419495,1.0957720063226521,0.57137059461334,0.020852941409245988,17.246360311994703,33.15097706443953,14.23750326213823,93.22033898305075,90.20287621982534,2336077050.0,2261641607.6,0.22381893121415275,-0.2310976307795282,-0.003678015343617588,12004441.5,0.21310994631192032,1.0955331824475132,0.020072992700729955,0.061604029445951225,0.07503678273663561,1.0,5.0,-0.014598540145985384,0.0,1068.51,1065.91,0.0001876683150201508,0.011520540535411072,0.0015127313727334446,0.09472991412535522,0.014627146499794685,0.052557129367501565,0.03440409282386381,0.03435212728320236,1.8373665834928639,0.7943862015736767,27.4,27.95,0.02007299270072993,-0.00039389648025367485,0.020466889180983605,27.4,27.0,27.4,27.7,0.010948905109489093,0.011047858422350787,-9.895331286169373e-05,27.4,28.2,0.029197080291970767,0.05269772196535594,-0.02350064167338517,-0.00010288369,0.0,1
2023-05-17,27.4,27.5,26.9,27.0,17691878,-0.014598540145985384,0.0,0.00746268656716409,0.024667931688804545,0.06719367588932812,0.05058365758754868,26.919999999999998,25.875,25.530833333333337,26.380783880046724,26.01561020895139,0.3651736710953344,0.17827146276966999,0.1869022083256644,0.01352495078130868,0.006922304012061644,62.104728871346225,25.875,0.7173599258105744,27.30971985162115,24.44028014837885,0.11089622041516134,0.8920626032771539,0.5734155521409587,0.02123761304225773,18.589228050768895,30.673269310263898,14.419059208192579,79.66101694915251,84.18079096045196,2318385172.0,2264568101.35,0.2036005709803354,0.15511674956168656,-0.47013355130762635,12069082.9,1.0327802571995783,1.4658842056673584,0.022222222222222275,0.04347826086956519,0.05754479877272556,2.0,5.0,0.0018416206261511192,1.0,1066.27,1060.44,-0.005131765346042427,0.0020599852588212286,0.007170739583432173,0.08811497640975771,-0.009466774799942956,0.022607946429983317,0.04341291800411651,0.043103831652289815,1.8419189955783908,0.7994842712185426,27.15,27.4,0.009208103130755152,-0.0017580805896622032,0.010966183720417355,27.15,27.2,27.15,27.7,0.0202578268876612,0.010821127051877433,0.009436699835783768,27.15,27.8,0.023941068139963217,0.0505424665776657,-0.026601398437702484,0.004352211,0.0,1
2023-05-18,27.15,27.5,27.0,27.2,15190811,0.007407407407407307,-0.007299270072992692,0.007407407407407307,0.030303030303030276,0.08151093439363821,0.050193050193050315,27.079999999999995,25.939999999999998,25.555833333333336,26.506817129270306,26.1033427860661,0.4034743432042056,0.22331203885657713,0.18016230434762848,0.014833615558978148,0.006623614130427518,63.852727047790786,25.939999999999998,0.7762256861187532,27.492451372237504,24.38754862776249,0.11969555684175068,0.905809812317663,0.5681715841308903,0.02088866118128273,19.836176665344933,28.745200511093486,13.512702018435691,86.44067796610163,86.44067796610166,2333575983.0,2267744192.5,0.20347712504700188,0.15947594644497642,-0.4620610073871211,12318680.3,0.5252183841898779,1.2331524668271485,0.01838235294117647,0.04857363145720894,0.06433625721459535,3.0,5.0,0.018281535648994485,1.0,1063.66,1068.31,0.007421447700954209,0.010585364007870579,0.01375959613213018,0.09160568396211562,-1.404029354690195e-05,0.019717666295159697,0.036433454060920134,0.03593894864219016,1.8051616358276652,0.7732640964505715,27.35,27.0,-0.012797074954296161,-0.005139562483062798,-0.007657512471233363,27.35,27.85,27.35,28.0,0.02376599634369292,0.007718688383654415,0.016047307960038504,27.35,27.8,0.01645338208409508,0.043770383037574856,-0.027317000953479775,0.0038817707,0.0,1
2023-05-19,27.35,27.95,27.2,27.85,24346552,0.023897058823529438,0.031481481481481444,0.01642335766423364,0.03917910447761197,0.11623246492985984,0.07528957528957547,27.29,26.0375,25.5975,26.713460647844105,26.232724801913058,0.4807358459310471,0.27479680027147113,0.205939045659576,0.017261610266823952,0.007394579736430017,68.87732103073806,26.0375,0.8856866203543644,27.80887324070873,24.26612675929127,0.13606323500403109,1.0116087220767813,0.581159328121541,0.020867480363430557,21.569665125372616,31.626276624499866,12.26709738652271,96.77419354838716,87.62529615454713,2357922535.0,2272137611.25,0.21678327288755692,0.06383399288685584,-0.8086131862204623,13030295.35,1.8672233484736058,1.8684574175826338,0.026929982046678635,0.0696111377820452,0.08799687469479456,4.0,5.0,0.005357142857142838,1.0,1070.13,1067.07,-0.0011607117784163679,0.0001593401443433784,0.01142158442493968,0.09182199698335346,0.025057770601945806,0.03901976433326859,0.06386799086463579,0.06314675487269628,1.792941161678941,0.7624496786328386,28.0,27.2,-0.02857142857142858,-0.003335457032567546,-0.025235971538861035,28.0,28.15,28.0,28.3,0.010714285714285676,0.02203650264213164,-0.011322216927845963,28.0,29.0,0.03571428571428581,0.04487876175842298,-0.009164476044137171,0.012656717,0.0,1
2023-05-22,28.0,28.5,27.8,28.15,17739898,0.010771992818671361,0.03492647058823528,0.042592592592592515,0.042592592592592515,0.09746588693957126,0.10392156862745083,27.52,26.169999999999998,25.655000000000005,26.934466702021936,26.374745186956535,0.5597215150654016,0.3317817432302572,0.22793977183514436,0.019883535171062224,0.00809732759627511,70.88863810354793,26.169999999999998,0.9927897959530076,28.15557959190601,24.184420408093985,0.15174471470431897,0.9985949714811843,0.5896479475414309,0.02094664112047712,23.747303653970736,35.60705465846651,11.22689217274464,90.41095890410955,91.20861013953281,2375662433.0,2278126545.75,0.20572986437727556,-0.0650465452986671,-0.5640570462112765,13208769.4,0.7370390544704234,1.3430394204625906,0.024866785079928927,0.07565915170042037,0.09725199766127446,0.0,5.0,-0.00886524822695034,0.0,1067.32,1070.64,0.0033456099412412232,0.004626023965243808,0.020648630097809484,0.08916266690927918,0.007426382877430138,0.03796656862734871,0.08327293852964135,0.08158825287568483,1.9239423756811016,0.7656326744775411,28.2,27.7,-0.01773049645390068,0.001733263754286618,-0.019463760208187297,28.2,27.95,28.2,28.05,-0.005319148936170137,0.023016997167138786,-0.028336146103308923,28.2,28.75,0.019503546099290725,0.030080512896973444,-0.010576966797682719,0.0115972655,0.0,1
2023-05-23,28.2,28.3,27.7,27.95,17309325,-0.007104795737122527,0.0035906642728904536,0.02757352941176472,0.02007299270072993,0.08543689320388337,0.08754863813229563,27.630000000000003,26.2825,25.704166666666666,27.090702594018563,26.49143072866346,0.599271865355103,0.3852797676552264,0.2139920976998766,0.021440853858858785,0.007656246787115442,67.74540330440156,26.2825,1.0618101475662804,28.40612029513256,24.158879704867438,0.16159956588091398,0.8926078508060009,0.5903873798599002,0.02112298317924509,25.47505710611762,33.02228289626841,11.62177390726273,84.93150684931504,90.70555310060394,2358353108.0,2282799470.1,0.20982542911465182,0.08151400049179716,-0.741944608781719,13623691.75,0.6012921003430457,1.2705311686166123,0.02146690518783547,0.06344525825168845,0.08737234559896256,1.0,5.0,-0.021428571428571463,0.0,1073.12,1065.85,-0.004473959500859492,-5.628993066975063e-05,0.01582082439837973,0.09126847509153838,-0.0026308362362630344,0.02012928263139968,0.0717278137339159,0.07061069433814438,1.926800388343751,0.7691659000086474,28.0,27.7,-0.010714285714285787,0.00834323234779677,-0.019057518062082557,28.0,27.4,28.0,28.3,0.010714285714285676,0.03664661921375312,-0.02593233349946744,28.0,29.25,0.044642857142857206,0.03983612844088169,0.004806728701975516,0.012552715,0.0,1
2023-05-24,28.0,28.05,27.3,27.4,21758590,-0.019677996422182487,-0.026642984014209614,-0.016157989228007263,0.014814814814814836,0.03984819734345346,0.07031249999999978,27.71,26.372499999999995,25.75583333333333,27.1382868103234,26.55873215616987,0.5795546541535295,0.42413474495488707,0.1554199091986424,0.021151629713632464,0.005672259459804468,59.88194695214714,26.372499999999995,1.077090989657345,28.526681979314684,24.218318020685306,0.1633657771780976,0.7384896006619837,0.6017882812984787,0.021963075959798496,25.974787882684215,30.08262633528342,15.334953269238914,69.86301369863008,81.73515981735159,2336594518.0,2286820051.3,0.224926650314066,-0.019657788940128,-0.8685886603188949,14276034.9,1.1930363678426725,1.5241339876522717,0.02737226277372263,0.038961038961039085,0.06383667130423532,2.0,5.0,-0.007352941176470562,0.0,1069.13,1061.79,-0.0038091663930196473,0.0012730564671268318,0.018103192029992776,0.08937216654579865,-0.01586883002916284,0.013541758347688004,0.052209307970007,0.05128095892313933,1.9283661801935206,0.7591876922309435,27.2,27.7,0.018382352941176405,0.012372531849382806,0.006009821091793599,27.2,27.0,27.2,28.35,0.042279411764706065,0.04473508281310323,-0.0024556710483971678,27.2,29.4,0.0808823529411764,0.05313409225728094,0.027748260683895465,0.008878616,0.0,1
2023-05-25,27.2,27.5,26.85,27.0,35283622,-0.014598540145985384,-0.03398926654740608,-0.04085257548845467,-0.007352941176470562,0.022727272727272707,0.05675146771037176,27.669999999999998,26.445,25.8125,27.117011916427494,26.59141866312025,0.5255932533072425,0.4444264466253582,0.08116680668188431,0.01946641678915713,0.0030061780252549743,54.89169709111356,26.445,1.0675722581243978,28.580144516248797,24.309855483751203,0.16147812563802585,0.6299677833927304,0.6052319754914445,0.02241599909227572,25.37515443244948,27.774927102385785,19.469410539179403,57.142857142857146,70.64579256360078,2301310896.0,2289459459.3,0.23331405778747838,0.019693656039186734,-1.0787783419800132,15657208.1,2.571498710187024,2.253506613353373,0.024074074074074022,0.020986954055587148,0.04600484261501214,3.0,5.0,-0.0018348623853211565,0.0,1062.03,1064.63,0.0026747285244730357,-0.003444693019816203,0.0223457785972192,0.08911104178885042,-0.01727326867045842,-0.003908248156654359,0.03440568911315256,0.033653671618188996,1.9364072950821551,0.7380592008742192,27.25,28.0,0.02752293577981657,0.010447509463663351,0.01707542631615322,27.25,27.2,27.25,27.6,0.012844036697247763,0.03193283610059594,-0.019088799403348178,27.25,30.0,0.10091743119266061,0.0544020089202053,0.04651542227245531,0.009020866,0.0,1
2023-05-26,27.25,27.25,26.85,27.2,11438945,0.007407407407407307,-0.007299270072992692,-0.02683363148479423,-0.02333931777378817,0.014925373134328401,0.0858283433133733,27.54,26.5525,25.87,27.129779313900187,26.63649876214838,0.4932805517518055,0.45419726765064766,0.039083284101157856,0.01813531440263991,0.0014368854448955095,56.828896024940626,26.5525,1.0271927764548543,28.606885552909706,24.49811444709029,0.154741403100251,0.6575896985555902,0.5905725486706269,0.021712226054067165,24.8183519429458,26.43119829621495,18.52749599574162,55.172413793103395,60.7260948781969,2312749841.0,2293443436.4,0.2180602955380653,-0.04739329368579389,-0.8844085685430254,15456533.5,-0.5224096367779062,0.7400718278778357,0.014705882352941124,0.02438565106863755,0.05141090065713172,4.0,5.0,0.010948905109489093,1.0,1067.24,1063.76,-0.0008171853132075135,-0.0031019520743718054,0.027936415905686962,0.08514807504188143,0.00822459272061482,-0.020237365699416365,0.05789192740768634,0.05631858791254052,1.933822489948324,0.7363736069387544,27.4,28.3,0.03284671532846728,0.02201735154683604,0.01082936378163124,27.4,27.7,27.4,28.1,0.025547445255474477,0.03765435568797204,-0.012106910432497564,27.4,30.3,0.1058394160583942,0.05812580808364731,0.047713607974746886,0.008692188,0.0,1
2023-05-29,27.4,27.7,27.3,27.7,9984660,0.018382352941176405,0.025925925925925908,0.010948905109489093,-0.01598579040852577,0.025925925925925908,0.09055118110236227,27.45,26.6675,25.908333333333335,27.21750557330016,26.71527663161887,0.5022289416812882,0.46380360245677577,0.03842533922451241,0.018131008724956252,0.001387196361895755,61.303126051889215,26.6675,1.020097389571973,28.707694779143946,24.627305220856055,0.15300982687870596,0.7530395652794559,0.5841030809084393,0.02108675382340936,24.980315262679763,30.31803680258405,17.3946543669437,70.90909090909089,61.07478728168385,2322734501.0,2297304749.8,0.22121673920788693,-0.05676825449149866,-0.9705295217243562,15333869.8,-0.689293636410121,0.6511506964797626,0.014440433212996338,0.03871754007687245,0.06915406883242192,0.0,5.0,-0.008944543828264706,0.0,1067.34,1074.98,0.010547491915469775,0.004053650153179378,0.03284012298232142,0.08997112557219956,0.00783486102570663,-0.020039440561705146,0.05771105812004085,0.05587608075623596,1.7424564936789613,0.7230405013947552,27.95,28.05,0.003577817531305927,0.017611835153223065,-0.014034017621917139,27.95,27.7,27.95,28.2,0.008944543828264706,0.03448211935262613,-0.025537575524361422,27.95,29.6,0.05903398926654746,0.0493224078159471,0.00971158145060036,0.007994575,0.0,1
2023-05-30,27.95,27.95,27.4,27.7,9100611,0.0,0.018382352941176405,0.025925925925925908,-0.008944543828264706,0.010948905109489093,0.10139165009940365,27.4,26.794999999999998,25.94333333333333,27.291735485100133,26.788219103350805,0.5035163817493284,0.4717461583152863,0.03177022343404212,0.01817748670575193,0.0011469394741531452,61.303126051889215,26.794999999999998,0.9789763719534436,28.752952743906885,24.83704725609311,0.14614314192251443,0.7311087442780079,0.5816671465578366,0.020998813955156556,25.466894387231903,31.34035439040585,16.219821946714244,63.63636363636359,63.239289446185985,2322734501.0,2301493518.5,0.2154755113612007,-0.11631409143913768,-0.7632345468532397,15461445.05,-0.8338519022526085,0.5886002873968109,0.01985559566787006,0.03377495801455499,0.06771167930104083,1.0,5.0,0.0,0.0,1078.82,1078.05,0.002855867085899133,0.011446263545527025,0.03695545530621458,0.08946172273550872,-0.002855867085899133,-0.02039080737379173,0.06443619479318907,0.06213979054110963,1.7520772893486263,0.7269967576642409,27.7,28.3,0.02166064981949467,0.027745064401561548,-0.006084414582066877,27.7,27.7,27.7,28.2,0.018050541516245522,0.040866476877567504,-0.022815935361321982,27.7,29.6,0.06859205776173294,0.05187362642457716,0.01671843133715578,0.0019148169,0.0,1
2023-05-31,27.7,27.9,27.55,27.7,15063162,0.0,0.0,0.018382352941176405,0.010948905109489093,0.025925925925925908,0.09486166007905128,27.46,26.915,25.988333333333333,27.354545410469342,26.855758429028523,0.49878698144081923,0.47715432294039295,0.021632658500426283,0.01800675023252055,0.000780962400737411,61.303126051889215,26.915,0.932046418541913,28.779092837083827,25.05090716291617,0.13851702300455712,0.7105581826139218,0.5651194932322767,0.020401425748457644,25.91871786003032,29.953906269002783,15.502282464314574,62.79069767441854,65.77871740662437,2322734501.0,2305343506.4,0.2161339805230058,-0.04503057581044704,-0.8044968087467657,15875822.35,-0.11054082370067195,0.9488114484979734,0.012635379061371764,0.0291658926249303,0.06586288719297118,2.0,5.0,0.012658227848101333,1.0,1078.39,1075.17,-0.0026714901906218502,0.012601361851213522,0.024830333994204867,0.08645070384363084,0.0026714901906218502,-0.0016524567417244285,0.07003132608484641,0.06833455623030216,1.737853213805121,0.71484865830071,27.65,28.35,0.025316455696202667,0.030912317541137435,-0.005595861844934769,27.65,28.0,27.65,27.8,0.005424954792043524,0.038233900415323374,-0.03280894562327985,27.65,29.9,0.08137432188065108,0.05768069350627614,0.023693628374374942,0.008013291,0.0,1
2023-06-01,27.65,28.0,27.65,28.0,8842897,0.010830324909747224,0.010830324909747224,0.010830324909747224,0.03703703703703698,0.02941176470588247,0.11332007952286283,27.660000000000004,27.057499999999997,26.04,27.45384611655098,26.940517063915298,0.5133290526356831,0.484389268879451,0.028939783756232074,0.018333180451274394,0.001033563705579717,64.09195700779927,27.057499999999997,0.8633281683790942,28.784156336758187,25.330843663241808,0.12762866759738997,0.7729263432263405,0.549753815144257,0.01963406482658061,26.47991736076707,29.891038233370733,14.7973177129446,69.69696969696967,65.37467700258397,2331577398.0,2310058024.95,0.21344578361171423,-0.2207227272355015,-0.6523404890811957,15895581.4,-0.96201434064086,0.5563116426807767,0.012500000000000051,0.03483322553820578,0.07526881720430101,3.0,6.0,0.0035460992907800915,1.0,1076.27,1078.39,0.0029948752290336333,0.012924678057165462,0.03630562842947915,0.07919938478779255,0.007835449680713591,0.024112358979871518,0.07701445109338367,0.07431634932843023,1.74592146819217,0.7175888337804167,28.2,27.6,-0.02127659574468077,0.015799813685792863,-0.037076409430473634,28.2,28.3,28.2,27.8,-0.014184397163120477,0.03023455298425559,-0.04441895014737607,28.2,29.55,0.0478723404255319,0.038000719431096064,0.009871620994435837,-0.00050246005,0.0,1
2023-06-02,28.2,28.8,28.15,28.3,17872461,0.010714285714285676,0.02166064981949467,0.02166064981949467,0.040441176470588314,0.016157989228007263,0.13426853707414832,27.880000000000003,27.225,26.094999999999995,27.5840236370816,27.041219503625275,0.5428041334563254,0.4960722417948259,0.04673189166149949,0.019180358072661673,0.001651303592279134,66.67814538854023,27.225,0.7505261312474186,28.72605226249484,25.723947737505164,0.11027013865894125,0.8580821357323314,0.567628542633953,0.020057545676111413,27.94856701586286,36.94886934255798,13.30767977429439,74.35897435897435,68.94888057678754,2349449859.0,2316050432.9,0.20809772086254458,-0.4094431537843557,-0.3191563744204568,16404938.1,0.20726826974422177,1.0894561680790493,0.022968197879858734,0.03948576675849402,0.08449894615826814,4.0,6.0,-0.017513134851138368,0.0,1084.19,1090.84,0.011544988362280684,0.025456869970670093,0.04857206025127114,0.08592137829508263,-0.0008307026479950075,0.01498430649991822,0.08569647682287718,0.08172683601958797,1.7567392685641423,0.7234565682448406,28.55,28.1,-0.015761821366024442,0.006662425013633788,-0.02242424637965823,28.55,28.05,28.55,29.0,0.015761821366024442,0.013652063261225145,0.0021097581047992975,28.55,29.8,0.04378283712784592,0.018160334484639273,0.025622502643206646,0.0053006713,0.0,1
2023-06-05,28.55,28.65,28.05,28.05,14177945,-0.00883392226148405,0.0017857142857142794,0.012635379061371799,0.012635379061371799,-0.003552397868561208,0.0935672514619883,27.95,27.345,26.14,27.655712308299815,27.115943984838218,0.5397683234615975,0.5048114581281803,0.03495686533341724,0.019243077485261943,0.0012462340582323438,62.63001604861216,27.345,0.6733459265809127,28.691691853161824,25.998308146838173,0.09849638713928144,0.761752530226113,0.5699407895886706,0.020318744726868825,29.036538321948953,34.17047025137037,13.560261417390244,61.538461538461526,68.53146853146855,2335271914.0,2320823650.75,0.198142865770903,-0.38968298609315877,-0.580901035105592,16603542.5,-0.3489158658106528,0.8539108446284882,0.021390374331550725,0.02578167855183766,0.07306809487375676,0.0,6.0,0.00891265597147961,1.0,1100.2,1097.82,0.006398738586777197,0.021246906919198505,0.04212864520048587,0.0786210740843425,-0.015232660848261248,-0.008611527857826706,0.05143860626150243,0.049359171248581024,1.7374234504985164,0.707526284174612,28.05,28.2,0.005347593582887722,0.014572859753270384,-0.009225266170382662,28.05,28.3,28.05,28.75,0.024955436720142554,0.004918226529332159,0.020037210190810395,28.05,29.7,0.05882352941176472,0.02319111991927203,0.03563240949249269,0.0075660846,0.0,1
2023-06-06,28.05,28.3,27.75,28.3,17185224,0.00891265597147961,0.0,0.010714285714285676,0.02166064981949467,0.012522361359570633,0.09902912621359228,28.070000000000004,27.472499999999997,26.17,27.754833491638305,27.203651837813165,0.5511816538251395,0.5140854972675721,0.03709615655756737,0.019476383527390086,0.001310818252917575,64.92338152596388,27.472499999999997,0.5919359407028222,28.65637188140564,26.288628118594353,0.08618595915229,0.8494888310961025,0.5685164474751941,0.020088920405483893,29.247067810033574,31.80921696262992,16.392426773950508,74.35897435897435,70.0854700854701,2352457138.0,2326090222.4,0.19872068668173293,-0.4505859665537627,-0.5728146595568888,17096896.3,0.013384295201310618,1.0051663002717048,0.01943462897526504,0.03012103012103018,0.0813909056171187,1.0,6.0,-0.012195121951219412,0.0,1099.99,1108.31,0.009555300504636488,0.028069199016743207,0.05175702477770283,0.08261422277120399,-0.0006426445331568775,-0.0064085491972485364,0.047272101435889446,0.04494583855608747,1.6502235359720334,0.7157873519372248,28.7,28.2,-0.017421602787456414,0.009706117822735116,-0.02712772061019153,28.7,28.35,28.7,29.25,0.019163763066202044,4.4977376379540246e-05,0.019118785689822504,28.7,29.85,0.04006968641114983,0.018287801235978174,0.021781885175171656,0.0066286926,0.0,1
2023-06-07,28.7,28.8,28.15,28.35,12977551,0.0017667844522968323,0.010695187165775444,0.0017667844522968323,0.023465703971119245,0.034671532846715536,0.0759013282732448,28.2,27.572499999999998,26.209166666666665,27.846397569847795,27.28856651649367,0.5578310533541249,0.5228346084848827,0.03499644486924214,0.019676580365224863,0.0012344424997969008,65.380975050529,27.572499999999998,0.5604215988182889,28.693343197636576,26.45165680236342,0.08130152852563809,0.8468370962323045,0.5743367012269661,0.020258790166736016,30.040510779396786,35.45615797322093,15.067286040760228,76.92307692307695,70.94017094017097,2365434689.0,2331280159.5,0.1864632509217157,-0.4682343421135349,-0.43748089205950663,17020261.75,-0.608865122896434,0.7624765817717227,0.022927689594356336,0.028198386073080117,0.08168261740485216,2.0,6.0,-0.02473498233215543,0.0,1111.67,1109.54,0.0011097978002545528,0.031967037770771034,0.048456900950617054,0.08250031503373453,0.0006569866520422796,-0.008501333799651789,0.02744442732262775,0.026176018582875882,1.632718042240818,0.7159314392970849,28.3,27.8,-0.017667844522968212,0.00500062957566616,-0.022668474098634372,28.3,27.6,28.3,29.4,0.03886925795052987,0.00593599913658216,0.03293325881394771,28.3,29.9,0.05653710247349819,0.020470203083121863,0.03606689939037633,0.005717677,0.0,1
2023-06-08,28.3,28.4,27.6,27.6,20257170,-0.02645502645502651,-0.02473498233215543,-0.016042780748663055,-0.014285714285714235,0.022222222222222365,0.045454545454545636,28.120000000000005,27.6325,26.2525,27.808490251409673,27.311635663420066,0.49685458798960624,0.5176386043858274,-0.020784016396221183,0.01800197782571037,-0.0007530440723268544,54.00103060544398,27.6325,0.48781872172370533,28.60813744344741,26.65686255655259,0.07061521349479136,0.4833442226831925,0.5904555082821826,0.021393315517470386,29.50157090517709,32.024796691161285,20.262569363187403,38.461538461538474,63.247863247863286,2345177519.0,2334709949.4,0.21511756785536348,-0.6010820915165257,-0.41082362417184787,17285831.55,0.4462406858212038,1.1718944466978796,0.028985507246376708,-0.0011761512711481181,0.05132844491000865,3.0,6.0,0.014440433212996373,1.0,1111.86,1101.32,-0.007408475584476437,0.021263179369244822,0.041811714847888704,0.08883835253846536,-0.019046550870550072,-0.03554889365495906,0.0036428306066569327,0.0034966304896935085,1.6594939001609497,0.7561148157134825,27.7,27.8,0.0036101083032491488,0.012564476797418234,-0.008954368494169085,27.7,28.1,27.7,30.0,0.08303249097472931,0.020115854266573585,0.06291663670815573,27.7,29.1,0.05054151624548742,0.020949859941438387,0.02959165630404903,0.0047055976,0.0,1
2023-06-09,27.7,28.1,27.25,28.1,12852933,0.018115942028985588,-0.00881834215167554,-0.007067137809187218,-0.007067137809187218,0.03308823529411775,0.04850746268656714,28.080000000000002,27.6975,26.314166666666665,27.853337905038956,27.370033021685245,0.4833048833537106,0.5107718601794041,-0.027466976825693545,0.017199462041057316,-0.0009774724849001262,59.11069003878181,27.6975,0.4566684274531889,28.61083685490638,26.784163145093622,0.06595085151413518,0.7203458657327791,0.6089944005477411,0.021672398596005022,28.299314501651768,28.832053614212988,22.347600971418707,64.10256410256413,59.829059829059894,2358030452.0,2337957989.7,0.2177059780869655,-0.5744226920054633,-0.4553680052664864,17104081.95,-0.6316015870089594,0.7514541287613511,0.030249110320284746,0.014531997472696068,0.06786585172752324,4.0,6.0,0.001776198934280604,1.0,1103.11,1107.53,0.005638688119711022,0.015300135675259563,0.03808229449807854,0.08583698267659347,0.012477253909274566,-0.02236727348444678,0.010425168188488598,0.010042718427761388,1.6521221871285872,0.7454411157001544,28.15,29.0,0.030195381882770933,0.0044674220452867175,0.025727959837484216,28.15,28.2,28.15,30.3,0.07637655417406752,0.01722119143263745,0.05915536274143007,28.15,29.6,0.051509769094138624,0.02504818691117383,0.026461582182964793,0.002311128,0.0,1
2023-06-12,28.15,28.2,27.5,28.2,11277315,0.003558718861209842,0.021739130434782483,-0.005291005291005346,0.005347593582887722,0.018050541516245522,0.04444444444444451,28.110000000000003,27.7575,26.361666666666668,27.906670535032962,27.431512057115967,0.4751584779169953,0.5036491837269224,-0.028490705809927075,0.016849591415496287,-0.0010103087166640806,60.066122545418615,27.7575,0.4386807375240806,28.63486147504816,26.88013852495184,0.06321617401049527,0.7521765615339496,0.6154948005086167,0.021826056755624705,27.3331762056547,27.650375124282725,20.53218344449958,69.23076923076914,57.264957264957296,2369307767.0,2340277088.75,0.216956075130121,-0.5356244741019283,-0.45328288291431157,16175140.7,-0.7985052829515461,0.6972004268253444,0.02482269503546097,0.015941637395298525,0.06973509515078713,0.0,6.0,0.0,0.0,1110.26,1116.02,0.0076657065722824935,0.016578309741123398,0.04720796464328947,0.08741175123122713,-0.004106987711072652,-0.011230716158235676,-0.00276352019884496,-0.0026389411579640365,1.6000139507218825,0.7093622716289151,28.2,28.75,0.019503546099290725,-0.010765775037362535,0.03026932113665326,28.2,28.2,28.2,29.6,0.04964539007092217,0.013065695390315213,0.036579694680606956,28.2,29.85,0.0585106382978724,0.02827022721781214,0.03024041108006026,0.0028195037,0.0,1
2023-06-13,28.2,28.4,27.95,28.2,9049612,0.0,0.003558718861209842,0.021739130434782483,-0.0035335689045936647,0.018050541516245522,0.029197080291970767,28.089999999999996,27.797500000000003,26.42166666666667,27.95179814502789,27.48843708992219,0.46336105510570036,0.495591558002678,-0.03223050289697765,0.016431243088854623,-0.0011429256346445977,60.066122545418615,27.797500000000003,0.4408350329962162,28.679170065992434,26.915829934007572,0.06343520575536869,0.72825998949331,0.6036737433294298,0.021406870330830843,26.736278279104624,28.544582263437057,19.438938878904256,69.23076923076914,67.52136752136751,2369307767.0,2341938624.6,0.21190499817356054,-0.4385506708650685,-0.35034956948530277,15970058.1,-1.0973844552740857,0.5666611820278851,0.015957446808510613,0.01447971939922632,0.06730587270548138,1.0,6.0,-0.015929203539822967,0.0,1117.43,1122.46,0.005770505904912238,0.012767186076097836,0.05305325965606844,0.08784785622354711,-0.005770505904912238,-0.0163007549806915,-0.023856179364097674,-0.022654295160616233,1.5299603299872238,0.6777948636474892,28.25,29.25,0.03539823008849563,-0.011417798961371517,0.04681602904986715,28.25,27.8,28.25,29.6,0.04778761061946901,0.008687842356121411,0.0390997682633476,28.25,30.0,0.06194690265486735,0.024196130041971964,0.03775077261289539,-0.0001746401,0.0,1
2023-06-14,28.25,28.45,27.8,27.8,16590046,-0.014184397163120477,-0.014184397163120477,-0.01067615658362997,-0.01940035273368612,0.0036101083032491488,0.029629629629629672,27.98,27.8375,26.467499999999998,27.92844458425437,27.51151582400203,0.4169287602523397,0.4798589984526104,-0.06293023820027066,0.01499743741914891,-0.002263677633103261,54.191856412642785,27.8375,0.3989707151908914,28.635441430381782,27.039558569618215,0.05732852665517977,0.4765020347533179,0.6069827616630419,0.021833912290037477,25.856461911688207,26.361185534202708,19.717211047179585,48.7179487179487,62.39316239316238,2352717721.0,2343655252.05,0.21149175703785483,-0.4385233003593942,-0.3373234087097878,15914966.5,0.10723582980927071,1.0424179026704203,0.023381294964028725,-0.0013471037269868757,0.050344762444507474,2.0,6.0,0.0,0.0,1124.56,1117.42,-0.004490137733193178,0.007102042287794985,0.05373241296065778,0.08712516810370957,-0.009694259429927299,-0.026502395021481107,-0.02410278333102811,-0.02287372300080137,1.578276141410718,0.7022240035293031,27.8,29.4,0.05755395683453224,0.001253289885950748,0.05630066694858149,27.8,27.8,27.8,29.9,0.07553956834532372,0.01905895833706328,0.056480610008260435,27.8,29.8,0.07194244604316546,0.03324799026014724,0.03869445578301822,0.005125216,0.0,1
2023-06-15,27.8,27.9,27.6,27.8,11050483,0.0,-0.014184397163120477,-0.014184397163120477,0.007246376811594235,-0.0071428571428571175,0.02205882352941191,28.02,27.8675,26.5275,27.908683878984466,27.5328850222241,0.3757988567603654,0.4590469701141614,-0.083248113353796,0.013517944487782927,-0.002994536451575396,54.191856412642785,27.8675,0.3700195585171049,28.60753911703421,27.12746088296579,0.05311126703394356,0.45439430264814057,0.5850554215442529,0.021045159048354422,24.613374015101943,25.395665813574407,21.436808415612184,35.483870967741964,51.144196305486645,2352717721.0,2344612338.95,0.2104003574650849,-0.3573623438011792,-0.32889427926665005,15707950.1,-0.729125614757403,0.7034961869403953,0.010791366906474718,-0.0024221763703238253,0.047969088681556915,3.0,6.0,0.033868092691622165,1.0,1117.06,1116.97,-0.00040271339335262724,0.014210220462717471,0.04554857672398471,0.08584084058022011,0.00040271339335262724,-0.006963843651123236,-0.023489753194572804,-0.022466438879552797,1.569208763499221,0.6565856540288867,28.05,30.0,0.06951871657754016,0.00301269252709635,0.06650602405044381,28.05,29.0,28.05,29.55,0.053475935828877,0.0030929121505989254,0.05038302367827807,28.05,30.0,0.06951871657754016,0.038772818026240774,0.03074589855129939,0.0043387916,0.0,1
2023-06-16,28.05,29.6,28.0,29.0,44858171,0.043165467625899234,0.043165467625899234,0.028368794326241176,0.03202846975088969,0.02473498233215543,0.04129263913824044,28.2,27.925,26.600833333333334,28.076578666833008,27.641560205763057,0.43501846106995146,0.4542412683053194,-0.019222807235367956,0.015000636588619016,-0.0006628554219092398,65.82152468745878,27.925,0.44824218078239725,28.821484361564796,27.028515638435206,0.06420657916310081,1.0995642791379032,0.671837177148235,0.023166799212008104,25.57167885719059,38.609730785933806,17.33438423345181,74.46808510638293,52.88996826402458,2397575892.0,2346595006.8,0.24608932511020998,0.5472556440527382,1.5315519458433844,16733531.05,3.1348183143693125,2.6807355163690927,0.055172413793103496,0.038495971351835356,0.09019141004354503,4.0,6.0,-0.013722126929674006,0.0,1121.92,1115.22,-0.0015667385874285067,0.006943378508934339,0.045123562652871874,0.08606620124124921,0.04473220621332774,0.02508509124195535,-0.0038309235146314347,-0.0036655220985615244,1.4874251884543783,0.5755660617954971,29.15,30.3,0.03945111492281317,0.012279506668578799,0.02717160825423437,29.15,28.75,29.15,29.8,0.022298456260720467,0.0040334145991682835,0.018265041661552184,29.15,29.0,-0.005145797598627766,0.04725369281514413,-0.0523994904137719,-0.0023848438,0.0,1
2023-06-19,29.15,29.15,28.75,28.75,8517115,-0.008620689655172376,0.03417266187050361,0.03417266187050361,0.019503546099290725,0.024955436720142554,0.02131438721136769,28.310000000000002,27.955000000000002,26.666666666666668,28.1801819488587,27.723666857188014,0.4565150916706848,0.4546960329783925,0.001819058692292319,0.01587878579724121,6.32716066884285e-05,62.27439089677826,27.955000000000002,0.4828370107482934,28.920674021496588,26.989325978503416,0.06908774970463857,0.9116295884028858,0.652420235923361,0.022692877771247337,26.461533353415764,36.91889548596624,16.57525983220632,63.82978723404251,57.927247769389176,2389058777.0,2347264824.0,0.24669279888510331,0.722082265469636,1.6823725106270948,16272391.9,-0.847344405436844,0.5234089156862058,0.01391304347826082,0.028438561974601928,0.078125,0.0,6.0,0.01211072664359869,1.0,1115.68,1105.4,-0.008805437492154011,-0.00951595849536735,0.03246656205634002,0.09437135125817842,0.00018474783698163577,0.029019504594658074,-0.011152174844972329,-0.010801487675068944,1.4849721134594385,0.5808720056935164,28.9,29.6,0.02422145328719738,0.02376667420302958,0.0004547790841678001,28.9,29.25,28.9,29.7,0.02768166089965396,0.017861180194438164,0.009820480705215795,28.9,28.0,-0.03114186851211065,0.06093601627854417,-0.09207788479065482,-0.0025306167,0.0,1
2023-06-20,28.9,29.25,28.7,29.25,10686069,0.017391304347825987,0.008620689655172376,0.05215827338129486,0.037234042553191626,0.03356890459363959,0.04651162790697683,28.52,28.02,26.7375,28.344769341341976,27.836728571470385,0.5080407698715916,0.46536498035703233,0.042675789514559304,0.017368915209285185,0.0014590013509251044,66.19784599377405,28.02,0.5629807886793553,29.14596157735871,26.894038422641287,0.08036842093923713,1.046199810336931,0.6451045047859781,0.022054854864477884,27.383284461027397,35.77784088154318,15.565856057858827,85.10638297872335,74.46808510638296,2399744846.0,2349334410.9,0.2510814318555484,0.49767477616254346,1.1614322133795907,15941229.1,-0.5692065658782113,0.6703415986914083,0.018803418803418827,0.043897216274090045,0.09396914446002813,1.0,6.0,0.00512820512820511,1.0,1105.75,1111.72,0.005717387371087401,-0.009568269693352116,0.04303607449453506,0.09256563225185312,0.011673916976738585,0.04680231224654374,0.0034755534124417675,0.0033321507255883454,1.5037139300532143,0.5853787495788393,29.25,29.6,0.011965811965811923,0.019411717128144268,-0.007445905162332345,29.25,29.4,29.25,29.85,0.020512820512820662,0.017317768012006463,0.0031950525008141994,29.25,28.45,-0.027350427350427364,0.0551436556936542,-0.08249408304408157,0.0017207325,0.0,1
2023-06-21,29.25,29.55,29.1,29.4,16889874,0.00512820512820511,0.022608695652173827,0.01379310344827589,0.05755395683453224,0.03703703703703698,0.07299270072992692,28.839999999999996,28.119999999999997,26.810000000000002,28.507112519597058,27.952526455065172,0.5545860645318861,0.4832091971920031,0.07137686733988297,0.018863471582717214,0.00242778460339738,67.29667539018595,28.119999999999997,0.6216277444198822,29.363255488839762,26.876744511160233,0.08842499920624217,1.0147775382815833,0.6311684687298368,0.02146831526291962,28.521292731380928,37.35088383871095,14.773149970083406,91.48936170212754,80.14184397163118,2416634720.0,2353336421.0,0.23721654463851413,0.5015998746244734,1.7543008644472222,15697793.3,0.13050113832809762,1.0759393806007116,0.015306122448979569,0.045519203413940224,0.0966057441253263,2.0,6.0,0.010101010101010166,1.0,1112.73,1118.46,0.006062677652646453,0.0009307153979702942,0.05337213573305455,0.09078727701326438,-0.0009344725244413432,0.056623241436561944,0.01962056499687237,0.018626432512587998,1.4907028097523647,0.5839899870286662,29.7,29.9,0.006734006734006703,0.010779517141563222,-0.0040455104075565185,29.7,30.0,29.7,29.9,0.006734006734006703,0.007467523818825761,-0.0007335170848190575,29.7,28.25,-0.048821548821548766,0.041528666944885995,-0.09035021576643476,0.003745569,0.0,1
2023-06-22,29.7,30.2,29.5,30.0,21642158,0.020408163265306145,0.02564102564102555,0.04347826086956519,0.07913669064748197,0.08695652173913038,0.11111111111111116,29.279999999999994,28.27,26.885,28.736787516582126,28.104191162097383,0.6325963544847433,0.5130866286505512,0.11950972583419206,0.021086545149491442,0.003983657527806402,71.31370496124967,28.27,0.6947926612351537,29.659585322470306,26.880414677529693,0.09830812327345644,1.1224878645539118,0.6432278638205629,0.021440928794018762,30.11218380455386,41.25077851771696,13.460737921767697,93.22033898305087,89.93869455463395,2438276878.0,2360184720.1,0.234055218468783,0.32122692753829807,1.6934603098035477,15015720.1,0.8243091199203868,1.4413000412814034,0.02333333333333331,0.06119561372479665,0.11586386460851772,3.0,6.0,0.0033112582781458233,1.0,1126.21,1125.3,0.0061155517407862625,0.007457675676159514,0.05698693442792324,0.09163304878276354,0.014292611524519883,0.07167901497132245,0.05412417668318792,0.05120609812691934,1.4978967801264906,0.5861711648373147,30.2,29.55,-0.021523178807946963,-0.0008966619318181435,-0.02062651687612882,30.2,30.3,30.2,29.1,-0.03642384105960261,-0.00015980113636371307,-0.0362640399232389,30.2,27.85,-0.07781456953642374,0.04120205965909074,-0.11901662919551448,0.003801688,0.0,1
2023-06-23,30.2,30.65,30.0,30.3,16891163,0.010000000000000009,0.03061224489795933,0.03589743589743599,0.04482758620689653,0.07829181494661919,0.11397058823529416,29.54,28.425,26.966666666666665,28.977281744800262,28.266843668608686,0.7104380761915756,0.5525569181587561,0.15788115803281955,0.02344680119444144,0.005210599275010546,73.09332714095848,28.425,0.7836318953241865,29.992263790648373,26.85773620935163,0.11027361763576937,1.0981762646428264,0.6437115878333797,0.021244606859187446,31.904194554459135,43.26887330107197,12.489863940478054,89.70588235294123,91.47186101270658,2455168041.0,2367305630.1,0.23453286385508593,0.2916536270440237,1.6383476043287422,15288331.0,0.2002671701530099,1.1048402209502135,0.021452145214521406,0.06596306068601576,0.123609394313968,4.0,6.0,-0.01986754966887405,0.0,1126.4,1129.38,0.003625699813383232,0.012697046322698746,0.06168684665714075,0.09066487857600265,0.006374300186616777,0.032130539884197784,0.05228374157815341,0.04924591629139563,1.5055937313820011,0.5899657398746209,30.2,29.8,-0.013245033112582738,-0.00876044173863788,-0.004484591373944857,30.2,29.6,30.2,29.6,-0.01986754966887405,0.007070295908254254,-0.026937845577128305,30.2,28.75,-0.04801324503311255,0.04939473311623965,-0.0974079781493522,0.0027933335,0.0,1
2023-06-26,30.2,30.25,29.25,29.6,31161417,-0.02310231023102305,-0.013333333333333308,0.006802721088435382,0.029565217391304355,0.04964539007092217,0.06859205776173294,29.709999999999997,28.52,27.0375,29.07308455329253,28.365595989452487,0.7074885638400445,0.5835432472950138,0.12394531654503071,0.023901640670271774,0.004187341775169957,63.23560651098393,28.52,0.8059646067721408,30.131929213544282,26.908070786455717,0.11303851427379262,0.835002303738052,0.672732188702424,0.022727438807514325,32.03307599003569,38.445013893006895,19.060685339901713,69.11764705882361,84.01462279827194,2424006624.0,2372369236.25,0.2500583886978759,0.2997426780944086,1.2737960783093167,16347168.85,1.7145422744836643,1.9062271446471295,0.03378378378378378,0.03786816269284721,0.0947757743874249,0.0,6.0,0.0016920473773265332,1.0,1130.08,1132.03,0.002346420159733631,0.02409082685000885,0.05307075480474044,0.08618852510413944,-0.02544873039075668,0.005474390541295504,0.0155213029569925,0.01473908840994298,1.4908331472440743,0.5695491172670545,29.55,29.7,0.0050761421319796,-0.007976730862456427,0.013052872994436027,29.55,29.6,29.55,29.85,0.010152284263959421,0.012753955312678977,-0.002601671048719556,29.55,28.7,-0.02876480541455162,0.04950861575073828,-0.0782734211652899,0.0042373748,0.0,1
2023-06-27,29.55,29.75,29.45,29.6,11225322,0.0,-0.02310231023102305,-0.013333333333333308,0.011965811965811923,0.04964539007092217,0.06859205776173294,29.78,28.615,27.097500000000004,29.154148468170604,28.457033323567117,0.6971151446034867,0.6062576267567085,0.0908575178467782,0.02355118731768536,0.003069510738066831,63.23560651098393,28.615,0.8161365984744013,30.2472731969488,26.982726803051197,0.11408514394190472,0.8017264517487812,0.6461084609379653,0.02182798854520153,32.152751608785344,37.169962139184065,18.428526372828813,69.11764705882361,75.98039215686286,2424006624.0,2377432842.4,0.2500583886978759,0.2997426780944086,1.2737960783093167,16453404.4,-0.610811158921774,0.6822492006578286,0.010135135135135158,0.034422505678839865,0.09235169296060519,1.0,6.0,0.006734006734006703,1.0,1134.55,1134.33,0.002031748275222345,0.020337854855539073,0.05220537080840404,0.08620608152067916,-0.002031748275222345,-0.00837204288972715,0.0163866869533289,0.015573658344605334,1.4699162052096735,0.5729538579191013,29.7,29.85,0.005050505050505194,-0.004555127596334807,0.009605632646840001,29.7,29.9,29.7,30.0,0.010101010101010166,0.012829982940255613,-0.002728972839245447,29.7,28.5,-0.04040404040404033,0.05163650433528555,-0.09204054473932588,0.00383214,0.0,1
2023-06-28,29.7,30.0,29.55,29.9,13694345,0.010135135135135087,0.010135135135135087,-0.01320132013201325,0.017006802721088343,0.07553956834532372,0.07942238267148016,29.880000000000003,28.725,27.159166666666668,29.268894857682817,28.563919744043627,0.7049751136391897,0.6260011241332047,0.078973989505985,0.023577762997966212,0.002641270552039632,65.54522762703786,28.725,0.8343765400149111,30.393753080029825,27.056246919970178,0.11618820400555775,0.8520592752940411,0.6321007137281106,0.021140492097930123,32.504486570767654,38.10488515039788,17.491420184383653,77.94117647058823,72.05882352941187,2437700969.0,2383181165.8,0.25079614409850415,0.19520158260856546,1.1801679032453276,16384963.55,-0.31372345968005044,0.8357873338082585,0.015050167224080244,0.040905134899912765,0.10091743119266039,2.0,6.0,-0.013355592654423987,0.0,1137.18,1138.35,0.003543942239030873,0.017783380719918362,0.05876280030134762,0.08399669552237327,0.006591192896104214,-0.0007765779988300192,0.020659582370132545,0.019512946964374223,1.4756442939204468,0.5731743268784781,29.95,29.9,-0.0016694490818029983,-0.0042126696038337075,0.002543220522030709,29.95,29.55,29.95,29.8,-0.005008347245408995,0.012971511821804116,-0.01797985906721311,29.95,28.3,-0.05509181969949917,0.05390461813905301,-0.10899643783855217,0.0030543671,0.0,1
2023-06-29,29.95,30.05,29.3,29.55,14838518,-0.011705685618728978,-0.0016891891891892552,-0.0016891891891892552,-0.015000000000000013,0.06294964028776984,0.05535714285714288,29.79,28.802500000000002,27.20583333333333,29.31214180265469,28.63696272596632,0.6751790766883694,0.6358367146442377,0.03934236204413166,0.022848699718726544,0.0013313828102921037,60.75018560092136,28.802500000000002,0.8354757547906698,30.47345150958134,27.131548490418663,0.1160282273817439,0.7236749527780392,0.6405220913189599,0.021675874494719454,32.323098444556905,34.91790196789198,18.816392312895488,65.07936507936513,70.71272953625903,2422862451.0,2387745418.45,0.25530917965995314,0.36048222699604937,1.001935272655768,16684744.6,-0.21973888294011373,0.8893464272746494,0.025380710659898477,0.025952608280531253,0.08616411921462941,3.0,6.0,0.008460236886632888,1.0,1139.42,1125.39,-0.01138489919620489,7.997867235420841e-05,0.043583490202987685,0.09805171762770425,-0.0003207864225240886,-0.015079978672354222,0.011773652654155198,0.011281946068220305,1.44656297273029,0.5637733976200351,29.55,29.1,-0.015228426395939021,0.0017077292537579503,-0.01693615564969697,29.55,29.8,29.55,30.0,0.015228426395939021,0.03657386818464836,-0.02134544178870934,29.55,28.1,-0.04906937394247035,0.06495597260517649,-0.11402534654764684,0.003803126,0.0,1
2023-06-30,29.55,29.8,29.3,29.8,8145562,0.008460236886632888,-0.0033444816053510573,0.006756756756756799,-0.01650165016501648,0.02758620689655178,0.053003533568904526,29.690000000000005,28.877499999999998,27.254166666666666,29.387196909938584,28.723113635154,0.6640832747845842,0.641486026672307,0.022597248112277146,0.0222846736504894,0.0007582969165193673,62.84125764702315,28.877499999999998,0.8550892535752497,30.587678507150496,27.1673214928495,0.11844366771018949,0.7697086871759,0.6304847990818914,0.02115720802288226,32.1546666130755,32.93995114458793,17.750523616055496,72.13114754098366,71.71722969697906,2431008013.0,2391823326.15,0.25450887289540297,0.38289051964095633,1.069076461167103,16198399.65,-0.9354494649884778,0.5028621453971843,0.016778523489932886,0.03194528612241365,0.09341079345665815,4.0,6.0,-0.003355704697986628,0.0,1124.3,1120.18,-0.00462950621562308,-0.00814606244133953,0.02689670345788575,0.09423925221845536,0.013089743102255968,-0.00835558772367695,0.026106830111018775,0.02542303429654491,1.4111075738129184,0.5530878087186376,29.8,29.6,-0.006711409395973145,0.011123450757407394,-0.01783486015338054,29.8,29.7,29.8,29.0,-0.02684563758389269,0.03807027675358721,-0.0649159143374799,29.8,28.65,-0.038590604026845665,0.0729598862778198,-0.11155049030466546,-0.0019588931,0.0,1
2023-07-03,29.8,29.95,29.45,29.7,7045937,-0.003355704697986628,0.0050761421319796,-0.006688963210702337,0.0033783783783782884,0.03304347826086951,0.05882352941176472,29.71,28.96,27.311666666666664,29.435320462255724,28.795475588105557,0.6398448741501674,0.6411577961678792,-0.0013129220177117151,0.021543598456234596,-4.4206128542481994e-05,61.43142788776745,28.96,0.850634438151517,30.661268876303033,27.25873112369697,0.11749094449606579,0.7174847286949921,0.6211644562903277,0.02091462815792349,32.17257897281755,32.77091659326971,16.729944821531426,68.85245901639344,68.68765721224746,2423962076.0,2396257834.25,0.2519440566924659,0.3563953032525137,1.2081067657408537,15841799.25,-0.994872319787942,0.44476873420801616,0.016835016835016835,0.025552486187845336,0.08744736681515852,0.0,7.0,0.005050505050505194,1.0,1125.55,1125.5,0.0047492367298112015,-0.005768398364000893,0.025213605144741358,0.09324258418207826,-0.00810494142779783,0.009146776742379181,0.03360992426702336,0.0327833381242324,1.4106424922510201,0.5702021233001979,29.7,29.85,0.005050505050505194,0.019439096450213356,-0.014388591399708162,29.7,29.85,29.7,28.0,-0.0572390572390572,0.04083008756909279,-0.09806914480814999,29.7,28.95,-0.025252525252525304,0.08498726832341141,-0.11023979357593672,-0.0017152159,0.0,1
2023-07-04,29.7,29.85,29.3,29.85,17234574,0.005050505050505194,0.001677852348993314,0.010152284263959421,0.008445945945946054,0.020512820512820662,0.05477031802120136,29.76,29.0375,27.381666666666668,29.49911731421638,28.873588507505147,0.6255288067112339,0.6380319982765501,-0.012503191565316207,0.020955738918299292,-0.000418867389122821,62.780299521952074,29.0375,0.8579159264421119,30.753331852884227,27.321668147115776,0.11818041173546104,0.7367656243921074,0.6160812808410187,0.02063923888914635,31.847147782911293,30.68121040319251,17.402227444026803,73.77049180327876,71.58469945355199,2441196650.0,2400694809.85,0.2511096488399102,0.3977019561413212,1.2928762686579485,15844266.75,0.15724613931574163,1.0877482859848973,0.018425460636515935,0.02798105897546277,0.09014547446588361,1.0,7.0,0.0016750418760467234,1.0,1127.11,1132.0,0.005775211017325699,-0.0020540759743636894,0.02137488608782756,0.08968088505477119,-0.0007247059668205047,0.010500021920309743,0.0333954319333738,0.032696546966499485,1.3386894094713826,0.5451432193543254,29.85,30.0,0.005025125628140614,0.013311162725225145,-0.008286037097084531,29.85,29.9,29.85,28.45,-0.04690117252931325,0.03294798704954949,-0.07984915957886274,29.85,28.95,-0.03015075376884424,0.07119228603603589,-0.10134303980488013,0.0048309774,0.0,1
2023-07-05,29.85,30.25,29.65,29.9,14556701,0.0016750418760467234,0.006734006734006703,0.003355704697986406,0.0,0.017006802721088343,0.05467372134038784,29.76,29.115000000000002,27.446666666666665,29.560791573567705,28.949618988430693,0.6111725851370124,0.6326601156486427,-0.021487530511630215,0.020440554686856606,-0.0007186465054056929,63.24178170918739,29.115000000000002,0.8625390914106118,30.840078182821227,27.389921817178777,0.11850099143542672,0.7275259196415647,0.6149326179238032,0.02056630829176599,32.03145528062207,33.189182488118185,16.189395784325246,71.69811320754715,71.44035467573984,2455753351.0,2405210742.95,0.2511148076193862,0.3986394165749456,1.2930502195553155,15923224.25,-0.15490511260811848,0.9141804933130927,0.020066889632107072,0.026962047054782667,0.0893854748603351,2.0,7.0,-0.025125628140703515,0.0,1136.64,1134.62,0.002314487632508744,-0.0032766723766856076,0.022603962002271105,0.08978928498267079,-0.0006394457564620204,0.0032766723766856076,0.03206975933811673,0.031360879215961424,1.3525303790645211,0.5534630819844398,29.85,29.8,-0.0016750418760469454,0.018082385110699484,-0.01975742698674643,29.85,29.1,29.85,28.25,-0.05360134003350092,0.03464761400723293,-0.08824895404073385,29.85,29.1,-0.025125628140703515,0.07650172003175437,-0.10162734817245789,0.004348074,0.0,1
2023-07-06,29.85,29.9,29.1,29.1,26338721,-0.026755852842809236,-0.025125628140703515,-0.02020202020202011,-0.015228426395939021,-0.029999999999999916,0.05434782608695654,29.669999999999998,29.189999999999998,27.499166666666667,29.4899005622496,28.96075832262101,0.5291422396285874,0.6119565404446317,-0.08281430081604424,0.01818358211782087,-0.002845852261719733,52.10908913596347,29.189999999999998,0.7856609687999335,30.761321937599863,27.618678062400132,0.10766166067830528,0.4713616930285248,0.6281517166435313,0.021585969644107604,31.028342529927258,30.16996807962998,20.97082520409545,20.51282051282063,55.32714184121556,2429414630.0,2409422598.5,0.25158120534674483,0.38813835336657554,1.2941066892135353,16227301.8,1.1135969851458463,1.6231115514225538,0.027491408934707806,-0.0030832476875640724,0.05821388526925064,3.0,7.0,0.01718213058419238,1.0,1133.7,1126.22,-0.007403359715146829,0.0007375221034484625,0.022609232557294856,0.08978283155278055,-0.019352493127662407,-0.015965948499387483,0.031738593529661685,0.031036873635778894,1.4379490508832349,0.5744373458211526,29.1,30.0,0.030927835051546282,0.035947305729879586,-0.005019470678333304,29.1,29.6,29.1,27.85,-0.04295532646048106,0.04251631140109158,-0.08547163786157264,29.1,28.6,-0.01718213058419249,0.07641913634020159,-0.09360126692439408,0.0022164304,0.0,1
2023-07-07,29.1,29.6,29.0,29.6,9709338,0.01718213058419238,-0.010033444816053394,-0.008375209380234505,-0.006711409395973145,-0.02310231023102305,0.053380782918149405,29.630000000000003,29.264999999999997,27.56,29.506838937288123,29.00810955798242,0.49872937930570416,0.5893111082168462,-0.09058172891114202,0.016848965517084598,-0.0030601935442953385,57.18231296505347,29.264999999999997,0.746764952804931,30.75852990560986,27.771470094390136,0.10206935968630525,0.6121504158509675,0.6261408797404221,0.021153408099338585,29.899794076184893,28.104939786763712,20.676220677722984,46.15384615384628,46.121593291404736,2439123968.0,2413477274.3,0.25084640280652865,0.3922112235149816,1.3423683883557356,16070122.05,-0.693785445327255,0.6041857037420572,0.020270270270270316,0.011447121134461113,0.07402031930333819,4.0,7.0,0.001677852348993314,1.0,1124.98,1138.07,0.01052192289250753,0.015970647574496732,0.02757487381831636,0.09457781621361724,0.00666020769168485,-0.022682056970469877,0.025805909099833046,0.02511340998825906,1.453486720074681,0.5877274175882897,29.8,29.0,-0.02684563758389269,0.022571131007080414,-0.049416768590973104,29.8,29.85,29.8,28.75,-0.03523489932885904,0.03788694305143503,-0.07312184238029407,29.8,28.95,-0.028523489932886004,0.07296452857930547,-0.10148801851219147,-0.003482916,0.0,1
2023-07-10,29.8,29.95,29.5,29.85,11193128,0.008445945945946054,0.025773195876288568,-0.0016722408026754731,0.005050505050505194,0.008445945945946054,0.0585106382978724,29.660000000000004,29.347500000000004,27.622500000000002,29.559632946936105,29.070471812946685,0.48916113398941974,0.5692811133713609,-0.08011997938194115,0.016387307671337344,-0.0026840864114553147,59.492871986126396,29.347500000000004,0.7133086362348485,30.774117272469702,27.920882727530305,0.09722240548392186,0.6761159105868988,0.6135593883303919,0.020554753377902576,29.342351127221576,30.707176776030806,19.593044672044517,51.51515151515164,39.39393939393956,2450317096.0,2417527740.75,0.251661288396635,0.339773855335146,1.2528405234704247,16065912.7,-0.5313505648183858,0.6967004121714169,0.015075376884422086,0.01712241247124968,0.08064078197121916,0.0,7.0,-0.0016638935108153063,0.0,1142.61,1149.02,0.00962155227710082,0.020897378942692058,0.029569362556226553,0.09653695333364314,-0.001175606331154766,-0.015846873892186863,0.028941275741645844,0.028110078635003477,1.4305403321581178,0.5881143559488993,30.05,28.0,-0.06821963394342767,0.019111655503722513,-0.08733128944715018,30.05,30.0,30.05,28.7,-0.04492512479201338,0.03439229279056222,-0.0793174175825756,30.05,30.05,0.0,0.07843597161050453,-0.07843597161050453,0.001722201,0.0,1
2023-07-11,30.05,30.35,29.85,30.0,17904187,0.005025125628140614,0.013513513513513375,0.030927835051546282,0.005025125628140614,0.013513513513513375,0.06382978723404253,29.690000000000005,29.4375,27.68166666666667,29.62738172433055,29.139325752728414,0.48805597160213665,0.5530360850175161,-0.06498011341537946,0.016268532386737887,-0.0021660037805126485,60.857694564432514,29.4375,0.6733410412975244,30.78418208259505,28.09081791740495,0.09149432408289077,0.7088466191352549,0.6054480034496497,0.020181600114988322,29.329212971454975,33.614871511588774,18.437286305606438,60.60606060606066,52.758352758352906,2468221283.0,2422473416.55,0.25150791732817807,0.28804110374444536,1.2398298128204501,16508641.45,0.1546033863972864,1.0845342455481097,0.016666666666666666,0.019108280254777066,0.08374977421879692,1.0,7.0,0.0,0.0,1151.13,1151.77,0.0023933438930567874,0.017464664310953948,0.026112289079343487,0.09528033745085485,0.002631781735083827,-0.012439538682813334,0.03771749815469905,0.0367576712179718,1.4914435982411298,0.6107008266676903,29.8,28.45,-0.04530201342281881,0.01708291102506121,-0.06238492444788002,29.8,29.8,29.8,28.5,-0.043624161073825496,0.035976333411298134,-0.07960049448512363,29.8,29.8,0.0,0.07611077903964936,-0.07611077903964936,0.002980819,0.0,1
2023-07-12,29.8,29.9,29.3,29.8,32139253,-0.006666666666666599,-0.0016750418760469454,0.006756756756756799,-0.0033444816053510573,-0.0033444816053510573,0.07194244604316546,29.669999999999998,29.5375,27.75,29.65393838212585,29.188264585859642,0.4656737962662092,0.5355636272672547,-0.06988983100104551,0.015626637458597624,-0.0023452963423169636,58.04925664237368,29.5375,0.5555639619255058,30.648627923851013,28.42637207614899,0.0752350689023114,0.6181232126226347,0.6122017174889604,0.020543681794931556,28.22509309144745,30.86946337638578,23.348587642073745,48.48484848484857,53.535353535353664,2436082030.0,2426641632.0,0.24596374709931587,0.2947417230015394,1.5423601787367256,17286101.8,1.5344201693229496,1.8592539470061433,0.020134228187919392,0.008887008040626254,0.07387387387387401,2.0,7.0,0.01180438448566612,1.0,1154.37,1154.2,0.002109796226677174,0.01725687895506889,0.03291510801668118,0.09280249577297738,-0.008776462893343773,-0.020601360560419946,0.03902733802648428,0.037783683986790884,1.4053854893511972,0.5750328723931939,29.65,28.25,-0.04721753794266437,0.011294271821222779,-0.058511809763887146,29.65,30.0,29.65,28.3,-0.04553119730185495,0.035313997999792957,-0.08084519530164791,29.65,31.2,0.05227655986509272,0.06389454081456702,-0.011617980949474305,0.003229686,0.0,1
2023-07-13,29.65,30.0,29.65,30.0,11704910,0.006711409395973034,0.0,0.005025125628140614,0.030927835051546282,0.015228426395939021,0.07913669064748197,29.85,29.647499999999997,27.818333333333335,29.707178631029567,29.248393135055224,0.45878549597434315,0.5202080010086724,-0.06142250503432922,0.015292849865811439,-0.002047416834477641,60.035395182071746,29.647499999999997,0.38507518063064844,30.417650361261295,28.8773496387387,0.05195381474062214,0.7288514150812727,0.5934730233826062,0.01978243411275354,27.33918250548832,30.772658858134097,22.36503039843551,74.07407407407399,61.05499438832778,2447786940.0,2431395092.95,0.24581709803675067,0.22423028728860828,1.526528677988346,17318823.15,-0.5812183069462845,0.6758490400082411,0.011666666666666714,0.011889704022261638,0.07842549877179317,3.0,7.0,-0.039735099337748325,0.0,1159.88,1165.42,0.009721018887541177,0.034806698513611956,0.043376276891948784,0.09672626603644888,-0.0030096094915681437,-0.0038788634620656737,0.03576041375553318,0.03427374624814905,1.3774047580242852,0.5736211104254009,30.2,27.85,-0.07781456953642374,0.0030875812521380386,-0.08090215078856178,30.2,29.0,30.2,28.1,-0.06953642384105951,0.02405918576804633,-0.09359560960910585,30.2,30.55,0.011589403973510048,0.043970236058843426,-0.03238083208533338,0.00074380066,0.0,1
2023-07-14,30.2,30.2,27.9,29.0,74867125,-0.033333333333333326,-0.02684563758389269,-0.033333333333333326,-0.020270270270270285,-0.02684563758389269,0.0,29.73,29.647499999999997,27.87,29.59838191856348,29.229993643569653,0.3683882749938263,0.48984405580570317,-0.12145578081187686,0.012703043965304356,-0.00418813037282334,47.83955562258118,29.647499999999997,0.38507518063064844,30.417650361261295,28.8773496387387,0.05195381474062214,0.07962754251029118,0.7153678074267058,0.024667855428507097,26.73119989554159,23.705653342237795,34.70238317604924,44.89795918367348,55.818960580865394,2372919815.0,2430162289.1,0.23354095578684192,-0.9109387347060776,0.26289862307159156,18819270.85,3.7339274429929485,3.9782160316801005,0.07931034482758623,-0.021839952778480387,0.04054538930749896,4.0,7.0,-0.029462738301559876,0.0,1169.2,1168.4,0.0025570180707383816,0.0266503817867092,0.04768565843510708,0.09573106463962079,-0.03589035140407171,-0.046920652056979484,-0.04768565843510708,-0.04551523450872996,1.3607240263771136,0.537001361071783,28.85,28.75,-0.0034662045060659397,0.012075954768508756,-0.015542159274574696,28.85,28.0,28.85,28.65,-0.006932409012131768,0.030655003200341424,-0.03758741221247319,28.85,31.85,0.10398613518197575,0.05159803712395994,0.05238809805801581,0.0018858607,0.0,1
2023-07-17,28.85,28.9,28.0,28.0,41712146,-0.03448275862068961,-0.06666666666666665,-0.06040268456375841,-0.06197654941373543,-0.0572390572390572,-0.02608695652173909,29.360000000000003,29.609999999999996,27.91166666666667,29.352477008015253,29.138883003305235,0.21359400471001777,0.4345940455865661,-0.22100004087654834,0.007628357311072064,-0.007892858602733869,39.25230437218516,29.609999999999996,0.49725562630866565,30.60451125261733,28.615488747382663,0.06717401233484178,-0.3094428271992065,0.7356986783247983,0.026274952797314226,26.166644614876766,21.404084774964332,31.333148286194277,4.081632653061278,41.017888636936284,2331207669.0,2427269733.7,0.26259086549215976,-0.9056542895095886,-0.18556663322305603,20479022.4,1.3581692882607932,2.036823105384171,0.03214285714285709,-0.0543735224586287,0.0031647459246431087,0.0,7.0,0.016071428571428514,1.0,1171.75,1173.13,0.004048271140020487,0.02098309864058079,0.06127193776008677,0.08627214050296038,-0.0385310297607101,-0.08295964805431622,-0.08735889428182586,-0.08231527770931635,1.2851792677285176,0.4808804332249958,28.0,28.7,0.02499999999999991,0.01490756288195838,0.01009243711804153,28.0,28.45,28.0,28.95,0.03392857142857131,0.04233611482829458,-0.008407543399723272,28.0,31.9,0.13928571428571423,0.054217843048677494,0.08506787123703674,0.0050101085,0.0,1
2023-07-18,28.0,28.45,27.9,28.45,23020457,0.016071428571428514,-0.018965517241379293,-0.05166666666666664,-0.05166666666666664,-0.04690117252931325,-0.027350427350427364,29.05,29.57,27.9575,29.213634391397523,29.087854632690032,0.12577975870749114,0.3728311882107511,-0.24705142950325998,0.004421081149648195,-0.0086837057821884,44.11378878837127,29.57,0.5563981913785394,30.68279638275708,28.45720361724292,0.07526522710565295,-0.003236718484415991,0.7224344870158842,0.02539312783887115,25.755133017020405,20.24013873677088,30.61798392701237,22.44897959183674,23.80952380952387,2354228126.0,2424993897.7,0.2613912270159804,-0.9214860546494156,-0.17185672260549592,21095741.8,0.12442071838461508,1.091237142464457,0.0193321616871705,-0.03787622590463313,0.01761602432263265,1.0,7.0,-0.007029876977152849,0.0,1173.23,1174.09,0.0008183236299470487,0.01937886904503494,0.05610225596373186,0.08597151403190946,0.015253104941481466,-0.07104553571170158,-0.08345268331415923,-0.07901951050943035,1.2833512531950517,0.477013140158597,28.45,28.5,0.0017574692442883233,0.015626326963906756,-0.013868857719618433,28.45,28.25,28.45,28.95,0.017574692442882345,0.03402123142250524,-0.016446538979622893,28.45,31.5,0.10720562390158173,0.04802547770700638,0.059180146194575345,-0.0003529421,0.0,1
2023-07-19,28.45,28.6,28.2,28.25,11970114,-0.007029876977152849,0.008928571428571397,-0.025862068965517238,-0.052013422818791955,-0.05518394648829428,-0.03911564625850339,28.74,29.5125,28.00166666666667,29.065382946567134,29.025791326564846,0.03959162000228744,0.3061832745690584,-0.266591654566771,0.0014014732744172546,-0.009436872728027292,42.486400473425284,29.5125,0.6295100433970325,30.771520086794066,28.253479913205933,0.08532114099409177,-0.0013819927268967623,0.6994034522290355,0.024757644326691523,25.111149535335283,20.945223751240672,29.36720436911377,14.285714285714327,13.605442176870818,2342258012.0,2421275062.3,0.2610155276616055,-0.8081281398627828,-0.31186092443833846,20849753.8,-0.5699917210248101,0.5741129662643786,0.014159292035398306,-0.042778483693350244,0.00886851973096836,2.0,7.0,-0.01415929203539823,0.0,1177.5,1172.98,-0.0009454130432929864,0.0162710102235315,0.04874559662392941,0.08598566346697013,-0.006084463933859863,-0.06828443304232346,-0.0878612428824328,-0.08377746058269175,1.3115088707439535,0.4794128424004623,28.25,28.3,0.001769911504424737,0.024756150636184415,-0.022986239131759678,28.25,27.85,28.25,29.1,0.030088495575221197,0.04147359258595551,-0.011385097010734313,28.25,32.9,0.16460176991150433,0.06095594070812327,0.10364582920338106,-0.0037389244,0.0,1
2023-07-20,28.25,28.3,27.6,27.85,27256833,-0.01415929203539823,-0.02108963093145866,-0.005357142857142838,-0.07166666666666666,-0.04295532646048106,-0.07166666666666666,28.310000000000002,29.405,28.040000000000003,28.878400954787576,28.93869567274523,-0.06029471795765318,0.2328876760637161,-0.29318239402136925,-0.0021649808961455358,-0.010527195476530313,39.35905289424015,29.405,0.7190820171366531,30.843164034273308,27.966835965726695,0.09781765239063468,-0.04061983297535655,0.6994460627841044,0.025114759884527982,25.202756688404943,19.447951490684268,33.39518339017548,9.090909090909092,15.275200989486757,2315001179.0,2415111277.35,0.2505257533276445,-0.7393722364866921,-0.495422916386618,21130487.55,0.39160928706398657,1.2899292046860509,0.025134649910233366,-0.05288216289746639,-0.006776034236804618,3.0,7.0,0.028622540250447193,1.0,1171.83,1172.81,-0.0001449300073318449,0.00634106159152914,0.04221985248378202,0.08526290776435129,-0.014014362028066385,-0.0780077282581958,-0.11388651915044867,-0.10927302802670502,1.3286796727155772,0.4805090510106716,27.95,28.1,0.005366726296959001,0.0205589792108829,-0.015192252913923898,27.95,28.75,27.95,28.6,0.023255813953488413,0.03216815403891893,-0.008912340085430515,27.95,32.35,0.1574239713774599,0.05137187715754221,0.10605209421991768,0.0016909336,0.0,1
2023-07-21,27.95,28.75,27.8,28.75,29529622,0.032315978456014305,0.017699115044247815,0.010544815465729274,-0.008620689655172376,-0.028716216216216228,-0.051155115511551164,28.26,29.327500000000004,28.101666666666667,28.858646961743332,28.924718215504843,-0.06607125376151046,0.1730958900986708,-0.23916714386018126,-0.002298130565617755,-0.008318857177745435,48.53777057261137,29.327500000000004,0.70084066062112,30.729181321242244,27.925818678757764,0.09558819000884765,0.2939973975367686,0.7173427725852397,0.0249510529594866,24.514706311901982,22.089092328941526,30.236161209076773,41.81818181818176,21.731601731601767,2344530801.0,2409579415.35,0.2776396173678683,-0.277544334946749,-0.21020565717651385,21762410.5,0.49413361431093317,1.3569095206617852,0.03304347826086954,-0.019691415906572418,0.02307099223059139,4.0,7.0,-0.0017391304347826875,0.0,1173.21,1185.9,0.011161228161424397,0.01497774734679913,0.05004515752005534,0.09106873983085204,0.021154750294589908,-0.023598437001971506,-0.1012002730316065,-0.09637706750690256,1.3716486134748949,0.48953765687319495,28.75,28.65,-0.003478260869565264,0.014218049280279477,-0.01769631014984474,28.75,28.7,28.75,28.95,0.006956521739130306,0.029595041738750716,-0.02263851999962041,28.75,31.3,0.08869565217391306,-0.010707627189814772,0.09940327936372784,-0.00011827184,0.0,1
2023-07-24,28.75,28.9,28.45,28.7,17380377,-0.0017391304347826875,0.030520646319569078,0.015929203539823078,0.02499999999999991,-0.038525963149078746,-0.030405405405405483,28.4,29.2825,28.15666666666667,28.834239736859743,28.908072421763745,-0.07383268490400141,0.12371017509813637,-0.19754286000213778,-0.002572567418257889,-0.006883026480910724,48.1021655851579,29.2825,0.7112396516689476,30.704979303337893,27.860020696662104,0.09715559145140575,0.29525185405750926,0.6982468602577225,0.0243291588939973,23.62960820017465,22.606705873455873,28.844280105690167,39.99999999999992,30.303030303030297,2327150424.0,2404736605.35,0.2667311791884433,-0.41702703886957404,0.3023469201955746,21073358.5,-0.23693240961607406,0.824755911593304,0.015679442508710777,-0.01989242721762141,0.01929679176038812,0.0,7.0,-0.0034965034965035446,0.0,1190.74,1190.72,0.0040644236444893345,0.014994075677887242,0.05184491577078343,0.0912442672088868,-0.005803554079272022,0.01000592432211267,-0.08225032117618891,-0.07819624351743582,1.351955480026211,0.48337197101538376,28.6,28.95,0.012237762237762073,0.02381849386747037,-0.011580731629708296,28.6,28.5,28.6,30.05,0.05069930069930062,0.039323538030055616,0.011375762669245004,28.6,31.8,0.11188811188811187,-0.012298547448616581,0.12418665933672846,0.0011878154,0.0,1
2023-07-25,28.6,29.15,28.4,28.5,19700475,-0.006968641114982521,-0.008695652173912993,0.02333931777378817,0.0017574692442883233,-0.050000000000000044,-0.03716216216216217,28.410000000000004,29.2275,28.2125,28.782818238881323,28.87784483496643,-0.0950265960851091,0.07996282086148727,-0.17498941694659637,-0.0033342665293020738,-0.0061399795419858376,46.31176970166731,29.2275,0.7277353119173426,30.682970623834684,27.772029376165314,0.09959597118020257,0.25008083705486395,0.7019435130964566,0.024629596950752865,22.400805620207386,23.425348322681256,26.64292164514988,32.72727272727268,38.18181818181816,2307449949.0,2398908771.6,0.2673895535400106,-0.3471292975113821,0.22650066815643874,21497116.15,-0.11652033640004524,0.9164240850975726,0.02631578947368421,-0.02489094175006412,0.010190518387239722,1.0,7.0,-0.007017543859649145,0.0,1194.45,1195.9,0.004350309056705193,0.01857608871551597,0.05427873722814369,0.09144185013425593,-0.011318950171687714,-0.016818619471227647,-0.09144089939030586,-0.08673313438030406,1.3243905003807617,0.47354157880855907,28.5,28.95,0.015789473684210575,0.01845253032204086,-0.0026630566378302856,28.5,28.3,28.5,29.8,0.04561403508771922,0.039088247595148395,0.006525787492570823,28.5,32.15,0.12807017543859645,-0.0125554161438729,0.14062559158246934,0.000991321,0.0,1
2023-07-26,28.5,28.5,28.2,28.3,13251460,-0.007017543859649145,-0.013937282229965153,-0.01565217391304341,0.001769911504424737,-0.05033557046979864,-0.05351170568561869,28.420000000000005,29.1475,28.2625,28.70853850982266,28.835041513857806,-0.12650300403514692,0.03866965588216044,-0.16517265991730734,-0.004470070813962788,-0.005836489749728175,44.526959002237945,29.1475,0.7377909773890565,30.623081954778115,27.671918045221886,0.10124929786623994,0.21282516797671192,0.6732332621609955,0.023789161207102314,21.54008595810502,22.67973491053273,27.916851094624104,25.45454545454543,32.72727272727271,2294198489.0,2391733647.6,0.2641850644987308,-0.21115659254214147,0.3188014489913375,21474971.9,-0.5329135750116473,0.6170653010260749,0.010600706713780944,-0.029076250107213264,0.0013268465280849018,2.0,7.0,-0.007067137809187218,0.0,1195.5,1200.84,0.004130780165565451,0.02375147061330951,0.05489524311503491,0.09154058375260272,-0.011148324025214595,-0.021981559108884774,-0.1084069488006536,-0.10276560588190264,1.3324665920912808,0.4695562526943413,28.3,29.1,0.028268551236749095,0.01559470412502395,0.012673847111725145,28.3,28.1,28.3,31.2,0.10247349823321539,0.026878812339288904,0.07559468589392648,28.3,30.9,0.09187279151943462,-0.024240860787724028,0.11611365230715864,-0.0014483243,0.0,1
2023-07-27,28.3,28.45,27.9,28.1,21103316,-0.007067137809187218,-0.014035087719298178,-0.020905923344947674,0.008976660682226134,-0.06333333333333324,-0.04906937394247035,28.47,29.075,28.311666666666664,28.614917200619175,28.780593994312785,-0.16567679369360988,-0.0021996340329936232,-0.16347715966061627,-0.005895971305822415,-0.005817692514612678,42.75257448412791,29.075,0.7668287395438353,30.608657479087668,27.54134252091233,0.1054966451651019,0.18213241440976807,0.664430886292353,0.0236452272701905,21.147141214977534,21.33875332139738,29.49131689472331,18.181818181818183,25.454545454545467,2273095173.0,2384245283.7,0.2625760032906635,-0.25323371551398555,0.4239527175714072,21788211.8,-0.04461044855287638,0.9685657636208584,0.019572953736654828,-0.03353396388650032,-0.007476305410019313,3.0,7.0,0.019572953736654686,1.0,1201.69,1197.33,-0.0029229539322473963,0.020907052293210215,0.06392450617119372,0.07824487557823138,-0.004144183876939822,-0.011930391610984081,-0.11299388011366407,-0.10620479127819105,1.3760812040413974,0.47327439037772534,28.1,28.6,0.017793594306049876,0.011383757057428445,0.0064098372486214306,28.1,28.65,28.1,30.55,0.08718861209964412,0.019451775632245427,0.0677368364673987,28.1,31.55,0.12277580071174365,-0.0066231249791198765,0.12939892569086353,0.0011232952,0.0,1
2023-07-28,28.1,28.75,28.1,28.65,19911088,0.019572953736654686,0.012367491166077604,0.0052631578947368585,-0.003478260869565264,-0.012068965517241459,-0.038590604026845665,28.45,29.017500000000002,28.373333333333335,28.620314554370072,28.77092036510443,-0.15060581073435841,-0.031880869373266583,-0.11872494136109182,-0.005256747320570974,-0.004143977010858353,48.79553695681723,29.017500000000002,0.7525876413386373,30.522675282677277,27.512324717322727,0.10374258862253984,0.3779211948835865,0.6634001087000421,0.02315532665619693,20.252139752719902,23.075456850638016,27.42734419557442,38.18181818181808,27.27272727272727,2293006261.0,2377345196.1,0.2714741308205629,-0.22864572104159722,0.1419208973227988,22376488.1,-0.16409253657785183,0.8898218483176544,0.02268760907504358,-0.01266477125872334,0.009750939849624052,4.0,7.0,0.0017301038062282892,1.0,1197.32,1207.67,0.008635881503010978,0.018357365713803864,0.07810351907729118,0.07492996915005277,0.010937072233643708,-0.021835626583369128,-0.11669412310413685,-0.10824018384061207,1.397970114882784,0.4818772043507212,28.9,28.95,0.0017301038062282892,0.005181771969237303,-0.003451668163009014,28.9,28.95,28.9,31.85,0.10207612456747417,0.010289752881950776,0.0917863716855234,28.9,31.1,0.0761245674740485,-0.029754193791712624,0.10587876126576112,0.00060351373,0.0,1
2023-07-31,28.9,29.1,28.5,28.95,21203069,0.010471204188481797,0.030249110320284656,0.0229681978798586,0.008710801393728262,0.03392857142857131,-0.025252525252525304,28.5,28.979999999999997,28.428333333333335,28.671035392159293,28.784185523244844,-0.1131501310855505,-0.04813472171572337,-0.06501540936982714,-0.00390846739501038,-0.0022457827070752035,51.7851696111616,28.979999999999997,0.7352765322980781,30.450553064596154,27.50944693540384,0.1014874440715084,0.4897997560502054,0.6588715295071821,0.022758947478659138,18.843987121879106,25.36885060281396,25.64329744937342,51.92307692307688,36.09557109557108,2314209330.0,2371857558.8,0.2748566055559304,-0.3324864495368115,0.034876943146242394,23084344.7,-0.12893032437528254,0.918504262328053,0.02072538860103632,-0.0010351966873705098,0.01835023743917441,0.0,7.0,-0.005154639175257825,0.0,1219.66,1222.9,0.012611060968642063,0.027025665143778577,0.08653931585961794,0.08121497129455228,-0.0021398567801602653,-0.018314863750050314,-0.11179184111214324,-0.1028879852577621,1.2939775388854666,0.45556274505196986,29.1,30.05,0.03264604810996552,0.009022043045711747,0.023624005064253772,29.1,28.95,29.1,31.9,0.09621993127147754,0.005299434293517091,0.09092049697796045,29.1,31.65,0.08762886597938135,-0.023245984784446283,0.11087485076382764,-0.0011509849,0.0,1
2023-08-01,29.1,29.7,28.9,28.95,41827262,0.0,0.010471204188481797,0.030249110320284656,0.015789473684210575,0.017574692442882345,-0.03015075376884424,28.589999999999996,28.935000000000002,28.48166666666667,28.713953024134785,28.796468077078558,-0.08251505294377282,-0.05501078796133326,-0.027504264982439554,-0.002850260896157956,-0.0009500609665782229,51.7851696111616,28.935000000000002,0.7061943969734606,30.347388793946923,27.52261120605308,0.09762493823721587,0.5053101525813156,0.6689521345423834,0.02310715490647266,18.32662717942212,29.60841504008014,23.452809958330818,51.92307692307688,47.34265734265731,2314209330.0,2365508192.8,0.2739322530669228,-0.28975675703313525,0.059456198279477145,24313979.1,1.1598301217922993,1.7202968641196208,0.027633851468048386,0.0005184033177811909,0.016443326116214907,1.0,8.0,0.006920415224913601,1.0,1230.32,1217.56,-0.004366669392427913,0.0181118822644033,0.07558303886925799,0.08637289018648832,0.004366669392427913,-0.0023224085801927252,-0.10573379263810223,-0.09830370024173896,1.2733192290142825,0.4537501564094112,28.9,29.8,0.03114186851211076,0.020588742739305,0.01055312577280576,28.9,29.1,28.9,31.5,0.08996539792387548,0.013868235332780143,0.07609716259109534,28.9,31.75,0.09861591695501737,-0.010466902733389793,0.10908281968840716,-0.006891442,0.0,1
2023-08-02,28.9,29.3,28.8,29.1,18421215,0.005181347150259086,0.005181347150259086,0.015706806282722585,0.028268551236749095,0.030088495575221197,-0.026755852842809236,28.75,28.895,28.5275,28.773344866575588,28.818951923220887,-0.04560705664529863,-0.05313004169812634,0.00752298505282771,-0.0015672528056803652,0.00025852182312122716,53.364123779911935,28.895,0.6704083594511445,30.23581671890229,27.55418328109771,0.09280614077883988,0.5764459441435936,0.6568841249322133,0.022573337626536537,17.677133436032193,27.998628238796577,23.26508333092648,57.69230769230774,53.84615384615387,2332630545.0,2359352052.5,0.27473373724385414,-0.31812240502662054,0.034152403450744426,24507204.8,-0.4059279112040682,0.7516652817134004,0.017182130584192438,0.0070946530541617925,0.020068355095960166,2.0,8.0,-0.01886792452830177,0.0,1217.17,1220.43,0.002357173363119802,0.0163135804936545,0.07562884489961408,0.08636417829274468,0.0028241737871392836,0.011954970743094595,-0.10238469774242331,-0.09518589821006396,1.2530635318484025,0.4534994294569994,29.15,31.2,0.07032590051457976,0.011691111967402579,0.058634788547177186,29.15,28.6,29.15,32.9,0.1286449399656946,0.019291154599788474,0.10935378536590612,29.15,32.5,0.1149228130360207,-0.005386437982176306,0.120309251018197,-0.0061063515,0.0,1
2023-08-03,29.15,29.2,28.6,28.6,20539539,-0.01718213058419249,-0.012089810017271052,-0.012089810017271052,0.017793594306049876,0.026929982046678624,-0.01718213058419249,28.85,28.870000000000005,28.564166666666665,28.746676425563958,28.802733262241563,-0.056056836677605304,-0.053715400694022135,-0.002341435983583169,-0.0019600292544617237,-8.186839103437653e-05,47.750651169921284,28.870000000000005,0.6716828825701647,30.213365765140335,27.526634234859674,0.09306309422517006,0.39950614828575803,0.6528209731513408,0.022825908152144782,16.733141523672465,26.16054205654404,23.926055398952464,47.61904761904767,52.41147741147747,2312091006.0,2353485871.3,0.26485189147688454,-0.2921590984775801,0.2964151933797662,24217245.7,-0.24499155517843957,0.8481368713205896,0.020979020979020904,-0.009352268791132823,0.0012544855150684597,3.0,8.0,0.012237762237762073,1.0,1219.73,1210.95,-0.0077677539883483915,0.011375310064894562,0.07523396849638608,0.08699103756385218,-0.009414376595844098,0.006418284241155314,-0.09241609908057857,-0.08594975771628,1.2952411998154676,0.4745076787121246,28.6,30.55,0.06818181818181812,0.0035682866468793595,0.06461353153493876,28.6,28.95,28.6,32.35,0.13111888111888104,0.014149818708017126,0.11696906241086391,28.6,32.65,0.14160839160839145,0.006396606016756179,0.13521178559163527,-0.0061679706,0.0,1
2023-08-04,28.6,28.95,28.5,28.95,18097526,0.012237762237762073,-0.005154639175257825,0.0,0.010471204188481797,0.006956521739130306,-0.02195945945945954,28.910000000000004,28.8375,28.6,28.777956975477196,28.81364190948293,-0.03568493400573303,-0.05010930735636432,0.014424373350631292,-0.001232640207451918,0.0004982512383637752,51.589528715857796,28.8375,0.6498734694667222,30.137246938933444,27.537753061066553,0.0901428306152368,0.5432776552996988,0.6383337607833879,0.02204952541566107,15.685075493441376,24.843245968254347,23.840260052130013,64.28571428571425,56.532356532356594,2330188532.0,2348039099.5,0.260969002446948,-0.3022264029347051,0.43162464262950884,24636655.1,-0.44487457072946596,0.7345772356897589,0.015544041450777177,0.0039011703511053764,0.012237762237762073,4.0,8.0,0.03442340791738374,1.0,1216.27,1225.98,0.012411742846525353,0.015161426548643275,0.07724480919451349,0.08920226490986304,-0.00017398060876328003,-0.004690222360161478,-0.09920426865397303,-0.09209073722819872,1.2657287805833228,0.47167496229790723,29.05,31.85,0.09638554216867479,-0.0007217581704646037,0.09710730033913939,29.05,30.05,29.05,31.3,0.07745266781411364,-0.044692239072256834,0.12214490688637047,29.05,32.7,0.12564543889845092,0.00152461276457716,0.12412082613387376,-0.006456417,0.0,1
2023-08-07,29.05,30.25,29.05,30.05,49629041,0.03799654576856648,0.05069930069930062,0.03264604810996552,0.03799654576856648,0.04703832752613235,0.00670016750418756,29.130000000000003,28.847500000000004,28.65083333333333,28.973655902326858,28.90522399026197,0.06843191206488797,-0.026401063472113864,0.09483297553700183,0.0022772682883490172,0.0031558394521464836,61.230537541423885,28.847500000000004,0.6675712065318564,30.182642413063718,27.51235758693629,0.09256555424655266,0.9503264926026332,0.6855956350131459,0.022815162562833474,16.414968835678664,35.02248441348036,20.61133279478301,92.45283018867927,68.11919736448043,2379817573.0,2344514123.35,0.29410345865154053,0.05926157362628837,0.2570674571520204,26558450.75,1.5032646214641807,1.8686722906832207,0.039933444259567366,0.04168472137966894,0.04883511241674188,0.0,8.0,-0.018121911037891292,0.0,1233.1,1241.42,0.012594006427511184,0.015144329053888184,0.08041635480670495,0.09236853922882977,0.025402539341055297,0.022852216714678297,-0.07371618730251739,-0.06822942560482237,1.404571167920806,0.5121059548240537,30.35,31.9,0.05107084019769337,-0.006035279463173504,0.05710611966086687,30.35,29.8,30.35,31.8,0.047775947281713416,-0.05190661791296658,0.09968256519468,30.35,33.05,0.08896210873146604,0.0009241772813115556,0.08803793145015448,-0.011062961,0.0,1
2023-08-08,30.35,30.4,29.75,29.8,15549068,-0.008319467554076532,0.029360967184801412,0.04195804195804187,0.029360967184801412,0.04561403508771922,-0.006666666666666599,29.3,28.8375,28.690833333333334,29.100785763507343,28.97150369468701,0.12928206882033422,0.004735562986375753,0.12454650583395846,0.004338324457058195,0.00417941294744827,58.38467422243883,28.8375,0.6506828397119923,30.138865679423983,27.536134320576014,0.09025509696915367,0.8698038204088907,0.683053089655064,0.022921244619297447,17.248132694301912,34.210519199987495,19.210336662280497,78.57142857142863,78.43665768194074,2364268505.0,2339316484.45,0.29519095769406656,0.17119165521233862,0.22457575305221247,26440694.8,-0.7060690989138291,0.5880733512343254,0.021812080536912703,0.0333766796705679,0.03865926980162082,1.0,8.0,0.045226130653266194,1.0,1244.35,1242.23,0.0006524786132009464,0.020261835145701346,0.07853998628198333,0.0929477536434207,-0.008971946167277478,0.009099132039100066,-0.08520665294864993,-0.07900184882563333,1.431432063257921,0.5228801442317437,29.85,31.5,0.055276381909547645,-0.005343843698616957,0.0606202256081646,29.85,31.2,29.85,32.15,0.07705192629815727,-0.04851371828352202,0.1255656445816793,29.85,33.0,0.10552763819095468,0.0019827836347809935,0.10354485455617368,-0.0060855336,0.0,1
2023-08-09,29.85,31.2,29.65,31.2,37819907,0.046979865771812124,0.038269550748752046,0.07772020725388606,0.07216494845360821,0.10247349823321539,0.046979865771812124,29.72,28.907500000000006,28.76083333333333,29.423741799890827,29.136577495080562,0.2871643048102648,0.061221311351153565,0.22594299345911123,0.009203984128534128,0.00724176261086895,67.49557249431054,28.907500000000006,0.8143895033451846,30.536279006690375,27.278720993309637,0.11268902580232594,1.203748019400829,0.7449778689654166,0.02387749580017361,18.763135523576963,36.796760479637754,16.355407958359393,100.00000000000001,90.34141958670267,2402088412.0,2337616803.55,0.33786883831473613,0.32918758560506073,0.05690950808630033,26724727.5,0.7117942183686637,1.4151652996274704,0.049679487179487204,0.07930467871659586,0.08480862283777135,2.0,8.0,-0.019261637239165297,0.0,1240.68,1233.99,-0.006633232171176062,0.011110837983333788,0.06913013342574947,0.0999765337036386,0.053613097942988186,0.061054110470274425,-0.02215026765393735,-0.02071802763893915,1.1435539838403073,0.3976796956812204,31.15,32.9,0.05617977528089879,0.005458912584613174,0.05072086269628562,31.15,30.55,31.15,30.9,-0.008025682182985605,-0.05171814219052018,0.04369246000753457,31.15,32.5,0.043338683788122,0.004019377117855827,0.039319306670266174,-0.014663073,0.0,1
2023-08-10,31.15,31.3,30.55,30.55,13401373,-0.02083333333333326,0.025167785234899265,0.016638935108153063,0.06818181818181812,0.08718861209964412,0.018333333333333313,30.110000000000003,28.935000000000002,28.816666666666666,29.597012292215314,29.241275458407927,0.35573683380738785,0.12012441584240044,0.23561241796498741,0.011644413545250011,0.007712354106873565,60.836107757693796,28.935000000000002,0.8611650615061059,30.657330123012215,27.21266987698779,0.11904822001121224,0.9688415938448248,0.745336592610744,0.024397269807225664,20.25369198490809,35.110315289812476,15.17985509018643,77.94117647058826,85.50420168067232,2388687039.0,2334661808.5,0.3473424264854791,0.44164237954878544,-0.12143585543392077,26809550.65,-0.8647095855999628,0.4998730928002331,0.024549918166939442,0.055814757214446065,0.06015037593984962,3.0,8.0,0.03577235772357734,1.0,1236.51,1220.61,-0.010842875550045039,0.0079772079772078,0.047356317893977984,0.1088912362304573,-0.00999045778328822,0.06020461020461032,-0.02902298456064467,-0.027710707487786035,1.1942853870294587,0.42409664185019375,30.75,32.35,0.052032520325203224,0.0037105751391466324,0.04832194518605659,30.75,31.85,30.75,31.55,0.026016260162601723,-0.03216645509878591,0.05818271526138763,30.75,31.6,0.027642276422764178,-0.00430459265045724,0.03194686907322142,0.00016162379,0.0,1
2023-08-11,30.75,32.1,30.55,31.85,33182929,0.042553191489361764,0.02083333333333348,0.06879194630872476,0.10017271157167529,0.11169284467713791,0.09827586206896566,30.690000000000005,29.077500000000004,28.883333333333333,29.943625785720652,29.434514313340674,0.5091114723799777,0.1979218271499159,0.31118964523006176,0.01598466161318611,0.00977047551742737,67.70014055184706,29.077500000000004,1.0803843127141415,31.238268625428287,26.91673137457172,0.1486213481508577,1.1415541135160792,0.8028125502814052,0.025206045534737997,22.24588533373327,37.386154444457404,13.086431397485995,94.04761904761905,90.66293183940248,2421869968.0,2337109316.15,0.351885418561862,0.4496688325724265,-0.45918938506046847,24725340.85,0.783759363662468,1.3420615392648874,0.04866562009419154,0.0953486372624881,0.10271206001154076,4.0,8.0,0.0,0.0,1228.92,1232.21,0.009503444998812283,0.005081648966541064,0.0546131461828141,0.11182827208047598,0.03304974649054948,0.09509106260513422,0.04366271588615156,0.04140164196149976,1.339155631827198,0.46440120565440945,31.9,31.3,-0.018808777429467072,-0.04781188871105946,0.029003111281592386,31.9,31.9,31.9,31.1,-0.02507836990595602,-0.04346314887563263,0.018384778969676607,31.9,32.35,0.014106583072100332,0.006709022422684452,0.00739756064941588,-0.0053483695,0.0,1
2023-08-14,31.9,32.0,31.5,31.9,16896152,0.0015698587127157548,0.04418985270049092,0.022435897435897356,0.061564059900166335,0.10189982728842839,0.13928571428571423,31.059999999999995,29.2725,28.945833333333333,30.244606434071322,29.617142882722845,0.6274635513484768,0.28383017198962807,0.3436333793588487,0.019669703804027484,0.010772206249493689,67.93293044022468,29.2725,1.2187650134031742,31.71003002680635,26.83496997319365,0.16654061161884703,1.038967719598217,0.781183082404162,0.024488497881008216,24.095779157642365,35.676926695338075,12.488143287518438,95.23809523809517,89.07563025210088,2438766120.0,2342487238.7,0.3201710590829646,0.7342915994659253,-0.48864043871426915,23484541.15,-0.6495979094666219,0.7194584681080729,0.015673981191222573,0.08976001366470232,0.10205844249316254,0.0,8.0,-0.01253918495297801,0.0,1237.14,1236.84,0.0037574764041843345,-0.0036893235166182148,0.0543077067332689,0.1117860363806788,-0.0021876176914685797,0.06525338341678455,0.08497800755244533,0.08060076485236589,1.3345812137346267,0.4638158952828606,31.9,31.8,-0.0031347962382444194,-0.04813541817947109,0.04500062194122667,31.9,31.5,31.9,31.65,-0.00783699059561127,-0.03041745332494239,0.02258046272933112,31.9,31.95,0.0015673981191222097,-0.0008310338706813969,0.0023984319898036066,0.00022231412,0.0,1
2023-08-15,31.9,32.0,31.45,31.5,16930779,-0.01253918495297801,-0.010989010989011061,0.03109656301145658,0.057046979865771785,0.08808290155440424,0.10720562390158173,31.4,29.425,29.005000000000003,30.437743905752658,29.75661378029893,0.681130125453727,0.3632901626824479,0.31783996277127907,0.0216231785858326,0.010090157548294574,63.961415365423505,29.425,1.2986328843910995,32.0222657687822,26.827734231217804,0.17653463169292757,0.8994585430841224,0.764670005089579,0.024275238256812035,25.70646422123993,33.843987598189585,12.313606858573493,85.71428571428568,91.66666666666667,2421835341.0,2345867599.45,0.3251694925435458,0.879898996152257,-0.35502854184465504,23180057.25,-0.6098175163915845,0.7304028120983178,0.01746031746031748,0.0705182667799491,0.08601965178417514,1.0,8.0,0.04444444444444451,1.0,1239.42,1234.05,-0.0022557485204229843,-0.006584931936919891,0.0510693388070762,0.11298796200533114,-0.010283436432555026,0.06363191180269168,0.05613628509450552,0.0534087362478084,1.3527025484972481,0.465676725532193,31.5,32.15,0.02063492063492056,-0.04795354651397232,0.06858846714889288,31.5,32.9,31.5,31.75,0.007936507936507908,-0.028646316383725168,0.036582824320233076,31.5,31.8,0.00952380952380949,-0.01301665389733464,0.02254046342114413,0.002744411,0.0,1
2023-08-16,31.5,32.9,31.2,32.9,44957113,0.04444444444444451,0.03134796238244508,0.03296703296703285,0.054487179487179516,0.13058419243986252,0.16460176991150433,31.74,29.6575,29.096666666666668,30.816552535636863,29.989457203980493,0.8270953316563698,0.4560511964772323,0.37104413517913754,0.025139675734236165,0.011277937239487463,70.4688394276018,29.6575,1.480689295387309,32.618878590774614,26.69612140922538,0.19970520716679535,1.0474646183539558,0.8314792904403234,0.025272926761104056,27.827044797730508,36.632925807160404,10.515337548489033,100.0,93.65079365079366,2466792454.0,2352094321.55,0.34969008018752035,0.6545307717794995,-0.9359319863255144,24829407.2,1.8335858663389795,1.810639804562068,0.05167173252279633,0.10933153502486714,0.13071371291098632,2.0,8.0,-0.0076687116564416735,0.0,1239.95,1243.26,0.007463230825331291,0.007512216468528843,0.05991577008985649,0.11351104572835512,0.03698121361911322,0.04697496301865067,0.10468599982164783,0.09876822552868791,1.3920922509540217,0.4619753348701636,32.6,30.9,-0.05214723926380371,-0.05635049654750601,0.0042032572837023,32.6,32.35,32.6,32.5,-0.0030674846625767804,-0.023676543964975982,0.020609059302399202,32.6,32.5,-0.0030674846625767804,-0.012248708332662672,0.009181223670085892,-0.010244848,0.0,1
2023-08-17,32.6,32.8,32.25,32.35,14886285,-0.01671732522796343,0.02698412698412711,0.014106583072100332,0.05891980360065463,0.13111888111888104,0.16157989228007175,32.1,29.8825,29.185833333333335,31.052467530154267,30.164312225907864,0.8881553042464034,0.5424720180310666,0.34568328621533684,0.02745456891024431,0.010685727549160334,65.46749843121526,29.8825,1.5325653587851438,32.94763071757029,26.817369282429713,0.2051455345148692,0.9025113816281173,0.8185164839803003,0.025301900586717163,29.79615533304319,34.555002581711676,9.918877843619713,87.50000000000006,91.07142857142861,2451906169.0,2358939571.05,0.3519385354359757,0.6388901404685725,-0.9450009094800746,24210879.8,-0.8340493371803929,0.6148593162649132,0.017001545595054006,0.08257341253241868,0.10841447049082031,3.0,8.0,-0.024922118380062308,0.0,1242.58,1233.48,-0.007866415713527308,0.01054390837368202,0.051730459324187184,0.11944635012349746,-0.008850909514436123,0.04837589522697261,0.10984943295588456,0.10444637405145674,1.417855234524244,0.48127936908098906,32.1,31.55,-0.017133956386292892,-0.03066779677592857,0.013533840389635676,32.1,31.3,32.1,32.65,0.01713395638629267,-0.002420498443383212,0.019554454829675882,32.1,32.6,0.015576323987538832,-0.012395885967628972,0.027972209955167804,-0.0034181522,0.0,1
2023-08-18,32.1,32.45,30.3,31.3,45154762,-0.03245749613601234,-0.0486322188449847,-0.006349206349206327,-0.017268445839874413,0.08117443868739205,0.08869565217391306,31.99,30.009999999999998,29.254166666666666,31.09054944859207,30.248437246210987,0.8421122023810845,0.6024000549010702,0.23971214748001435,0.026904543207063404,0.007658535063259244,57.13118772568118,30.009999999999998,1.539446243570384,33.08889248714077,26.93110751285923,0.2051911021086817,0.7094909135976305,0.913622449410279,0.02918921563611115,28.38559233661691,28.74662833019433,23.497041554798855,63.63636363636367,83.71212121212127,2406751407.0,2362050601.35,0.3667571508714436,0.6565270157297984,-0.47710694343752874,24992136.8,1.6689816914101734,1.8067587562180758,0.06869009584664544,0.04298567144285248,0.06993305796895033,4.0,8.0,0.006329113924050667,1.0,1227.02,1177.99,-0.04498654214093456,-0.04400223987794294,-0.0066700396323468025,0.20289684856618417,0.012529046004922217,0.026733794038068526,0.09536569180625987,0.09600605600475687,1.0921283897081877,0.505654746665872,31.6,31.1,-0.015822784810126556,0.005403522484940471,-0.021226307295067026,31.6,31.8,31.6,32.7,0.034810126582278444,0.049251917995599026,-0.014441791413320582,31.6,33.3,0.05379746835443022,0.029303064544906166,0.024494403809524057,-0.0029226157,0.0,1
2023-08-21,31.6,32.7,31.3,31.8,35258393,0.015974440894568787,-0.01700154559505407,-0.03343465045592697,-0.0031347962382444194,0.05823627287853572,0.10801393728222997,31.97,30.165000000000003,29.322499999999998,31.199695687270214,30.363367820565728,0.8363278667044867,0.6491856172617535,0.18714224944273317,0.026299618449826624,0.005884976397570225,59.75893163135579,30.165000000000003,1.5565734973435823,33.27814699468717,27.05185300531284,0.206407889586419,0.7625960166336917,0.9483637030238307,0.029822757956724233,27.32462562182865,27.598388953430895,21.019401227582705,75.00000000000004,75.37878787878795,2442009800.0,2367793570.15,0.3681423722020416,0.5299870245677304,-0.6310261157303967,25886037.6,0.7714402399478927,1.3620621875323242,0.04402515723270447,0.05420188960716055,0.08449143149458616,0.0,8.0,0.004687499999999956,1.0,1177.01,1179.76,0.0015025594444775248,-0.04614986578700553,-0.009204514915345352,0.2023765251615928,0.014471881450091262,0.04301506954876111,0.11721845219757532,0.11830741455948401,1.0791182427130177,0.49604520578614514,32.0,31.65,-0.010937500000000044,0.015034799648624864,-0.025972299648624908,32.0,32.15,32.0,33.05,0.03281249999999991,0.05201364957091692,-0.01920114957091701,32.0,33.25,0.0390625,0.035635853773903436,0.0034266462260965636,-0.0038035698,0.0,1
2023-08-22,32.0,32.15,30.5,32.15,32922889,0.011006289308175932,0.027156549520766626,-0.0061823802163833985,0.02063492063492056,0.07885906040268442,0.12807017543859645,32.1,30.347500000000004,29.39666666666667,31.345896350767106,30.495710944968266,0.8501854057988396,0.6893855749691707,0.16079983082966887,0.026444336105718187,0.005001549948045688,61.536291869950766,30.347500000000004,1.5650353115238744,33.477570623047754,27.217429376952254,0.20628194237072245,0.7879328004179185,0.9984805813792712,0.031056938767628967,25.384542480776553,24.34077200006125,24.261326209802597,82.95454545454545,73.86363636363642,2474932689.0,2376167707.15,0.36565727583976704,0.4206242360415033,-0.6505314122421358,26547158.3,0.5245524220330405,1.240166221482169,0.05132192846034211,0.05939533734244984,0.09366141285860063,1.0,8.0,-0.03738317757009357,0.0,1183.92,1180.49,0.0006187699193056506,-0.04340180705806085,-0.012885692783677682,0.20165099494396604,0.010387519388870281,0.06403672769298141,0.14095586822227413,0.14279589222019462,1.078226495290138,0.4948243748684326,32.1,31.75,-0.010903426791277315,0.00961473980686689,-0.020518166598144205,32.1,30.9,32.1,33.0,0.028037383177569986,0.04206343884120178,-0.014026055663631798,32.1,32.35,0.007788161993769416,0.01658060622317592,-0.008792444229406504,-0.0029088778,0.0,1
2023-08-23,32.1,32.2,30.75,30.9,38657177,-0.038880248833592534,-0.028301886792452935,-0.012779552715655007,-0.06079027355623101,-0.009615384615384692,0.09187279151943462,31.7,30.4775,29.45,31.277296912187552,30.525658282378025,0.751638629809527,0.7018361859372421,0.04980244387228494,0.02432487475111738,0.0016117295751548525,52.60068576552745,30.4775,1.492302618527486,33.46210523705497,27.492894762945028,0.1958563029812138,0.5707798798237211,1.0307319684236091,0.03335702163183201,23.639111155852728,22.241423442216202,21.823466231102486,54.54545454545453,70.83333333333339,2436275512.0,2383271558.3,0.3971737637528079,0.20539581685704603,-0.6708641423057835,27817444.15,0.9019010911504332,1.3896739323551406,0.046925566343042166,0.01386268558772863,0.04923599320882843,2.0,8.0,0.014469453376205754,1.0,1192.96,1172.56,-0.00671754949216008,-0.056866624841143465,-0.023550181539588988,0.20197324888544066,-0.032162699341432455,-0.0039236487150875465,0.1154229730590236,0.11820676380585882,1.1402314774491509,0.5061185481694944,31.1,32.5,0.045016077170418,0.03230088495575223,0.012715192214665771,31.1,31.55,31.1,32.5,0.045016077170418,0.05639891082368953,-0.011382833653271529,31.1,32.9,0.05787781350482302,0.015188904016337545,0.04268890948848547,0.0012541243,0.0,1
2023-08-24,31.1,31.7,30.9,31.55,14089985,0.021035598705501757,-0.018662519440124314,-0.00786163522012584,-0.02472952086553326,0.032733224222585955,0.12277580071174365,31.540000000000003,30.65,29.509166666666665,31.31925123338947,30.60153544664632,0.717715786743149,0.7050121060984235,0.01270368064472549,0.02274851938964022,0.00040265231837481743,56.16519542102526,30.65,1.3995299962941627,33.449059992588325,27.850940007411673,0.18264665530755797,0.6607682583408584,1.0142511135362087,0.032147420397344174,22.01835349699489,20.988342754948135,20.593933232259655,64.93506493506497,67.47835497835501,2450365497.0,2392135074.5,0.39865571803823874,0.03851264401693814,-0.7402687365182408,27466777.6,-1.085477550044596,0.5129828189237604,0.025356576862123635,0.029363784665579207,0.06915930078224286,3.0,8.0,-0.006389776357827448,0.0,1175.2,1189.39,0.014353210070273681,-0.035744397963485386,-0.006631421579681329,0.20910338269259654,0.006682388635228076,0.011014877097952125,0.12940722229142498,0.13027110490771898,1.1501782912653498,0.5164892182946462,31.3,32.65,0.04313099041533541,0.029487211835255156,0.013643778580080257,31.3,31.1,31.3,31.6,0.009584664536741228,0.029133970849208213,-0.019549306312466985,31.3,31.65,0.011182108626198062,-0.03010117831100345,0.04128328693720151,-0.008445124,0.0,1
2023-08-25,31.3,31.5,30.95,31.1,17149666,-0.01426307448494446,0.006472491909385258,-0.03265940902021769,-0.006389776357827448,-0.023547880690737877,0.08551483420593375,31.5,30.772499999999997,29.555833333333336,31.285520274406473,30.63845874689474,0.6470615275117311,0.693421990381085,-0.04636046286935391,0.020805836897483315,-0.0014906901244165244,53.18333607650492,30.772499999999997,1.3202347279339839,33.412969455867966,28.13203054413203,0.17161228082658014,0.5620154872975702,0.9846617482836225,0.0316611494624959,20.513364242341186,20.074830672904294,19.697587720652358,44.615384615384706,54.69863469863477,2433215831.0,2399145553.0,0.4015762410355591,0.22160541179094145,-0.7598854654255361,27328706.5,-0.8190702013337011,0.6275330301490851,0.017684887459807095,0.010642619221707728,0.052245749570022815,4.0,8.0,0.01605136436597121,1.0,1188.99,1183.37,-0.0050614180378179,0.00456710158829865,-0.020121390777282033,0.2070266664202853,-0.00920165644712656,-0.010956877946126098,0.10563622498321579,0.10780541996626614,1.1688299276469856,0.5194967945971246,31.15,32.7,0.04975922953451062,0.0382956542209294,0.01146357531358122,31.15,31.65,31.15,32.35,0.038523274478330816,0.04708978250086182,-0.008566508022531005,31.15,31.35,0.006420545746388617,-0.04327282816138822,0.04969337390777684,-0.004741079,0.0,1
2023-08-28,31.15,31.9,30.95,31.65,18711965,0.01768488745980701,0.0031695721077653616,0.024271844660194164,-0.004716981132075526,-0.00783699059561127,0.0932642487046631,31.47,30.907500000000006,29.61583333333333,31.341594078343938,30.713387728606243,0.6282063497376953,0.6803788622524071,-0.05217251251471178,0.019848541855851352,-0.0016484206165785712,56.24121307779868,30.907500000000006,1.2607720066024566,33.429044013204916,28.385955986795093,0.1631671285742885,0.6472312194654632,0.9821859091205066,0.031032730145987574,19.631260566293566,21.596866562909323,18.336723131281204,61.53846153846154,57.02963702963711,2451927796.0,2406031476.3,0.4038296855808516,0.17816608376123488,-0.8304227108699147,27204151.3,-0.6791343856065845,0.6878349114313299,0.030015797788309616,0.024023295316670357,0.06868510650271542,0.0,8.0,-0.0015723270440252124,0.0,1189.43,1201.72,0.01550656176850862,0.018613955380755387,-0.017319486466595868,0.20977608645606705,0.0021783256912983884,-0.023330936512830913,0.11058373517125897,0.11253274451696949,1.1840411776348683,0.5346580276272105,31.8,33.05,0.03930817610062887,0.03382444490558201,0.005483731195046859,31.8,31.75,31.8,31.95,0.004716981132075526,0.027922805561319874,-0.02320582442924435,31.8,31.8,0.0,-0.04224942934218723,0.04224942934218723,-0.0063799373,0.0,1
2023-08-29,31.8,31.9,31.35,31.75,17675069,0.003159557661927437,0.020900321543408262,0.006339144215530945,-0.01244167962674958,0.007936507936507908,0.0967184801381693,31.389999999999997,31.047500000000003,29.673333333333332,31.404425758598716,30.790173822783558,0.6142519358151581,0.6671534769649573,-0.05290154114979917,0.019346517663469547,-0.0016661902724346195,56.79378368356783,31.047500000000003,1.185157662174667,33.417815324349334,28.67718467565067,0.15268960942744714,0.6481870350293667,0.9513154870404703,0.029962692505211663,18.812164295677917,20.70499804945049,17.579486151871965,55.769230769230795,53.97435897435904,2469602865.0,2413801153.05,0.4034899208180143,0.15827092497614784,-0.826554753763261,25996541.65,-0.6832128816076418,0.6799007821103774,0.0173228346456692,0.022626620500845407,0.06998427319703437,1.0,8.0,0.022012578616352085,1.0,1204.75,1204.43,0.002255101021868766,0.020279714355903034,-0.010783862807582256,0.2095949568471909,0.0009044566400586707,-0.03272139398265261,0.10750234294575156,0.10867427137901675,1.1889076130405214,0.5336885124389881,31.8,33.0,0.037735849056603765,0.03071055468037498,0.007025294376228786,31.8,32.5,31.8,31.8,0.0,0.014683691236215823,-0.014683691236215823,31.8,30.75,-0.03301886792452835,-0.04449879777796195,0.011479929853433601,-0.0058587333,0.0,1
2023-08-30,31.8,32.5,31.8,32.5,27240178,0.023622047244094446,0.026856240126382325,0.045016077170418,0.05177993527508096,-0.012158054711246202,0.11683848797250862,31.71,31.2175,29.7425,31.572975641891222,30.91682761368848,0.6561480282027432,0.6649523872125145,-0.008804359009771279,0.020189170098545945,-0.0002709033541468086,60.792642106653446,31.2175,1.1338424424104565,33.48518488482092,28.94981511517909,0.1452829268724859,0.782777384235482,0.9369358093947224,0.028828794135222227,18.789357037413502,24.095324184694142,16.57433918527687,84.61538461538466,67.30769230769236,2496843043.0,2422011777.95,0.40891446990631986,0.055026203705768544,-0.9679206533752479,26437489.8,0.0666121672171783,1.030361740319234,0.021538461538461517,0.041082726035076345,0.09271244851643279,2.0,8.0,0.004615384615384466,1.0,1206.1,1213.16,0.007248241906960162,0.034625093811830654,-0.005956916824397918,0.21117928168248545,0.016373805337134284,0.017154841463250303,0.12279540479690654,0.12353127029929167,1.2067111522190566,0.53833465909008,32.5,32.5,0.0,0.020953947368421044,-0.020953947368421044,32.5,32.65,32.5,32.5,0.0,0.009342105263157707,-0.009342105263157707,32.5,30.65,-0.056923076923076965,-0.05086348684210518,-0.006059590080971788,-0.010220382,0.0,1
2023-08-31,32.5,32.65,32.35,32.65,18729403,0.004615384615384466,0.028346456692913247,0.03159557661927326,0.034865293185419866,0.009273570324574765,0.14160839160839145,31.93,31.419999999999998,29.826666666666664,31.73867169698488,31.045210753415258,0.6934609435696224,0.6706540984839361,0.02280684508568631,0.021239232574873583,0.000698525117478907,61.558943797232494,31.419999999999998,0.9949080888523953,33.40981617770479,29.430183822295206,0.12665920927465263,0.809073776206498,0.8914403944379564,0.02730292172857447,18.93929048188645,24.718024479078096,16.175922854438507,90.38461538461537,76.92307692307698,2515572446.0,2432185849.95,0.39984779312813246,-0.0407457415798985,-0.7838960020680519,26346983.0,-0.6293708588140083,0.7108746758594713,0.009188361408881997,0.03914704010184589,0.09465802413947255,3.0,8.0,0.0,0.0,1216.0,1224.05,0.008976557090573323,0.029140988237667864,0.010817952846938317,0.21159849676522693,-0.004361172475188857,0.005724304947752001,0.13079043876145313,0.1293906963099396,1.1602956057161276,0.5255838208362298,32.7,31.6,-0.033639143730886945,-0.006334099380395086,-0.02730504435049186,32.7,32.7,32.7,32.6,-0.003058103975535187,-0.015932696133763247,0.01287459215822806,32.7,30.85,-0.05657492354740068,-0.06186303728185938,0.005288113734458699,-0.010366772,0.0,1
2023-09-05,32.7,33.15,32.4,32.7,22521078,0.0015313935681471325,0.006153846153846176,0.02992125984251981,0.05144694533762073,0.04472843450479247,0.1295336787564767,32.25,31.607499999999998,29.903333333333332,31.88656835898721,31.167787734643756,0.7187806243434522,0.6802794036558394,0.03850122068761286,0.021981058848423614,0.0011774073604774572,61.82677090657268,31.607499999999998,0.8473293959635244,33.30215879192705,29.912841208072948,0.1072314350661742,0.8223362735921866,0.8813375091209595,0.026952217404310686,19.61780937148228,27.267840713340277,15.192681716048966,84.21052631578962,86.40350877192992,2538093524.0,2442581099.55,0.3997736516849311,0.02897509230772986,-0.782516528099729,26568160.6,-0.33768928743213555,0.8476717052064191,0.02293577981651376,0.03456458119117323,0.093523575967005,1.0,9.0,0.013803680981594901,1.0,1231.43,1234.98,0.008929373800089957,0.043612733126579206,0.00734106592277195,0.20937486699816626,-0.0073979802319428245,0.007834212211041525,0.12219261283370475,0.12130212593067524,1.1370389320700494,0.5196818006114433,32.6,32.35,-0.0076687116564416735,0.006765987373390514,-0.014434699029832188,32.6,33.05,32.6,33.3,0.021472392638036686,-0.020669808499114817,0.0421422011371515,32.6,29.2,-0.10429447852760743,-0.09617079065857226,-0.008123687869035168,-0.009091084,0.0,1
2023-09-06,32.6,33.05,32.15,33.05,23146898,0.010703363914372988,0.012251148545176171,0.01692307692307682,0.04423380726698256,0.03930817610062887,0.09983361064891838,32.53,31.7575,29.984166666666667,32.065557842219945,31.307210865410884,0.7583469768090616,0.6958929182864839,0.06245405852257768,0.022945445591802168,0.0018896840702746652,63.73165970311626,31.7575,0.8222682044203955,33.40203640884079,30.112963591159208,0.10356837967981061,0.8929678884127167,0.882670544183748,0.026707126904198127,19.79945491864076,25.28189858709975,16.109265933131606,96.4912280701754,90.36212325686017,2561240422.0,2451652242.0,0.38253803017986837,0.09065900425822872,-0.4653782977988227,25244053.45,-0.19606239391417268,0.9169247738223277,0.027231467473524923,0.04069904746910158,0.10224840888246556,2.0,9.0,0.0,0.0,1237.07,1245.5,0.008518356572576158,0.03643111540125821,0.003286558940567952,0.2067225315586409,0.0021850073417968296,0.007802691865724354,0.09654705170835043,0.0962307835662628,1.1447184092215519,0.5230594961100594,33.0,31.95,-0.03181818181818186,-0.008423345156976847,-0.02339483666120501,33.0,33.0,33.0,33.25,0.007575757575757569,-0.018255919161508927,0.025831676737266496,33.0,30.2,-0.08484848484848484,-0.096275952630694,0.011427467782209155,-0.007256077,0.0,1
2023-09-07,33.0,33.25,32.65,33.0,20732047,-0.0015128593040846239,0.00917431192660545,0.010719754977029039,0.03937007874015741,0.026438569206842955,0.10738255033557054,32.78,31.9175,30.064166666666665,32.20931817418611,31.432602653158227,0.7767155210278816,0.7120574388347635,0.06465808219311808,0.023536833970541866,0.0019593358240338815,63.24611277558722,31.9175,0.7271565023762753,33.37181300475255,30.46318699524745,0.09112950605483207,0.872168851018486,0.8624797910277662,0.026135751243265642,20.192791634115522,25.68197925300512,15.308786758312657,91.52542372881356,90.74239270492625,2540508375.0,2460464235.5,0.3801399206602977,0.05397054973063905,-0.3991287819063997,25503202.4,-0.45395110588443294,0.8129193610603193,0.018181818181818226,0.03391556356230896,0.097652243811847,3.0,9.0,-0.009146341463414531,0.0,1248.91,1243.14,-0.0018948213568846795,0.032139684332007645,0.0007325535528848182,0.20685381922110943,0.0003819620528000556,0.007230394408149765,0.10664999678268572,0.10657192713882235,1.1509976996037365,0.5256902975672734,32.8,31.8,-0.030487804878048697,-0.014867823679041825,-0.015619981199006872,32.8,32.5,32.8,32.35,-0.013719512195121797,-0.02377885822841863,0.010059346033296834,32.8,29.9,-0.08841463414634143,-0.10335029139968432,0.014935657253342893,-0.0013153296,0.0,1
2023-09-08,32.8,32.95,32.5,32.5,18548978,-0.015151515151515138,-0.016641452344931862,-0.006116207951070374,0.0,0.05177993527508096,0.04166666666666674,32.78,31.982499999999998,30.1425,32.254038455080554,31.511669123294656,0.7423693317858984,0.7181198174249905,0.02424951436090783,0.02284213328571995,0.0007461389034125487,58.45045114604231,31.982499999999998,0.7176854244178138,33.417870848835626,30.54712915116437,0.089759765423943,0.6802670022244764,0.8365883773829258,0.025741180842551562,20.275148082311443,24.585605493164618,15.935960409522668,74.57627118644068,87.53097432847657,2521959397.0,2466457784.75,0.3529747081550558,0.10739889929833223,-0.23437695253413374,24539655.95,-0.5872935557629889,0.7558776715449428,0.013846153846153933,0.016180723833346455,0.07821182715435016,4.0,9.0,-0.033639143730886945,0.0,1242.28,1241.48,-0.001335328281609538,0.023343994196973084,0.006069741245877225,0.20541002770813918,-0.0138161868699056,-0.023343994196973084,0.035596925420789516,0.03538216483551904,1.1474496507503131,0.5220303625795502,32.7,32.5,-0.006116207951070374,-0.018488900262299324,0.01237269231122895,32.7,31.6,32.7,32.9,0.006116207951070152,-0.04592636427611807,0.05204257222718822,32.7,30.95,-0.05351681957186549,-0.09751455441110612,0.04399773483924063,-0.0012805854,0.0,1
2023-09-11,32.7,32.7,31.55,31.6,32703116,-0.027692307692307683,-0.042424242424242364,-0.04387291981845676,-0.03215926493108723,0.0015847860538826808,0.03436988543371533,32.57,32.035000000000004,30.20583333333333,32.15341715429893,31.518212151198757,0.6352050031001717,0.7015368545600268,-0.0663318514598551,0.02010142414873961,-0.0020991092234131357,50.96010034845612,32.035000000000004,0.6417697570416923,33.31853951408339,30.75146048591662,0.08013357353415856,0.3305467049408873,0.8589749218555741,0.02718275069163209,18.83931688068352,22.234510218540027,22.31180308782785,40.00000000000005,68.70056497175146,2489256281.0,2471486246.85,0.3597064613640695,0.07867706006441477,-0.32802605599558987,25504743.1,0.7196668445606158,1.2822366362121875,0.03639240506329121,-0.013578898080224833,0.04615554390708221,0.0,9.0,0.01729559748427678,1.0,1250.48,1223.63,-0.014378000451074402,-0.00034312323842966563,0.0024741727496908617,0.2083350513643442,-0.01331430724123328,-0.03181614169265756,0.03189571268402447,0.031816991949565665,1.1859293280887446,0.5431527467921443,31.8,32.6,0.02515723270440251,-0.012508556341471522,0.03766578904587403,31.8,32.35,31.8,31.65,-0.004716981132075526,-0.06026923954496566,0.05555225841289013,31.8,31.2,-0.018867924528301883,-0.07317709182176746,0.05430916729346558,-0.0045564645,0.0,1
2023-09-12,31.8,32.35,31.35,32.35,14338689,0.023734177215189778,-0.004615384615384577,-0.019696969696969657,-0.010703363914373099,0.04019292604501601,0.01569858712715866,32.5,32.059999999999995,30.261666666666667,32.18366066902217,31.579826065924774,0.6038346030973933,0.6819964042675002,-0.07816180117010685,0.018665675520784956,-0.002416129866154771,56.01823494408468,32.059999999999995,0.643918922651049,33.347837845302095,30.7721621546979,0.08033922927648773,0.6125918146674657,0.8690481417230331,0.026863930192365784,17.7816535844701,20.407017327092777,22.121791989408937,67.27272727272732,60.61633281972272,2503594970.0,2475572496.95,0.3370077024930388,-0.10277349388769162,-0.297972101855563,24562531.1,-1.0094838643078028,0.5837626807116796,0.030911901081916538,0.009045539613225406,0.06900919755466206,1.0,9.0,-0.01692307692307693,0.0,1227.16,1245.44,0.017824015429500628,0.008469772789842844,0.010736806226211426,0.2152387144792688,0.00591016178568915,-0.019173136704215943,0.0049617809009472325,0.004909073133957609,1.2221628000467628,0.5891267294398956,32.5,33.3,0.024615384615384484,-0.02997742085288324,0.054592805468267724,32.5,31.95,32.5,31.35,-0.03538461538461535,-0.088859352731116,0.053474737346500656,32.5,31.25,-0.038461538461538436,-0.08427146219994552,0.04580992373840709,-0.009287454,0.0,1
2023-09-13,32.5,32.55,31.85,31.95,17039599,-0.012364760432766686,0.011075949367088445,-0.01692307692307693,-0.033282904689863835,0.009478672985782088,0.0015673981191222097,32.28,32.0625,30.315,32.14771287378799,31.607246357337754,0.540466516450234,0.653690426704047,-0.11322391025381295,0.016916009904545667,-0.0035437843584917982,52.88524677207191,32.0625,0.6433618528362787,33.34922370567256,30.775776294327443,0.08026346702051039,0.4562843213721635,0.8569732744571019,0.026822324709142472,16.520485796962035,20.88336889415346,20.83109876426588,47.99999999999997,51.757575757575815,2486555371.0,2477961959.5,0.3403052890192967,-0.005588355579448365,-0.4204962466027761,24569703.45,-0.7439252029918374,0.6935207433283043,0.02190923317683868,-0.0035087719298245723,0.05393369619000499,2.0,9.0,-0.006249999999999978,0.0,1248.94,1238.39,-0.005660650051387384,-0.005708550782818067,0.0012531936224573492,0.2160144160860461,-0.006704110381379302,-0.027574353907045768,0.0003142044966648605,0.0003138112304321705,1.2349253099204374,0.5907248866039415,32.0,33.25,0.0390625,-0.009756176354194568,0.04881867635419457,32.0,31.8,32.0,31.8,-0.006249999999999978,-0.06811555577092376,0.061865555770923786,32.0,31.75,-0.0078125,-0.07057075246933031,0.06275825246933031,-0.0057648085,0.0,1
2023-09-14,32.0,32.45,31.8,31.8,14943370,-0.0046948356807511304,-0.01700154559505407,0.006329113924050667,-0.036363636363636376,0.0015748031496063408,0.00952380952380949,32.04,32.0775,30.3575,32.09421858551291,31.621524404942367,0.4726941805705458,0.6174911774773468,-0.14479699690680103,0.014864596873287603,-0.004553364682603806,51.71714724902359,32.0775,0.6329702329416379,33.343440465883276,30.811559534116725,0.078930120232766,0.3903976895128391,0.8421894691387377,0.026483945570400555,15.407628146956393,19.732101845703,20.10677802395395,38.2978723404256,51.19019987105099,2471612001.0,2480450792.5,0.33750868963577135,-0.05511652376914187,-0.32299362591965247,24470333.0,-0.9330613920789703,0.6106729319948364,0.02044025157232711,-0.008650923544540556,0.04751708803425836,3.0,9.0,0.006191950464396356,1.0,1238.19,1223.81,-0.011773350883001465,-0.01554933474910325,-0.008297880961063209,0.22002605861597696,0.007078515202250335,-0.020814301614533126,0.0178216904848727,0.017970810128089543,1.2005023528263237,0.5863029374295299,32.3,32.35,0.0015479876160993111,-0.013125879873379542,0.014673867489478853,32.3,32.5,32.3,30.75,-0.047987616099071095,-0.062203487757044984,0.014215871657973889,32.3,31.6,-0.021671826625386914,-0.062870767453026,0.041198940827639086,-0.008615191,0.0,1
2023-09-15,32.3,33.15,32.1,32.5,34139863,0.022012578616352085,0.017214397496087663,0.004636785162287493,0.0,0.0,-0.012158054711246202,32.04,32.0575,30.409166666666668,32.156646495434,31.68659667124293,0.4700498241910722,0.5880029068200919,-0.11795308262901971,0.014463071513571454,-0.003629325619354453,56.54122457343575,32.0575,0.6115715304384475,33.28064306087689,30.834356939123104,0.07630932299005806,0.6808864449931009,0.878461649914542,0.027029589228139753,15.236997918969895,23.25788081173647,17.899660751310478,67.3913043478261,51.229725562750595,2505751864.0,2482398763.0,0.30694657079770227,-0.47892580409873975,-0.7902195596246602,23929470.5,1.096079667347155,1.4266869381836091,0.03230769230769222,0.01380332215550184,0.06875667972924826,4.0,9.0,0.009287925696594534,1.0,1228.87,1227.36,0.002900777081409567,-0.011373521925443941,-0.012788958061869637,0.21847496212297543,0.01911180153494252,0.011373521925443941,0.0006309033506234352,0.0006390764728327891,1.2066818204168868,0.5830713594099911,32.3,32.9,0.018575851393188847,-0.02655842036553524,0.04513427175872409,32.3,32.6,32.3,30.65,-0.051083591331269274,-0.058297976501305304,0.007214385170036031,32.3,31.5,-0.024767801857585092,-0.057824738903394124,0.03305693704580903,-0.009544786,0.0,1
2023-09-18,32.3,33.05,32.3,32.6,15197946,0.0030769230769231992,0.02515723270440251,0.020344287949921824,0.03164556962025311,-0.0015313935681469104,0.007727975270479082,32.239999999999995,32.07,30.452499999999997,32.2248547269057,31.754256177076787,0.47059854982891025,0.5645220354218556,-0.09392348559294539,0.01443553833831013,-0.002881088515121024,57.1991256882469,32.07,0.6203564340472956,33.31071286809459,30.82928713190541,0.07737529579635735,0.7135868876793154,0.869285817777789,0.026665209134288007,15.078555564411005,21.824568689132356,16.79655935729147,71.73913043478268,59.14276904101149,2520949810.0,2485850945.05,0.30100250316781774,-0.644600983679756,-0.46197227342166597,23945053.55,-0.9405797433081936,0.6347008566201348,0.023006134969325152,0.016526348612410313,0.07051966176832791,0.0,9.0,0.0183486238532109,1.0,1225.6,1211.81,-0.012669469430321989,-0.009659782777473702,-0.017568181081168754,0.22125525790854894,0.015746392507245188,0.04130535239772681,0.025296156351647836,0.025748510852881656,1.1478508384579793,0.568283479735335,32.7,31.65,-0.03211009174311941,-0.051613539919076246,0.01950344817595684,32.7,33.3,32.7,30.85,-0.05657492354740068,-0.04992762919832894,-0.006647294349071742,32.7,30.2,-0.07645259938837934,-0.06130135859732222,-0.015151240791057119,-0.007500916,0.0,1
2023-09-19,32.7,33.6,32.65,33.3,33673265,0.021472392638036686,0.024615384615384484,0.047169811320754595,0.029366306027820643,0.0183486238532109,0.0638977635782747,32.43,32.17,30.502499999999998,32.390261691997125,31.868755719515544,0.5215059724815809,0.5559188228338008,-0.03441285035221986,0.015660840014461892,-0.001033418929496092,61.58328282156211,32.17,0.6501821607103457,33.470364321420696,30.86963567857931,0.08084329011008348,0.9344936189749615,0.8786225450793755,0.026385061413795062,15.62674917176451,24.52160130949145,15.431064872173124,86.66666666666647,75.26570048309178,2554623075.0,2493244528.45,0.28287724347411525,-0.8186180902196415,0.1145333023751018,23370978.7,1.2544932437783913,1.4408153561836075,0.028528528528528618,0.035125893689772925,0.09171379395131551,1.0,9.0,-0.0015015015015014122,0.0,1215.96,1211.5,-0.00025581568067600813,-0.027251413155190196,0.028446761008158017,0.1473974479819247,0.021728208318712694,0.05661771918301084,0.035451002570116685,0.034470430472614,1.1394502481965083,0.5598961380371456,33.3,31.35,-0.058558558558558405,-0.0616310711635194,0.0030725126049609974,33.3,33.25,33.3,29.2,-0.12312312312312312,-0.07800775129875492,-0.0451153718243682,33.3,30.0,-0.09909909909909898,-0.07508039910942521,-0.024018699989673764,-0.007848775,0.0,1
2023-09-20,33.3,33.55,33.2,33.25,10591268,-0.0015015015015014122,0.019938650306748462,0.023076923076922995,0.04068857589984343,0.00605143721633894,0.045597484276729494,32.69,32.2425,30.563333333333333,32.522529123997565,31.97107011066254,0.5514590133350232,0.5550268609340453,-0.003567847599022067,0.016585233483760096,-0.00010730368718863359,61.101840339387536,32.2425,0.6865771317888772,33.61565426357775,30.869345736422247,0.0851766620812749,0.8668560870120154,0.8408637918594197,0.02528913659727578,16.13578609287848,23.792541456192676,14.972278769668645,84.44444444444439,80.95008051529788,2544031807.0,2498345628.8,0.2792321488526552,-0.7086418809245503,0.09543888979161547,22137622.45,-1.4106197784666916,0.4784284321372551,0.010526315789473514,0.031247576955881318,0.08790489693532555,2.0,9.0,-0.025602409638554202,0.0,1212.7,1226.11,0.012059430458109643,-0.009916100743707745,0.03928765172577475,0.15213988787748983,-0.013560931959611056,0.05060467664355117,0.0063098325509547415,0.006071305225725521,1.113987205713254,0.560831339953407,33.2,31.8,-0.04216867469879526,-0.05945597861084628,0.017287303912051022,33.2,32.35,33.2,30.2,-0.09036144578313265,-0.07998108885791366,-0.010380356925218992,33.2,29.7,-0.10542168674698804,-0.10057956129410894,-0.004842125452879098,-0.01483803,0.0,1
2023-09-21,33.2,33.7,32.35,32.35,31022645,-0.02706766917293224,-0.028528528528528385,-0.0076687116564416735,0.01729559748427678,-0.019696969696969657,0.0062208398133749565,32.8,32.2525,30.609166666666667,32.495986181844096,31.999138991354204,0.49684719048989123,0.5433909268452145,-0.04654373635532327,0.01535849120525166,-0.0014387553741985555,53.060794942156036,32.2525,0.6866154596820463,33.62573091936409,30.879269080635904,0.08515500623914996,0.5355002201833451,0.8772306638694614,0.027116867507556763,15.143516051844525,21.177173711116758,20.24759951396006,42.55319148936167,71.22143420015755,2513009162.0,2500249452.45,0.2958434260644576,-0.4906107253966947,-0.541396971422823,22042610.25,1.1136439312236748,1.4073943443245338,0.04173106646058737,0.003023021471203924,0.05687294111241181,3.0,9.0,0.028124999999999956,1.0,1226.79,1212.74,-0.010904404988133165,-0.00904552177217044,0.027319164075934488,0.15884998467150094,-0.016163264184799075,0.02634111925644722,-0.02109832426255953,-0.020537263394222127,1.1472215270667114,0.5743468517386712,32.0,30.75,-0.0390625,-0.037628706711538285,-0.0014337932884617155,32.0,32.9,32.0,29.9,-0.06562500000000004,-0.06981269154648462,0.004187691546484573,32.0,29.0,-0.09375,-0.09155817585115544,-0.0021918241488445567,-0.007459384,0.0,1
2023-09-22,32.0,33.0,31.35,32.9,35948257,0.01700154559505407,-0.010526315789473717,-0.012012012012011963,0.012307692307692353,0.012307692307692353,0.06472491909385103,32.88,32.352500000000006,30.659166666666668,32.55814215386808,32.06586943643908,0.49227271742900314,0.5331672849619723,-0.04089456753296916,0.014962696578389154,-0.0012429959736464792,56.802120613674596,32.352500000000006,0.6218552463146996,33.5962104926294,31.108789507370606,0.07688496979395092,0.7201074941655005,0.9324284735930711,0.028341290990670856,15.177413337470302,18.500420203403884,25.348830384889016,65.95744680851048,64.31836091410555,2548957419.0,2505883547.8,0.261784383819371,-0.42480727613940766,-0.8021116179886691,21907164.25,1.802931901157109,1.6409361152254107,0.050151975683890536,0.016922958040336722,0.07308852708542846,4.0,9.0,-0.03506097560975607,0.0,1197.49,1193.05,-0.016235961541633093,-0.027954308434363195,0.017474585522275987,0.16859260723826597,0.03323750713668716,0.04026200074205555,0.04725033357157504,0.04643883419193329,1.0441572508673773,0.533989706857922,32.8,30.65,-0.06554878048780488,-0.030598531808026186,-0.034950248679778695,32.8,31.65,32.8,30.95,-0.05640243902439024,-0.052109056090308914,-0.0042933829340813245,32.8,30.1,-0.08231707317073156,-0.0693359539048195,-0.012981119265912056,-0.008075588,0.0,1
2023-09-25,32.8,33.15,31.4,31.65,25664615,-0.037993920972644424,-0.021638330757341673,-0.048120300751879785,-0.02914110429447858,0.0015822784810126667,0.0031695721077653616,32.690000000000005,32.3575,30.694166666666668,32.41842797634992,32.035064292999145,0.38336368335077253,0.5032065646397323,-0.11984288128895981,0.012112596630356163,-0.0037865049380398047,47.52981183913483,32.3575,0.6154320262612784,33.58836405252256,31.126635947477446,0.07607905756146523,0.2126002670440982,0.9908264397649946,0.031305732693996675,14.98222593307468,17.247805311242452,22.15089008884417,12.765957446808383,40.42553191489355,2523292804.0,2509529913.15,0.29089114803643895,-0.48890167732286544,-0.5538869530822799,22485895.75,0.41801371077982724,1.1413650265633737,0.05529225908372828,-0.02186510082670179,0.031140553308174557,0.0,9.0,-0.018779342723004633,0.0,1190.58,1153.2,-0.033401785340094636,-0.048365667885229446,-0.03042736192502038,0.20035396225079583,-0.0045921356325497875,0.019224563590750865,0.03359693403278574,0.03465128110410598,1.0624002499425949,0.5704714013782851,31.95,30.85,-0.034428794992175216,0.0037447651484872058,-0.03817356014066242,31.95,31.35,31.95,31.2,-0.023474178403755874,-0.011799051210315215,-0.01167512719344066,31.95,29.7,-0.07042253521126762,-0.04988096686186949,-0.02054156834939813,-0.008940775,0.0,1
2023-09-26,31.95,32.2,31.35,31.35,17058375,-0.009478672985781866,-0.04711246200607899,-0.03091190108191655,-0.058558558558558405,-0.03091190108191655,0.008038585209003246,32.3,32.370000000000005,30.719999999999995,32.254054441526854,31.984318789814022,0.269735651712832,0.4565123820543523,-0.18677673034152031,0.008604008029117448,-0.005957790441515799,45.60566567155947,32.370000000000005,0.5905840106918774,33.55116802138376,31.18883197861625,0.0729791795726756,0.06822400304866917,0.9807674083532094,0.031284446837422944,14.861996415555897,16.180082046080667,21.143788298833147,0.0,26.24113475177299,2506234429.0,2513180843.05,0.2881934837582474,-0.5255744803269726,-0.4316781337236299,22481331.2,-0.7128208787044894,0.7587795779637818,0.027113237639553475,-0.03151065801668218,0.020507812500000222,1.0,9.0,0.00952380952380949,1.0,1150.94,1137.96,-0.013215400624349671,-0.06070160957490711,-0.03837345885057075,0.2043447350326546,0.003736727638567805,0.002143051016348707,0.046412044059574,0.04826410469504916,1.0640485964585924,0.5771132712429884,31.5,29.2,-0.07301587301587309,-0.01900400084228271,-0.05401187217359038,31.5,31.8,31.5,31.25,-0.007936507936507908,0.003448094335649632,-0.01138460227215754,31.5,30.0,-0.04761904761904767,-0.029708008703586586,-0.017911038915461086,-0.0086300075,0.0,1
2023-09-27,31.5,31.8,30.55,31.8,19342348,0.014354066985645897,0.004739336492891155,-0.03343465045592697,-0.043609022556390986,-0.0046948356807511304,0.004739336492891155,32.010000000000005,32.3775,30.755000000000003,32.18419991206118,31.970665546124096,0.21353436593708608,0.40791677883089905,-0.19438241289381297,0.006714917167832895,-0.006112654493516131,48.94446804124717,32.3775,0.5818471041710797,33.541194208342155,31.213805791657837,0.07188289450032641,0.25186780347445287,0.9999983077565516,0.031446487665300366,15.641618272928154,14.735429418690948,24.970242247443245,39.682539682539655,17.482832376449384,2525576777.0,2516863292.1,0.2858006657425957,-0.5320819820188568,-0.3855734960814173,22512850.35,-0.41757835662949594,0.8591692166602972,0.03930817610062893,-0.017836460504980223,0.03397821492440256,2.0,9.0,-0.029968454258675004,0.0,1139.76,1153.85,0.01396358395725672,-0.058934353361443925,-0.039834570449023166,0.2026705114105203,0.0003904830283891769,0.015325330805052939,0.04457390694191432,0.04642315331302793,1.0671354319288946,0.5835896615050784,31.7,30.2,-0.04731861198738174,-0.021729332431916992,-0.02558927955546475,31.7,30.75,31.7,31.75,0.001577287066246047,-0.002539566973495,0.004116854039741047,31.7,29.55,-0.06782334384858035,-0.04514015289406614,-0.02268319095451421,-0.010594035,0.0,1
2023-09-28,31.7,31.7,30.45,30.75,29421340,-0.03301886792452835,-0.019138755980861344,-0.028436018957345932,-0.04945904173106652,-0.03301886792452835,-0.03149606299212604,31.690000000000005,32.3275,30.77,31.963553771744078,31.880245876040828,0.08330789570324981,0.3429950022053692,-0.2596871065021194,0.0027091998602682865,-0.008445109154540468,42.40404549149785,32.3275,0.674239337484267,33.67597867496853,30.979021325031468,0.08342610316099498,-0.08491840815977761,1.0249984286310838,0.03333328223190517,16.46631183598397,13.349167383022667,23.317986959479153,9.230769230769242,16.304436304436337,2496155437.0,2518190920.7,0.30905859888764375,-0.4058295576965486,-0.8640322291895985,23100163.9,0.826000942545684,1.2736420454575217,0.04065040650406504,-0.048797463459902546,-0.0006499837504062578,3.0,9.0,-0.011290322580645218,0.0,1153.74,1152.43,-0.0012306625644580294,-0.04973036264986719,-0.0431739495030844,0.2020875592203203,-0.03178820536007032,0.000271320918800666,0.011677886510958357,0.012204816648641259,1.0756586569171065,0.5739872966687868,31.0,29.9,-0.03548387096774197,-0.0378921365395245,0.0024082655717825308,31.0,30.65,31.0,31.6,0.019354838709677358,-0.005311981757877393,0.02466682046755475,31.0,28.1,-0.09354838709677415,-0.08836891929242674,-0.005179467804347415,-0.012691826,0.0,1
2023-09-29,31.0,31.25,30.65,30.65,12282541,-0.003252032520325243,-0.036163522012578664,-0.022328548644338198,-0.06838905775075987,-0.056923076923076965,-0.056923076923076965,31.24,32.235,30.782500000000002,31.761468576091143,31.789116551889656,-0.027647975798512192,0.26886640660459293,-0.2965143824031051,-0.0009020546753185054,-0.009674204972368846,41.83073085232099,32.235,0.7695008635135342,33.77400172702707,30.695998272972933,0.0954863798372619,-0.014944191473322817,0.994641398014578,0.032451595367522935,17.232098715964373,12.77397799848658,22.313260733265167,6.153846153846125,18.355718355718377,2483872896.0,2517542413.35,0.29456252769883784,-0.37067293429968634,-0.7126528403434915,22352282.05,-1.2663318214965777,0.5494983005549539,0.01957585644371946,-0.04917015666201341,-0.00430439373020397,4.0,9.0,0.003252032520325354,1.0,1157.76,1154.15,0.0014924984597763924,-0.032605506894094805,-0.048641564179498165,0.1995631179585489,-0.0047445309801016355,-0.03578355085666507,-0.0082815127435788,-0.008704934367283368,1.0751521515334461,0.5734566938434587,30.75,30.95,0.006504065040650486,-0.022968304951215046,0.029472369991865532,30.75,30.85,30.75,31.5,0.024390243902439046,-0.0002943544547082677,0.024684598357147314,30.75,28.7,-0.06666666666666665,-0.08176993602119353,0.015103269354526883,-0.015752422,0.0,1
2023-10-02,30.75,31.1,30.6,30.85,10886389,0.006525285481239873,0.003252032520325354,-0.029874213836477925,-0.025276461295418606,-0.05368098159509205,-0.05513016845329244,31.080000000000002,32.144999999999996,30.811666666666667,31.62124264130789,31.719552362860792,-0.09830972155290141,0.1954311809730941,-0.2937409025259955,-0.003186700860709932,-0.009521585171020924,43.476722971124886,32.144999999999996,0.8218880702387132,33.788776140477424,30.501223859522568,0.10227258612396503,0.10608991452331601,0.9593098695849652,0.0310959439087509,17.99987957950302,12.298413726283979,21.854848570683533,12.30769230769236,9.230769230769281,2494759285.0,2516501755.3,0.2952740576342541,-0.3814830616566542,-0.7276375586738117,21960131.35,-1.3302399836519627,0.49573423885736456,0.01620745542949757,-0.04028620314201259,0.0012441174879644912,0.0,10.0,-0.047308319738988525,0.0,1155.07,1155.25,0.0009530823549797063,0.0017776621574747686,-0.056206854295167696,0.195479336056512,0.005572203126260167,-0.027054123452893375,0.0010766858418752578,0.0011408070155787264,1.0547497255381997,0.5684021736362324,30.65,31.2,0.01794453507340954,-0.00740934677313787,0.02535388184654741,30.65,29.2,30.65,30.2,-0.014681892332789492,-0.0038661255836277553,-0.010815766749161737,30.65,27.0,-0.11908646003262635,-0.09028232316620832,-0.02880413686641803,-0.014325861,0.0,1
2023-10-03,30.65,30.65,29.05,29.2,33383759,-0.05348460291734203,-0.047308319738988525,-0.05040650406504066,-0.06858054226475285,-0.12312312312312312,-0.10703363914373099,30.65,31.970000000000006,30.805,31.24874377341437,31.532918854500732,-0.2841750810863637,0.09950992856120254,-0.38368500964756624,-0.00973202332487547,-0.013139897590670076,34.742346236094306,31.970000000000006,1.0409257013784456,34.051851402756895,29.888148597243116,0.13023781061976158,-0.1652732265933671,1.0193591646146107,0.03490956043200722,20.085373220217715,10.747218939558719,29.95946935231645,3.225806451612871,7.22911497105049,2461375526.0,2512665855.4,0.345251486919227,-0.5611458602455367,-0.3644912947625611,22503265.4,1.249389125273723,1.483507322452856,0.05479452054794513,-0.08664372849546464,-0.05210193150462583,1.0,10.0,0.04498269896193774,1.0,1145.85,1118.1,-0.032157541657649946,-0.017452283032795668,-0.09464120876451454,0.21605986251935907,-0.02132706125969208,-0.051128259231957185,-0.012392430379216446,-0.013687866621701739,1.1266263270794479,0.6133587150530055,28.9,31.25,0.08131487889273359,0.03350773985414923,0.047807139038584356,28.9,30.2,28.9,30.0,0.03806228373702436,0.013591057373419924,0.024471226363604437,28.9,27.0,-0.06574394463667821,-0.07086507441646095,0.00512112977978274,-0.00017834829,0.0,1
2023-10-04,28.9,30.6,28.85,30.2,20421178,0.03424657534246567,-0.021069692058346856,-0.014681892332789492,-0.05031446540880502,-0.09172932330827066,-0.086232980332829,30.330000000000002,31.827499999999997,30.81083333333333,31.087398577504466,31.434184124537715,-0.3467855470332495,0.010250833442312143,-0.35703638047556163,-0.011482965133551308,-0.011822396704488796,42.307152835909406,31.827499999999997,1.079653331301407,33.98680666260281,29.668193337397184,0.13568811013135262,0.12314292171029079,1.071547795713567,0.03548171508985321,22.15674196431694,9.493516236964629,27.797771806267544,27.835051546391696,14.456183435232347,2481796704.0,2508693669.5,0.3691202300378275,-0.35731799189746916,-0.44621545607410856,22366979.4,-0.22315849497968063,0.9130056247112206,0.05794701986754967,-0.05113502474275389,-0.019825277905498595,2.0,10.0,-0.006644518272425293,0.0,1106.61,1128.67,0.0094535372506932,-0.021822593924686773,-0.0938016860698514,0.21685250535062287,0.024793038091772468,-0.028491871484118247,0.0075687057370223965,0.008352151643493233,1.1574554454558785,0.6179299414037891,30.1,31.75,0.054817275747508276,0.017254638510019626,0.03756263723748865,30.1,29.9,30.1,29.7,-0.013289036544850585,-0.024653271928506304,0.011364235383655719,30.1,27.65,-0.08139534883720945,-0.08099603107956399,-0.0003993177576454565,-0.0068329806,0.0,1
2023-10-05,30.1,30.35,29.85,29.9,10309691,-0.009933774834437137,0.023972602739726012,-0.030794165316045508,-0.02764227642276429,-0.07573415765069558,-0.09393939393939399,30.160000000000004,31.672499999999996,30.809166666666666,30.904721873273008,31.32054085605344,-0.41581898278043283,-0.07496312980223686,-0.340855852978196,-0.013906989390649929,-0.011399861303618595,40.77987448093014,31.672499999999996,1.1240756436434112,33.920651287286816,29.424348712713172,0.1419623513954896,0.10578720613168019,1.030722953162598,0.03447233957065546,24.08015579812336,9.164568336580889,26.834586149575422,21.649484536082408,17.57011417802903,2471487013.0,2505242601.4,0.3695053009053613,-0.29684940556772216,-0.4880704699494319,21845861.6,-1.2643386657005975,0.4719287885628644,0.016722408026755852,-0.0559633751677322,-0.029509615644694565,3.0,10.0,0.03685092127303169,1.0,1131.29,1113.89,-0.013095058786004699,-0.03344237827894103,-0.10397059060121949,0.21848469528721262,0.0031612839515675617,0.0058001018561767426,0.010031196661825503,0.011195164529874457,1.1500701797975972,0.6188756987590812,29.85,31.6,0.058626465661641536,0.03262107367986866,0.026005391981772874,29.85,30.95,29.85,29.0,-0.028475711892797406,-0.024550989481990304,-0.003924722410807102,29.85,29.0,-0.028475711892797406,-0.035651838634183086,0.00717612674138568,-0.011321996,0.0,1
2023-10-06,29.85,30.95,29.65,30.95,13109022,0.03511705685618738,0.024834437086092676,0.05993150684931514,0.00978792822185981,-0.059270516717325195,-0.0476923076923077,30.22,31.595,30.828333333333333,30.911687738923312,31.293093385234666,-0.38140564631135376,-0.13625163310406027,-0.2451540132072935,-0.012323284210382998,-0.007920969732061179,47.872744268265166,31.595,1.1174336198350314,33.829867239670065,29.360132760329936,0.14146967809274028,0.35569612625060826,1.0499570279366983,0.03392429815627458,24.688136128739668,12.435862840137856,24.461362357264505,43.29896907216489,30.927835051546367,2484596035.0,2503374433.3,0.39291780145341426,-0.3394188017920214,-0.588076485009189,21573863.8,-0.9095153462116756,0.6076344099289251,0.04200323101777062,-0.020414622566861884,0.003946585932854019,4.0,10.0,0.008077544426494443,1.0,1115.23,1128.54,0.013152106581439726,-0.02218949010094018,-0.09097206559912363,0.22789418818658058,0.021964950274747652,0.03197741832279999,0.04327975790681593,0.04761103181646531,1.183294474224348,0.6310655670688249,30.95,31.5,0.017770597738287597,0.02165892501658928,-0.0038883272783016842,30.95,31.2,30.95,30.1,-0.02746365105008075,-0.019659367396593685,-0.007804283653487065,30.95,28.5,-0.07915993537964461,-0.047308117673081185,-0.03185181770656342,-0.011729792,0.0,1
2023-10-09,30.95,31.3,30.6,31.2,9200782,0.008077544426494443,0.04347826086956519,0.0331125827814569,0.011345218800648205,-0.01421800947867291,-0.012658227848101333,30.29,31.575,30.848333333333333,30.956043471396647,31.286197578920987,-0.33015410752433993,-0.1750321279881162,-0.15512197953622373,-0.01058186242065192,-0.004971858318468709,49.42590421805641,31.575,1.1209136311160794,33.81682726223216,29.33317273776784,0.14200014329261507,0.416362869183191,1.0249600973697912,0.032851285172108696,24.63727268451469,14.268331111647052,23.268078715294628,48.45360824742262,37.80068728522335,2493796817.0,2503601460.1,0.38244936436123067,-0.5418090081232333,-0.18710289874920938,20398747.1,-1.2025892697829983,0.45104642725827016,0.022435897435897415,-0.01187648456057011,0.011399859527797318,0.0,10.0,-0.0031897926634769647,0.0,1130.25,1137.36,0.00781540751767773,-0.01548582557887912,-0.07050333842746603,0.22895450187186991,0.0002621369088167125,0.026831044379527325,0.0578451105793647,0.062232725485535045,1.188133078786301,0.6321675350614432,31.35,30.2,-0.036682615629984094,-0.0019062609303951428,-0.03477635469958895,31.35,31.25,31.35,29.7,-0.052631578947368474,-0.04378279118572925,-0.00884878776163922,31.35,29.45,-0.06060606060606066,-0.047166841552990446,-0.013439219053070217,-0.005393974,0.0,1
2023-10-10,31.35,31.65,31.25,31.25,11507463,0.0016025641025640969,0.009693053311793154,0.045150501672240884,0.0702054794520548,-0.0031897926634769647,-0.03400309119010825,30.7,31.520000000000003,30.88583333333333,31.00126755272024,31.28351627677869,-0.2822487240584515,-0.19647544720218327,-0.0857732768562682,-0.009031959169870447,-0.0027447448594005827,49.74839399096795,31.520000000000003,1.1077953449606914,33.73559068992139,29.30440931007862,0.14058316560414877,0.4390681678641682,0.9838915189862347,0.031484528607559514,24.010880851298666,16.34312800949478,22.50793136601665,49.484536082474186,47.079037800687274,2505304280.0,2503686925.6,0.3718802708797369,-0.4953312853032575,-0.0042805591064082075,20257185.8,-0.9279290910643319,0.5680681963236967,0.012799999999999954,-0.008565989847715838,0.011790734694978822,1.0,10.0,0.016000000000000014,1.0,1143.6,1143.69,0.005565520151930903,0.022887040515159773,-0.08169803442959922,0.21763171016856764,-0.003962956049366806,0.047318438936895024,0.04769494323949097,0.051938191387693955,1.1963828518881234,0.6506299789059573,31.25,30.0,-0.040000000000000036,-0.021418600593264614,-0.01858139940673542,31.25,31.75,31.25,30.0,-0.040000000000000036,-0.035159658000348926,-0.00484034199965111,31.25,29.0,-0.07199999999999995,-0.057503053568312756,-0.014496946431687197,-0.004758872,0.0,1
2023-10-11,31.25,31.8,31.15,31.75,8375458,0.016000000000000014,0.017628205128205066,0.02584814216478204,0.051324503311258374,-0.0015723270440252124,-0.006259780907668211,31.009999999999998,31.51,30.94833333333333,31.11645715999405,31.318070626646936,-0.20161346665288704,-0.19750305109232402,-0.004110415560563019,-0.006350030445760222,-0.00012946190741930768,52.97747158155049,31.51,1.104607574995587,33.71921514999118,29.300784850008828,0.14022311329680578,0.5543179327737625,0.9600421247729324,0.030237547236942754,23.18672830941677,16.66878089201534,21.41942590133857,67.44186046511629,55.12666826500441,2513679738.0,2505043143.95,0.3744748652734141,-0.6562625271482468,0.08234699253887728,19823978.75,-1.1709042950834034,0.42249127209138077,0.020472440944881955,0.007616629641383543,0.025903387366040365,2.0,10.0,-0.010954616588419341,0.0,1146.2,1150.81,0.006225463193697545,0.01961600822206666,-0.07072085530406425,0.22061558042857574,0.00977453680630247,0.03170849508919171,0.06446107439639603,0.06936675030782924,1.2222333254020654,0.6790358026335482,31.95,29.7,-0.07042253521126762,-0.04477456887596076,-0.02564796633530686,31.95,31.6,31.95,29.55,-0.07511737089201875,-0.04628090587990841,-0.028836465012110346,31.95,30.0,-0.06103286384976525,-0.03609148833021658,-0.02494137551954867,-0.0050289435,0.0,1
2023-10-12,31.95,31.95,31.3,31.6,8161960,-0.0047244094488188,0.011200000000000099,0.012820512820512997,0.056856187290970084,0.027642276422764178,-0.0062893081761006275,31.35,31.5,31.000833333333333,31.19084836614881,31.33895428393235,-0.1481059177835391,-0.18762362443056704,0.039517706647027945,-0.004686896132390477,0.001250560336931264,51.900009707124326,31.5,1.1027477642596868,33.70549552851937,29.294504471480625,0.14003146212821416,0.522670642199655,0.9378962587177229,0.02968026135182667,22.17569354064548,16.986002423065255,20.359102506106225,63.95348837209306,60.29329497322789,2505517778.0,2506738432.8,0.3744797483387713,-0.6560365049386895,0.08195767407992698,19484908.25,-1.1245459229640522,0.41888624238197275,0.02056962025316451,0.0031746031746031633,0.019327437434477623,3.0,10.0,0.009615384615384581,1.0,1155.12,1151.61,0.0006951625376907522,0.033863307867024295,-0.05899608599374084,0.21889764251168317,-0.005419571986509553,0.02299287942394579,0.052706777817640216,0.056011220605071355,1.2197636261572395,0.6794570844790471,31.2,29.0,-0.07051282051282048,-0.049937556221234414,-0.02057526429158607,31.2,31.5,31.2,28.1,-0.09935897435897434,-0.07823375806747412,-0.021125216291500215,31.2,29.65,-0.049679487179487225,-0.02719579399666372,-0.022483693182823505,-0.003225191,0.0,1
2023-10-13,31.2,31.6,31.0,31.5,11310425,-0.0031645569620253333,-0.007874015748031482,0.008000000000000007,0.017770597738287597,0.027732463295269127,-0.03076923076923077,31.46,31.45,31.055,31.23841015597207,31.350883596233658,-0.11247344026158856,-0.17259358759677135,0.06012014733518278,-0.003570585405129796,0.0019085761058788185,51.15308650153549,31.45,1.0773994030465244,33.60479880609305,29.29520119390695,0.1370301307531351,0.5116020112547435,0.9137608116664571,0.029008279735443083,21.638516823431893,16.18932617790055,21.749317715700304,79.10447761194023,70.16660881638323,2494207353.0,2506161207.25,0.36536074054882334,-0.5755297786094108,0.2160913319307065,18343436.35,-0.7323481436385445,0.6165924848644839,0.019047619047619094,0.0015898251192369983,0.014329415553051117,4.0,10.0,-0.03821656050955413,0.0,1145.03,1154.73,0.0027092505275223555,0.02320697538412464,-0.05917579194368394,0.21883085550380907,-0.005873807489547689,-0.005436377645837043,0.02840656117445317,0.030193271953683487,1.2160658888981346,0.6783962458688247,31.4,30.1,-0.0414012738853502,-0.03874415497661998,-0.002657118908730216,31.4,30.2,31.4,28.7,-0.0859872611464968,-0.07987403378184954,-0.006113227364647256,31.4,29.5,-0.060509554140127375,-0.04425300818086386,-0.016256545959263513,-0.0024757283,0.0,1
2023-10-16,31.4,31.45,30.2,30.2,25872793,-0.041269841269841345,-0.044303797468354444,-0.048818897637795344,-0.03205128205128205,-0.021069692058346856,-0.07361963190184051,31.26,31.330000000000002,31.09416666666667,31.078654747360982,31.26563295947561,-0.18697821211462795,-0.17547051250034268,-0.011507699614285272,-0.006191331526974436,-0.0003810496561021613,42.57498710659888,31.330000000000002,1.076226350678865,33.48245270135773,29.17754729864227,0.13740521553512475,0.23750875006748892,0.941349325118853,0.03117050745426666,22.058709212921897,14.592368987250426,25.674222226198633,43.54838709677415,62.20211769360251,2468334560.0,2503530444.75,0.3912935810708187,-0.41734611589149334,-0.43799322912041827,18877178.7,0.7200584464247985,1.3705857962768557,0.041390728476821195,-0.03606766677306106,-0.028756733578109595,0.0,10.0,-0.014778325123152691,0.0,1152.69,1141.42,-0.011526504031245333,0.003569670113244827,-0.05808666375091798,0.21819451221190816,-0.029743337238596013,-0.035620952164526876,-0.015532968150922533,-0.0164908676341482,1.2545227320411942,0.6852837562874712,30.45,29.7,-0.024630541871921152,-0.045235475928545155,0.020604934056624002,30.45,30.0,30.45,27.0,-0.11330049261083741,-0.08987724169242306,-0.02342325091841435,30.45,29.25,-0.039408866995073843,-0.039525381109539515,0.00011651411446567117,0.00036237686,0.005,2
2023-10-17,30.45,30.7,30.0,30.0,11771322,-0.0066225165562913135,-0.04761904761904767,-0.05063291139240511,-0.040000000000000036,0.027397260273972712,-0.09909909909909898,31.01,31.165,31.115000000000002,30.9127078631516,31.171882369884823,-0.25917450673322406,-0.19221131134691896,-0.0669631953863051,-0.008639150224440803,-0.0022321065128768367,41.42407185884009,31.165,1.009181533928303,33.183363067856604,29.146636932143394,0.12952755128231058,0.21139979259599517,0.9241100876103635,0.03080366958701212,22.650815285078565,13.802832698073855,25.830978784971933,37.09677419354837,53.24987963408762,2456563238.0,2498627452.9,0.3800355219014639,-0.32641643117541913,-0.262720657609892,17782081.55,-0.6548121644351177,0.6619766064451549,0.02333333333333331,-0.03738167816460769,-0.035834806363490346,1.0,10.0,-0.013289036544850585,0.0,1145.34,1121.65,-0.017320530567188186,-0.01927095629060316,-0.0741642591828311,0.2237911880840197,0.010698014010896872,-0.020729043709396877,-0.02493483991626788,-0.026932250308526307,1.2079380819570058,0.6757439628497737,30.1,30.0,-0.0033222591362126463,-0.01586680074395086,0.012544541607738213,30.1,29.7,30.1,27.0,-0.10299003322259137,-0.08502042305536028,-0.017969610167231087,30.1,30.0,-0.0033222591362126463,-0.012458508716506667,0.00913624958029402,0.00036237686,0.005,2
2023-10-18,30.1,30.3,29.35,29.7,20149073,-0.010000000000000009,-0.01655629139072845,-0.05714285714285716,-0.06456692913385831,-0.01655629139072845,-0.10676691729323307,30.6,30.9875,31.131666666666664,30.72613742266674,31.062854046189653,-0.3367166235229142,-0.22111237378211804,-0.11560424974079617,-0.011337260051276573,-0.003892398981171588,39.69084616393046,30.9875,0.9324380888158387,32.852376177631676,29.122623822368322,0.12036312562366613,0.15480281869569582,0.9259593670667661,0.031177083066221082,23.7982267290097,12.79131877690316,28.952110044176617,27.419354838709626,36.02150537634409,2436414165.0,2493246570.8,0.3802160767297132,-0.2675342089297967,-0.2948699459976881,18259971.8,0.20913503094080155,1.103455866235237,0.031986531986531966,-0.041549011698265526,-0.045987472562771026,2.0,10.0,-0.016949152542372836,0.0,1123.73,1103.4,-0.016270672669727593,-0.04119706988990346,-0.1000807431633376,0.21980537684181362,0.006270672669727584,-0.02336985924395485,-0.0066861741298954724,-0.007429748923695967,1.200116007729402,0.6778625930469385,29.5,29.55,0.0016949152542373724,-0.0011514783349804159,0.0028463935892177883,29.5,29.0,29.5,27.65,-0.06271186440677967,-0.05736538130253055,-0.005346483104249122,29.5,30.0,0.016949152542372836,0.01774364646895088,-0.0007944939265780437,0.00036237686,0.005,2
2023-10-19,29.5,29.9,28.95,29.0,20423101,-0.023569023569023573,-0.033333333333333326,-0.039735099337748325,-0.08227848101265822,-0.030100334448160515,-0.10355486862442043,30.080000000000002,30.820000000000004,31.139999999999997,30.460577819179548,30.910050042768198,-0.4494722235886499,-0.2667843437434244,-0.1826878798452255,-0.015499042192712066,-0.006299582063628465,35.9148003290377,30.820000000000004,0.9747334318462475,32.7694668636925,28.870533136307508,0.1265066102331276,0.03320571026461783,0.9276765551334256,0.031988846728738814,25.18645614406048,11.855666861618172,29.9142292062062,4.838709677419312,23.118279569892476,2415991064.0,2488395665.9,0.3777609850345446,-0.27908810586203814,-0.22528851055869203,17729994.6,0.3152659831994669,1.1518955002953017,0.03275862068965515,-0.0590525632706036,-0.06872190109184317,3.0,10.0,0.037931034482758585,1.0,1102.93,1087.85,-0.014092804060177766,-0.05536596590859755,-0.10298167785345591,0.2211962327635203,-0.009476219508845807,-0.026912515104060675,-0.0005731907709645157,-0.0006389956111407802,1.2216155999236018,0.6885460094301696,29.0,28.1,-0.03103448275862064,-0.027978597017949247,-0.0030558857406713935,29.0,30.1,29.0,29.0,0.0,-0.00954108838400114,0.00954108838400114,29.0,30.2,0.04137931034482767,0.0365618927456417,0.004817417599185969,0.00036237686,0.005,2
2023-10-20,29.0,30.3,28.85,30.1,18954969,0.037931034482758585,0.013468013468013629,0.0033333333333334103,-0.0444444444444444,-0.02746365105008075,-0.0851063829787233,29.8,30.679999999999996,31.17,30.40510430853654,30.85004633589648,-0.4449420273599394,-0.3024158804667274,-0.14252614689321197,-0.01478212715481526,-0.00473508793665156,44.801729141765975,30.679999999999996,0.853845789109387,32.38769157821877,28.97230842178122,0.11132278867136733,0.33018010763835653,0.9649853726238952,0.03205931470511279,25.72288514338129,13.54401836397108,26.703548980996736,40.32258064516132,24.193548387096786,2434946033.0,2482695096.6,0.40067089390860816,-0.12047763295590622,-0.33840854927019504,16880330.2,0.2801985738163393,1.1229027380044971,0.04817275747508303,-0.018904823989569608,-0.034327879371190306,4.0,10.0,-0.003355704697986628,0.0,1085.83,1108.03,0.018550351610975735,-0.04044235448979416,-0.07126272997778804,0.23261070604500902,0.01938068287178285,-0.004002089954650234,-0.013843653000935263,-0.014905887216741243,1.2567091182457581,0.70651573922596,29.8,28.7,-0.03691275167785235,-0.041516049739733996,0.004603298061881644,29.8,29.7,29.8,28.5,-0.043624161073825496,-0.02691223250433772,-0.016711928569487777,29.8,29.35,-0.015100671140939603,-0.004852877385772003,-0.0102477937551676,0.00036237686,0.005,2
2023-10-23,29.8,30.1,29.4,29.7,13702921,-0.013289036544850585,0.024137931034482696,0.0,-0.01655629139072845,-0.04807692307692313,-0.06161137440758291,29.7,30.5825,31.19666666666667,30.29662672260784,30.764857718422665,-0.4682309958148245,-0.33557890353634684,-0.13265209227847768,-0.015765353394438537,-0.004466400413416757,42.494056808926686,30.5825,0.8485707798539543,32.27964155970791,28.88535844029209,0.11098775833943664,0.24000400999198726,0.9460578460079029,0.03185379952888562,26.22099778560776,12.828204927132992,25.29224262728495,27.419354838709626,24.193548387096794,2421243112.0,2477592612.0,0.3821481579690266,-0.15053016591255527,0.06396368557561934,16282245.5,-0.3614777179343924,0.8415866840971045,0.023569023569023666,-0.028856372108231887,-0.04797521102681923,0.0,10.0,0.0,0.0,1106.56,1093.53,-0.013086288277393221,-0.0419565103117171,-0.05174297606659739,0.20794427867961823,-0.0002027482674573644,0.02540021892098865,-0.009868398340985518,-0.010406881353803299,1.2553831273891944,0.7091083971375892,30.0,27.0,-0.09999999999999998,-0.04840152635518791,-0.05159847364481207,30.0,30.0,30.0,29.45,-0.018333333333333313,-0.005258257106863118,-0.013075076226470195,30.0,29.2,-0.026666666666666727,0.007522228916762463,-0.03418889558342919,0.00036237686,0.005,2
2023-10-24,30.0,30.2,29.75,30.0,11931981,0.010101010101010166,-0.0033222591362126463,0.034482758620689724,0.0,-0.040000000000000036,-0.0430622009569378,29.7,30.514999999999997,31.21916666666667,30.250991842206634,30.7082015911321,-0.4572097489254645,-0.3599050726141704,-0.09730467631129414,-0.01524032496418215,-0.003243489210376471,44.790923534616425,30.514999999999997,0.8379329203153862,32.19086584063077,28.839134159369223,0.1098388229153383,0.3463480824317781,0.9141965712930527,0.030473219043101754,26.48558510787608,13.108380489325686,24.304168062240084,37.09677419354837,34.94623655913981,2433175093.0,2473939645.2,0.3839916343833925,-0.2731041620076019,0.042017643185627715,16025925.8,-0.5687650217042889,0.7445423839414007,0.014999999999999977,-0.016876945764378037,-0.03905186450631304,1.0,10.0,-0.015000000000000013,0.0,1095.42,1105.9,0.01131198961162494,-0.014041813399901959,-0.028173222257372843,0.2095122983621568,-0.0012109795106147736,0.014041813399901959,-0.014888978699564959,-0.015320609640073202,1.2401748708783733,0.7057758926794844,30.0,27.0,-0.09999999999999998,-0.07069711951265811,-0.029302880487341865,30.0,29.55,30.0,29.0,-0.033333333333333326,-0.023607884961271197,-0.009725448372062129,30.0,29.3,-0.023333333333333317,0.003660487522708644,-0.02699382085604196,0.00036237686,0.005,2
2023-10-25,30.0,30.2,29.55,29.55,8075412,-0.015000000000000013,-0.005050505050504972,-0.0182724252491695,-0.005050505050504972,-0.06929133858267711,-0.07075471698113212,29.669999999999998,30.402499999999996,31.229166666666668,30.143146943405615,30.62240888067787,-0.4792619372722555,-0.38377644554578744,-0.09548549172646809,-0.016218678080279374,-0.003231319516970155,42.07614180468569,30.402499999999996,0.8067927080019539,32.016085416003904,28.78891458399609,0.10614820597016085,0.23583672994788296,0.8953253876292631,0.030298659479839698,26.946727575574567,12.428623846354718,24.639424528580786,22.580645161290317,29.032258064516142,2425099681.0,2468915790.4,0.38162239197430764,-0.10200745891724337,0.061461140236536094,15462579.0,-1.0031830510082782,0.5222551813639885,0.0219966159052453,-0.028040457199243307,-0.05376917945296866,2.0,10.0,-0.03103448275862064,0.0,1106.41,1101.66,-0.003833981372637685,-0.0015769439912995953,-0.045231182562724626,0.2016418611597367,-0.011166018627362329,-0.0034735610592053767,-0.02552353441840749,-0.026732685391753774,1.255011912503021,0.7051870066789494,29.0,27.65,-0.04655172413793107,-0.039841152567417715,-0.006710571570513357,29.0,28.1,29.0,30.0,0.034482758620689724,0.02828777244181757,0.006194986178872153,29.0,29.1,0.0034482758620690834,0.02864794975988172,-0.025199673897812636,0.00036237686,0.005,2
2023-10-26,29.0,29.2,27.7,28.1,40840451,-0.04906937394247035,-0.06333333333333324,-0.05387205387205385,-0.03103448275862064,-0.11075949367088611,-0.08617886178861789,29.49,30.27,31.214999999999996,29.828816644420137,30.435563778405434,-0.6067471339852979,-0.42837058323368954,-0.17837655075160835,-0.02159242469698569,-0.00634791995557325,34.76441441467932,30.27,0.9513702030013471,32.172740406002696,28.367259593997304,0.12571789930642194,-0.07023017778835235,0.9635164313700301,0.03428884097402242,28.81241756221159,10.724082219518227,34.974859851218106,9.411764705882403,23.0297280202404,2384259230.0,2463320980.05,0.4018681349688109,-0.23150678777693764,-0.02522413649055698,16033534.55,2.8174603657562063,2.547189509127917,0.05338078291814946,-0.07168814007267921,-0.09979176677879209,3.0,10.0,0.005253940455341555,1.0,1082.8,1055.45,-0.04194579089737305,-0.029783517948246407,-0.08415261664482876,0.24589140693711015,-0.007123583045097304,-0.0012509648103742332,-0.0020262451437891293,-0.002212426634190967,1.2523261433729536,0.7314380673150876,28.55,29.0,0.015761821366024442,0.01515938116498794,0.0006024402010365026,28.55,28.7,28.55,29.65,0.038528896672504365,0.051424849680482554,-0.01289595300797819,28.55,28.2,-0.012259194395796924,0.027449240615059267,-0.03970843501085619,0.00036237686,0.005,2
2023-10-27,28.55,29.25,28.15,28.7,16879778,0.021352313167259718,-0.02876480541455162,-0.043333333333333335,-0.04651162790697683,-0.0888888888888889,-0.0636215334420881,29.21,30.172500000000003,31.208333333333332,29.65515254527858,30.30700349852355,-0.6518509532449706,-0.47306665723594576,-0.1787842960090248,-0.022712576768117443,-0.006229417979408529,39.453027992728096,30.172500000000003,1.0085783376410757,32.18965667528215,28.15534332471785,0.13370828902359103,0.13500604141370534,0.9768366862721707,0.03403612147289793,30.45016880687453,10.187898531943924,32.03380024860037,23.529411764705884,18.507273877292906,2401139008.0,2459184285.65,0.4119917107375275,-0.3172500019612221,-0.23453101146530195,16263396.4,0.07035089586287639,1.0378999309147996,0.038327526132404234,-0.048802717706521004,-0.0803738317757009,4.0,10.0,-0.060869565217391286,0.0,1059.41,1060.62,0.004898384575299453,-0.042787650153876755,-0.08103799332842365,0.24724356998908953,0.016453928591960265,-0.0037239777531000717,0.017416459886335556,0.01895231768004968,1.2605694989806038,0.7323980516095139,28.75,28.5,-0.008695652173912993,0.021583825887308672,-0.030279478061221665,28.75,27.0,28.75,29.5,0.026086956521739202,0.04520744191341808,-0.019120485391678876,28.75,28.3,-0.01565217391304341,0.03944859254480426,-0.05510076645784767,0.00036237686,0.005,2
2023-10-30,28.75,28.8,27.0,27.0,21274168,-0.059233449477351874,-0.039145907473309705,-0.08629441624365486,-0.09090909090909094,-0.10596026490066224,-0.12479740680713136,28.669999999999998,29.98,31.18166666666667,29.246667538312643,30.062040276410695,-0.815372738098052,-0.541527873408367,-0.27384486468968494,-0.030198990299927852,-0.010142402395914256,32.35706487154026,29.98,1.2181089744703355,32.41621794894067,27.54378205105933,0.16252287851505465,-0.1116037362945671,1.0356340658241585,0.03835681725274661,32.579711059871975,8.923095922973744,35.98853135383111,0.0,10.9803921568628,2379864840.0,2453439563.4,0.4557180995534511,-0.2934997646440659,-0.5402538435982825,16782785.35,0.5142496706345651,1.2676184290231656,0.0666666666666667,-0.09939959973315549,-0.13410657972098994,0.0,10.0,-0.0036900369003690647,0.0,1054.03,1042.4,-0.01717863136655895,-0.04675683337448433,-0.09768448387794837,0.2506818784515604,-0.042054818110792924,-0.04415225753460661,-0.027112922929182992,-0.030048162139235113,1.30852596358678,0.7321730183631582,27.1,29.45,0.08671586715867141,0.042138485080336796,0.044577382078334615,27.1,27.0,27.1,29.25,0.0793357933579335,0.052094491201224224,0.02724130215670928,27.1,27.4,0.011070110701106861,0.040608263198163685,-0.029538152497056824,0.00036237686,0.005,2
2023-10-31,27.1,27.55,26.55,27.0,28000810,0.0,-0.059233449477351874,-0.039145907473309705,-0.09999999999999998,-0.09999999999999998,-0.07534246575342463,28.07,29.869999999999997,31.149166666666666,28.901026378572237,29.83522247815805,-0.9341960995858152,-0.6200615186438567,-0.31413458094195845,-0.03459985554021538,-0.011634614108961425,32.35706487154026,29.869999999999997,1.3807320712696411,32.63146414253928,27.108535857460716,0.18489883779975105,-0.019651867969017394,1.0330887754081473,0.03826254723733879,34.75374504421717,8.306146044444361,36.61159139203053,8.333333333333321,10.620915032679774,2379864840.0,2449364029.1,0.4203614206798632,-0.37905254333174426,-0.023021549001252122,16513637.9,1.3897325893720018,1.6956172933887572,0.037037037037037035,-0.09608302644794098,-0.13320313545038653,1.0,10.0,0.005454545454545379,1.0,1045.6,1028.19,-0.013632003069838916,-0.07026855954426259,-0.08041320096592419,0.2319984357782675,0.013632003069838916,-0.02973144045573739,0.005070735212499566,0.005514145285497651,1.3025582440368844,0.7271559584939039,27.5,29.0,0.05454545454545445,0.049844509232264356,0.004700945313190097,27.5,27.65,27.5,30.0,0.09090909090909083,0.07845481049562686,0.01245428041346397,27.5,28.15,0.023636363636363678,0.06455782312925185,-0.04092145949288817,0.00036237686,0.005,2
2023-11-01,27.5,27.7,27.1,27.65,8557498,0.024074074074073915,0.024074074074073915,-0.03658536585365857,-0.0642978003384096,-0.0690235690235691,-0.08443708609271527,27.689999999999998,29.7425,31.10916666666667,28.708560781868815,29.67335414644264,-0.9647933645738256,-0.6890078878298506,-0.275785476743975,-0.03489306924317633,-0.00997415829092134,37.3535146016614,29.7425,1.4638876682533215,32.67027533650664,26.814724663493358,0.1968748650252428,0.14264676085141031,1.009296720021851,0.036502593852508175,36.48998446204863,8.95622372347629,34.79787345033159,21.782178217821738,10.038503850385057,2388422338.0,2444695310.8,0.4096370796739976,-0.4560752552409851,0.07418345706068204,15920453.9,-0.8770392023258973,0.5375159561248439,0.021699819168173522,-0.07035387072371191,-0.11119444965310343,2.0,11.0,0.03756708407871212,1.0,1029.0,1039.66,0.01115552572968026,-0.05627870667901169,-0.07886273224237372,0.233389781455782,0.012918548344393654,-0.008019093659397902,-0.005574353850341551,-0.006051599523175799,1.285027162392126,0.7250509300843625,27.95,30.0,0.07334525939177095,0.06180503900364309,0.011540220388127853,27.95,29.0,27.95,30.0,0.07334525939177095,0.07045450210753201,0.0028907572842389317,27.95,27.8,-0.005366726296958779,0.05166790639125707,-0.05703463268821585,0.00036237686,0.005,2
2023-11-02,27.95,29.05,27.9,29.0,15522603,0.0488245931283906,0.07407407407407418,0.07407407407407418,0.03202846975088969,0.0,-0.030100334448160515,27.869999999999997,29.6975,31.095833333333335,28.753397584658227,29.623476061520964,-0.8700784768627372,-0.7252220056364279,-0.1448564712263093,-0.030002706098715075,-0.0049950507319417,46.23602182972599,29.6975,1.472598401680707,32.64269680336142,26.752303196638586,0.19834644689697217,0.381586860476704,1.0372040971631475,0.03576565852286716,35.93915174793662,17.389698672557234,31.442904689071668,50.0,26.705170517051727,2403944941.0,2441318207.2,0.4496468142485188,-0.3103071635559603,-0.10084792273906504,16181099.5,-0.07941187819095165,0.9593045886653129,0.039655172413793176,-0.023486825490361185,-0.0673991692348922,3.0,11.0,-0.023972602739726012,0.0,1048.62,1075.47,0.03444395283073298,0.01896821261073467,-0.03449173616784429,0.2673405332114373,0.01438064029765762,0.013060257140155018,0.004391401719683774,0.004548279786082965,1.293603247217822,0.7480420585160924,29.2,29.65,0.015410958904109595,0.03009201461136568,-0.014681055707256085,29.2,28.5,29.2,30.2,0.03424657534246567,0.040856336986174746,-0.006609761643709078,29.2,27.5,-0.05821917808219179,0.011818560133167066,-0.07003773821535886,0.00036237686,0.005,2
2023-11-03,29.2,29.2,28.4,28.5,18857951,-0.017241379310344862,0.030741410488245968,0.05555555555555558,-0.006968641114982521,-0.05315614617940201,-0.07915993537964461,27.830000000000002,29.575,31.050833333333337,28.714413340864652,29.540255612519413,-0.8258422716547607,-0.7453460588400945,-0.08049621281466612,-0.028976921812447744,-0.0028244285198128463,43.76117269825875,29.575,1.4648064359286008,32.5046128718572,26.645387128142797,0.1981141417993035,0.31652865975453753,1.02026094736578,0.03579862973213263,35.22278125253962,17.46588653863795,29.681847956043605,46.98795180722892,39.59004334168359,2385086990.0,2436342754.95,0.43169791910176414,-0.1794710921572878,0.12637070644125126,16468545.95,0.2885858818629444,1.1450890113343613,0.028070175438596516,-0.036348267117497834,-0.08215023751375439,4.0,11.0,0.027923211169284423,1.0,1081.35,1076.78,0.0012180720987102767,0.015236371179121688,-0.04586456838038522,0.2618963339099679,-0.01845945140905514,-0.02220501229410421,-0.03329536699925939,-0.03489585010247609,1.3065805855663235,0.776283120002124,28.65,29.5,0.029668411867364908,0.017990962936953014,0.011677448930411893,28.65,29.45,28.65,29.35,0.02443280977312412,0.017538185749531143,0.006894624023592977,28.65,27.5,-0.04013961605584637,0.018434499773611446,-0.05857411582945782,0.00036237686,0.005,2
2023-11-06,28.65,29.5,28.6,29.45,26747349,0.033333333333333215,0.01551724137931032,0.06509945750452073,0.09074074074074079,-0.008417508417508435,-0.05608974358974361,28.32,29.4875,31.032499999999995,28.827580519193166,29.533570011592047,-0.7059894923988814,-0.737474745551852,0.03148525315297057,-0.023972478519486636,0.0010691087658054523,49.31262201894993,29.4875,1.4140158377736445,32.31553167554729,26.65946832445271,0.1918122374258442,0.4933699469627149,1.0188137368396528,0.03459469395041266,34.14587390956954,18.344647578360398,27.600866987493966,77.3333333333333,58.10709504685411,2411834339.0,2432244631.05,0.449812439026446,-0.18037038012928083,-0.1960557396283088,17345874.3,1.119509188492215,1.5420006243213695,0.030560271646859035,-0.0012717253073336598,-0.05099492467574307,0.0,11.0,-0.005145797598627766,0.0,1082.21,1089.66,0.011961589182562848,0.04533768227168067,-0.04193922768516545,0.26440396616019,0.021371744150770366,0.04540305846906012,-0.014150515904578165,-0.014769956471955448,1.318140164295238,0.7784680795169677,29.15,29.25,0.0034305317324185847,0.01232193470018772,-0.008891402967769135,29.15,29.0,29.15,29.2,0.0017152658662091813,0.01562557514631724,-0.013910309280108057,29.15,28.2,-0.032590051457976,0.03111311517650095,-0.06370316663447695,0.00036237686,0.005,2
2023-11-07,29.15,29.3,28.9,29.0,11146250,-0.015280135823429464,0.01754385964912286,0.0,0.07407407407407418,-0.033333333333333326,-0.07199999999999995,28.72,29.375,30.985,28.854106593163447,29.494046307029674,-0.6399397138662266,-0.7179677392147269,0.07802802534850029,-0.022066886685042298,0.0026906215637413893,46.948523070785306,29.375,1.3546702842198903,32.08434056843978,26.66565943156022,0.18446574082994247,0.4307949682723076,0.9853270413511063,0.03397679452934849,33.145888519668745,17.613232978749522,26.500400107967504,65.33333333333331,63.21820615796522,2400688089.0,2427013821.5,0.4517588608327696,-0.08461770245745642,-0.2700414114577858,17327813.65,-0.7348988288583694,0.6432577257085172,0.013793103448275935,-0.012765957446808529,-0.06406325641439403,1.0,11.0,0.03806228373702436,1.0,1086.68,1080.29,-0.008599012536020467,0.05067156848442389,-0.05543460203376793,0.26380291212919266,-0.0066811232874089965,0.02340250558965029,-0.01656539796623202,-0.017537587129381804,1.295412785574126,0.7806112644776148,28.9,30.0,0.03806228373702436,0.028346646403617726,0.009715637333406635,28.9,30.0,28.9,29.3,0.01384083044982698,0.0290231109957928,-0.01518228054596582,28.9,27.8,-0.03806228373702414,0.03412902867097878,-0.07219131240800292,0.00036237686,0.005,2
2023-11-08,28.9,30.1,28.75,30.0,20907831,0.034482758620689724,0.018675721561969505,0.05263157894736836,0.08499095840867987,0.015228426395939021,-0.055118110236220486,29.189999999999998,29.2875,30.95333333333333,29.030397886522916,29.53152435836081,-0.5011264718378925,-0.67459948573936,0.17347301390146752,-0.01670421572792975,0.005782433796715584,52.408706504098184,29.2875,1.2452937721471218,31.778087544294245,26.79691245570576,0.1700785348216299,0.6430385375595981,1.0113751098260273,0.033712503660867574,31.153016906002662,21.583932653766333,23.973745358537855,91.99999999999999,78.22222222222224,2421595920.0,2422409630.6,0.4667692691496646,-0.073669965712003,-0.4831041527992507,17954432.3,0.36136682011669247,1.164494128839707,0.04500000000000005,0.02432778489116516,-0.030799052336851096,2.0,11.0,-0.013311148086522562,0.0,1079.14,1113.43,0.03067694785659425,0.070955889425389,-0.03248146957360454,0.28796630234412895,0.003805810764095474,0.014035068983290877,-0.022636640662615948,-0.02339659649995518,1.2813798867274189,0.7889633793763312,30.05,30.0,-0.0016638935108153063,0.005445979111803778,-0.0071098726226190845,30.05,29.65,30.05,29.1,-0.03161397670549082,-0.0023288726464951726,-0.029285104058995648,30.05,28.1,-0.06489184692179695,0.008966159689005826,-0.07385800661080277,0.00036237686,0.005,2
2023-11-09,30.05,30.3,29.65,29.65,22229362,-0.011666666666666714,0.022413793103448265,0.00679117147707986,0.022413793103448265,0.05516014234875444,-0.06170886075949378,29.32,29.190000000000005,30.9225,29.125721288596313,29.540300331815562,-0.41457904321924843,-0.6225953972353377,0.2080163540160893,-0.013982429788170268,0.007015728634606723,50.45150037141689,29.190000000000005,1.1252602038270254,31.440520407654056,26.939479592345954,0.15419804094923265,0.6021985844775118,0.9855626019813113,0.033239885395659745,29.059594709997697,22.016640092937855,22.844373417525052,82.6666666666666,80.00000000000001,2399366558.0,2417102069.6,0.4678733754761867,-0.035669195061163755,-0.5143702567922291,18657802.4,0.452896327041625,1.1914244520029862,0.02192242833052284,0.015758821514217036,-0.041151265259924075,3.0,11.0,0.003401360544217802,1.0,1116.42,1113.89,0.0004131377814502457,0.035723916055306226,-0.0327541441981225,0.2879396148199123,-0.01207980444811696,-0.013310122951857961,-0.028954716561371274,-0.029935219042491412,1.2788380007083988,0.7877240552437782,29.4,30.2,0.027210884353741527,0.017888311101062593,0.009322573252678934,29.4,29.5,29.4,28.2,-0.04081632653061218,-0.01560931494460771,-0.02520701158600447,29.4,28.55,-0.028911564625850317,0.01423468234230163,-0.04314624696815195,0.00036237686,0.005,2
2023-11-10,29.4,30.0,29.25,29.5,13741207,-0.005059021922428242,-0.01666666666666672,0.01724137931034475,0.03508771929824572,0.027874564459930307,-0.06349206349206349,29.52,29.090000000000003,30.865833333333335,29.183302628812264,29.537315122051446,-0.35401249323918194,-0.5688788164361066,0.21486632319692467,-0.012000423499633286,0.007283604176166938,49.5966436853971,29.090000000000003,0.9898963263105713,31.069792652621146,27.11020734737886,0.13611499846140546,0.6035461969861283,0.9687367018397891,0.03283853226575556,27.571874914618633,20.79911332856351,24.530421995270572,78.66666666666666,84.44444444444444,2385625351.0,2411672969.5,0.4679431360850818,-0.024969302661523873,-0.5166524724642385,18779341.5,-0.6471651595814635,0.7317193204032207,0.025423728813559324,0.014094190443451282,-0.0442506547153001,4.0,11.0,-0.008474576271186418,0.0,1105.75,1101.68,-0.010961585075725644,0.023124500826538386,-0.045941475496436346,0.2893699405963813,0.005902563153297402,0.011963218471707338,-0.017550587995627143,-0.018395714251135065,1.2506057007625502,0.7935145867957946,29.5,29.35,-0.005084745762711784,-0.0022380080821992054,-0.002846737680512579,29.5,29.25,29.5,28.3,-0.04067796610169494,-0.007293912980447015,-0.033384053121247925,29.5,28.2,-0.04406779661016946,0.018828262327166057,-0.06289605893733552,0.00036237686,0.005,2
2023-11-13,29.5,29.6,29.0,29.25,15894348,-0.008474576271186418,-0.013490725126475533,-0.025000000000000022,-0.006791171477079749,0.08333333333333326,-0.0314569536423841,29.48,29.0425,30.814166666666665,29.193563762841148,29.516032520418005,-0.322468757576857,-0.5195968046642567,0.19712804708739973,-0.011024572908610496,0.0067394204132444355,48.1328030020408,29.0425,0.9560437944169556,30.954587588833913,27.130412411166088,0.13167513739064562,0.5542600666443694,0.94239836599409,0.032218747555353505,26.465438466137464,19.853238841308997,25.309721400296898,71.99999999999999,77.77777777777779,2369731003.0,2406742791.65,0.4462155795904276,-0.07473957733737036,-0.1417765088031262,18280419.25,-0.3129482118925664,0.8694739317863293,0.02051282051282056,0.007144701730222858,-0.0507612840414311,0.0,11.0,0.013513513513513375,1.0,1103.66,1100.07,-0.00146140440055198,0.009553438687296856,-0.03622680520754862,0.28726104162159344,-0.007013171870634438,-0.016344610164376605,0.004769851565164518,0.004949143212259255,1.2469608191209356,0.7923073522538553,29.6,29.2,-0.013513513513513598,-0.004886933314098063,-0.008626580199415534,29.6,30.0,29.6,27.4,-0.07432432432432445,-0.01895264543585673,-0.055371678888467724,29.6,27.85,-0.0591216216216216,0.014805063656363915,-0.07392668527798552,0.00036237686,0.005,2
2023-11-14,29.6,30.45,29.5,30.0,18568195,0.02564102564102555,0.016949152542372836,0.01180438448566612,0.034482758620689724,0.11111111111111116,0.0,29.68,29.0425,30.7925,29.317630876250202,29.551881963350006,-0.23425108709980336,-0.46252766115136607,0.2282765740515627,-0.007808369569993446,0.007609219135052091,52.6480862497245,29.0425,0.9560437944169556,30.954587588833913,27.130412411166088,0.13167513739064562,0.7503807894553437,0.9607984827087979,0.03202661609029326,24.778175169587826,24.40125017112605,23.05180287680197,88.46153846153848,79.70940170940175,2388299198.0,2403329589.65,0.4556322497560148,-0.2094313616773437,-0.326594321057738,18620262.9,-0.006971213705850614,0.9972036968393181,0.03166666666666664,0.032968924851510595,-0.025736786555167646,1.0,11.0,-0.019607843137254943,0.0,1109.08,1109.73,0.008781259374403438,0.027251941608271935,-0.010627200998528985,0.28333612438429445,0.01685976626662211,0.0072308170124177895,0.010627200998528985,0.010741351499914398,1.3439680887293801,0.7985778118480793,30.6,29.3,-0.042483660130719025,-0.012538237177207034,-0.02994542295351199,30.6,30.0,30.6,28.15,-0.08006535947712423,-0.025903464466102144,-0.05416189501102209,30.6,28.0,-0.08496732026143794,0.0027299566052501056,-0.08769727686668805,0.00036237686,0.005,2
2023-11-15,30.6,30.7,29.8,30.0,16568382,0.0,0.02564102564102555,0.016949152542372836,0.0,0.08499095840867987,0.010101010101010166,29.68,29.057499999999997,30.7625,29.42261074144248,29.585075891990748,-0.16246515054826816,-0.4025151590307465,0.24005000848247837,-0.005415505018275605,0.008001666949415946,52.6480862497245,29.057499999999997,0.969166082123134,30.995832164246266,27.11916783575373,0.13341355341968641,0.7431213848134484,0.9564557339438836,0.03188185779812945,23.492297482378138,24.628194797307543,21.502435184270947,83.13253012048195,81.1980228606735,2388299198.0,2400923841.3,0.45398667431310435,-0.26719497926161867,-0.26045570869068074,18441228.35,-0.25060414710570095,0.8984424294057396,0.029999999999999954,0.032435687860277174,-0.024786672084518457,2.0,11.0,0.010033444816053505,1.0,1124.56,1122.5,0.01150730357834795,0.008145999299461915,0.01731013231828893,0.2798117184286282,-0.01150730357834795,-0.008145999299461915,-0.007209122217278763,-0.007086454747924575,1.3247804261179728,0.7953398951167818,29.9,29.1,-0.026755852842809236,-0.005500098216039695,-0.02125575462676954,29.9,30.2,29.9,27.8,-0.07023411371237454,-0.01533955963499356,-0.054894554077380975,29.9,27.45,-0.08193979933110362,-0.005160806442972121,-0.0767789928881315,0.00036237686,0.005,2
2023-11-16,29.9,30.2,29.75,30.2,9784046,0.006666666666666599,0.006666666666666599,0.03247863247863236,0.018549747048903997,0.04137931034482767,0.04137931034482767,29.79,29.117499999999996,30.73,29.542209088912866,29.63062582591736,-0.08841673700449348,-0.33969547462549593,0.25127873762100245,-0.0029277065233275987,0.008320488000695445,53.889537855718494,29.117499999999996,1.002007852685378,31.12151570537075,27.11348429462924,0.13765025880455087,0.7700827136980282,0.9202803243764633,0.030472858423061702,22.232358679780052,23.767999782714924,21.139494853633096,87.95180722891567,86.51529193697873,2398083244.0,2400028450.3,0.4449756465477482,-0.4243416171094688,0.06065798906773681,17909275.6,-1.0552195724645799,0.5463116553971619,0.014900662251655606,0.03717695543916899,-0.017246989912138022,3.0,11.0,-0.02975206611570247,0.0,1119.98,1125.53,0.002699331848552422,0.010449864887915217,0.03463712828055354,0.27408360745519106,0.0039673348181141765,0.00809988216098878,0.006742182064274127,0.006516470248345785,1.3244899873007827,0.7964982538912455,30.25,28.2,-0.06776859504132238,-0.03514634708458175,-0.032622247956740624,30.25,29.35,30.25,27.5,-0.09090909090909094,-0.030146967574946393,-0.06076212333414455,30.25,27.1,-0.10413223140495864,-0.015964330668179483,-0.08816790073677916,0.00036237686,0.005,2
2023-11-17,30.25,30.4,29.05,29.35,22166467,-0.028145695364238388,-0.021666666666666612,-0.021666666666666612,-0.005084745762711784,0.029824561403508865,-0.02491694352159468,29.76,29.080000000000002,30.704166666666666,29.51263845984935,29.60983872770126,-0.09720026785191038,-0.2911964332707788,0.19399616541886844,-0.0033117638109679856,0.006609750099450373,48.11584129149448,29.080000000000002,0.9770255612671972,31.034051122534397,27.125948877465607,0.1343914114535347,0.5690872405758276,0.9509745869210016,0.03240117843001709,21.097818203291872,21.357930895193554,24.2537197249109,67.46987951807233,79.51807228915668,2375916777.0,2397076987.5,0.4367458905926294,-0.25245727136821194,-0.020112583008641296,18069850.5,0.5281682473293877,1.2267100383591996,0.04599659284497437,0.009284731774415356,-0.044103677568191,4.0,11.0,0.017421602787456525,1.0,1128.14,1101.19,-0.021625367604595103,-0.000444775252341878,-0.006173118056370219,0.2786704761440856,-0.006520327759643285,-0.004639970510369906,-0.018743825465224462,-0.018860252027563473,1.309763991010802,0.8094250522662496,28.7,28.3,-0.013937282229965153,0.009406670351943758,-0.02334395258190891,28.7,29.2,28.7,27.5,-0.04181184668989546,0.01544131195872489,-0.05725315864862035,28.7,27.1,-0.0557491289198605,0.015570296664823902,-0.0713194255846844,0.00036237686,0.005,2
2023-11-20,28.7,29.45,28.7,29.2,16242089,-0.005110732538330609,-0.0331125827814569,-0.026666666666666727,-0.0017094017094017033,-0.008488964346349714,-0.01683501683501687,29.75,29.055,30.665000000000003,29.46454023525714,29.579480303427093,-0.11494006816995395,-0.25594516025061387,0.14100509208065992,-0.0039363037044504775,0.004828941509611641,47.155687948226536,29.055,0.9666681790677275,30.988336358135456,27.121663641864544,0.1330811466622238,0.5374999413293609,0.9366192592837872,0.032076002030266684,20.43525830533958,20.136330060015027,25.535663881262803,58.33333333333331,71.25167336010715,2359674688.0,2393998566.3,0.43462841636354155,-0.3007470025201532,0.06633782589155583,18196808.9,-0.253806384171174,0.8925789730088335,0.025684931506849317,0.004990535191877532,-0.0477743355617154,0.0,11.0,-0.008460236886632777,0.0,1085.4,1103.66,0.0022430279969851696,0.003263428690901682,0.009263577588177752,0.27452324521794697,-0.007353760535315779,-0.004972830400303385,-0.02609859442319462,-0.02585904713371512,1.3052845052484434,0.80495272079541,29.55,27.4,-0.07275803722504237,-0.02206523399933491,-0.05069280322570746,29.55,29.3,29.55,28.2,-0.045685279187817285,0.007082445780641988,-0.05276772496845927,29.55,26.3,-0.10998307952622677,-0.018631865613287446,-0.09135121391293932,0.00036237686,0.005,2
2023-11-21,29.55,29.6,29.1,29.3,7022405,0.0034246575342467,-0.0017035775127768327,-0.02980132450331119,-0.023333333333333317,0.010344827586207028,-0.023333333333333317,29.610000000000003,29.02,30.634999999999998,29.439226352909888,29.55877805872879,-0.11955170581890329,-0.22866646936427176,0.10911476354536848,-0.004080262997232194,0.003724053363323156,47.902078843732674,29.02,0.943035412630274,30.90607082526055,27.13392917473945,0.12998420573814953,0.5742283895837583,0.9054321693349453,0.0309021218203053,19.610238927694283,20.525397224137105,24.52842333178105,50.00000000000007,58.6010709504686,2366697093.0,2390674666.3,0.4331140548315819,-0.2663750477687864,0.09808291085996301,17951330.1,-1.368708278043709,0.3911913468740681,0.017064846416382253,0.009648518263266848,-0.04357760731189808,1.0,11.0,-0.0068259385665528916,0.0,1112.61,1110.46,0.00616131779714757,0.0006578176673606162,0.0041233384573649,0.27245957201657633,-0.0027366602629008696,-0.023991151000693933,-0.027456671790698217,-0.027343923539193793,1.2995380139356703,0.8046406282176181,29.3,28.15,-0.03924914675767921,-0.01432492014216935,-0.02492422661550986,29.3,29.1,29.3,27.8,-0.05119453924914674,0.004157106222162366,-0.05535164547130911,29.3,26.6,-0.09215017064846409,-0.013542088450983036,-0.07860808219748106,0.00036237686,0.005,2
2023-11-22,29.3,29.45,28.75,29.1,19082138,-0.0068259385665528916,-0.003424657534246478,-0.008517887563884163,-0.029999999999999916,-0.029999999999999916,-0.015228426395939021,29.43,28.997500000000002,30.592500000000005,29.387037683231444,29.524794498822956,-0.1377568155915121,-0.21048453860971983,0.07272772301820773,-0.004733911188711756,0.002499234467979647,46.48784199086626,28.997500000000002,0.9350591031142675,30.86761820622854,27.127381793771466,0.128984788773414,0.527404684810462,0.8907584429538777,0.030610255771610917,19.247091255183623,19.373266846564032,25.958192360057215,30.434782608695766,46.25603864734308,2347614955.0,2386800430.0,0.4305298183640956,-0.3137195886033365,0.2024742548687413,18501666.4,0.07597580781923564,1.0313740172074448,0.02405498281786939,0.0035347874816793468,-0.04878646727139013,2.0,11.0,-0.032590051457976,0.0,1111.35,1113.82,0.0030257731030383095,-0.007732739420935442,0.011037888277689811,0.2721516155390895,-0.009851711669591201,-0.022267260579064474,-0.026266314673628832,-0.025979555245326802,1.299746839294296,0.8001168469612033,29.15,27.8,-0.046312178387650005,-0.013339775075824734,-0.03297240331182527,29.15,28.2,29.15,28.1,-0.03602058319039436,0.007801665906183253,-0.043822249096577615,29.15,26.95,-0.07547169811320753,-0.015164935448372163,-0.06030676266483537,0.00036237686,0.005,2
2023-11-23,29.15,29.3,28.2,28.2,16577500,-0.030927835051546504,-0.03754266211604096,-0.03424657534246578,-0.06622516556291391,-0.04890387858347389,0.003558718861209842,29.03,29.002500000000005,30.533333333333335,29.204416501195837,29.42666157298422,-0.22224507178838238,-0.21283664524545234,-0.009408426542930032,-0.007881030914481644,-0.00033363214691241246,40.6690947592073,29.002500000000005,0.9302624134596676,30.86302482691934,27.14197517308067,0.1283009965981784,0.28433504665218884,0.9057042684571723,0.03211717264032526,19.488898992115097,17.692602080764694,28.04386120086727,0.0,26.811594202898647,2331037455.0,2384139341.25,0.4075403100116239,-0.18780870938819821,0.35567457726359764,17288518.85,-0.12821185108610603,0.95887335079604,0.03900709219858161,-0.02767002844582378,-0.07641921397379925,3.0,11.0,-0.0035211267605632646,0.0,1117.71,1088.49,-0.022741556086261605,-0.032908940676836695,0.031304183049883916,0.23873511623704227,-0.008186278965284899,-0.03331622488607722,-0.027745464188674074,-0.026903279017663095,1.3028023929387624,0.8059869636485353,28.4,27.5,-0.03169014084507038,0.002896504945140599,-0.03458664579021098,28.4,28.3,28.4,28.55,0.00528169014084523,0.027975104723319655,-0.022693414582474425,28.4,26.6,-0.06338028169014076,0.010504413503579446,-0.0738846951937202,0.00036237686,0.005,2
2023-11-24,28.4,28.4,27.5,28.3,23866493,0.0035460992907800915,-0.027491408934707917,-0.03412969283276446,-0.035775127768313486,-0.04067796610169494,-0.013937282229965153,28.820000000000004,28.982499999999998,30.463333333333335,29.06527550101186,29.343205160170573,-0.27792965915871193,-0.22585524802810428,-0.05207441113060765,-0.009820836012675332,-0.001840085198961401,41.544596357115076,28.982499999999998,0.9413421269661052,30.86518425393221,27.099815746067787,0.12991869258567837,0.31874284055477853,0.9052968207102314,0.03198928695089157,20.34915006427188,16.436238934097986,31.575498867356075,25.00000000000003,18.478260869565304,2354903948.0,2381827588.25,0.4002885391771223,-0.11346497687405988,0.5817971886026609,17637854.6,1.0860056682809027,1.3531403643615476,0.031802120141342705,-0.02354869317691699,-0.07101433417222891,4.0,11.0,-0.028368794326241176,0.0,1090.97,1095.61,0.006541171714944394,-0.0050672454344846685,0.03299013784390259,0.23910258359809305,-0.0029950724241643023,-0.030707882333828818,-0.04692742007386774,-0.04542872032816936,1.289319024330553,0.805071035083258,28.2,27.5,-0.024822695035460973,0.005996768864265034,-0.030819463899726007,28.2,27.4,28.2,28.2,0.0,0.026332843490721958,-0.026332843490721958,28.2,27.2,-0.03546099290780147,0.006818244051150613,-0.04227923695895208,0.00036237686,0.005,2
2023-11-27,28.2,28.2,27.4,27.4,19832045,-0.03180212014134287,-0.028368794326241176,-0.05841924398625442,-0.06164383561643838,-0.06324786324786325,0.014814814814814836,28.46,29.002499999999998,30.375833333333333,28.809079270086958,29.199264037194975,-0.39018476710801764,-0.25872115184408695,-0.1314636152639307,-0.0142403199674459,-0.004797942162917178,36.346275569579696,29.002499999999998,0.9003617693963593,30.803223538792714,27.20177646120728,0.12417712533696866,0.05503996991276497,0.9049184763737865,0.033026221765466664,21.233001120385826,15.268602967283321,30.121701847317535,0.0,8.33333333333338,2335071903.0,2379587941.4,0.35623144345575364,0.5286775184625299,-0.29595943295503296,17565748.45,0.39786298610581433,1.1290179326233036,0.02919708029197083,-0.05525385742608391,-0.09796713396065959,0.0,11.0,0.023636363636363678,1.0,1095.59,1088.06,-0.00689113827000476,-0.014134787887574163,0.043802762854949995,0.23096142212534496,-0.02491098187133811,-0.04750904772886422,-0.02898794804013516,-0.02777148046710376,1.3049800244049354,0.8015712372210679,27.5,28.2,0.025454545454545396,0.029294506705860757,-0.0038399612513153603,27.5,28.15,27.5,27.85,0.012727272727272698,0.03389674811684751,-0.02116947538957481,27.5,27.5,0.0,0.026694837405842442,-0.026694837405842442,0.00036237686,0.005,2
2023-11-28,27.5,28.15,26.85,28.15,17254960,0.027372262773722733,-0.005300353356890497,-0.0017730496453900457,-0.03924914675767921,-0.06166666666666676,0.042592592592592515,28.229999999999997,29.059999999999995,30.3,28.707682459304348,29.121540775180534,-0.4138583158761868,-0.28974858465050696,-0.12410973122567986,-0.014701893992049266,-0.004408871446738184,42.77251137399072,29.059999999999995,0.796472486061945,30.652944972123883,27.467055027876107,0.10963145024940733,0.21436552551257146,0.9331385852042302,0.03314879521151795,22.502474172763506,13.749215740731419,31.334336578081697,33.76623376623371,19.588744588744618,2352326863.0,2378211042.55,0.3682863375825565,0.3677307298466555,-0.7149509403538457,17028455.95,0.044069506116107056,1.0133015025358185,0.04618117229129653,-0.03131452167928417,-0.07095709570957098,1.0,11.0,-0.0089126559714795,0.0,1088.6,1095.43,0.006773523518923685,-0.013534931469841305,0.06539647341444677,0.22359614218141155,0.020598739254799048,-0.025714215287837905,-0.02280388082185425,-0.021404126436396997,1.327175123854033,0.803033929351158,28.05,27.8,-0.0089126559714795,0.017033027121609923,-0.025945683093089422,28.05,27.8,28.05,28.0,-0.0017825311942959443,0.02765930300379127,-0.029441834198087213,28.05,27.5,-0.019607843137254943,0.022756270049577143,-0.042364113186832086,0.00036237686,0.005,2
2023-11-29,28.05,28.25,27.8,27.8,12031544,-0.01243339253996445,0.014598540145985384,-0.017667844522968212,-0.04467353951890041,-0.07333333333333336,0.005424954792043524,27.97,29.067500000000003,30.2125,28.568039004026755,29.0236488659079,-0.4556098618811468,-0.32292084009663496,-0.13268902178451186,-0.016388843952559237,-0.004772986395126326,40.70715475671088,29.067500000000003,0.7830902011639254,30.633680402327855,27.50131959767215,0.10776161708628894,0.09535312850419858,0.8986286862610708,0.032324772887088876,23.50298040529982,14.052284896066563,30.213545399596132,24.67532467532467,19.4805194805195,2340295319.0,2375804691.6,0.36246668795479786,0.5865378142867685,-0.39677230843247885,17202158.25,-1.0571613929941819,0.699420609038985,0.016187050359712206,-0.043605401221295303,-0.07985105502689283,2.0,11.0,-0.010791366906474864,0.0,1097.28,1102.8,0.006727951580657754,-0.009893878723671645,0.06073139295538921,0.22207126297818716,-0.019161344120622203,-0.03477966079522876,-0.055306438163345684,-0.05213990886915487,1.3124851410569767,0.7938839702213158,27.8,28.1,0.010791366906474753,0.022400726117540293,-0.01160935921106554,27.8,27.5,27.8,27.45,-0.01258992805755399,0.01130020422055833,-0.02389013227811232,27.8,27.4,-0.014388489208633115,0.018370773769003756,-0.03275926297763687,0.00036237686,0.005,2
2023-11-30,27.8,28.1,27.5,27.5,13610157,-0.010791366906474864,-0.023090586145648295,0.0036496350364965124,-0.024822695035460973,-0.08940397350993379,-0.051724137931034475,27.830000000000002,28.9925,30.120833333333334,28.40372531109956,28.910785986951762,-0.5070606758522018,-0.3597488072477484,-0.14731186860445344,-0.018438570030989157,-0.005356795221980125,38.97015282032987,28.9925,0.858130618202035,30.70876123640407,27.27623876359593,0.1183934628889588,0.06518857143009782,0.8772980658138516,0.03190174784777642,24.680688872571345,13.365812641392992,31.180139245507803,16.883116883116855,25.108225108225117,2326685162.0,2371941702.65,0.3158619733397583,0.5420025040585715,-0.3766170785619415,17106535.95,-0.7071952408330345,0.7956115159597815,0.02181818181818187,-0.05147883073208592,-0.08701065154239873,3.0,11.0,0.0,0.0,1101.75,1094.13,-0.007861806311207697,0.005181489953973051,0.017350553711400707,0.19138995345922188,-0.0029295605952671666,-0.030004184989434024,-0.06907469164243518,-0.06789664721805433,1.3126648803899694,0.7943546920986297,27.5,28.55,0.03818181818181832,0.02029694863443643,0.017884869547381888,27.5,27.5,27.5,27.1,-0.014545454545454528,0.009961971651594848,-0.024507426197049376,27.5,27.6,0.0036363636363636598,0.027065630742917346,-0.023429267106553686,0.00036237686,0.005,2
2023-12-01,27.5,27.65,27.05,27.5,13638186,0.0,-0.010791366906474864,-0.023090586145648295,-0.028268551236749095,-0.06303236797274281,-0.03508771929824561,27.669999999999998,28.942500000000003,30.0375,28.264690647853474,28.80628332125163,-0.5415926733981564,-0.39611758047783,-0.1454750929203264,-0.019694279032660234,-0.00529000337892096,38.97015282032987,28.942500000000003,0.9155491593349695,30.77359831866994,27.111401681330065,0.1265335281105597,0.10611071909896205,0.8574910611128621,0.031181493131376803,26.123049437031817,12.697793384107008,33.37024258011061,16.883116883116855,19.4805194805195,2326685162.0,2369021611.25,0.31105652941765843,0.44595920099389064,-0.31284462196116375,16845547.7,-0.6434935151950518,0.8096018154399337,0.02181818181818174,-0.04984020039733961,-0.08447773616312948,4.0,12.0,0.021739130434782483,1.0,1099.18,1102.16,0.007339164450293811,0.005978404724308994,0.02357027433644765,0.19274095450397405,-0.007339164450293811,-0.03424695596105809,-0.05865799363469326,-0.05730724612212834,1.3060744790168637,0.7949532828736628,27.6,28.2,0.021739130434782483,0.015075739794536691,0.006663390640245792,27.6,28.2,27.6,27.1,-0.018115942028985477,-0.004910899669597568,-0.013205042359387908,27.6,27.95,0.0126811594202898,0.020031776409626945,-0.007350616989337144,0.00036237686,0.005,2
2023-12-04,27.6,28.35,27.55,28.2,19616577,0.025454545454545396,0.025454545454545396,0.014388489208633004,0.029197080291970767,-0.03424657534246578,-0.04244482173174868,27.829999999999995,28.879999999999995,29.980833333333337,28.254738240491402,28.76137344560336,-0.5066352051119587,-0.4182211054046558,-0.0884140997073029,-0.017965787415317683,-0.0031352517626703157,45.28785889856968,28.879999999999995,0.9217260695941618,30.723452139188318,27.036547860811673,0.1276628905255071,0.3155634243101635,0.8569559853190863,0.0303885101176981,26.221045057994225,17.632775596713522,31.006001618995832,35.06493506493503,22.94372294372295,2346301739.0,2365744981.25,0.3003945474869606,0.367508691280751,-0.332889967895476,16489009.1,0.700164625448319,1.189675915698294,0.028368794326241162,-0.023545706371191022,-0.05939906051088206,0.0,12.0,-0.01243339253996445,0.0,1107.74,1120.49,0.016630979168178683,0.029805341617190395,0.02829322908063059,0.1968561657063077,0.008823566286366713,-0.0006082613252196278,-0.07073805081237927,-0.0687917111694144,1.3022609089283754,0.7969242678371284,28.15,27.85,-0.010657193605683735,0.0028691592116050213,-0.013526352817288756,28.15,27.8,28.15,26.3,-0.06571936056838357,-0.027087714295897514,-0.03863164627248605,28.15,27.75,-0.014209591474245054,0.00841144812346295,-0.022621039597708004,0.00036237686,0.005,2
2023-12-05,28.15,28.3,27.8,27.8,12590866,-0.014184397163120477,0.01090909090909098,0.01090909090909098,-0.01243339253996445,-0.05119453924914674,-0.04137931034482756,27.76,28.82,29.904999999999998,28.184778511185034,28.69016059778089,-0.5053820865958549,-0.4356533016428957,-0.06972878495295926,-0.018179211748052336,-0.0025082296745668796,42.575638728287586,28.82,0.952061475238162,30.724122950476325,26.915877049523676,0.13213899725720502,0.23216015285545447,0.8314591292248659,0.02990860177067863,26.312040991745032,16.87538180132157,29.674177646227907,26.760563380281692,26.236205109444565,2333710873.0,2362396120.45,0.2997764342445048,0.3647489323344156,-0.3168142173728901,16561239.9,-0.9050467359424148,0.7602610719986007,0.017985611510791366,-0.03539208882720335,-0.07038956696204635,1.0,12.0,0.014440433212996373,1.0,1122.28,1115.97,-0.004033949432837414,0.01875062760742363,0.03302816836219913,0.19441131248486973,-0.010150447730283063,-0.03118402014738808,-0.07440747870702669,-0.07202850898537938,1.303408023620829,0.7917810814106389,27.7,28.0,0.010830324909747224,0.008559469080371418,0.0022708558293758063,27.7,28.1,27.7,26.6,-0.03971119133573997,-0.01946228288285068,-0.02024890845288929,27.7,28.5,0.028880866425992746,0.02335295064665588,0.005527915779336867,0.00036237686,0.005,2
2023-12-06,27.7,28.1,27.7,28.1,14177151,0.010791366906474753,-0.0035460992907800915,0.02181818181818196,0.010791366906474753,-0.03436426116838487,-0.06333333333333324,27.82,28.725,29.84083333333333,28.171735663310415,28.646444997945267,-0.4747093346348521,-0.44346450824128697,-0.031244826393565128,-0.016893570627574808,-0.0011119155300201113,45.225176331488,28.725,0.9224538214093291,30.56990764281866,26.880092357181343,0.12845309958702578,0.3306148271343485,0.8006406199945185,0.028492548754253326,26.497460958819104,16.273171828818114,29.507376300637574,35.21126760563383,32.34558868361689,2347888024.0,2358710725.65,0.2721163199991652,0.18129541833443985,-0.2211699967185827,16224705.9,-0.4769409441552968,0.8738001839527951,0.014234875444839933,-0.02175805047867707,-0.05833728950822403,2.0,12.0,0.008833922261484162,1.0,1118.06,1126.43,0.00937301181931427,0.021427276024664543,0.01167563295402485,0.16473457237427638,0.0014183550871604833,-0.01063590911818979,-0.07500896628735809,-0.07414329637290651,1.300414995444141,0.7926520509718076,28.3,27.45,-0.03003533568904604,-0.012820399230953239,-0.0172149364580928,28.3,28.55,28.3,26.95,-0.04770318021201414,-0.024728219940283735,-0.022974960271730405,28.3,28.6,0.010600706713780994,0.019536268351245223,-0.008935561637464229,0.00036237686,0.005,2
2023-12-07,28.3,28.95,28.05,28.55,29265387,0.016014234875444844,0.026978417266187105,0.012411347517730542,0.03818181818181832,0.012411347517730542,-0.03709949409780766,28.03,28.669999999999998,29.78666666666667,28.229930176647272,28.639300924023395,-0.4093707473761228,-0.4366457560682542,0.027275008692131397,-0.014338730205818662,0.0009553418105825357,49.02454117879286,28.669999999999998,0.8968365455727065,30.46367309114541,26.876326908854587,0.12512543363414103,0.46654908840624704,0.8077377185663386,0.028292039179206255,25.275769008930734,22.494617207942255,27.158962058511214,61.8181818181818,41.26333760136581,2377153411.0,2357600068.3,0.2782639599174641,-0.011324544871729871,-0.4531677228127602,16576507.15,2.5200349302433698,1.765473675194596,0.03152364273204899,-0.004185559818625673,-0.04151745747538049,3.0,12.0,-0.017421602787456414,0.0,1128.67,1121.49,-0.004385536606802076,0.025006169285185287,0.006822935837470512,0.1656969618556221,0.02039977148224692,0.01317564889663303,-0.04392242993527817,-0.043624780854583656,1.304096434345294,0.7880052898075115,28.7,27.1,-0.0557491289198605,-0.010658681567431993,-0.04509044735242851,28.7,28.2,28.7,26.6,-0.07317073170731703,-0.017520876222049786,-0.05564985548526724,28.7,29.3,0.020905923344947785,0.02904401607714191,-0.008138092732194124,0.00036237686,0.005,2
2023-12-08,28.7,28.85,28.2,28.2,14680362,-0.012259194395796924,0.003558718861209842,0.014388489208633004,0.025454545454545396,-0.0035335689045936647,-0.04406779661016946,28.169999999999998,28.605,29.714999999999996,28.225325534086153,28.606760114836476,-0.381434580750323,-0.425603521004668,0.04416894025434498,-0.013526048962777412,0.001566274477104432,46.33265077843499,28.605,0.8804753500844705,30.36595070016894,26.84404929983106,0.12312188080188365,0.38500529856936183,0.7964707386687432,0.02824364321520366,24.141340769748677,21.183341236218585,25.575788002466084,49.09090909090901,48.70678617157491,2362473049.0,2356442453.2,0.2805664588925988,0.04492453697874862,-0.5431593391079728,16623464.9,-0.38771403055628184,0.8831108368989908,0.023049645390070997,-0.014158363922391226,-0.05098435133770818,4.0,12.0,-0.01590106007067138,0.0,1122.09,1124.44,0.00263042916120515,0.020214850838353726,0.020659356618981883,0.16028014900411947,-0.014889623557002074,0.00523969461619167,-0.06472715322915135,-0.06341699883452334,1.2924606307925053,0.786378801568527,28.3,27.1,-0.04240282685512364,-0.022714376906163625,-0.01968844994896002,28.3,27.85,28.3,27.2,-0.03886925795053009,-0.0220405702532096,-0.016828687697320488,28.3,29.2,0.03180212014134276,0.028610185119511966,0.003191935021830794,0.00036237686,0.005,2
2023-12-11,28.3,28.4,27.85,27.85,14346313,-0.012411347517730431,-0.024518388791593626,-0.008896797153024938,-0.012411347517730431,0.01642335766423364,-0.047863247863247804,28.1,28.534999999999997,29.635833333333334,28.167583144226747,28.550703810033774,-0.3831206658070272,-0.41710694996513986,0.03398628415811267,-0.013756576869193076,0.0012203333629483902,43.74583652648231,28.534999999999997,0.882147499303507,30.29929499860701,26.770705001392983,0.12365831425316375,0.3058714669199788,0.7788656859066899,0.027966451917654934,23.524263514168172,20.114860872426352,27.49555019889984,38.461538461538495,49.79020979020981,2348126736.0,2355362239.85,0.28209620253013246,0.07240068459727458,-0.5976803804100704,16546063.15,-0.4368534288221393,0.8670529581533719,0.019748653500897564,-0.024005607149114927,-0.06025925821781064,0.0,12.0,0.0017889087656530744,1.0,1127.92,1125.5,0.0009426914730887859,0.004471258110291032,0.023116710754770287,0.1600031596219574,-0.013354038990819217,-0.016882605628021463,-0.07097995861801809,-0.0693762088644364,1.3093044150719357,0.791535314784933,27.95,26.3,-0.05903398926654735,-0.031634960755620445,-0.027399028510926904,27.95,28.0,27.95,27.5,-0.01610017889087656,-0.008771229657221324,-0.007328949233655235,27.95,29.2,0.04472271914132375,0.02752871269566759,0.017194006445656163,0.00036237686,0.005,2
2023-12-12,27.95,28.1,27.8,28.0,6954986,0.0053859964093356805,-0.007092198581560294,-0.019264448336252182,0.007194244604316502,-0.005328596802841923,-0.06666666666666665,28.140000000000004,28.434999999999995,29.547500000000003,28.141801122038018,28.509910935216457,-0.3681098131784388,-0.4073075226077997,0.03919770942936085,-0.0131467790420871,0.0013999181939057445,45.15899669189166,28.434999999999995,0.8183905900582327,30.07178118011646,26.79821881988353,0.1151244016259163,0.36711724044595784,0.7446609940562121,0.026595035502007574,23.01322128001708,19.536030053542305,27.183935241067605,46.93877551020404,44.830407687550554,2355081722.0,2353701366.05,0.2640750987498852,0.020140995371648714,-0.3048082049556974,15965402.7,-1.6553908246577362,0.4356285983315661,0.01071428571428574,-0.015298048180059642,-0.052373297233268556,1.0,12.0,-0.019642857142857184,0.0,1127.55,1127.63,0.0018924922256775556,0.010448309542371303,0.01613004965171716,0.15751860409741836,0.003493504183658125,-0.0032540649380548015,-0.08279671631838381,-0.08148240114221872,1.3086545381685986,0.7977038584777987,28.0,26.6,-0.04999999999999993,-0.029771492291626234,-0.0202285077083737,28.0,27.45,28.0,27.5,-0.017857142857142905,-0.006805671097580457,-0.011051471759562448,28.0,29.45,0.051785714285714324,0.027966086694868775,0.02381962759084555,0.00036237686,0.005,2
2023-12-13,28.0,28.2,27.45,27.45,20642224,-0.019642857142857184,-0.014362657091562037,-0.02659574468085102,-0.02313167259786486,-0.01258992805755399,-0.08500000000000008,28.01,28.307499999999997,29.450833333333335,28.035370180186014,28.431399014089312,-0.3960288339032978,-0.4050517848668993,0.009022950963601506,-0.014427279923617406,0.0003287049531366669,41.083673133234775,28.307499999999997,0.7581617311151062,29.82382346223021,26.791176537769786,0.10713227676271034,0.21724370777103666,0.7450423516236255,0.027141797873356122,22.967751840692102,18.131313883646875,28.584819033335666,28.5714285714285,37.99058084772371,2334439498.0,2351008381.05,0.26994747240939354,0.15937013875100756,-0.49785966318421554,16169094.8,0.807110511723338,1.2766468534775366,0.0273224043715847,-0.030292325355471106,-0.06793808890523767,2.0,12.0,-0.02166064981949456,0.0,1129.94,1114.2,-0.011909934996408467,-0.010857310263398534,-0.007394209354120274,0.15842952994453036,-0.0077329221464487174,-0.012274362334466327,-0.0776057906458798,-0.07818389876144327,1.3295770460946894,0.8046815671990277,27.7,26.95,-0.027075812274368283,-0.0168450009824761,-0.010230811291892183,27.7,27.1,27.7,27.4,-0.010830324909747335,0.002116789625051352,-0.012947114534798687,27.7,29.5,0.06498194945848379,0.038048623640163814,0.026933325818319975,0.00036237686,0.005,2
2023-12-14,27.7,27.75,27.1,27.1,14267576,-0.012750455373406133,-0.03214285714285714,-0.026929982046678624,-0.05078809106830118,-0.014545454545454528,-0.10264900662251653,27.72,28.152500000000003,29.363333333333333,27.89146707554201,28.33277686489751,-0.44130978935550047,-0.41230338576461956,-0.029006403590880914,-0.01628449407215869,-0.0010703469959734654,38.6908213529909,28.152500000000003,0.6616317547915337,29.47576350958307,26.829236490416935,0.0940068206790209,0.10230899122593422,0.7382536122219379,0.0272418307092966,23.323621983771922,16.991040422326275,30.173497596259363,11.904761904761918,29.138321995464853,2320171922.0,2347112814.95,0.2682847742615508,0.33078110290530977,-0.3633121557907438,16393271.3,-0.39674016105432014,0.8703312315706018,0.02398523985239847,-0.0373856673474825,-0.0770802588262004,3.0,12.0,0.0,0.0,1119.62,1110.13,-0.0036528450906478938,-0.010129381447895103,-0.013682442937993589,0.15842662161701326,-0.00909761028275824,-0.040658709620406075,-0.08896656368452294,-0.09020073002606999,1.3215053332315574,0.8030316493157112,27.1,26.6,-0.01845018450184499,-0.006381195302430753,-0.012068989199414237,27.1,27.1,27.1,27.6,0.01845018450184499,0.017503222143108177,0.0009469623587368137,27.1,29.9,0.10332103321033204,0.040729691485430486,0.06259134172490155,0.00036237686,0.005,2
2023-12-15,27.1,27.45,27.05,27.1,12860483,0.0,-0.012750455373406133,-0.03214285714285714,-0.03900709219858145,-0.014545454545454528,-0.07666098807495736,27.5,28.040000000000003,29.266666666666666,27.76970291007401,28.241460060090287,-0.47175715001627694,-0.42419413861495103,-0.047563011401325905,-0.017408012915729774,-0.0017550926716356423,38.6908213529909,28.040000000000003,0.6381717307245007,29.316343461449005,26.763656538551,0.09103733676526407,0.1317605611686835,0.7140926399203708,0.02635028191588084,23.710299313350497,16.311215045838875,29.466366551980375,11.904761904761918,17.460317460317484,2320171922.0,2344325572.2,0.25470626881259245,0.2650599009684401,-0.10619447649758192,15927972.1,-0.5862073186415757,0.8074149627622715,0.014760147601475962,-0.03352353780313844,-0.07403189066059213,4.0,12.0,-0.029520295202952074,0.0,1109.51,1102.3,-0.007053228000324374,-0.01968980114545915,0.001008000435891887,0.1402254446844647,0.007053228000324374,-0.0193172910531223,-0.07766898851084925,-0.07759077697383843,1.3673394243954564,0.8291720338045141,27.1,27.2,0.0036900369003689537,-0.00033531805370534684,0.0040253549540743006,27.1,26.3,27.1,27.95,0.03136531365313644,0.024016022765376954,0.007349290887759485,27.1,29.8,0.09963099630996308,0.04593857335762097,0.05369242295234211,0.0009545527,0.005,2
2023-12-18,27.1,27.2,26.3,26.3,21732647,-0.029520295202952074,-0.029520295202952074,-0.041894353369763104,-0.05565529622980259,-0.06737588652482263,-0.09931506849315064,27.190000000000005,27.895,29.177500000000002,27.543594770062622,28.0976482037873,-0.554053433724679,-0.45016599763689663,-0.10388743608778234,-0.021066670483828098,-0.003950092626911876,33.51605509321081,27.895,0.6882280833691878,29.271456166738375,26.518543833261624,0.09868837904559062,-0.07938641220209758,0.7273717370689157,0.02765672004064318,24.832944906251956,14.869616401499066,34.22717352242776,0.0,7.936507936507983,2298439275.0,2341263801.55,0.2705441698346187,0.2606797268494498,-0.42084356957648017,16202500.0,1.0256720206238008,1.3413144267859898,0.03422053231939158,-0.05717870586126539,-0.09862051238111558,0.0,12.0,0.011406844106463865,1.0,1103.43,1091.88,-0.009452961988569264,-0.029871168369613454,-0.010673577007411672,0.1439377478578141,-0.02006733321438281,-0.025784127860189132,-0.08864149148573897,-0.08959782072494293,1.4073428445116294,0.8235031663126072,26.3,27.5,0.04562737642585546,0.0241922181698222,0.02143515825603326,26.3,26.6,26.3,27.75,0.055133079847908606,0.03707640708905302,0.018056672758855585,26.3,29.9,0.13688212927756638,0.0658504847607353,0.07103164451683108,0.0009545527,0.005,2
2023-12-19,26.3,26.6,25.85,26.6,18264138,0.011406844106463865,-0.01845018450184499,-0.01845018450184499,-0.04999999999999993,-0.043165467625899234,-0.09215017064846409,26.910000000000004,27.76,29.098333333333336,27.398426343899143,27.98671129980306,-0.5882849559039158,-0.47778978929030047,-0.11049516661361536,-0.022115975785861497,-0.004153953632090803,36.9230346732441,27.76,0.6624515871098481,29.084903174219697,26.435096825780306,0.09545411918009333,0.06223216059423189,0.7289880415639931,0.027405565472330567,26.257723474597444,13.776887100715987,36.12115127515593,24.19354838709679,12.032770097286274,2316703413.0,2338764117.55,0.275313088586977,0.21397298462827974,-0.6052564281679784,16764586.65,0.3027919794661168,1.0894475587920325,0.02819548872180451,-0.0417867435158501,-0.08585829658056021,1.0,12.0,0.009363295880149725,1.0,1091.26,1096.3,0.0040480638898046095,-0.027783936220214245,-0.012751472362804717,0.14283237775469024,0.007358780216659255,-0.02221606377978569,-0.07939869828565937,-0.08042422557538387,1.4236291494241213,0.8257129417710589,26.7,27.5,0.029962546816479474,0.02199253255623357,0.007970014260245906,26.7,26.95,26.7,28.5,0.0674157303370786,0.04195428467352724,0.025461445663551352,26.7,29.7,0.1123595505617978,0.058674073399508364,0.05368547716228944,0.0009545527,0.005,2
2023-12-20,26.7,26.95,26.45,26.95,8219175,0.013157894736842035,0.024714828897338448,-0.005535055350553542,-0.01821493624772308,-0.040925266903914626,-0.07388316151202756,26.810000000000002,27.652499999999996,29.0175,27.329437675606968,27.909917870188018,-0.5804801945810496,-0.49832787034845033,-0.08215232423259927,-0.02153915378779405,-0.00304832371920591,40.7385771871031,27.652499999999996,0.6055608535643894,28.863621707128775,26.441378292871217,0.0875958200617506,0.20997960161022036,0.7126317528808508,0.026442736656061255,26.86805888249804,16.594567213501083,34.31090199598083,35.48387096774189,19.8924731182796,2324922588.0,2337629499.2,0.28229595876706853,0.07009780652479276,-0.857332549825517,16221438.5,-1.518356127277238,0.5066859514339619,0.01855287569573284,-0.025404574631588406,-0.07125010769363316,2.0,12.0,-0.005607476635513975,0.0,1098.1,1100.76,0.004068229499224696,-0.012062466343564893,-0.011725413442028265,0.14323101033991162,0.00908966523761734,-0.0061524699041581865,-0.0621577480699993,-0.06289522053429142,1.4332725625981464,0.8242205995248005,26.75,27.4,0.024299065420560595,0.0235080549524731,0.0007910104680874941,26.75,26.6,26.75,28.6,0.06915887850467306,0.04971629782342957,0.019442580681243493,26.75,29.8,0.11401869158878508,0.06644651621024966,0.04757217537853542,0.0009545527,0.005,2
2023-12-21,26.75,26.85,26.5,26.6,10020837,-0.01298701298701288,0.0,0.011406844106463865,-0.01845018450184499,-0.06830122591943955,-0.05673758865248224,26.71,27.572499999999998,28.94833333333333,27.217216494744356,27.812886916840757,-0.5956704220964006,-0.5177963806980405,-0.07787404139836018,-0.022393624890842127,-0.002927595541291736,38.24703652148995,27.572499999999998,0.6344236920653665,28.84134738413073,26.303652615869265,0.0920371663164917,0.11677818303332028,0.69387234196079,0.02608542638950338,27.434798904120022,15.825842520160807,32.72148798621806,24.19354838709679,27.956989247311864,2314901751.0,2336822714.0,0.2660434470099379,0.14646886827696415,-0.6997195067686451,15893605.35,-1.0779750388499765,0.6304948927148238,0.013157894736842158,-0.03527065010427044,-0.08112153837296321,3.0,12.0,0.022556390977443552,1.0,1096.22,1102.43,0.001517133616773858,-0.006936124598020066,0.012806732262124587,0.11683486607773258,-0.014504146603786738,-0.011514059903824925,-0.06954432091460683,-0.06866494731850581,1.4287176779064827,0.8329508418644467,26.6,27.6,0.03759398496240607,0.02343438372556861,0.01415960123683746,26.6,27.2,26.6,29.3,0.10150375939849621,0.0467781121949451,0.05472564720355111,26.6,30.3,0.13909774436090228,0.07109185190557366,0.06800589245532862,0.0009545527,0.005,2
2023-12-22,26.6,27.45,26.3,27.2,22254504,0.022556390977443552,0.00927643784786647,0.022556390977443552,0.0036900369003689537,-0.03546099290780147,-0.03886925795053009,26.73,27.517500000000002,28.890833333333333,27.214567803245224,27.767487885963664,-0.5529200827184404,-0.5248211211021204,-0.028098961616319973,-0.02032794421758972,-0.0010330500594235284,44.5121366235581,27.517500000000002,0.6154320262617097,28.74836405252342,26.286635947476583,0.08946045625681248,0.3710255615357807,0.7264528889635906,0.02670782680013201,26.800766174028052,19.935860402634937,29.021541914025704,43.54838709677415,34.408602150537654,2337156255.0,2335935329.35,0.28022146062997494,0.11594694981636107,-0.9814449404906598,15813005.9,1.2075066850754363,1.4073544360089059,0.04227941176470583,-0.011538112110475285,-0.05852490697741497,4.0,12.0,0.00917431192660545,1.0,1103.08,1103.06,0.0005714648549113299,0.0006894674770934195,0.006799864915435272,0.1147538762985353,0.021984926122532222,0.0030005694232755342,-0.04566912286596536,-0.04536067639401331,1.4323597500664098,0.8268113626628825,27.25,27.95,0.025688073394495303,0.02323707064395486,0.002451002750540443,27.25,27.5,27.25,29.2,0.071559633027523,0.05063978918199363,0.020919843845529362,27.25,30.25,0.11009174311926606,0.07116918869479383,0.03892255442447223,0.0009545527,0.005,2
2023-12-25,27.25,27.8,27.25,27.5,12753428,0.011029411764705843,0.03383458646616533,0.020408163265306145,0.04562737642585546,-0.012567324955116699,0.0036496350364965124,26.97,27.5225,28.834999999999997,27.258480448899803,27.747673968484875,-0.48919351958507207,-0.5176956007987108,0.02850208121363873,-0.017788855257638986,0.0010364393168595901,47.386377130939245,27.5225,0.6148330967370983,28.752166193474196,26.292833806525806,0.08935715821412987,0.4908511756607575,0.7174205397519057,0.026088019627342026,25.616069102582433,22.229641931824634,27.287858113762507,53.2258064516129,40.32258064516132,2349909683.0,2336677218.35,0.259977890692296,0.09340557494591947,-1.0711002864750117,15459075.05,-0.5116112168397562,0.8249800171582711,0.020000000000000025,-0.0008175129439549345,-0.04629790185538396,0.0,12.0,-0.0036231884057971175,0.0,1104.27,1117.66,0.013235907384911094,0.02361065318533173,0.027204382111280845,0.11999734073433045,-0.002206495620205251,0.022016723240523728,-0.023554747074784332,-0.0229309254175597,1.422195396006835,0.8271581513363855,27.6,27.75,0.005434782608695565,0.010365053432252358,-0.004930270823556793,27.6,27.5,27.6,29.2,0.05797101449275344,0.034353768826276054,0.023617245666477382,27.6,30.5,0.10507246376811596,0.05123603931756704,0.053836424450548925,0.0009545527,0.005,2
2023-12-26,27.6,27.6,27.15,27.5,13849870,0.0,0.011029411764705843,0.03383458646616533,0.03383458646616533,-0.017857142857142905,-0.023090586145648295,27.15,27.490000000000002,28.80666666666667,27.295637302915218,27.729327748597107,-0.43369044568188997,-0.5008945697753466,0.06720412409345666,-0.015770561661159636,0.0024437863306711514,47.386377130939245,27.490000000000002,0.596833750986837,28.683667501973677,26.296332498026327,0.08684376151136228,0.5041887711542216,0.6983190726267697,0.025393420822791626,24.651917299908483,21.206436017852127,27.054692477619948,53.2258064516129,50.00000000000002,2349909683.0,2336556359.35,0.23953916946344675,0.08525581124588208,-0.8917057649236779,15288820.55,-0.27240307722334894,0.9058821741484826,0.016363636363636466,0.00036376864314280333,-0.04535987040037037,1.0,12.0,-0.0036363636363636598,0.0,1120.11,1122.25,0.004106794552905191,0.023670528140107727,0.02448353614562304,0.1187717626785039,-0.004106794552905191,0.010164058326057601,-0.04757412229127134,-0.0464371760138359,1.39712008439829,0.8090929053638061,27.5,28.5,0.036363636363636376,0.01859732212805354,0.017766314235582836,27.5,27.4,27.5,29.45,0.07090909090909081,0.034060964318780806,0.036848126590310004,27.5,30.75,0.11818181818181817,0.044236521615269586,0.07394529656654858,0.00036237686,0.005,2
2023-12-27,27.5,27.65,27.35,27.4,10686692,-0.0036363636363636598,-0.0036363636363636598,0.007352941176470562,0.016697588126159513,-0.0018214936247723523,-0.014388489208633115,27.240000000000002,27.47,28.76,27.311693102466723,27.70493310055288,-0.3932399980861554,-0.4793636554375084,0.08612365735135302,-0.014351824747669906,0.003143199173407045,46.45609240077894,27.47,0.5925857699422697,28.655171539884538,26.28482846011546,0.08628842663884524,0.47046840999623574,0.669867710296286,0.024447726653149125,23.666269761338544,21.06121216198347,26.189232922959093,51.66666666666657,52.70609318996416,2339222991.0,2336502742.95,0.23600825277837123,0.016373667158350758,-0.7639636708814783,15221577.95,-0.8501240819152095,0.7020751748014403,0.010948905109488948,-0.002548234437568242,-0.04728789986091808,2.0,12.0,0.005464480874316946,1.0,1123.28,1121.99,-0.00023167743372687344,0.01928667466114331,0.017401160681900674,0.11706097986860528,-0.0034046862026367863,-0.0025890865349837977,-0.03178964989053379,-0.031245934365975336,1.3749504017871998,0.8105614066418442,27.45,28.6,0.041894353369763326,0.024893789467121508,0.01700056390264182,27.45,27.6,27.45,29.5,0.07468123861566478,0.03513631465037359,0.03954492396529119,27.45,30.5,0.11111111111111116,0.04239514771502617,0.06871596339608499,0.00036237686,0.005,2
2023-12-28,27.45,27.8,27.35,27.6,10409411,0.007299270072992803,0.0036363636363636598,0.0036363636363636598,0.03759398496240607,0.01845018450184499,0.0036363636363636598,27.439999999999998,27.475,28.721666666666668,27.356048009779535,27.6971602782897,-0.34111226851016596,-0.4517133780520399,0.11060110954187397,-0.01235914016341181,0.004007286577604129,48.628298435503815,27.475,0.5932737009271154,28.661547401854232,26.28845259814577,0.08637287729603135,0.5526738332597,0.6541628738465513,0.023701553400237364,22.472527998330158,21.6642134227109,24.90240237023478,68.62745098039224,57.839974699557274,2349632402.0,2337650104.95,0.2343974738217356,-0.15961372202143123,-0.6797935898306352,15061540.65,-0.8563699986393708,0.6911252468717402,0.01630434782608693,0.0045495905368517775,-0.03905297974815758,3.0,12.0,0.010849909584086825,1.0,1122.77,1128.93,0.006185438372890983,0.024037807389131194,0.03180609251185862,0.11370546646064997,0.0011138317001018194,0.013556177573274875,-0.02816972887549496,-0.027301378698896595,1.388735227230082,0.8126493124480277,27.65,29.3,0.05967450271247743,0.02026065827258683,0.0394138444398906,27.65,27.95,27.65,29.9,0.08137432188065108,0.020278330019880775,0.061095991860770305,27.65,30.3,0.0958408679927667,0.03880715705765403,0.05703371093511267,0.00036237686,0.005,2
2023-12-29,27.65,28.1,27.6,27.95,16018347,0.0126811594202898,0.02007299270072993,0.016363636363636358,0.02757352941176472,0.03136531365313644,0.016363636363636358,27.589999999999996,27.497499999999995,28.671666666666667,27.44742523904422,27.71588914656454,-0.26846390752031724,-0.4150634839456954,0.1465995764253782,-0.009605148748490777,0.005245065346167377,52.27702403347261,27.497499999999995,0.6027295369716584,28.702959073943312,26.29204092605668,0.08767772153419888,0.6876878318729557,0.643151240000369,0.02301077781754451,20.90862869997923,23.793005454430222,23.51956819701269,89.36170212765956,69.8852732582395,2365650749.0,2339598384.3,0.2384794898708991,-0.2594781941303529,-0.797673814642465,15180548.7,0.15441501724424325,1.0551889339810228,0.017889087656529516,0.016456041458314585,-0.025170028483404105,4.0,12.0,-0.008928571428571397,0.0,1131.75,1129.93,0.0008857945133888823,0.024359509002230162,0.025195978805255148,0.11166777619016195,0.011795364906900918,0.003214020409534557,-0.00883234244161879,-0.008615272225230397,1.3634191782692882,0.8076778389138355,28.0,29.2,0.04285714285714293,0.020943514110472572,0.021913628746670355,28.0,27.75,28.0,29.8,0.06428571428571428,0.015602038032717536,0.048683676252996744,28.0,30.35,0.08392857142857157,0.0345831976698141,0.04934537375875747,0.00036237686,0.005,2
2024-01-02,28.0,28.15,27.75,27.75,14815625,-0.007155635062611743,0.005434782608695565,0.01277372262773735,0.009090909090909038,0.055133079847908606,-0.015957446808510634,27.639999999999997,27.475,28.61416666666667,27.49397520226819,27.718415876448645,-0.22444067418045677,-0.3769389219926477,0.15249824781219096,-0.008087952222719163,0.005495432353592467,50.08777277578087,27.475,0.583208006588214,28.64141601317643,26.308583986823574,0.08490744408927585,0.61788246941634,0.625783294286057,0.022550749343641693,19.545077922976546,23.27739996984128,22.445733742006272,80.85106382978725,79.61340564594639,2350835124.0,2339825053.55,0.22146760469091034,-0.26196824567686194,-0.8001585659329221,14940501.1,-0.023454031355253875,0.9916417729790871,0.014414414414414363,0.010009099181073733,-0.03020065818213602,1.0,1.0,0.027027027027026973,1.0,1136.39,1131.72,0.0015841689308186968,0.012579854338528706,0.010022400913885843,0.09586790331913851,-0.00873980399343044,-0.003488945247619668,-0.025979847722396476,-0.02572205101479874,1.3628968747513868,0.8057658998859727,27.75,29.2,0.05225225225225216,0.02482021706633164,0.027432035185920522,27.75,28.5,27.75,29.9,0.07747747747747735,0.028827187248458674,0.04865029022901868,27.75,30.7,0.10630630630630633,0.0434486479792664,0.06285765832703993,0.000800084,0.005,2
2024-01-03,27.75,28.5,27.6,28.5,19993388,0.027027027027026973,0.019677996422182487,0.032608695652173836,0.036363636363636376,0.0714285714285714,0.02517985611510798,27.839999999999996,27.509999999999998,28.568333333333335,27.648748248073083,27.776310996711707,-0.12756274863862416,-0.32706368732184304,0.1995009386832189,-0.004475885917144707,0.007000032936253294,57.30794792406539,27.509999999999998,0.6233610088621578,28.756722017724314,26.26327798227568,0.09063773302248757,0.8970411952004675,0.6453702018370528,0.022644568485510625,18.882051837354535,24.832469778406587,20.209900692750995,100.00000000000001,90.07092198581564,2370828512.0,2341680935.5,0.2360483706949183,-0.2582767233055399,-0.5725217748860173,15310627.2,0.8657379958006369,1.3058503573256621,0.031578947368421005,0.03598691384950925,-0.0023919257919609027,2.0,1.0,0.0,0.0,1130.53,1144.17,0.01100095429965009,0.019532189797282218,0.02526949649184118,0.1011148882135824,0.016026072727376883,0.016831446566354158,-8.964037673320213e-05,-8.743103841468702e-05,1.3819601867140965,0.8085610664986341,28.6,29.45,0.029720279720279574,0.014011471073514414,0.01570880864676516,28.6,28.6,28.6,29.7,0.038461538461538325,0.014875730036927326,0.023585808424611,28.6,29.9,0.045454545454545414,0.01642965019336695,0.029024895261178463,0.000800084,0.005,2
2024-01-04,28.6,29.55,28.5,28.6,31418651,0.0035087719298245723,0.030630630630630762,0.023255813953488413,0.04379562043795637,0.061224489795918435,0.017793594306049876,28.080000000000002,27.534999999999997,28.515833333333333,27.795094671446456,27.837324996955285,-0.04223032550882877,-0.2700970149592402,0.22786668945041144,-0.001476584808001006,0.0079673667640004,58.176673828794435,27.534999999999997,0.6573671568831166,28.84973431376623,26.220265686233763,0.09549550127228866,0.9050247981088927,0.6742723302772634,0.02357595560410012,19.66011797037065,33.193430941237224,17.96193279625872,74.32432432432434,85.05846271803723,2402247163.0,2344398892.45,0.23358739500014947,-0.19928762858450932,-0.48713417181177465,16172702.2,2.350727208528813,1.9426964406727283,0.03671328671328673,0.038678046123116205,0.002951576609486084,3.0,1.0,0.010344827586207028,1.0,1145.49,1150.72,0.00572467378099395,0.025606288826103718,0.021563701250854495,0.09801803588845555,-0.0022159018511693773,0.018189331611852655,-0.0037701069448046187,-0.003690525554293167,1.3741475785987605,0.8079792283408638,29.0,29.5,0.01724137931034475,0.008547601898695856,0.008693777411648895,29.0,29.3,29.0,29.8,0.02758620689655178,0.014483195501444834,0.013103011395106945,29.0,29.8,0.02758620689655178,0.01791959179777347,0.009666615098778308,0.000800084,0.005,2
2024-01-05,29.0,29.45,28.85,29.3,31294814,0.02447552447552437,0.02807017543859658,0.05585585585585595,0.061594202898550776,0.10150375939849621,0.02626970227670755,28.419999999999998,27.5725,28.4775,28.026618568147,27.945671293477115,0.08094727466988516,-0.19988815703341514,0.2808354317033003,0.002762705620132599,0.009584827020590454,63.739019873621565,27.5725,0.7351109833868331,29.04272196677367,26.102278033226334,0.10664408136902113,1.0874963233582056,0.6868243066860302,0.023441102617270657,20.38260795102847,30.25917915313772,16.37412364454887,93.24324324324324,89.18918918918924,2433541977.0,2347218320.75,0.2425662165197299,-0.11346183577916953,-0.569486148543845,16274173.55,2.2374985325149956,1.922974085525836,0.02047781569965863,0.06265300571221322,0.0288824510578527,4.0,1.0,-0.013513513513513598,0.0,1152.37,1154.68,0.0034413236929922153,0.02280920871976111,0.029594557240813613,0.09614335088432856,0.021034200782532153,0.03878499417878967,-0.003324854964106061,-0.00322928568408154,1.3821936851234708,0.8033143046128235,29.6,29.9,0.010135135135135087,-0.004071001017750264,0.014206136152885351,29.6,29.2,29.6,30.3,0.023648648648648685,0.01904400476100121,0.004604643887647475,29.6,29.9,0.010135135135135087,0.011324627831156953,-0.0011894926960218655,0.000800084,0.005,2
2024-01-08,29.6,29.65,29.0,29.2,15857047,-0.0034129692832765013,0.020979020979020824,0.024561403508772006,0.04472271914132375,0.07352941176470584,0.03546099290780136,28.670000000000005,27.622499999999995,28.439166666666665,28.207138788432076,28.03858453099733,0.16855425743474584,-0.12619967413978295,0.2947539315745288,0.005772406076532391,0.010094312725155095,62.4610074865534,27.622499999999995,0.810210336563845,29.242920673127685,26.002079326872305,0.11732614159671935,0.9867563177144484,0.6841939990655994,0.023431301337862993,21.283388592444695,30.293790634563127,15.262995557705908,88.15789473684211,85.2418207681366,2417684930.0,2349978914.8,0.2379437281824694,-0.17620828983295656,-0.36254834991848495,16333007.8,-0.07100092550547844,0.9708589620584152,0.02226027397260269,0.05710924065526313,0.026753010812553102,0.0,1.0,0.0,0.0,1159.42,1160.19,0.004771884851214159,0.026780420026019325,0.03179360392728814,0.09678254140142162,-0.00818485413449066,0.017942299115304428,0.00366738898051322,0.0035543823556902776,1.3793346165223137,0.8022897196308867,29.2,29.8,0.020547945205479534,-0.006533472209071189,0.027081417414550724,29.2,29.2,29.2,30.25,0.03595890410958913,0.018205920582589297,0.017752983526999833,29.2,30.6,0.047945205479452024,0.020960480670735304,0.02698472480871672,0.000800084,0.005,2
2024-01-09,29.2,29.5,29.1,29.2,16762949,0.0,-0.0034129692832765013,0.020979020979020824,0.05225225225225216,0.06181818181818177,0.04847396768402157,28.96,27.690000000000005,28.4225,28.359886667134834,28.124615306479008,0.2352713606558261,-0.05390546718066114,0.28917682783648724,0.008057238378624182,0.009903316021797509,62.4610074865534,27.690000000000005,0.8831164910946421,29.456232982189288,25.92376701781072,0.12757190192771997,0.9274634250483528,0.6638944277037708,0.02273611053780037,22.119827759474045,28.9900639588221,14.60613571800018,86.5671641791045,89.32276738639666,2417684930.0,2353456824.5,0.2320834528514767,-0.2773055105187387,-0.05141982181222149,16453839.6,0.046220915968404254,1.0187864600308854,0.013698630136986254,0.05453232213795567,0.02735508839827605,1.0,1.0,0.012027491408934665,1.0,1161.71,1158.59,-0.001379084460303992,0.02374262184992748,0.029400266548200715,0.09733585289158332,0.001379084460303992,0.02850963040232468,0.019073701135820853,0.018528945207852976,1.3469367268059038,0.8024658229113468,29.1,29.9,0.027491408934707806,0.003736656339802691,0.023754752594905115,29.1,29.45,29.1,30.5,0.04810996563573888,0.016146152452126916,0.03196381318361197,29.1,30.8,0.05841924398625431,0.02562155351703077,0.03279769046922354,0.000800084,0.005,2
2024-01-10,29.1,29.8,29.1,29.45,25105891,0.008561643835616417,0.008561643835616417,0.005119453924914641,0.033333333333333215,0.07090909090909081,0.051785714285714324,29.15,27.7625,28.413333333333334,28.527596410652553,28.222791950443526,0.3048044602090272,0.017836518297276525,0.2869679419117507,0.010349896781291246,0.009744242509736866,64.52344364773319,27.7625,0.9655752307909469,29.693650461581893,25.831349538418106,0.139119348875778,0.9369157229255176,0.6664733971535014,0.02263067562490667,23.24995102694561,30.030396473033996,13.510357868472896,89.99999999999997,88.24168630531557,2442790821.0,2357842279.45,0.23288482027482216,-0.3068061982716886,-0.08170260878822926,17361384.85,1.1803573185246512,1.446076520790909,0.023769100169779265,0.0607834308869879,0.03648521820741424,2.0,1.0,-0.006734006734006703,0.0,1158.79,1161.54,0.0025461983963266377,0.01518131046959792,0.030071920754147996,0.09740132544586658,0.006015445439289779,0.018152022863735295,0.021713793531566328,0.021079881020025226,1.3844724380485873,0.8097625568105228,29.7,29.7,0.0,3.4408898140991795e-05,-3.4408898140991795e-05,29.7,29.5,29.7,30.75,0.03535353535353547,0.009015131312957614,0.026338404040577856,29.7,31.1,0.047138047138047146,0.031002417225094447,0.016135629912952698,0.000800084,0.005,2
2024-01-11,29.7,29.95,29.2,29.5,24453815,0.0016977928692700761,0.010273972602739656,0.010273972602739656,0.03146853146853146,0.07664233576642343,0.07468123861566478,29.330000000000002,27.865,28.410000000000004,28.677196962859853,28.317399954114375,0.3597970087454776,0.08622861638691674,0.27356839235856084,0.012196508771033138,0.009273504825713926,64.93834513480562,27.865,1.036834758189879,29.938669516379758,25.79133048362024,0.1488368574469592,0.894228681833161,0.6724395830711085,0.02279456213800368,24.46886616197876,29.23130212801618,12.434024485152719,87.67123287671235,88.0794656852723,2467244636.0,2364482536.35,0.21763571604597362,-0.3851772403848224,0.5889940687924955,17551964.4,1.02782281148572,1.393223826274397,0.025423728813559324,0.05867575811950476,0.03836677226328744,3.0,1.0,0.020477815699658564,1.0,1162.49,1162.22,0.0005854296881726562,0.00999374304783096,0.04309818704002866,0.08372196569061435,0.00111236318109742,0.021474788420700497,0.03158305157563612,0.03027811951745263,1.41215987406694,0.8135353192455107,29.3,29.8,0.017064846416382284,0.008462367910286872,0.008602478506095412,29.3,29.9,29.3,30.5,0.04095563139931735,0.00959240888505497,0.03136322251426238,29.3,31.25,0.06655290102389078,0.037308604701315584,0.029244296322575192,0.0009545527,0.005,2
2024-01-12,29.3,30.15,29.1,29.9,41149942,0.013559322033898313,0.015280135823429575,0.023972602739726012,0.020477815699658564,0.08333333333333326,0.10332103321033204,29.45,28.005000000000003,28.425,28.86532050703526,28.43462958714294,0.4306909198923208,0.15512107708799755,0.27556984280432323,0.014404378591716414,0.009216382702485728,68.14770846982019,28.005000000000003,1.1142498066323032,30.23349961326461,25.776500386735396,0.15915012413958982,0.9251739575633008,0.6994081842803148,0.023391578069575748,25.82262839102265,28.139269966831648,11.100680298816041,91.66666666666667,89.77929984779303,2508394578.0,2373893669.15,0.21120703563705834,-0.6178427352720339,1.1893315805987477,18896082.7,2.6239061961318906,2.177696967848262,0.0351170568561872,0.06766648812712006,0.051890941072999075,4.0,1.0,-0.009966777408637939,0.0,1159.25,1154.7,-0.006470375660374117,1.732081615690717e-05,0.04014845108230558,0.0868402828272019,0.02002969769427243,0.020460494883501656,0.06317258212802646,0.06073419814478731,1.3857057731495255,0.7964266571262428,30.1,30.3,0.006644518272425293,0.019087952939958797,-0.012443434667533504,30.1,29.8,30.1,30.3,0.006644518272425293,0.014059359824732498,-0.007414841552307205,30.1,30.8,0.023255813953488413,0.0434115079741586,-0.02015569402067019,0.000800084,0.005,2
2024-01-15,30.1,30.25,29.7,29.8,13059866,-0.0033444816053510573,0.01016949152542379,0.011884550084889645,0.020547945205479534,0.06618962432915931,0.09963099630996308,29.57,28.139999999999997,28.42,29.00911735210676,28.535768136243462,0.4733492158632977,0.2187667048430576,0.2545825110202401,0.015884201874607304,0.008543037282558393,66.50866895181127,28.139999999999997,1.1613966184143654,30.462793236828727,25.817206763171267,0.16508836082649112,0.8573284039405878,0.6887361711174352,0.023111952050920644,27.18987654964918,27.571293980896236,10.467494221353606,85.48387096774196,88.27392350370702,2495334712.0,2382651808.65,0.21258889278253285,-0.5753915387003491,1.0403310624170716,18906051.85,-0.6899098050197571,0.6907770117006211,0.018456375838926196,0.05899076048329799,0.04855735397607308,0.0,1.0,0.005042016806722671,1.0,1159.37,1154.12,-0.0005022949683901601,-0.005231901671278072,0.047010795609180756,0.08069379592038634,-0.0028421866369608972,0.025779846876757606,0.05262020070078233,0.05025755314219693,1.3567579642929943,0.7873973253417614,29.75,30.25,0.01680672268907557,0.028296720014604704,-0.011489997325529133,29.75,29.9,29.75,30.35,0.020168067226890907,0.022063617633507615,-0.0018955504066167084,29.75,30.7,0.031932773109243584,0.0649042432040059,-0.03297147009476231,0.000800084,0.005,2
2024-01-16,29.75,29.9,29.6,29.9,13165088,0.003355704697986406,0.0,0.013559322033898313,0.023972602739726012,0.07747747747747735,0.13688212927756638,29.709999999999997,28.32,28.423333333333332,29.146176221013413,28.636822348373578,0.509353872639835,0.2768841384024131,0.2324697342374219,0.01703524657658311,0.007774907499579328,67.3542391083663,28.32,1.1399907663527666,30.599981532705534,26.040018467294466,0.16101564496508008,0.8464940345646342,0.6609693017519039,0.0221059967141105,28.164110959581144,26.677434854788846,11.208802880298228,87.93103448275856,88.36052403905576,2508499800.0,2393154834.9,0.169832469449595,0.29313704991778283,-0.4044677772617556,18477673.9,-0.6221024005684254,0.712486218300454,0.010033444816053417,0.05579096045197729,0.051952621085962214,1.0,1.0,-0.006688963210702337,0.0,1150.31,1163.12,0.007798149239247154,0.003909924995036951,0.06524526504744088,0.06983967844998328,-0.004442444541260748,0.02006267774468906,0.0716368642301255,0.06724917404531738,1.361323046420177,0.7854373089515974,29.9,30.5,0.02006688963210701,0.013382675674512567,0.006684213957594443,29.9,29.7,29.9,30.7,0.026755852842809347,0.015233013468737955,0.011522839374071392,29.9,30.7,0.026755852842809347,0.058616980076595215,-0.03186112723378587,0.000800084,0.005,2
2024-01-17,29.9,30.05,29.7,29.7,15241706,-0.006688963210702337,-0.003355704697986628,-0.006688963210702337,0.008488964346349714,0.042105263157894646,0.1165413533834585,29.76,28.475,28.418333333333333,29.23137987931904,28.715576248494052,0.5158036308249869,0.32466803688692786,0.19113559393805907,0.01736712561700293,0.006435541883436332,63.880477042577375,28.475,1.1039999046534454,30.682999809306892,26.26700019069311,0.15508339310320568,0.7774003862764226,0.6387572087696252,0.021506976726250005,29.254923534425416,27.310684381378138,10.770107131490606,81.03448275862065,84.81646273637377,2493258094.0,2401982568.95,0.1749525912815265,0.4372798697817446,-0.4890146764664013,18326552.3,-0.35994215763363513,0.8316733966377298,0.011784511784511833,0.043020193151887653,0.04509999413524124,2.0,1.0,0.001680672268907557,1.0,1161.95,1162.53,-0.0005072563450030376,0.000852316751898341,0.06041229590440578,0.07094697809104551,-0.006181706865699299,0.007636647594451373,0.056129057479052724,0.052931352923611064,1.3678115854680135,0.7847324431331173,29.75,30.75,0.03361344537815136,0.007429229077916766,0.026184216300234597,29.75,29.8,29.75,29.9,0.005042016806722671,-8.58870413633639e-06,0.0050506055108590076,29.75,31.5,0.05882352941176472,0.05644496358389439,0.002378565827870327,0.000800084,0.005,2
2024-01-18,29.75,30.25,29.65,29.8,14264464,0.0033670033670034627,-0.0033444816053510573,0.0,0.01016949152542379,0.04195804195804187,0.10575139146567714,29.82,28.6175,28.4225,29.318859897885343,28.79590393379079,0.5229559640945531,0.36432562232845295,0.1586303417661002,0.017548857855521918,0.0053231658310771875,64.85644489815697,28.6175,1.0804817395378803,30.77846347907576,26.45653652092424,0.1510239174683855,0.7736048090238327,0.635988836714652,0.02134190727230376,30.50816112604835,27.71653038308739,10.04434593369128,83.01886792452832,83.99479505530256,2507522558.0,2411112567.45,0.17276938188476534,0.583907703872661,-0.23559813468274618,18628816.75,-0.5259892530679211,0.7657203456038076,0.02013422818791951,0.04132087009696872,0.048465124461254394,3.0,1.0,0.010000000000000009,1.0,1164.32,1169.06,0.005617059344705133,0.005885288499595465,0.06204803953632032,0.07148272251591566,-0.0022500559777016704,0.004284203025828326,0.043703351929356815,0.04115007071472698,1.3604834977843763,0.7841724108739347,30.0,30.5,0.016666666666666607,-0.0009645753307726546,0.017631241997439262,30.0,30.3,30.0,29.8,-0.006666666666666599,0.001297481860862204,-0.007964148527528803,30.0,31.05,0.03499999999999992,0.04763977806231323,-0.012639778062313312,0.000800084,0.005,2
2024-01-19,30.0,30.3,29.95,30.3,19386002,0.016778523489932917,0.020202020202020332,0.013377926421404673,0.013377926421404673,0.03412969283276457,0.13909774436090228,29.9,28.802500000000002,28.459166666666665,29.469804528979907,28.907318457213695,0.5624860717662123,0.40395771221600485,0.1585283595502075,0.0185638967579608,0.005231959061062954,69.32020323439195,28.802500000000002,1.0325587787530792,30.86761755750616,26.737382442493843,0.14339849370757116,0.8625701584292332,0.6262753483778911,0.020669153411811587,31.73178030989474,26.706218817086533,9.471552127551364,100.0,88.01778356104971,2526908560.0,2421712907.9,0.16351126868900367,0.6053644983477541,-0.5925935165900282,19097075.0,0.035907027249085,1.0151293849974408,0.011551155115511597,0.05199201458206759,0.06468331820444506,4.0,1.0,-0.008196721311475419,0.0,1171.5,1181.5,0.01064102783432852,0.02320949164285091,0.07172337472674006,0.07611803367124167,0.006137495655604397,-0.009831565221446237,0.06737436963416221,0.06286544758001655,1.4338500437056363,0.7604838462325406,30.5,30.3,-0.006557377049180357,-0.008952279796676899,0.002394902747496541,30.5,30.25,30.5,29.9,-0.019672131147541072,-0.011582328098525663,-0.00808980304901541,30.5,30.65,0.004918032786885185,0.02167260956427186,-0.016754576777386676,0.000800084,0.005,2
2024-01-22,30.5,30.6,30.15,30.25,13402881,-0.0016501650165017256,0.015100671140939603,0.0185185185185186,0.015100671140939603,0.03595890410958913,0.1121323529411764,29.99,28.955000000000002,28.485,29.589834601444537,29.006776349271938,0.5830582521725987,0.43977782020732364,0.143280431965275,0.019274652964383427,0.004736543205463637,68.38479919444146,28.955000000000002,1.0083728424916911,30.971745684983382,26.93825431501662,0.13930206769009706,0.8210618001175171,0.6136842520651848,0.020287082712898672,33.21372147338129,28.799221794222102,8.975461921663742,88.3333333333333,90.45073375262058,2513505679.0,2430530379.1,0.15447421717163595,0.8407138327398666,0.0612995762190834,18654493.85,-0.6477931841383665,0.718480013865399,0.014876033057851333,0.04472457261267482,0.0619624363700193,0.0,1.0,0.0049423393739702615,1.0,1186.29,1182.86,0.001151079136690658,0.024902089903996227,0.07234420611752768,0.07585159816701571,-0.0028012441531923837,-0.009801418763056624,0.03978814682364873,0.0371038949962752,1.4259575852547475,0.7630619389614597,30.35,30.35,0.0,-0.006985033278151254,0.006985033278151254,30.35,30.5,30.35,30.6,0.008237232289950658,0.0017737085712354883,0.0064635237187151695,30.35,30.5,0.0049423393739702615,0.033962296023514416,-0.029019956649544154,0.000800084,0.005,2
2024-01-23,30.35,30.7,30.25,30.5,17928786,0.008264462809917328,0.0066006600660066805,0.02348993288590595,0.02006688963210701,0.044520547945205546,0.10909090909090913,30.110000000000003,29.105,28.543333333333333,29.729860047376146,29.117385508585127,0.6124745387910195,0.47431716392406287,0.13815737486695667,0.02008113241937769,0.004529749995637924,70.52634835278113,29.105,1.0036643389421744,31.11232867788435,27.09767132211565,0.13793703335401813,0.8474767274959372,0.6019925197748145,0.019737459664748016,34.6988260541205,28.448048730227026,8.496225085885268,90.90909090909093,93.08080808080813,2531434465.0,2439606618.2,0.15343962812040157,0.895358054061119,0.21309105129781303,18913261.75,-0.12320706734813891,0.9479478599189799,0.014754098360655714,0.04792990895035221,0.0685507415625366,1.0,1.0,0.009852216748768461,1.0,1183.96,1177.5,-0.004531390020796944,0.01236329871380426,0.053540432689726636,0.07174130719151361,0.012795852830714272,0.0077035909183027496,0.05555047640118249,0.052727427137618355,1.2906452157287034,0.7409459790758977,30.45,30.7,0.008210180623973828,0.0034621208254650426,0.004748059798508786,30.45,30.75,30.45,30.8,0.011494252873563315,0.010973306793242488,0.0005209460803208277,30.45,30.75,0.009852216748768461,0.05263784685006567,-0.04278563010129721,0.000800084,0.005,2
2024-01-24,30.45,31.25,30.4,30.75,24683004,0.008196721311475308,0.016528925619834656,0.014851485148514865,0.03535353535353547,0.04414261460101865,0.11818181818181817,30.320000000000004,29.267500000000002,28.605833333333333,29.886804655472123,29.2383199153566,0.6484847401155243,0.5091506791623551,0.13933406095316914,0.021088934637903227,0.004531188974086801,72.53022889076381,29.267500000000002,0.9931707596862661,31.253841519372536,27.281158480627468,0.13573701336790184,0.873173491451839,0.6197073397908993,0.020153084220842252,36.60293806945032,32.00031982434265,7.663828558951481,79.16666666666666,86.13636363636367,2556117469.0,2449917007.5,0.15248659200783202,0.7811189579165132,0.1223946812330658,19454918.45,0.6538138983104393,1.268728217156829,0.027642276422764275,0.05065345519774489,0.07495557432924516,2.0,1.0,-0.016129032258064502,0.0,1175.58,1172.97,-0.0038471337579617515,0.008980413408686383,0.045194920917799086,0.07503629945408635,0.01204385506943706,0.026373121944849087,0.07298689726401908,0.06983089546582222,1.3291713581116469,0.7474727659216167,31.0,29.9,-0.03548387096774197,-0.00789890761601253,-0.02758496335172944,31.0,30.5,31.0,31.1,0.003225806451612856,0.021259735169311123,-0.018033928717698267,31.0,31.4,0.012903225806451646,0.06899401830297047,-0.056090792496518826,0.000800084,0.005,2
2024-01-25,31.0,31.0,30.3,30.5,17448413,-0.008130081300813052,0.0,0.008264462809917328,0.02348993288590595,0.03389830508474567,0.113138686131387,30.46,29.422500000000003,28.65333333333333,29.981142400784105,29.331777699404256,0.6493647013798487,0.5371934836058538,0.11217121777399486,0.021290645946880286,0.003677744845049012,67.58195940415794,29.422500000000003,0.926009406568677,31.274518813137355,27.57048118686265,0.12589132895827018,0.7908987728301456,0.625442529805835,0.02050631245265033,38.021300558428976,29.44210557608255,8.193204593614348,66.66666666666667,78.91414141414145,2538669056.0,2459889310.75,0.1568848640037096,0.6831389911082925,0.017639249360986112,19793004.5,-0.3027212250710463,0.8815444365710118,0.022950819672131126,0.03662163310391686,0.06444858073522575,3.0,1.0,-0.013029315960912058,0.0,1173.58,1170.37,-0.002216595479850425,0.0011205583973448174,0.043119813902084525,0.0762190558810229,-0.005913485820962627,0.022369374488561133,0.07001887222930248,0.06712447726151138,1.315517201971247,0.7439449509374385,30.7,29.8,-0.02931596091205202,-0.00034940303213659707,-0.028966557879915422,30.7,30.3,30.7,31.25,0.01791530944625408,0.024773527180999233,-0.006858217734745153,30.7,31.55,0.027687296416938123,0.06757965963031443,-0.0398923632133763,0.000800084,0.005,2
2024-01-26,30.7,30.7,30.2,30.3,15141920,-0.006557377049180357,-0.014634146341463428,-0.006557377049180357,0.0,0.013377926421404673,0.09782608695652173,30.46,29.557499999999997,28.675,30.03019741604809,29.403497869818757,0.6266995462293323,0.5550946961305495,0.07160485009878281,0.020683153340902056,0.0023631963728971226,63.83019843859306,29.557499999999997,0.8390588399171619,31.23561767983432,27.879382320165675,0.11354936512454183,0.7212300153089708,0.6164823491054182,0.02034595211569037,38.98469338020331,27.73645451875671,8.877200275121977,55.8139534883721,67.21576227390184,2523527136.0,2468584047.45,0.1622997751557027,0.7488929727451868,-0.08493249108820085,20029629.95,-0.6506478961763542,0.7559760234112564,0.0165016501650165,0.02512052778482632,0.05666957279860507,4.0,1.0,0.0016501650165017256,1.0,1173.43,1175.67,0.004528482445722348,-0.00493440541684298,0.041402035555791805,0.07526900816543386,-0.011085859494902706,0.00493440541684298,0.056424051400729924,0.05418085376664039,1.2724762600922896,0.6906281830549412,30.3,29.9,-0.01320132013201325,-0.003975433857445032,-0.009225886274568218,30.3,30.35,30.3,30.8,0.01650165016501659,0.0275816960152222,-0.011080045850205611,30.3,31.95,0.054455445544554504,0.06884805857818765,-0.01439261303363315,0.000800084,0.005,2
2024-01-29,30.3,30.65,30.3,30.35,8936603,0.0016501650165017256,-0.004918032786885185,-0.01300813008130075,0.0033057851239670644,0.01845637583892623,0.0858676207513418,30.48,29.677500000000002,28.70583333333333,30.079397813579153,29.47360913872107,0.6057886748580827,0.5652334918760562,0.04055518298202654,0.01996008813370948,0.0013362498511376125,64.36283650710912,29.677500000000002,0.7654505037461442,31.20840100749229,28.146598992507712,0.10316913537139513,0.7196418960823587,0.5974478955978882,0.01968526838872778,39.879272428993765,26.57583219825294,8.50573690816852,58.13953488372097,60.20671834625329,2532463739.0,2476924696.95,0.15983382971331747,0.9363784378161836,0.33444158310788796,19675542.75,-1.3646295237501769,0.45419855063464515,0.011532125205930737,0.022660264510150796,0.05727639562226039,0.0,1.0,0.011532125205930832,1.0,1177.23,1175.69,1.701157637779005e-05,-0.006061579561401853,0.04049808395210319,0.07550866636539223,0.0016331534401239356,0.009367364685368917,0.04536953679923861,0.04360367164436507,1.270315730701705,0.6978663930868443,30.35,30.6,0.008237232289950658,0.008537269774323564,-0.0003000374843729059,30.35,30.7,30.35,30.7,0.011532125205930832,0.0416234417782011,-0.030091316572270266,30.35,31.75,0.046128500823723106,0.07260930936548715,-0.026480808541764045,0.000800084,0.005,2
2024-01-30,30.35,30.7,30.3,30.7,11434467,0.011532125205930832,0.013201320132013139,0.006557377049180246,0.006557377049180246,0.026755852842809347,0.10630630630630633,30.52,29.825,28.72666666666667,30.174875073028513,29.564452906223213,0.6104221668053,0.574271226861905,0.03615093994339502,0.019883458202127037,0.0011775550470161246,67.92368333428873,29.825,0.6500000000007685,31.125000000001535,28.524999999998464,0.08717518860027061,0.836538461538064,0.5833444744837533,0.01900144868025255,40.77236743554043,25.886416849643183,8.089137342818788,74.41860465116274,62.79069767441863,2543898206.0,2486577851.05,0.1559817737513798,0.8037120334288681,0.17422944112666203,19506484.85,-1.0071924845419171,0.5861879825057255,0.013029315960912006,0.029337803855825628,0.06869343235089342,1.0,1.0,-0.02764227642276429,0.0,1176.02,1179.65,0.0033682348238055493,0.0018259023354565418,0.04235146502668519,0.07564452735769235,0.008163890382125283,0.0047314747137237045,0.06395484127962114,0.06135631159494159,1.2250871267798564,0.6879762764041362,30.75,30.8,0.001626016260162677,0.005805588937221939,-0.004179572677059262,30.75,29.9,30.75,30.7,-0.001626016260162677,0.04099456678119884,-0.042620583041361515,30.75,31.9,0.0373983739837398,0.07477869365785961,-0.03738031967411981,0.000800084,0.005,2
2024-01-31,30.75,30.9,29.8,29.9,34440710,-0.026058631921824116,-0.014827018121911117,-0.01320132013201325,-0.02764227642276429,0.006734006734006703,0.04912280701754379,30.35,29.895000000000003,28.741666666666667,30.132586600254896,29.589308246502974,0.5432783537519228,0.5680726522399087,-0.024794298487985866,0.01816984460708772,-0.0008292407521065507,54.51533028352227,29.895000000000003,0.5702953989874497,31.0355907979749,28.754409202025105,0.07630645913864513,0.5021918465451732,0.6202484405920564,0.020744095003078812,39.83271659401881,22.60719417150074,12.822488210562042,37.20930232558129,56.58914728682171,2509457496.0,2493509300.25,0.17021964598948533,-0.4742895296330566,1.884887727712239,20228850.95,1.636610298879641,1.7025539456060899,0.03678929765886281,0.0001672520488373852,0.040301536677297634,2.0,1.0,-0.0033444816053510573,0.0,1181.62,1164.31,-0.013003857076251513,-0.007382968021347636,0.017602279381560226,0.08547794331793886,-0.013054774845572603,-0.020259308401416654,0.031520527635983564,0.030975291894137502,1.2475870102824462,0.6974009397855804,29.9,31.1,0.04013377926421424,0.030745282856602385,0.009388496407611857,29.9,29.8,29.9,31.5,0.05351170568561869,0.057844132166015916,-0.004332426480397222,29.9,31.55,0.05518394648829439,0.08595779081167554,-0.03077384432338115,0.000800084,0.005,2
2024-02-01,29.9,30.15,29.7,29.8,10676211,-0.0033444816053510573,-0.02931596091205202,-0.018121911037891292,-0.022950819672131084,0.0,0.04195804195804187,30.21,29.955000000000002,28.738333333333337,30.081419430984912,29.60491504305831,0.4765043879266031,0.5497589993772476,-0.07325461145064449,0.015990080131765203,-0.0024582084379410904,53.104166249545095,29.955000000000002,0.48338172776577615,30.921763455531554,28.98823654446845,0.06454771861335686,0.4198356127793546,0.6080878376926238,0.020405632137336368,38.65189125403431,21.41220264624236,13.319347856142365,12.12121212121209,41.24970636598541,2498781285.0,2498336006.35,0.17139134333313535,-0.3679174347626173,1.678090865573046,19191728.95,-1.0001838477421718,0.5562922979901714,0.015100671140939574,-0.005174428309130397,0.036942527402423986,3.0,2.0,-0.0016694490818029983,0.0,1162.78,1173.02,0.007480825553332071,0.002264241222861285,0.019379171301445952,0.08700985413307936,-0.010825307158683128,-0.02521506089499237,0.022578870656595917,0.022149629198102483,1.249571134984796,0.6537352212922019,29.95,31.25,0.04340567612687818,0.024337055872155844,0.019068620254722335,29.95,29.9,29.95,31.05,0.036727879799666185,0.045471195045701185,-0.008743315246035,29.95,31.3,0.04507512520868118,0.08052439242544263,-0.03544926721676145,0.00036237686,0.005,2
2024-02-02,29.95,30.15,29.75,29.9,10082220,0.003355704697986406,0.0,-0.026058631921824116,-0.01320132013201325,-0.01320132013201325,0.020477815699658564,30.130000000000003,29.984999999999996,28.7425,30.053508749294924,29.62677318801695,0.4267355612779724,0.5251543117573926,-0.09841875047942017,0.01427209235043386,-0.0032915970060006746,54.37601865559615,29.984999999999996,0.4585733024121574,30.90214660482431,29.067853395175682,0.06117369383520521,0.45366062549166847,0.5932244207145791,0.01984028162925014,37.55541058119156,20.38092814522445,12.67784898556084,18.181818181818024,22.504110876203836,2508863505.0,2502102082.75,0.14988920513925458,-0.9524177172113322,2.477295564689989,18131099.25,-0.9763495518857606,0.5560732893787452,0.013377926421404635,-0.00283475070868755,0.04027137514134127,4.0,2.0,0.020000000000000018,1.0,1173.93,1172.55,-0.0004006751803038444,-0.0026538059149252557,0.015476149236151926,0.0866330893437555,0.0037563798782902502,-0.010547514217087994,0.005001666463506638,0.004925439624819283,1.246101315745285,0.6555123963049101,30.0,30.8,0.026666666666666616,0.030215802830815264,-0.0035491361641486474,30.0,30.6,30.0,30.65,0.021666666666666723,0.032174549913985384,-0.010507883247318661,30.0,30.65,0.021666666666666723,0.0622796409531432,-0.04061297428647648,0.00036237686,0.005,2
2024-02-05,30.0,30.85,29.85,30.6,20318799,0.0234113712374584,0.02684563758389258,0.0234113712374584,0.008237232289950658,0.011570247933884392,0.047945205479452024,30.18,30.055,28.760833333333334,30.137584326326476,29.698864062978657,0.4387202633478182,0.5078675020754777,-0.06914723872765949,0.014337263508098634,-0.002259713683910441,62.12045673374144,30.055,0.4388681614777592,30.932736322955517,29.177263677044483,0.0584086722978218,0.8104576999644242,0.6222798192349663,0.020335941805064258,37.71742613616032,26.076467850425804,11.22261837413096,59.37500000000013,29.89267676767678,2529182304.0,2507676951.45,0.168382650753449,-0.5438595591198615,1.8692169551961544,18354186.85,0.2384399640921029,1.1070389097624338,0.032679738562091505,0.01813342205955748,0.06394691855242951,0.0,2.0,0.0,0.0,1174.22,1186.06,0.011521896720822156,0.008820352303753554,0.022298071867538738,0.09377484825664159,0.011889474516636245,-0.0005831200138028958,0.025647133611913286,0.025087725701234076,1.3117821706335884,0.672741256539917,30.8,30.7,-0.0032467532467532756,0.030182998620782442,-0.03342975186753572,30.8,30.8,30.8,30.5,-0.009740259740259716,0.02951020957378825,-0.039250469314047964,30.8,30.2,-0.019480519480519543,0.03903017458875779,-0.058510694069277336,0.00036237686,0.005,2
2024-02-06,30.8,31.1,30.7,30.8,13440045,0.006535947712418277,0.030100334448160515,0.033557046979865834,0.0032573289902280145,0.009836065573770592,0.0547945205479452,30.2,30.134999999999998,28.78666666666667,30.239494429968556,29.7804296879432,0.45906474202535463,0.49810695006545314,-0.0390422080400985,0.014904699416407617,-0.0012676041571460551,64.00067277744807,30.134999999999998,0.4202442898587198,30.97548857971744,29.294511420282557,0.055781554983735916,0.8956032336712805,0.6135455464324687,0.019920309949106128,38.19675172390806,27.469048837204816,10.569353426798772,71.87500000000007,49.8106060606061,2542622349.0,2513923822.4,0.16874611353836724,-0.6387420594170437,1.913486513319486,18188041.65,-0.5716037885278276,0.738949539407944,0.012987012987013056,0.022067363530778206,0.06993978693839731,1.0,2.0,0.011382113821138296,1.0,1189.08,1188.48,0.0020403689526669044,0.007485271054973763,0.025798600022441054,0.0933508640358537,0.004495578759751373,-0.004227942064745749,0.02899592052550415,0.02826667976040298,1.308102992397007,0.6715970366794354,30.75,30.7,-0.001626016260162677,0.03322105652199481,-0.034847072782157484,30.75,31.1,30.75,30.75,0.0,0.03943687999260814,-0.03943687999260814,30.75,30.25,-0.016260162601625994,0.045770300123476604,-0.0620304627251026,0.00036237686,0.005,2
2024-02-07,30.75,31.2,30.75,31.1,12203955,0.009740259740259827,0.016339869281045694,0.04013377926421424,0.04013377926421424,0.011382113821138296,0.05602716468590829,30.439999999999998,30.2175,28.805,30.371879902281087,29.878175636984444,0.4937042652966426,0.497226413111691,-0.0035221478150484486,0.01587473521854156,-0.0001132523413198858,66.67291767806853,30.2175,0.44017789466115237,31.097855789322306,29.337144210677696,0.058267943365421036,1.0012178091538115,0.6018637216872924,0.019352531243964386,38.768497636739184,27.18883922785015,10.004891398189457,90.3225806451614,73.85752688172056,2554826304.0,2519525596.55,0.1693376649516395,-0.6434317196727886,1.8620443504874475,17542944.85,-0.647805247453053,0.6956617092711204,0.014469453376205765,0.029204930917514638,0.07967366776601281,2.0,2.0,0.0016025641025640969,1.0,1190.51,1198.53,0.008456179321486124,0.029390797983354977,0.031845653184565226,0.09670202901507903,0.0012840804187737032,0.010742981280859265,0.024181511501343067,0.023435202180396075,1.2731031231078855,0.667597130394071,31.2,31.5,0.009615384615384581,0.022409149848721555,-0.012793765233336973,31.2,31.25,31.2,31.4,0.0064102564102563875,0.042781859892941476,-0.03637160348268509,31.2,30.85,-0.011217948717948678,0.05604781061941022,-0.0672657593373589,0.00036237686,0.005,2
2024-02-15,31.2,31.7,31.0,31.25,17191502,0.004823151125401992,0.014610389610389518,0.0212418300653594,0.04865771812080544,0.024590163934426146,0.05932203389830515,30.73,30.305,28.825833333333332,30.50697530193015,29.97979225646708,0.5271830454630724,0.5032177395819674,0.023965305881105015,0.016869857454818317,0.0007668897881953604,67.95381096741889,30.305,0.463368672135629,31.23173734427126,29.37826265572874,0.061160689277100125,1.0098531994214075,0.6088734558524858,0.019483950587279544,39.86284060572954,30.821756033098385,9.18330102485141,77.50000000000003,79.8991935483872,2572017806.0,2524764255.05,0.16943525699241804,-0.6906574193893451,1.8978984334145987,17179829.2,0.0014447358131403458,1.0006794479656411,0.02239999999999998,0.031182973106748113,0.08409701945592785,3.0,2.0,-0.015974440894568676,0.0,1203.08,1202.5,0.00331239101232339,0.025131711309270166,0.03465781005317403,0.09681208721018103,0.001510760113078602,0.02352600681153527,0.024664223845131117,0.023838049261778238,1.3183786074057144,0.680204845882146,31.3,31.05,-0.007987220447284393,0.018599053863391113,-0.026586274310675506,31.3,30.8,31.3,31.55,0.007987220447284393,0.03969624035189634,-0.031709019904611946,31.3,30.45,-0.02715654952076685,0.049265499211552655,-0.0764220487323195,0.00036237686,0.005,2
2024-02-16,31.3,31.4,30.75,30.8,20797470,-0.014399999999999968,-0.009646302250803873,0.0,0.030100334448160515,0.01650165016501659,0.030100334448160515,30.910000000000004,30.35,28.83583333333333,30.552056024710126,30.040548385617665,0.5115076390924607,0.5048757194840661,0.006631919608394599,0.016607390879625344,0.00021532206520761684,60.4479091730204,30.35,0.46566308127668815,31.281326162553377,29.418673837446626,0.061372399509283394,0.7415909796661646,0.6118110661487367,0.01986399565417976,40.07364212410247,28.482782155844564,11.405141742262412,55.00000000000007,74.2741935483872,2551220336.0,2526905542.95,0.17516273516778272,-0.4794796772798278,1.1667343701742123,16162205.6,0.7875933632345093,1.286796524850544,0.02110389610389606,0.014827018121911006,0.06811548131664891,4.0,2.0,-0.008077544426494332,0.0,1204.9,1209.7,0.0059875259875259434,0.031683083877020346,0.04763141941629856,0.09284720737412427,-0.020387525987525912,-0.001582749428859831,-0.017531084968138044,-0.016734019850135562,1.2847735204309991,0.6598484078157212,30.95,30.65,-0.009693053311793265,-0.0010220566417197263,-0.008670996670073539,30.95,30.7,30.95,31.95,0.03231017770597733,0.03712373479278619,-0.004813557086808862,30.95,30.5,-0.014539579967689842,0.04165705054234947,-0.056196630510039314,0.00036237686,0.005,2
2024-02-19,30.95,30.95,30.45,30.7,15783572,-0.0032467532467532756,-0.01760000000000006,-0.012861736334405238,0.0032679738562091387,0.011532125205930832,0.030201342281879207,30.93,30.395,28.858333333333334,30.574816636293182,30.089396653349688,0.485419982943494,0.5009845721759517,-0.015564589232457737,0.015811725828778305,-0.0005069898772787537,58.89118551081436,30.395,0.4530307297592515,31.301061459518504,29.488938540481495,0.05961911232232304,0.6683108782499598,0.603824561423827,0.019668552489375473,39.388091006954056,26.79811696525854,14.279371713911223,50.0,60.8333333333334,2535436764.0,2528910645.55,0.1751269166681656,-0.48095154316015887,1.1714207153863954,16298390.9,-0.08813681373756188,0.9684129001961782,0.016286644951140065,0.0100345451554531,0.06381749927808245,0.0,2.0,0.0,0.0,1213.24,1224.97,0.012622964371331813,0.032806097499283426,0.0613887637334074,0.09899351879142639,-0.01586971761808509,-0.029538123643074288,-0.031187421451528197,-0.029383598655997822,1.2206941643507263,0.6059642987873726,30.7,30.5,-0.006514657980456029,-0.0029159030747301085,-0.0035987549057259205,30.7,30.7,30.7,31.75,0.03420195439739415,0.027416004886988476,0.0067859495104056755,30.7,30.25,-0.014657980456026065,0.012877214416615823,-0.027535194872641888,0.00036237686,0.005,2
2024-02-20,30.7,31.05,30.55,30.7,16161281,0.0,-0.0032467532467532756,-0.01760000000000006,-0.0032467532467532756,0.0,0.026755852842809347,30.909999999999997,30.435000000000002,28.883333333333333,30.594075615325,30.13462653087934,0.4594490844456587,0.49267747462989314,-0.03322839018423446,0.014965768222985626,-0.0010823579864571485,58.89118551081436,30.435000000000002,0.44221333265730467,31.319426665314612,29.550573334685392,0.0581190514417355,0.6498145693660936,0.5964085213221251,0.019426987665215802,38.900885288464714,26.39103040808101,13.424290770264424,50.0,51.66666666666672,2535436764.0,2530257493.75,0.1750722647457697,-0.4311048329267937,1.1429671292506516,16448200.55,-0.04951343815183124,0.982556173903169,0.016286644951140065,0.00870708066370951,0.06289671090594351,1.0,2.0,0.016129032258064502,1.0,1227.75,1230.06,0.0041552038009093906,0.03498586429725359,0.05755210124492738,0.09748560596817314,-0.0041552038009093906,-0.038232617544006864,-0.03079624840211803,-0.029120313189170854,1.2185693987692838,0.606417508538003,31.0,30.75,-0.008064516129032251,0.004611213041289863,-0.012675729170322114,31.0,31.5,31.0,31.9,0.029032258064516148,0.031012031369238136,-0.001979773304721988,31.0,30.4,-0.01935483870967747,0.008670379450876009,-0.028025218160553478,0.00036237686,0.005,2
2024-02-21,31.0,32.0,30.85,31.5,44469935,0.026058631921824116,0.026058631921824116,0.022727272727272707,0.012861736334405016,0.05351170568561869,0.06060606060606055,30.99,30.525,28.92,30.733448597582694,30.23576530636976,0.4976832912129332,0.4936786379465012,0.004004653266432012,0.01579946956231534,0.0001271318497280004,66.81937702626087,30.525,0.4672145906167034,31.459429181233407,29.59057081876659,0.0612238611782741,1.0217088783084884,0.6466650555134019,0.02052904938137784,39.58194296240739,33.09483876760672,11.496644803960258,78.26086956521739,59.4202898550725,2579906699.0,2534589924.0,0.192754306593849,-0.2671894393147897,0.8937843376499908,17909612.0,3.1175893691922436,2.4830205701832067,0.03650793650793646,0.03194103194103204,0.08921161825726132,2.0,2.0,-0.011146496815286566,0.0,1231.78,1230.04,-1.62593694615909e-05,0.026290539243907007,0.05807161965712715,0.09727872310350456,0.026074891291285707,-0.013428802909501991,0.002534440948933403,0.002395339693313625,1.2058754074973461,0.5827690632661746,31.4,31.4,0.0,0.020083750050819305,-0.020083750050819305,31.4,31.05,31.4,31.55,0.004777070063694433,0.026734967678985422,-0.02195789761529099,31.4,31.15,-0.0079617834394905,0.02458023336179216,-0.03254201680128266,0.00036237686,0.005,2
2024-02-22,31.4,31.5,31.0,31.05,15528581,-0.014285714285714235,0.01140065146579805,0.01140065146579805,-0.006399999999999961,0.04194630872483218,0.04194630872483218,30.95,30.5875,28.952499999999997,30.7821488133392,30.296078987379406,0.4860698259597953,0.49215687554916004,-0.006087049589364735,0.01565442273622529,-0.000196040244423985,59.82961199860977,30.5875,0.4483522463900702,31.48420449278014,29.690795507219857,0.058632087799273674,0.7578887491497157,0.6361889801195875,0.020489178103690418,40.214353659639876,31.23696545582388,10.851247806975001,58.69565217391309,62.31884057971019,2564378118.0,2537432702.0,0.2022780454604012,-0.14632080818118315,0.27199082150214066,17972817.85,-0.2877029572733034,0.8640036932216502,0.01610305958132045,0.015120555782591083,0.07244624816509804,3.0,2.0,-0.0160513643659711,0.0,1229.85,1227.31,-0.0022194400182108387,0.020632016632016636,0.04982635621781606,0.09828796846942754,-0.012066274267503396,-0.027032016632016598,-0.007880047492983877,-0.007506048449167468,1.2255490208346544,0.5893802829459376,31.15,31.55,0.012841091492777013,0.01823132569292052,-0.005390234200143507,31.15,30.65,31.15,31.3,0.0048154093097914075,0.031016825164594142,-0.026201415854802734,31.15,31.5,0.011235955056179803,0.037486791839388856,-0.026250836783209053,0.00036237686,0.005,2
2024-02-23,31.15,31.55,30.65,30.65,33555215,-0.012882447665056418,-0.026984126984127,-0.0016286644951140072,-0.004870129870129913,0.025083612040133874,0.011551155115511413,30.919999999999998,30.604999999999997,28.993333333333336,30.761818226671632,30.322295358684634,0.439522867986998,0.4816300740367277,-0.04210720604972967,0.014340060945742188,-0.0013738077014593694,54.38380888200609,30.604999999999997,0.4433425668485517,31.4916851336971,29.718314866302894,0.057943808769619555,0.5253754113438052,0.6550326243967599,0.021371374368572917,39.83291523334604,28.171330918467607,13.602896681711943,41.30434782608691,59.4202898550725,2530822903.0,2537628419.15,0.20119406515365498,0.055742457519980707,0.2875554630546017,18681278.5,1.6197689049340942,1.7961947839918986,0.02936378466557919,0.0014703479823559018,0.05713957231547462,4.0,2.0,-0.004893964110929794,0.0,1230.3,1212.0,-0.012474435961574493,0.0019012978424401972,0.025814642403723997,0.10663960498034752,-0.0004080117034819253,-0.0067714277125701106,-0.014263487288212584,-0.013904546395233641,1.1836900277494726,0.5466911139209395,30.65,31.95,0.04241435562805873,0.03738880232165087,0.0050255533064078595,30.65,30.5,30.65,30.65,0.0,0.028377565069707122,-0.028377565069707122,30.65,31.65,0.03262642740619892,0.05677986363598886,-0.024153436229789937,0.00036237686,0.005,2
2024-02-26,30.65,30.75,30.15,30.5,24766318,-0.004893964110929794,-0.017713365539452464,-0.031746031746031744,-0.006514657980456029,-0.0032679738562092497,0.008264462809917328,30.880000000000003,30.617499999999996,29.029999999999998,30.72153849949138,30.335458665448737,0.38607983404264345,0.46252002603791087,-0.07644019199526741,0.0126583552145129,-0.002506235803123522,52.45560222366361,30.617499999999996,0.4362745996694093,31.490049199338813,29.74495080066118,0.05699676324577885,0.432668553195033,0.6511017226541344,0.02134759746406998,38.291481512671616,26.317023501299314,18.19272831798447,34.78260869565219,44.9275362318841,2506056585.0,2537255964.45,0.2020138795316548,0.09306127901056804,0.23286225821111567,19249450.35,0.6002784172624567,1.28659871059643,0.01967213114754103,-0.003837674532538471,0.05063727178780586,0.0,2.0,0.004901960784313708,1.0,1212.93,1224.17,0.01004125412541268,-0.0006530772182175015,0.0349238286864042,0.11105641502167747,-0.014935218236342473,-0.005861580762238527,-0.026659365876486874,-0.025759737226579094,1.1367960204756244,0.5291018033126927,30.6,31.75,0.037581699346405095,0.026429495577453554,0.01115220376895154,30.6,30.75,30.6,30.2,-0.013071895424836666,0.005337976939288502,-0.018409872364125168,30.6,30.85,0.008169934640522847,0.03167796375708942,-0.023508029116566576,0.00036237686,0.005,2
2024-02-27,30.6,30.85,30.35,30.75,15453918,0.008196721311475308,0.0032626427406199365,-0.009661835748792313,0.0016286644951140072,-0.0016233766233766378,0.008196721311475308,30.889999999999997,30.629999999999995,29.085833333333333,30.725917191877322,30.36616543097105,0.3597517609062706,0.4419663730115828,-0.08221461210531222,0.01169924425711449,-0.002673645922123975,55.30021295613251,30.629999999999995,0.43631229761896945,31.502624595237933,29.75737540476206,0.056978426068425556,0.5687580894779183,0.6403087424645534,0.02082304853543263,37.01113041515047,25.964681002708897,17.177998619667346,45.6521739130435,40.57971014492757,2521510503.0,2536759766.35,0.20197943554369596,0.09365040361318377,0.23521194109127472,19125706.95,-0.39799028046868046,0.8080181318474087,0.016260162601626018,0.003917727717923647,0.057215712116436945,1.0,2.0,0.017828200972447306,1.0,1228.93,1237.46,0.010856335312905863,0.006015966700811504,0.050921443736730465,0.11294541844536483,-0.0026596140014305547,-0.004387302205697496,-0.04272472242525516,-0.04065453481788339,1.0393487323061412,0.5083988535240149,30.85,31.9,0.034035656401944836,0.022717572497322314,0.011318083904622522,30.85,31.4,30.85,30.25,-0.01944894651539708,0.0026011258123486147,-0.022050072327745696,30.85,31.0,0.004862236628849326,0.032566417291446825,-0.0277041806625975,0.00036237686,0.005,2
2024-02-28,30.85,31.5,30.75,31.4,28488223,0.021138211382113692,0.02950819672131133,0.02446982055464919,-0.0031746031746032743,0.009646302250803762,0.021138211382113692,30.869999999999997,30.6625,29.139999999999997,30.82962223928081,30.44274576941764,0.3868764698631679,0.43094839238189986,-0.04407192251873193,0.01232090668354038,-0.0014035644114245838,61.714088340912454,30.6625,0.46872587657321657,31.599951753146435,29.725048246853568,0.0611464657576149,0.8933535766105698,0.6481438322885139,0.020641523321290253,36.69398255626461,30.98191934880032,15.758174993784303,73.33333333333327,51.25603864734302,2549998726.0,2536453829.2,0.21343219470925534,0.11975273393406577,-0.1651675685841264,19315967.9,0.9774002446420489,1.4748535070820863,0.02388535031847134,0.024052181002853557,0.07755662319835288,2.0,2.0,-0.0015822784810126667,0.0,1241.77,1254.55,0.013810547411633456,0.01992618126239787,0.06954994586391794,0.11707855969391724,0.007327663970480236,-0.023100784437001143,-0.04841173448180425,-0.04526365006984334,1.0349220916089688,0.5249690528753528,31.6,31.55,-0.0015822784810126667,0.002492874665565914,-0.004075153146578581,31.6,31.55,31.6,30.85,-0.02373417721518989,0.00866948769043896,-0.03240366490562885,31.6,30.9,-0.022151898734177333,0.018656864535285367,-0.0408087632694627,0.00036237686,0.005,2
2024-02-29,31.6,31.8,31.1,31.55,23717370,0.004777070063694433,0.026016260162601723,0.03442622950819674,0.016103059581320522,0.009600000000000053,0.03442622950819674,30.97,30.714999999999996,29.2025,30.940449587083762,30.52476460131263,0.4156849857711329,0.4278957110597465,-0.01221072528861361,0.013175435365170613,-0.00038702774290375947,63.03234376351059,30.714999999999996,0.5068218829663291,31.728643765932656,29.701356234067337,0.06600317538223407,0.9118804002270541,0.6518478442679058,0.020660787456985918,36.74040774284698,31.892808570324085,14.549443912416503,79.06976744186049,66.01842489607913,2573716096.0,2538206181.2,0.21090566807355549,-0.01692020480979717,-0.03259576557484014,19629415.75,0.43381383021951475,1.20825654222541,0.022187004754358138,0.027185414292691057,0.08038695317181754,3.0,2.0,0.006299212598425141,1.0,1259.59,1252.73,-0.0014507193814514707,0.020711963562588087,0.07037090834522419,0.11662250199078353,0.006227789445145904,-0.004608903981267565,-0.035944678837027455,-0.03358151698330192,1.0593183081603552,0.5421432441938032,31.75,31.3,-0.014173228346456623,0.00934177859825569,-0.023515006944712313,31.75,31.95,31.75,30.45,-0.04094488188976375,0.005999745368896692,-0.04694462725866044,31.75,32.0,0.007874015748031482,0.02662486472722647,-0.01875084897919499,0.00036237686,0.005,2
2024-03-01,31.75,32.2,31.7,31.95,27194729,0.012678288431061668,0.01751592356687892,0.039024390243902474,0.04241435562805873,0.037337662337662225,0.054455445544554504,31.229999999999997,30.797500000000003,29.276666666666664,31.095765035224723,30.63033759380799,0.46542744141673253,0.4354020571311437,0.03002538428558882,0.014567369058426684,0.0009397616364816532,66.35882546901044,30.797500000000003,0.566493136485435,31.930486272970874,29.66451372702913,0.07357650932516414,1.0086116343572091,0.6517158553916269,0.02039799234402588,37.1964247593278,34.00478007599003,13.51293407404883,87.80487804878034,80.06932627465807,2600910825.0,2542075365.65,0.21187367780944885,-0.21122831779875065,-0.04267671642439078,20232056.2,0.7324319310181074,1.3441406415231292,0.01564945226917069,0.03742186865817021,0.09131276329272464,4.0,3.0,-0.010903426791277315,0.0,1256.72,1258.28,0.004430324172008282,0.03818481848184807,0.07026631622819313,0.11661077811812993,0.008247964259053386,0.00422953714621066,-0.015810870683638623,-0.014772837791774074,1.0562525926999222,0.5320326530647407,32.1,30.65,-0.04517133956386299,-0.01322711558695333,-0.03194422397690966,32.1,31.75,32.1,30.5,-0.049844236760124616,-0.00022941767465411989,-0.049614819085470496,32.1,31.6,-0.015576323987538943,0.015837730505430914,-0.031414054492969856,0.00036237686,0.005,2
2024-03-04,32.1,32.2,31.65,31.75,17160970,-0.006259780907668211,0.006339144215530945,0.011146496815286566,0.040983606557376984,0.03420195439739415,0.046128500823723106,31.479999999999997,30.8675,29.3475,31.19641656826707,30.713275549822214,0.4831410184448579,0.4449498493938866,0.03819116905097131,0.015217039951019147,0.0012028714661723246,63.292150407484264,30.8675,0.5941103477166896,32.05572069543338,29.67927930456662,0.07698846329851006,0.8713535723589321,0.6444504371493681,0.020297651563759626,37.49445727266233,31.93184785745811,13.243367323779635,78.04878048780479,81.64114199281524,2583749855.0,2544639671.45,0.21425994303532706,-0.12384739044904769,-0.20659200925386692,20643274.55,-0.38001424768766595,0.8313104569933649,0.017322834645669426,0.02858994087632616,0.08186387256154704,0.0,3.0,0.0047244094488188,1.0,1264.07,1261.41,0.002487522649966767,0.03042061151637432,0.0729103760344989,0.11598069764116642,-0.008747303557634978,0.010562995041002665,-0.026781875210775796,-0.024961894123684658,1.0717709013868264,0.5351280007883789,31.75,30.2,-0.048818897637795344,-0.021696268083522763,-0.02712262955427258,31.75,31.9,31.75,30.25,-0.047244094488189003,-0.01530616284870423,-0.03193793163948477,31.75,31.4,-0.011023622047244164,0.014751878627592196,-0.02577550067483636,0.00036237686,0.005,2
2024-03-05,31.75,31.95,31.55,31.9,12354778,0.0047244094488188,-0.0015649452269170805,0.011093502377178988,0.0373983739837398,0.039087947882736174,0.039087947882736174,31.709999999999997,30.927500000000002,29.409166666666668,31.30466017314906,30.801181064650198,0.5034791084988619,0.4566557012148817,0.04682340728398021,0.01578304415356934,0.0014678184101561196,64.61301582437451,30.927500000000002,0.635459841789548,32.1984196835791,29.656580316420907,0.08218702989760535,0.8825969542234545,0.6269896916386989,0.01965484926767081,37.51126559250821,30.476738591102233,13.77910785544806,85.36585365853641,83.73983739837387,2596104633.0,2547249992.8,0.21173569957897073,-0.06202941216868544,-0.07418655461256049,20689290.1,-0.9141593936258727,0.597158140288245,0.012539184952978013,0.03144450731549586,0.08469581479697363,1.0,3.0,-0.00786163522012584,0.0,1262.89,1269.98,0.006793984509398054,0.026279637321610316,0.07657355995422366,0.11654547284679172,-0.002069575060579254,0.01111873666212948,-0.037485612071487484,-0.034819369029536085,1.0174205758441852,0.5018732313940901,31.8,30.25,-0.04874213836477992,-0.019530634745629216,-0.029211503619150703,31.8,31.55,31.8,30.4,-0.044025157232704504,-0.021530949755867,-0.022494207476837502,31.8,30.2,-0.05031446540880502,0.013576941250590613,-0.06389140665939563,0.00036237686,0.005,2
2024-03-06,31.8,32.15,31.35,31.55,18420990,-0.01097178683385569,-0.006299212598425141,-0.012519561815336422,0.004777070063694433,0.0015873015873015817,0.05518394648829439,31.74,31.009999999999998,29.471666666666668,31.34240476189536,30.856649133935367,0.4857556279599926,0.4624756865639039,0.023279941396088688,0.015396374895720844,0.0007378745291945701,59.25520246206342,31.009999999999998,0.6012268159450304,32.21245363189006,29.807546368109936,0.07755263669074883,0.7245408827745037,0.639347570807363,0.02026458227598615,37.52687331807938,27.752824402623556,12.547574918292156,68.29268292682924,77.23577235772352,2577683643.0,2550661300.15,0.1909700194483744,0.37505247211828285,-0.4926895440335856,19888304.1,-0.17201340736415857,0.9262222614546606,0.025356576862123524,0.01741373750403108,0.07051970819431097,2.0,3.0,-0.007923930269413626,0.0,1269.8,1262.73,-0.005708751318918459,0.0065202662309196135,0.08453075211928107,0.1049610427332605,-0.005263035514937231,-0.0017431961672251806,-0.029346805630986683,-0.027059449972847816,1.0079983664319623,0.5023730832469812,31.55,30.85,-0.022187004754358086,0.005763004361834412,-0.027950009116192498,31.55,31.3,31.55,31.15,-0.01267828843106189,-0.002493607656563035,-0.010184680774498855,31.55,30.1,-0.045958795562599075,0.006522960980977377,-0.05248175654357645,0.00036237686,0.005,2
2024-03-07,31.55,31.6,31.15,31.3,17425324,-0.007923930269413626,-0.018808777429467072,-0.014173228346456623,-0.007923930269413626,0.008051529790660261,0.05033557046979875,31.689999999999998,31.085,29.525,31.335880952372996,30.889489938829044,0.44639101354395194,0.45925875195991356,-0.012867738415961616,0.014261693723448944,-0.00041110985354509956,55.702191876500045,31.085,0.5319032361552659,32.14880647231053,30.02119352768947,0.06844500384819248,0.601052214663176,0.6258227443211231,0.019994336879269107,36.9870553002272,26.327412689516173,14.185828768582715,56.097560975609746,69.91869918699183,2560258319.0,2553735151.85,0.19358476293957844,0.3906811037888299,-0.5826432401261087,20225759.75,-0.3383664729941524,0.8615411344436641,0.014376996805111912,0.006916519221489503,0.06011854360711277,3.0,3.0,-0.022328548644338198,0.0,1263.23,1268.46,0.004537787175405761,0.012556576437061429,0.08136263661318655,0.10421590781572548,-0.012461717444819387,-0.020480506706475055,-0.031027066143387794,-0.0286925635238926,0.9895035319268963,0.4873802252759562,31.35,30.45,-0.028708133971291905,-0.006569125111973606,-0.0221390088593183,31.35,30.65,31.35,31.5,0.004784688995215225,0.002985965959988235,0.00179872303522699,31.35,29.7,-0.052631578947368474,-0.003433860853986226,-0.04919771809338225,0.00036237686,0.005,2
2024-03-08,31.35,31.5,30.6,30.65,34889636,-0.0207667731629394,-0.028526148969889142,-0.039184952978056464,-0.04068857589984354,0.0,0.025083612040133874,31.43,31.122500000000002,29.56,31.230360805854072,30.871749943360225,0.35861086249384755,0.4391291740667004,-0.08051831157285283,0.011700191272229937,-0.0026270248474013977,47.6946737762981,31.122500000000002,0.46636189923008653,32.055223798460176,30.18977620153983,0.0599388737061723,0.24670958284754277,0.6454068340124713,0.02105731921737264,35.1582095553191,23.7050721116852,18.859819086742164,24.390243902438975,49.59349593495935,2525368683.0,2554560410.75,0.2104228703726425,0.2909419640640078,-0.6696899873797796,21466130.55,1.573472106534643,1.6253341941964476,0.029363784665579075,-0.015181942324684838,0.036874154262516834,4.0,3.0,-0.013071895424836666,0.0,1272.62,1247.35,-0.01664222758305356,-0.008686460883110314,0.0637925888021833,0.12670606443512417,-0.004124545579885841,-0.032002115016733224,-0.03870897676204943,-0.03638771050815015,1.0700191546589286,0.5532095717371572,30.6,30.5,-0.0032679738562092497,0.012384644962829983,-0.015652618819039232,30.6,30.2,30.6,31.65,0.034313725490195957,0.02682004614201494,0.007493679348181015,30.6,29.6,-0.0326797385620915,0.005439310433222211,-0.03811904899531371,0.00036237686,0.005,2
2024-03-11,30.6,30.7,30.1,30.2,20140766,-0.014681892332789492,-0.03514376996805113,-0.0427892234548336,-0.048818897637795344,-0.00983606557377048,-0.013071895424836666,31.119999999999997,31.1025,29.593333333333337,31.0718437587996,30.821990688296506,0.24985307050309302,0.4012739533539789,-0.1514208828508859,0.008273280480234868,-0.005013936518241255,43.077655983242785,31.1025,0.4974871064193479,32.0974742128387,30.107525787161304,0.06398033681142654,0.0464706580559827,0.6421634887258661,0.021263691679664444,32.810894539909306,22.12302691639529,23.16269624976904,4.761904761904657,28.41656987998449,2505227917.0,2553362691.4,0.20060289519532035,0.41108581114188747,-0.4353856727218592,21457228.9,-0.15428825265587995,0.9386471148657971,0.019867549668874104,-0.02901696005144283,0.02050011263798135,0.0,3.0,0.004983388704318914,1.0,1248.32,1235.49,-0.009508157293462105,-0.02054843389540284,0.04167580054971931,0.13016881043631645,-0.005173735039327387,-0.028270463742392504,-0.05474769597455598,-0.052557327285192024,1.0917391352974117,0.5760019660152425,30.1,30.25,0.004983388704318914,0.00660514813016011,-0.001621759425841196,30.1,30.25,30.1,30.85,0.024916943521594792,0.026274890723652078,-0.0013579472020572858,30.1,29.0,-0.03654485049833889,0.012101343694349787,-0.048646194192688674,0.00036237686,0.005,2
2024-03-12,30.1,30.55,30.1,30.25,13197597,0.0016556291390728006,-0.013050570962479524,-0.033546325878594296,-0.051724137931034475,-0.016260162601625994,-0.017857142857142905,30.79,31.075,29.633333333333333,30.945406257445814,30.77962100768195,0.16578524976386433,0.354176212635956,-0.18839096287209167,0.005480504124425267,-0.006227800425523691,43.729456869406526,31.075,0.529274578029434,32.13354915605887,30.016450843941133,0.06812866652028114,0.1103156876192715,0.6284375252454472,0.02077479422298999,30.631244882743072,20.991494719199483,21.977987815451822,7.14285714285707,12.09833526906693,2518425514.0,2552152849.65,0.19904811644240197,0.47530668638052803,-0.3021091177059608,21445106.5,-0.9652257701122574,0.6154129847758042,0.014876033057851215,-0.02654867256637161,0.0208098987626546,1.0,3.0,0.018151815181518094,1.0,1235.4,1245.0,0.0076973508486510855,-0.01966960109608029,0.047556542810985425,0.13168844934133805,-0.006041721709578285,-0.032054536834954184,-0.06541368566812833,-0.062444061962134256,1.0742082185375685,0.576325283807393,30.3,30.4,0.0033003300330032292,-0.006191009438489825,0.009491339471493054,30.3,30.85,30.3,31.0,0.02310231023102305,0.025603903375459813,-0.0025015931444367645,30.3,29.15,-0.037953795379538025,0.010094384898416076,-0.0480481802779541,0.00036237686,0.005,2
2024-03-13,30.3,30.85,30.15,30.85,16467696,0.01983471074380172,0.021523178807947074,0.006525285481239873,-0.022187004754358086,-0.01751592356687892,-0.008038585209003246,30.65,31.0625,29.680833333333332,30.93072837168492,30.784834266372176,0.14589410531274538,0.3125197911713139,-0.16662568585856852,0.004729144418565491,-0.005401156753924425,50.982921873131446,31.0625,0.5316001168278601,32.12570023365572,29.99929976634428,0.06845554824342669,0.40006586093884877,0.6335491305850582,0.020536438592708532,28.854583750750304,22.717142114355035,20.243474519288345,35.71428571428569,15.873015873015833,2534893210.0,2551156194.95,0.20912529310383635,0.47749365269756006,-0.5777227590517605,21658293.55,-0.6214064308850895,0.7603413427739786,0.022690437601296687,-0.0068410462776659076,0.03939130190639317,2.0,3.0,-0.014563106796116498,0.0,1250.2,1270.51,0.02048995983935753,0.006161253791388432,0.0600569030395568,0.14530292071026754,-0.0006552490955558099,-0.02834825854574652,-0.06809548824856004,-0.06423757824066456,1.0634164608422743,0.5961211513035379,30.9,31.15,0.008090614886731462,-0.012476489028213189,0.02056710391494465,30.9,30.45,30.9,30.9,0.0,0.005556426332288256,-0.005556426332288256,30.9,29.1,-0.05825242718446588,-0.013667711598746135,-0.04458471558571975,0.00036237686,0.005,2
2024-03-14,30.9,30.95,30.4,30.45,15815024,-0.012965964343598091,0.006611570247933907,0.008278145695364225,-0.02715654952076685,-0.03486529318541998,-0.025600000000000067,30.48,31.0225,29.730833333333333,30.85677016065647,30.760031728122385,0.0967384325340852,0.26936351944386816,-0.17262508690978295,0.003176960017539744,-0.005669132575033923,46.6643235486761,31.0225,0.5466344395729088,32.11576887914582,29.929231120854183,0.07048231955166848,0.23817054023924022,0.6275813355432684,0.02061022448417959,27.38984690302919,22.433237176276236,18.976261313486958,16.666666666666554,19.841269841269796,2519078186.0,2548509213.95,0.21282181313180162,0.6221642584153513,-0.5548953168658342,21589469.65,-0.6876568819154699,0.732534159309467,0.018062397372742223,-0.018454347650898595,0.0241892535807382,3.0,3.0,0.0016420361247948545,1.0,1276.0,1264.26,-0.004919284381862399,-0.0033111016508207136,0.05135966735966746,0.14795204836871467,-0.008046679961735692,-0.023845447869946135,-0.07695966735966753,-0.0732001328840588,1.049475946926719,0.581229053547445,30.45,31.5,0.034482758620689724,0.010017724884471724,0.024465033736218,30.45,30.5,30.45,32.0,0.05090311986863716,0.020905868202823363,0.029997251665813796,30.45,28.85,-0.05254515599343179,-0.004399569538519943,-0.04814558645491185,0.00036237686,0.005,2
2024-03-15,30.45,30.75,30.2,30.5,17496203,0.0016420361247948545,-0.011345218800648316,0.008264462809917328,-0.004893964110929794,-0.04538341158059467,-0.009740259740259716,30.45,31.0075,29.7875,30.801882443632397,30.74077011863184,0.06111232500055763,0.22771328055520607,-0.16660095555464843,0.002003682786903529,-0.005462326411627818,47.265644627868625,31.0075,0.5570776663237033,32.12165533264741,29.893344667352594,0.07186360284753086,0.2722489920709255,0.6220398115758922,0.020394747920521053,25.597187517491722,21.0164375923748,20.074383066607872,19.047619047618966,23.809523809523764,2536574389.0,2547776916.6,0.207179150197643,0.5302299691727885,-0.4835792683782171,21424406.3,-0.465097948212842,0.8166482074231387,0.018032786885245924,-0.016367007981939907,0.023919429290809813,4.0,3.0,-0.008196721311475419,0.0,1263.76,1263.78,-0.00037966873902517406,0.013171924479897346,0.04470529883442165,0.14771524809841682,0.0020217048638200286,-0.01806588859082714,-0.05444555857468136,-0.052115710177239705,1.0299639339869406,0.5743178932623545,30.5,31.65,0.03770491803278686,0.012392288189809753,0.025312629842977108,30.5,30.25,30.5,31.6,0.0360655737704918,0.01420097779813756,0.02186459597235424,30.5,29.1,-0.04590163934426228,0.008285220083563027,-0.05418685942782531,0.00036237686,0.005,2
2024-03-18,30.5,30.7,29.7,30.25,26188462,-0.008196721311475419,-0.006568144499178974,-0.01944894651539708,0.0016556291390728006,-0.047244094488189003,-0.014657980456026065,30.46,30.985000000000003,29.84,30.716977452304338,30.704416776510964,0.012560675793373832,0.18468275960283964,-0.1721220838094658,0.00041522895184706885,-0.005689986241635234,44.5604831202519,30.985000000000003,0.5788145780734532,32.14262915614691,29.827370843853096,0.07472190777130269,0.18254082229303792,0.6490369678918999,0.021455767533616527,24.56071740981191,18.703512153602126,23.36779187445082,21.999999999999996,19.2380952380952,2510385927.0,2546524374.75,0.2088171001670032,0.569025925094019,-0.5196243485854417,21944650.8,0.5051821034418059,1.193387046286469,0.03305785123966942,-0.023721155397773197,0.013739946380697088,0.0,3.0,0.0033003300330032292,1.0,1266.11,1243.56,-0.015999620187057917,0.006531821382609326,0.015175881858331186,0.15572944781197834,0.007802898875582498,-0.004876192243536526,-0.02983386231435725,-0.029387875389380702,1.0025697253813768,0.5792408080407077,30.3,30.85,0.018151815181518094,0.017103342050796444,0.00104847313072165,30.3,30.4,30.3,31.4,0.03630363036303619,0.028061674715612828,0.00824195564742336,30.3,27.5,-0.09240924092409242,-0.024010460955926072,-0.06839877996816635,0.00036237686,0.005,2
2024-03-19,30.3,30.55,29.9,30.4,13161522,0.0049586776859502635,-0.003278688524590234,-0.0016420361247947435,0.0049586776859502635,-0.047021943573667735,-0.009771986970684043,30.49,30.97,29.908333333333335,30.66821169041136,30.6818673856583,-0.013655695246939104,0.1450150686328839,-0.158670763879823,-0.0004492005015440495,-0.0052194330223625995,46.537598483270486,30.97,0.5903611740200665,32.150722348040134,29.789277651959864,0.07624942512367677,0.2586223378654026,0.6491057558996215,0.021352163023013866,23.598280881252084,17.36570650006089,21.696364400098382,27.999999999999932,23.015873015872995,2523547449.0,2545929909.0,0.20976345002143904,0.5032870219949843,-0.6209540151933918,21794662.85,-1.0115038697669407,0.6038873870443928,0.02138157894736849,-0.018404907975460127,0.016439119531902913,1.0,3.0,0.024671052631578982,1.0,1246.54,1242.46,-0.0008845572388946898,-0.002040160642570288,0.01008080906622455,0.15531588355140635,0.005843234924844953,0.006998838328520551,-0.019852796036908593,-0.019654661150588226,0.9188125652257894,0.5504339778095898,30.4,31.0,0.019736842105263275,0.03088945883147476,-0.011152616726211484,30.4,31.15,30.4,30.2,-0.006578947368421018,0.034772751027102755,-0.04135169839552377,30.4,27.3,-0.10197368421052622,-0.02260027818200816,-0.07937340602851806,0.00036237686,0.005,2
2024-03-20,30.4,31.25,30.15,31.15,28149376,0.024671052631578982,0.02975206611570247,0.021311475409836023,0.00972447325769843,-0.01267828843106189,-0.011111111111111183,30.55,30.952499999999997,29.984166666666667,30.742332968809613,30.71654387560954,0.02578909320007483,0.1211698735463221,-0.09538078034624727,0.0008279002632447779,-0.0030619833176965417,55.150090502531484,30.952499999999997,0.5788998186222547,32.11029963724451,29.79470036275549,0.07481138113202555,0.585291095992238,0.6813124876210772,0.021871989971784182,22.51069056692375,22.70180659831718,19.194260920864753,57.99999999999989,35.99999999999997,2551696825.0,2544519415.3,0.20748684112791385,0.465294748334129,-0.7141447074918673,20978634.9,1.0436484328802793,1.3418116161600202,0.035313001605136486,0.006380744689443496,0.038881631972429886,2.0,3.0,0.008000000000000007,1.0,1243.79,1260.08,0.014181543067784741,-0.008209301776452071,0.02442197001723523,0.1626368119551008,0.010489509563794241,0.0179337750341505,-0.03553308112834641,-0.034685981137000166,0.957164910456956,0.5726595141683687,31.25,30.9,-0.011200000000000099,0.010338908312072626,-0.021538908312072724,31.25,31.5,31.25,30.1,-0.036799999999999944,0.0011890138272070416,-0.037989013827206985,31.25,26.8,-0.14239999999999997,-0.060592459605027016,-0.08180754039497296,0.00036237686,0.005,2
2024-03-21,31.25,31.5,31.1,31.5,15679993,0.011235955056179803,0.03618421052631593,0.04132231404958686,0.034482758620689724,0.006389776357827559,0.01449275362318847,30.76,30.975,30.06,30.858897127454288,30.774577662601423,0.08431946485286446,0.11379979180763057,-0.029480326954766115,0.002676808408027443,-0.0009358833953894005,58.5091962893994,30.975,0.5914967633499856,32.157993526699975,29.79200647330003,0.07638376282162855,0.7218947053178364,0.6612187385052859,0.02099107106365987,21.913891258136815,24.421496579606167,18.364872062161886,71.99999999999991,52.66666666666661,2567376818.0,2544669350.3,0.20471892770461342,0.2690609277961255,-0.8163353790101926,20986205.5,-0.7729821370226345,0.7471571266182445,0.012698412698412653,0.016949152542372836,0.04790419161676662,3.0,3.0,0.0,0.0,1269.96,1276.42,0.012967430639324595,0.009618274721971742,0.04001434030522044,0.16720145018091911,-0.0017314755831447926,0.02486448389871798,-0.02552158668203197,-0.024539648823055593,0.9475885717765659,0.5779022321781485,31.65,32.0,0.011058451816745807,0.006726177471207073,0.004332274345538734,31.65,31.65,31.65,29.7,-0.06161137440758291,-0.01038577983083111,-0.0512255945767518,31.65,26.8,-0.15323854660347547,-0.08326570741908301,-0.06997283918439245,0.00036237686,0.005,2
2024-03-22,31.65,32.4,31.55,31.65,32810815,0.004761904761904745,0.01605136436597121,0.04111842105263164,0.03770491803278686,0.03262642740619892,0.03262642740619892,30.99,31.025,30.144166666666667,30.98060526169209,30.839423761667984,0.141181500024107,0.11927613345092586,0.02190536657318115,0.004460710901235608,0.0006921126879362134,59.89551459000738,31.025,0.6046965311110313,32.23439306222206,29.815606937777936,0.07796248588055198,0.7583940736569401,0.6782745428977653,0.021430475289028923,22.565215581780297,31.58469933857753,16.62428054115624,72.22222222222221,67.40740740740738,2600187633.0,2548137586.8,0.1985681164160961,0.13771130165782589,-0.6545949279087746,20948985.5,1.7457927533504567,1.5662245314934224,0.02685624012638224,0.020145044319097583,0.049954385867912565,4.0,3.0,-0.02373417721518989,0.0,1281.56,1281.8,0.004214913586436886,0.014258810868980287,0.057590759075907494,0.1582741133267467,0.0005469911754678591,0.023446107163806573,-0.024964331669708573,-0.023604907149076926,0.9431535916040719,0.5836931432868536,31.6,31.6,0.0,0.004089579781993313,-0.004089579781993313,31.6,30.85,31.6,29.6,-0.06329113924050633,-0.018571227499491694,-0.04471991174101464,31.6,27.65,-0.1250000000000001,-0.06931173076020825,-0.055688269239791865,0.00036237686,0.005,2
2024-03-25,31.6,31.7,30.8,30.85,25050727,-0.025276461295418606,-0.02063492063492056,-0.009630818619582593,0.01983471074380172,0.021523178807947074,0.011475409836065653,31.110000000000003,31.0425,30.205,30.960512144508694,30.840207186729614,0.12030495777908001,0.1194818983165567,0.0008230594625233123,0.0038996744823040523,2.6679399109345616e-05,50.251766577873184,31.0425,0.5936672380000052,32.22983447600001,29.85516552399999,0.07649734886043386,0.4189360690306462,0.6941120755479249,0.022499581055038083,21.766339286023378,28.65945854676856,22.802589864882208,42.59259259259268,62.27160493827163,2575136906.0,2551591602.85,0.21958746632034393,-0.0786567211434788,-0.6455020597572351,20963205.95,0.600821068497899,1.1949854931420927,0.029173419773095576,-0.0062011758073607925,0.021354080450256774,0.0,3.0,0.006493506493506551,1.0,1278.86,1267.86,-0.010875331564986768,0.019540673550130228,0.03568948757117063,0.16301437849985623,-0.014401129730431839,0.0002940371936714925,-0.024214077735104977,-0.02337966931757718,1.0148847523982474,0.6308567274947434,30.8,31.4,0.01948051948051943,0.010702314760045795,0.008778204720473637,30.8,31.0,30.8,29.0,-0.05844155844155852,-0.013880673528136045,-0.04456088491342247,30.8,27.8,-0.09740259740259738,-0.07141448795299499,-0.025988109449602392,0.00036237686,0.005,2
2024-03-26,30.8,31.0,30.75,31.0,19271784,0.004862236628849326,-0.020537124802527562,-0.015873015873015928,0.019736842105263275,0.024793388429751984,0.008130081300812941,31.23,31.055,30.263333333333332,30.966587199199665,30.85204369141631,0.11454350778335609,0.11849422020991658,-0.00395071242656049,0.0036949518639792286,-0.000127442336340661,51.81823000238521,31.055,0.5898037140044992,32.234607428009,29.875392571991,0.07596892146250199,0.47668715934892364,0.6623897844373589,0.021367412401205124,20.939775205948393,27.886837867069037,22.727035789679057,48.14814814814818,54.32098765432105,2594408690.0,2555236512.2,0.21838556673850665,-0.047507826185867665,-0.5911997954796556,21154099.25,-0.28122901651097104,0.9110188891639998,0.008064516129032258,-0.001771051360489495,0.024341887873113865,1.0,3.0,-0.003225806451612967,0.0,1267.95,1282.21,0.011318284353162067,0.03199298166540565,0.03616278505971904,0.1633624500484225,-0.006456047724312741,-0.012256139560142376,-0.028032703758906097,-0.0270543433552195,1.00485881433717,0.6236650578374474,31.0,30.2,-0.02580645161290329,0.0005441796103673457,-0.026350631223270637,31.0,30.9,31.0,29.15,-0.05967741935483872,-0.018284434908344638,-0.041392984446494085,31.0,28.6,-0.07741935483870965,-0.06275945706422881,-0.014659897774480846,0.00036237686,0.005,2
2024-03-27,31.0,31.2,30.65,30.9,15099637,-0.003225806451612967,0.0016207455429497752,-0.023696682464455,-0.008025682182985605,0.0016207455429497752,-0.015923566878980888,31.179999999999996,31.029999999999994,30.32,30.956343014707407,30.855596010570657,0.10074700413674975,0.11494477699528322,-0.014197772858533464,0.0032604208458495067,-0.000459474849790727,50.67269072160908,31.029999999999994,0.5849876291996793,32.199975258399355,29.860024741600636,0.07540929799544697,0.44444326960475644,0.6543619426918333,0.021176761899412082,20.453696231289616,28.39575665049306,21.36258016299385,44.44444444444443,45.0617283950618,2579309053.0,2556702028.55,0.20452415526832327,0.016365791179483002,-0.2487403049724524,20484669.95,-0.817179935209413,0.7371188814296713,0.017799352750809086,-0.004189494038027597,0.01912928759894461,2.0,3.0,0.025641025641025772,1.0,1286.34,1283.09,0.0006863150341986923,0.018260745349501617,0.02274919293770683,0.1571178912429966,-0.003912121485811659,-0.026286427532487222,-0.03867275981668772,-0.037812554714030666,1.0086865014756856,0.625131193587131,31.2,30.1,-0.03525641025641024,-0.016674013750647698,-0.018582396505762544,31.2,32.0,31.2,29.1,-0.06730769230769229,-0.02665831419224618,-0.04064937811544611,31.2,28.45,-0.08814102564102566,-0.06810360161790519,-0.020037424023120476,0.00036237686,0.005,2
2024-03-28,31.2,32.0,30.8,32.0,32001386,0.035598705501618255,0.032258064516129004,0.037277147487844386,0.015873015873015817,0.05090311986863716,0.014263074484944571,31.279999999999994,31.0525,30.396666666666665,31.116905627829343,30.940366676454314,0.17653895137502928,0.12726361187123245,0.04927533950379684,0.005516842230469665,0.0015398543594936512,60.90971282450722,31.0525,0.613976469633835,32.28045293926767,29.82454706073233,0.07908882951566992,0.8858046875009209,0.6933360896424167,0.02166675280132552,20.977260711893152,33.12703166224652,18.72161234516462,85.18518518518523,59.259259259259316,2611310439.0,2558581745.7,0.24144741943689854,0.464656766132518,0.1858067698253495,20898870.75,1.5752556770207824,1.5312495293555515,0.03749999999999998,0.03051284115610664,0.052747011733742744,3.0,3.0,-0.020155038759689825,0.0,1293.03,1290.18,0.005525723059177645,0.010780150734084337,0.029894709953461662,0.15752444694446172,0.03007298244244061,0.005092865138931479,-0.01563163546851709,-0.01517789665044833,1.034719688557879,0.6057445107226114,32.25,29.7,-0.07906976744186045,-0.018913901137154854,-0.060155866304705596,32.25,31.6,32.25,28.85,-0.10542635658914723,-0.02668832675794852,-0.07873802983119871,32.25,28.2,-0.12558139534883728,-0.0643459426007581,-0.06123545274807918,0.00036237686,0.005,2
2024-03-29,32.25,32.6,31.6,31.6,34580461,-0.012499999999999956,0.02265372168284796,0.019354838709677358,-0.0015797788309636074,0.0360655737704918,-0.010954616588419341,31.27,31.034999999999997,30.46333333333333,31.191227838932523,30.989228404124365,0.20199943480815818,0.1422107764586176,0.059788658349540585,0.00639238717747336,0.0018920461503019173,56.33156295437404,31.034999999999997,0.5916302187940919,32.21826043758818,29.85173956241181,0.07625329064528329,0.7387471016742667,0.7152406546679584,0.02263419793253033,22.050343499199613,35.81074060116594,16.85195069222709,65.51724137931038,65.04895700298005,2576729978.0,2557372703.35,0.2415844766590642,0.6733983950251493,0.41190426355767373,21268157.35,1.758674824073992,1.62592651685455,0.03164556962025316,0.01820525213468671,0.03731261625998483,4.0,3.0,-0.0031746031746032743,0.0,1292.7,1284.09,-0.004720271590010761,0.0017865501638321124,0.02051212766633803,0.15862764253236306,-0.007779728409989195,-0.00336632899479572,-0.03146674425475737,-0.030834267816801098,1.0498232605184266,0.6113800492742498,31.5,29.6,-0.060317460317460325,-0.021257515381676084,-0.03905994493578424,31.5,31.4,31.5,29.1,-0.07619047619047614,-0.004499481428916763,-0.07169099476155938,31.5,27.6,-0.12380952380952381,-0.05147500331417609,-0.07233452049534772,0.00036237686,0.005,2
2024-04-01,31.5,31.7,31.05,31.4,24134887,-0.006329113924050778,-0.018750000000000044,0.016181229773462702,0.017828200972447306,0.0380165289256198,-0.011023622047244164,31.380000000000003,31.017499999999995,30.520833333333332,31.223346632942903,31.019655929744783,0.2036907031981201,0.15450676180651812,0.04918394139160198,0.006486965070003826,0.0015663675602421013,54.140376119303454,31.017499999999995,0.5742901797237953,32.166080359447584,29.868919640552406,0.07406015052454834,0.6665098993090773,0.7105806079059612,0.022629955665794944,22.065829810871325,33.470905388365836,21.279540464790895,58.62068965517235,69.77437207322268,2552595091.0,2555814965.15,0.24160674905771792,0.6738532173008336,0.41128038405645606,21616853.2,0.33436114583282295,1.1164847527391268,0.020700636942675116,0.012331748206657611,0.028805460750853218,0.0,4.0,-0.00983606557377048,0.0,1282.37,1281.52,-0.002001417346136125,0.010774060227469962,0.01594247706931129,0.15889310480267113,-0.0043276965779146526,0.007054140744977344,-0.026966099116555453,-0.0265429389214481,1.0592434563062363,0.6194471526054288,30.5,29.0,-0.049180327868852514,-0.02039361318729549,-0.028786714681557024,30.5,30.2,30.5,27.5,-0.09836065573770492,-0.04682774722261407,-0.05153290851509085,30.5,27.55,-0.09672131147540985,-0.043364828656042964,-0.05335648281936689,0.00036237686,0.005,2
2024-04-02,30.5,30.95,29.6,30.2,105105504,-0.03821656050955413,-0.044303797468354444,-0.05625000000000002,-0.02580645161290329,-0.006578947368421018,-0.053291536050156685,31.22,30.932499999999997,30.561666666666667,31.065908689413227,30.958940675689615,0.10696801372361264,0.14499901218993705,-0.038030998466324406,0.003541987209391147,-0.0012593045849776294,43.265881174074764,30.932499999999997,0.5624839178995423,32.05746783579908,29.807532164200914,0.07273694889188285,0.17443513641450406,0.788396278769821,0.02610583704535831,20.845126271883267,28.0124801810879,30.94625521911845,19.99999999999993,48.045977011494244,2447489587.0,2548384212.85,0.27517157219004756,0.2646053758197274,0.4720243593079941,26254389.5,3.9603119469510326,4.003349763665234,0.04470198675496682,-0.02368059484361107,-0.011833996836996263,1.0,4.0,-0.013114754098360604,0.0,1276.38,1287.04,0.004307384980335893,0.003766933653613691,0.013433282413896297,0.15789906366094333,-0.042523945489890025,-0.029573385266516983,-0.06672481846405298,-0.0658403662302477,1.0312696357434779,0.5622923223676819,30.5,29.15,-0.04426229508196722,-0.017490080136932984,-0.026772214945034234,30.5,30.1,30.5,27.3,-0.10491803278688527,-0.05416634248813501,-0.05075169029875026,30.5,28.1,-0.07868852459016384,-0.034015404963821716,-0.04467311962634213,0.00036237686,0.005,2
2024-04-03,30.5,30.8,30.1,30.1,26966528,-0.0033112582781456013,-0.0414012738853502,-0.04746835443037978,-0.025889967637540368,-0.033707865168539186,-0.045958795562599075,31.060000000000002,30.860000000000003,30.58833333333333,30.917307352580423,30.895315440453345,0.02199191212707774,0.12039759217736519,-0.09840568005028745,0.0007306283098696923,-0.003269291696022839,42.499794176525036,30.860000000000003,0.5720691897800707,32.004138379560146,29.71586162043986,0.07415025142969171,0.16787234237689902,0.7820822588576909,0.025982799297597704,19.71161584282293,26.221589270072798,28.96780251362437,16.666666666666668,31.762452107279675,2420523059.0,2540526183.65,0.27341530535356057,0.2023273227830513,0.545731593943144,26681666.4,0.014368889073077032,1.0106763046853775,0.023255813953488347,-0.024627349319507497,-0.015964692420857518,2.0,4.0,-0.013289036544850585,0.0,1285.3,1271.47,-0.01209752610641468,-0.009056262616028432,0.006921511328629171,0.16289546380702027,0.008786267828269079,-0.016833705021511935,-0.052880306891228246,-0.052516811187649504,0.9497804873419533,0.5419668847611092,30.1,29.1,-0.03322259136212624,-0.010464906004544416,-0.022757685357581825,30.1,29.7,30.1,26.8,-0.10963455149501666,-0.06200319215014105,-0.04763135934487561,30.1,28.3,-0.0598006644518273,-0.01827230770440358,-0.04152835674742372,0.00036237686,0.005,2
2024-04-04,30.1,30.2,29.65,29.7,30279141,-0.013289036544850585,-0.01655629139072845,-0.05414012738853502,-0.07187500000000002,-0.05714285714285716,-0.051118210862619806,30.6,30.779999999999994,30.60666666666667,30.730029298337282,30.80677355597532,-0.07674425763803683,0.08096922221428479,-0.15771347985232162,-0.0025839817386544388,-0.0053102181768458455,39.487890062274346,30.779999999999994,0.6173798625949343,32.01475972518986,29.545240274810126,0.08023130118192774,0.0626679515182906,0.7655049546535702,0.025774577597763304,19.162992413604876,24.87589730829103,31.68008398042442,3.3333333333332624,13.333333333333314,2390243918.0,2532025463.6,0.27555759257664003,0.23603936106702197,0.4473753105785913,27324357.25,0.1498591356412547,1.108137356094625,0.018518518518518542,-0.0350877192982455,-0.029623175778697552,3.0,4.0,0.003389830508474523,1.0,1271.87,1268.25,-0.002532501749943017,-0.016997628237920392,-0.00016555508254101348,0.1624432395811126,-0.010756534794907568,-0.05487737176207963,-0.05095265578007879,-0.050961092647978545,0.9632166577957817,0.5449754646451699,29.5,28.85,-0.02203389830508473,-0.0003019275691651391,-0.021731970735919592,29.5,29.6,29.5,26.8,-0.09152542372881356,-0.0665273562268589,-0.024998067501954657,29.5,27.95,-0.05254237288135599,-0.0064517154253205256,-0.046090657456035466,0.00036237686,0.005,2
2024-04-05,29.5,29.85,29.15,29.6,25462352,-0.0033670033670032407,-0.01661129568106312,-0.01986754966887405,-0.06329113924050633,-0.06477093206951023,-0.03425774877650889,30.2,30.7275,30.611666666666668,30.556178637054625,30.71738292219937,-0.16120428514474483,0.032534520742478874,-0.1937388058872237,-0.005446090714349487,-0.006545229928622422,38.74856633291633,30.7275,0.6713056798436735,32.070111359687345,29.384888640312653,0.08738825870554691,0.08010931761274594,0.7608260293211725,0.02570358207166123,19.1662275465632,23.241101944462194,34.29227690734172,13.043478260869637,11.014492753623218,2364781566.0,2523996107.75,0.26702987456804056,0.1619864330387555,0.8171470751161626,26852993.05,-0.07080934814987015,0.9482128101172692,0.023648648648648744,-0.03669351558050604,-0.033048402025371626,4.0,4.0,-0.010238907849829393,0.0,1258.58,1255.11,-0.010360733293908964,-0.022568511552928494,0.006221188920511489,0.1552580297151735,0.006993729926905723,-0.04072262768757784,-0.04047893769702038,-0.04022866755613319,0.9271982182807517,0.5487715362509639,29.3,29.1,-0.0068259385665528916,0.016911348845360274,-0.023737287411913166,29.3,29.0,29.3,27.65,-0.056313993174061494,-0.051897050272031287,-0.0044169429020302076,29.3,27.8,-0.05119453924914674,-0.005360969275990168,-0.045833569973156574,0.00036237686,0.005,2
2024-04-08,29.3,29.45,28.95,29.0,26858560,-0.020270270270270285,-0.023569023569023573,-0.03654485049833889,-0.07643312101910826,-0.05996758508914102,-0.039735099337748325,29.72,30.6675,30.608333333333334,30.31676653904622,30.590169372406823,-0.27340283336060267,-0.028652950078137437,-0.24474988328246522,-0.009427683908986299,-0.008439651147671215,34.5667478993026,30.6675,0.7676476370951397,32.20279527419028,29.13220472580972,0.10012523187023911,-0.043055146469934504,0.7529098843696603,0.025962409805850357,19.365169477065947,21.807927557848096,34.07502647317271,1.3698630136986487,5.915558202633878,2337923006.0,2515630862.2,0.2713607738233308,0.1589058688640965,0.6341801107154859,27188882.75,-0.01687409359769501,0.9878508156058748,0.017241379310344827,-0.05437352245862881,-0.05254560304927858,0.0,4.0,0.005172413793103292,1.0,1255.37,1250.35,-0.00379249627522682,-0.02432267931830956,0.01202761657318141,0.15172739054221804,-0.016477773995043465,-0.052110441700798704,-0.051762715910929735,-0.05114753299539698,0.9551237629205969,0.5558715238074498,29.0,27.5,-0.051724137931034475,-0.02857713190673916,-0.023147006024295314,29.0,29.15,29.0,27.8,-0.04137931034482756,-0.05988502076014057,0.018505710415313015,29.0,27.6,-0.0482758620689655,-0.006148195464707795,-0.04212766660425771,0.00036237686,0.005,2
2024-04-09,29.0,29.25,28.7,29.15,17954743,0.005172413793103292,-0.015202702702702853,-0.01851851851851849,-0.03476821192052981,-0.05967741935483872,-0.036363636363636376,29.51,30.6125,30.6075,30.13726399457757,30.48349015963595,-0.3462261650583791,-0.09216759307418577,-0.25405857198419335,-0.011877398458263435,-0.008715559930847114,36.41428755064029,30.6125,0.8355387483539679,32.283577496707935,28.941422503292063,0.10917615331697415,0.062408086135693326,0.7384163212003989,0.025331606216137184,19.793571040856833,20.647687749214906,34.680447180402375,11.538461538461513,8.650600937676629,2355877749.0,2507503473.95,0.272255260156573,0.12672981133254582,0.5742591794997371,27426740.05,-0.4876162788514844,0.6546437151213674,0.01886792452830191,-0.047774601878317724,-0.04761904761904767,1.0,4.0,-0.0068259385665528916,0.0,1252.4,1262.82,0.00997320750189945,-0.01881837394331176,0.014313253012048222,0.1533376633324862,-0.004800793708796158,-0.01594983797721805,-0.0506768893756846,-0.04996177386541811,0.9500386339956813,0.5571756391767589,29.3,27.3,-0.06825938566552903,-0.040111174278314676,-0.02814821138721435,29.3,29.1,29.3,28.6,-0.023890784982935176,-0.048062346029941305,0.02417156104700613,29.3,27.25,-0.06996587030716728,-0.02076621817952118,-0.0491996521276461,0.00036237686,0.005,2
2024-04-10,29.3,29.45,29.1,29.1,14934420,-0.0017152658662091813,0.0034482758620690834,-0.016891891891891886,-0.03322259136212624,-0.05825242718446588,-0.05672609400324147,29.310000000000002,30.525,30.601666666666667,29.977684918488713,30.381009407070323,-0.4033244885816103,-0.1543989721756707,-0.2489255164059396,-0.013859948061223721,-0.008554141457248783,36.04890253048348,30.525,0.898610037781086,32.32222007556217,28.727779924437826,0.11775397710481067,0.10355439509703471,0.7106722982575131,0.024421728462457493,19.86641514986105,21.931513272002423,33.460459878750314,10.256410256410305,7.7215782695235164,2340943329.0,2497805979.9,0.2601119659555503,0.23190377773489373,1.2216628130525475,27350076.25,-0.6375635784596555,0.546046740911737,0.012027491408934634,-0.04668304668304657,-0.04907140133979626,2.0,4.0,-0.0017301038062282892,0.0,1266.48,1258.56,-0.003373402385138058,-0.010153601736572648,-0.009405671738120902,0.1348899892769325,0.0016581365189288766,-0.023068989625553593,-0.047320422265120565,-0.047769728651838816,0.9441800459049817,0.5571391923743984,28.9,26.8,-0.07266435986159159,-0.04550036803533153,-0.02716399182626006,28.9,28.85,28.9,28.45,-0.01557093425605538,-0.03593144941914428,0.0203605151630889,28.9,27.25,-0.05709342560553632,-0.005280506928665218,-0.0518129186768711,0.00036237686,0.005,2
2024-04-11,28.9,29.1,28.75,28.85,10465198,-0.00859106529209619,-0.010291595197255532,-0.005172413793103403,-0.028619528619528545,-0.09843749999999996,-0.05254515599343179,29.139999999999997,30.445,30.590833333333332,29.80419493102891,30.26760130284289,-0.46340637181398137,-0.21620045210333283,-0.24720591971064854,-0.016062612541212527,-0.008568662728272046,34.20102683212788,30.445,0.973720482966391,32.392440965932785,28.49755903406722,0.12793174353311104,0.09048822842338909,0.6849099912391194,0.02374038097882563,20.296133461892534,21.130987890837932,35.88922938760463,3.8461538461538987,8.5470085470086,2330478131.0,2488375977.15,0.2582987535242241,0.20366679264938123,1.331851233367133,27082584.95,-0.8445479289723855,0.3864179885088849,0.012131715771230551,-0.05238955493512887,-0.05690702552507554,3.0,4.0,0.0,0.0,1249.88,1258.2,-0.00028604118993125205,-0.007924305144884625,-0.0047933178301931,0.1338470855294543,-0.008305024102164937,-0.02069522347464392,-0.04775183816323869,-0.047981830326065955,0.9476950767197899,0.5576557074018946,29.1,26.8,-0.07903780068728528,-0.06976467979983536,-0.009273120887449915,29.1,29.1,29.1,28.2,-0.030927835051546504,-0.04231329574966747,0.011385460698120964,29.1,27.8,-0.04467353951890041,-0.006785646417938773,-0.037887893100961634,0.00036237686,0.005,2
2024-04-12,29.1,29.4,28.9,29.1,15447924,0.008665511265164572,0.0,-0.0017152658662091813,-0.016891891891891886,-0.07911392405063289,-0.04590163934426228,29.040000000000003,30.375,30.5775,29.695857249332153,30.18111231744712,-0.48525506811496655,-0.2700113753056596,-0.21524369280930694,-0.016675431893985102,-0.00739669047454663,37.64332390058021,30.375,1.0188357648759758,32.412671529751954,28.33732847024805,0.13416767274086927,0.1871429027240697,0.6752735632934679,0.023205277089122605,20.193485675148477,23.074957359449108,33.801284459360566,10.256410256410305,8.119658119658197,2345926055.0,2478843560.45,0.26100649644634616,0.14386172774440512,1.1293381400464255,26980171.0,-0.5843893328352358,0.572565829920055,0.017182130584192438,-0.041975308641975295,-0.04831984302182979,4.0,4.0,-0.051724137931034475,0.0,1262.96,1276.6,0.014624066126212032,0.01712200524256846,0.010144170662615304,0.14381414953411048,-0.00595855486104746,-0.03401389713446035,-0.05604581000687758,-0.05548298117694794,0.9802784088883045,0.5879659042952732,29.0,27.65,-0.04655172413793107,-0.06577604747178223,0.019224323333851157,29.0,27.5,29.0,27.6,-0.0482758620689655,-0.0452583161959782,-0.003017545872987304,29.0,28.4,-0.020689655172413834,-0.0041129652595720545,-0.01657668991284178,0.00036237686,0.005,2
2024-04-15,29.0,29.4,27.5,27.5,24343377,-0.054982817869415834,-0.04679376083188913,-0.054982817869415834,-0.051724137931034475,-0.12420382165605093,-0.09090909090909094,28.740000000000002,30.2375,30.539166666666667,29.358033057127205,29.982511405043628,-0.6244783479164226,-0.3409047698278122,-0.28357357808861045,-0.022708303560597186,-0.01031176647594947,27.667246203997095,30.2375,1.2051288422059885,32.64775768441198,27.827242315588023,0.15942175672009773,-0.06788533809152848,0.76275402305822,0.027736509929389818,21.36740248337469,18.969306964621627,40.897520807837154,0.0,4.700854700854763,2321582678.0,2469403398.0,0.3211305937336463,-0.5717197272349313,1.4041655691280124,26887916.75,-0.12888934099392324,0.9053649349758568,0.06909090909090904,-0.09053327821413815,-0.09951701367096899,0.0,4.0,-0.012658227848101222,0.0,1274.02,1216.61,-0.046992010026633224,-0.02698444435558045,-0.021671652352922344,0.21537339421431037,-0.00799080784278261,-0.024739693575454025,-0.0692374385561686,-0.07077116667700334,1.0330728465723407,0.6949599168617826,27.65,27.8,0.005424954792043524,-0.03384100308540672,0.03926595787745024,27.65,27.3,27.65,27.55,-0.003616636528028905,0.0019612026521367287,-0.0055778391801656335,27.65,28.5,0.030741410488245968,0.044697367557276824,-0.013955957069030855,0.00036237686,0.005,2
2024-04-16,27.65,27.8,27.2,27.3,22656873,-0.0072727272727272085,-0.061855670103092786,-0.05372616984402079,-0.0634648370497426,-0.0960264900662251,-0.10197368421052622,28.369999999999997,30.0825,30.495833333333334,29.041412586799943,29.783806856521878,-0.7423942697219346,-0.4212026698066367,-0.3211915999152979,-0.027193929293843757,-0.011765260070157432,26.714211077743826,30.0825,1.371061344552931,32.82462268910586,27.340377310894137,0.18230683547616458,-0.007362418730305353,0.7511287356969187,0.027513873102451236,22.675220558693795,17.88697545492444,41.41688084900339,1.8518518518518774,4.036087369420756,2298925805.0,2458172315.8,0.31925284023135647,-0.48680818624149047,1.4371361232055422,27362684.3,-0.24123266001800303,0.828020845893398,0.02197802197802203,-0.0924956369982548,-0.10479573712255774,1.0,4.0,-0.02898550724637683,0.0,1218.64,1215.68,-0.0007644191647281362,-0.03732915221488409,-0.021554013811309836,0.21537471392532598,-0.006508308107999072,-0.026135684834858508,-0.08041967039921638,-0.08219122111428201,1.0370061240271011,0.6947049099538236,27.6,28.6,0.03623188405797095,-0.01298435491661698,0.049216238974587934,27.6,26.8,27.6,28.1,0.018115942028985588,0.016463769065142797,0.0016521729638427907,27.6,28.3,0.0253623188405796,0.04593645361736254,-0.020574134776782937,0.00036237686,0.005,2
2024-04-17,27.6,27.6,26.8,26.8,12965614,-0.01831501831501836,-0.025454545454545396,-0.07903780068728528,-0.07903780068728528,-0.10963455149501666,-0.1396468699839486,27.910000000000004,29.865000000000002,30.447499999999998,28.696579881138412,29.562784126409145,-0.8662042452707333,-0.510202984899456,-0.3560012603712772,-0.03232105392801243,-0.013283629118331239,24.446993871960032,29.865000000000002,1.5287679938265222,32.92253598765305,26.80746401234696,0.20475713963857659,-0.0012205927219007433,0.754619540289996,0.028157445533208807,24.168021749440243,16.532501009767945,42.06682949901718,0.0,0.6172839506173209,2285960191.0,2444885484.1,0.3019589814092128,-0.442072425018801,1.9056765245348897,26603496.2,-0.6898677233287756,0.4873650403889396,0.029850746268656744,-0.1026284948936883,-0.1197963708022004,2.0,4.0,0.015151515151515138,1.0,1221.47,1193.01,-0.018647999473545673,-0.05208333333333326,-0.053226779252110945,0.21620731028155238,0.00033298115852731236,-0.026954467353952016,-0.08642009073183765,-0.09127855418594477,1.02694199662754,0.7018001846160477,26.4,28.45,0.07765151515151514,0.020408681734653378,0.05724283341686176,26.4,26.8,26.4,28.3,0.07196969696969702,0.057381422171788765,0.014588274797908252,26.4,28.3,0.07196969696969702,0.08152463861390347,-0.00955494164420645,-0.0013660006,0.005,3
2024-04-19,26.4,28.0,26.15,26.8,23056912,0.0,-0.01831501831501836,-0.025454545454545396,-0.07105719237435015,-0.09764309764309764,-0.14920634920634923,27.5,29.630000000000003,30.3975,28.404798360963273,29.358133450378837,-0.9533350894155639,-0.5988294058026776,-0.35450568361288626,-0.03557220482893895,-0.013227824015406203,24.446993871960032,29.630000000000003,1.622571059185481,32.87514211837097,26.384857881629042,0.21904435493560323,0.06396362674238702,0.8328610016978536,0.031076903048427373,25.963619413333614,13.909431956595421,40.967037461429726,11.711711711711748,4.521187854521237,2285960191.0,2430814652.75,0.295363964884809,-0.4261042483226627,2.2677228908610605,26972342.15,-0.1995369952601452,0.8548353669760934,0.0690298507462687,-0.09551130610867364,-0.11834854840036191,4.0,4.0,0.009124087591240837,1.0,1180.87,1174.85,-0.015222001492024462,-0.06624542997933569,-0.07957412137070885,0.2123357564096515,0.015222001492024462,-0.004811762395014463,-0.06963222783564038,-0.07565218389919404,0.9869386525213082,0.6858939842866327,27.4,28.2,0.029197080291970767,0.021752536387980692,0.007444543903990075,27.4,27.65,27.4,27.95,0.02007299270072993,0.0563369573481336,-0.03626396464740367,27.4,28.0,0.021897810218978186,0.07023323787560098,-0.0483354276566228,-0.001594665,0.005,3
2024-04-22,27.4,28.15,27.1,27.65,13425620,0.03171641791044766,0.03171641791044766,0.012820512820512775,-0.04982817869415812,-0.06587837837837851,-0.12638230647709325,27.21,29.43,30.353333333333335,28.288675536199694,29.231605046647072,-0.942929510447378,-0.6676494267316178,-0.2752800837157603,-0.03410233310840427,-0.009955880062052815,35.27697864974856,29.43,1.6069257998790254,32.64385159975805,26.21614840024195,0.21840649675555904,0.22307371004093576,0.8697995015765783,0.03145748649463213,27.368349911710105,13.59920174717388,36.42530929199983,31.249999999999996,14.32057057057061,2299385811.0,2415774561.65,0.32470512548860025,-0.13025101286371427,1.4471201052760514,26003082.4,-0.635321675152683,0.5163087896071891,0.037974683544303695,-0.060482500849473375,-0.08906215681967944,0.0,4.0,0.00907441016333932,1.0,1183.77,1190.22,0.013082521172915751,-0.06766410778630727,-0.07144640349508502,0.21913825057205327,0.018633896737531908,0.01783592909214915,-0.05493590298200823,-0.05916287782287155,1.0135219141040959,0.6886600714423761,27.55,27.6,0.001814882032667997,0.021670474398602257,-0.01985559236593426,27.55,27.8,27.55,27.8,0.00907441016333932,0.04878376562290021,-0.03970935545956089,27.55,28.55,0.0362976406533575,0.07598945034269589,-0.039691809689338386,-0.0026164083,0.005,3
2024-04-23,27.55,28.15,27.55,27.8,18402711,0.005424954792043524,0.03731343283582089,0.03731343283582089,0.01090909090909098,-0.04137931034482756,-0.09886547811993518,27.270000000000003,29.277500000000003,30.3125,28.213494684476665,29.12556022837692,-0.9120655439002547,-0.7165326501653452,-0.19553289373490956,-0.03280811308993722,-0.007033557328593869,36.99338172736219,29.277500000000003,1.6097952632166486,32.4970905264333,26.057909473566706,0.2199361643878948,0.2705453554000864,0.8505281086068226,0.030594536280820955,28.67274251734542,12.913953457171557,34.589879435954366,35.48387096774197,26.148527559817936,2317788522.0,2402907142.45,0.3194444769741336,-0.33206029244568175,1.8156019476204048,25670681.6,-0.3657851008546822,0.7168766021389942,0.02158273381294956,-0.050465374434292665,-0.08288659793814435,1.0,4.0,0.02508960573476715,1.0,1190.56,1177.4,-0.010771117944581632,-0.032228898332250955,-0.07134857160885255,0.21909271622035809,0.016196072736625156,0.043137989241341934,-0.02751690651108263,-0.029631038805113974,0.985950629192035,0.6745860942018836,27.9,27.55,-0.012544802867383464,0.02912842296897522,-0.041673225836358685,27.9,28.6,27.9,27.6,-0.01075268817204289,0.049078358491997376,-0.059831046664040266,27.9,28.7,0.028673835125448077,0.06360042816084688,-0.0349265930353988,-0.0020740097,0.005,3
2024-04-24,27.9,28.6,27.8,28.6,13994297,0.02877697841726623,0.034358047016274984,0.0671641791044777,0.04761904761904767,-0.01886792452830177,-0.07741935483870965,27.53,29.1575,30.280833333333337,28.272957040711024,29.08662984108974,-0.8136728003787148,-0.7359606802080192,-0.07771212017069562,-0.028450097915339676,-0.0027172069989753714,45.32172668015085,29.1575,1.5634202553177863,32.28434051063557,26.030659489364425,0.2144793285182594,0.4108525046122871,0.8469189579920496,0.029612550978742994,29.06309393537123,15.837899713616462,32.256049828593106,60.493827160493886,42.40923270941198,2331782819.0,2389775848.9,0.3398609805268591,-0.2382338251609832,1.1244638688850506,25406807.25,-0.5708076610392557,0.5508089569184259,0.027972027972027996,-0.019120294949841243,-0.05550815972700007,2.0,4.0,-0.005244755244755317,0.0,1186.47,1205.61,0.023959571938168667,-0.008283429849960666,-0.059740604113210916,0.2345599513795524,0.0048174064790975635,0.05590247746900834,-0.017678750725498737,-0.01880199315511799,1.015453399815559,0.7025183564771346,28.6,28.1,-0.0174825174825175,0.029289119170984312,-0.046771636653501814,28.6,28.45,28.6,27.25,-0.0472027972027973,0.028128497409326547,-0.07533129461212384,28.6,28.7,0.0034965034965033226,0.05092642487046639,-0.04742992137396307,-0.0015155033,0.005,3
2024-04-25,28.6,28.65,28.2,28.45,9381505,-0.005244755244755317,0.02338129496402863,0.02893309222423146,0.06156716417910446,-0.022336769759450203,-0.07928802588996764,27.860000000000003,29.035000000000004,30.242500000000003,28.300194419063175,29.03947207508309,-0.7392776560199152,-0.7366240753703984,-0.002653580649516818,-0.025985154868889814,-9.327172757528359e-05,44.14350950984812,29.035000000000004,1.5149344262345414,32.06486885246909,26.00513114753092,0.2087045877368062,0.40346116804308524,0.8185676038497604,0.02877214776273323,29.335936823802385,15.652291964078993,30.98944509520612,62.16216216216213,52.71328676346602,2322401314.0,2376930461.95,0.33989117615188813,-0.22247353532348915,1.1174424158366856,25120900.65,-0.7796141480037242,0.373454165943688,0.015817223198594,-0.020148097124160658,-0.05927089360998605,3.0,4.0,-0.0017699115044248481,0.0,1206.25,1204.97,-0.0005308516020934295,0.010025062656641603,-0.06088427156317944,0.2343479918688053,-0.0047139036426618874,0.05154210152246286,-0.018403754326788202,-0.0195968971336703,1.0238048653941365,0.7089999898743226,28.25,28.3,0.001769911504424737,0.04067242859405096,-0.03890251708962622,28.25,28.2,28.25,27.25,-0.03539823008849563,0.036213463574006344,-0.07161169366250197,28.25,28.85,0.02123893805309729,0.06825967011993384,-0.047020732066836546,-0.0023290114,0.005,3
2024-04-26,28.25,28.95,28.1,28.2,11934454,-0.008787346221441172,-0.013986013986014068,0.014388489208633004,0.052238805970149294,-0.022530329289428108,-0.11875000000000002,28.139999999999997,28.845000000000006,30.204166666666666,28.284779893053457,28.97728895841027,-0.6925090653568127,-0.7278010733676813,0.035292008010868625,-0.024557059055206124,0.0012514896457754832,42.17556329470689,28.845000000000006,1.3531542099075786,31.551308419815165,26.138691580184847,0.18764488956943373,0.3808339812126697,0.8208127750033488,0.029106835993026554,29.04828478994861,17.105168250588754,28.697202477966353,62.121212121212125,61.59240048128941,2310466860.0,2361888283.0,0.3063346074714796,-0.42128967573851694,1.9016506495911174,24117554.05,-0.5993576919355524,0.49484512298625905,0.03014184397163113,-0.022360894435777712,-0.06635397985929092,4.0,4.0,-0.02645502645502651,0.0,1199.83,1209.52,0.0037760276189449105,0.029510150231944587,-0.06251840828411548,0.23358170234272915,-0.012563373840386083,0.022728655738204706,-0.056231591715884544,-0.05998154226469998,1.0175747093358154,0.7045921713089246,28.35,27.95,-0.014109347442680886,0.03162202074034948,-0.04573136818303036,28.35,27.6,28.35,27.8,-0.01940035273368612,0.03486424723420756,-0.05426459996789368,28.35,28.25,-0.003527336860670194,0.04992038807718635,-0.053447724937856544,-0.0024018988,0.005,3
2024-05-02,28.35,28.35,27.5,27.6,10056448,-0.02127659574468077,-0.02987697715289972,-0.034965034965035,-0.0018083182640143969,-0.05154639175257736,-0.12658227848101267,28.130000000000003,28.645,30.159166666666668,28.179429140276003,28.87526755408358,-0.6958384138075786,-0.7214085414556608,0.025570127648082197,-0.025211536732158642,0.0009264539002928332,37.81802567986,28.645,1.2128587369478063,31.070717473895613,26.219282526104386,0.169364110587929,0.2845998119637225,0.822897576788824,0.029815129593797972,29.364527959317584,15.843130177260354,31.787968822413895,43.939393939394016,56.07425607425612,2300410412.0,2348072304.7,0.3103165584839197,-0.3556537850965929,1.6093889700581359,22891353.4,-0.6290973417879242,0.4393120766725833,0.030797101449275412,-0.036481061267236825,-0.0848553507778177,3.0,5.0,-0.008992805755395739,0.0,1212.13,1216.36,0.0056551359216878705,0.021962326292618073,-0.05274552406762767,0.2355333278221751,-0.02693173166636864,-0.02377064455663247,-0.073836754413385,-0.07794817157312273,1.0054953864930603,0.6885313921765092,27.8,27.8,0.0,0.021348994715919334,-0.021348994715919334,27.8,27.55,27.8,28.4,0.021582733812949506,0.03782289332046407,-0.016240159507514562,27.8,27.85,0.0017985611510791255,0.03581068922080255,-0.034012128069723424,-0.0024285843,0.005,3
2024-05-03,27.8,28.05,27.5,27.55,8853601,-0.0018115942028985588,-0.023049645390070927,-0.03163444639718804,-0.008992805755395739,0.001818181818181941,-0.12261146496815278,28.080000000000002,28.452500000000004,30.1125,28.08259388792585,28.777099587114428,-0.6945056991885785,-0.7160279730022444,0.021522273813665893,-0.025208918300855844,0.0007812077609316114,37.470590154177586,28.452500000000004,1.0467336412816073,30.54596728256322,26.35903271743679,0.14715524348041217,0.28444850618945566,0.8034048927324795,0.029161702095552796,29.65818233087449,15.06841659116513,30.233568205518,42.424242424242486,49.49494949494957,2291556811.0,2335020390.7,0.3107752405300015,-0.39170785921423884,1.6005455739040286,22127289.1,-0.6431717936988183,0.40012135964726014,0.019963702359346667,-0.03171953255425719,-0.08509755085097548,4.0,5.0,0.005366726296959001,1.0,1222.54,1221.03,0.0038393238843763555,0.037056225581790336,-0.04720176040951374,0.23663999402161315,-0.005650918087274914,-0.046049031337186075,-0.07540970455863905,-0.07914551205620424,1.0043082687917706,0.6883683992999173,27.95,27.6,-0.012522361359570633,0.01451637881146639,-0.027038740171037023,27.95,28.1,27.95,28.5,0.019677996422182487,0.03767248897619169,-0.0179944925540092,27.95,27.85,-0.003577817531305816,0.028388853116416257,-0.03196667064772207,-0.0019065966,0.005,3
2024-05-06,27.95,28.15,27.65,28.1,8812082,0.019963702359346636,0.018115942028985588,-0.0035460992907800915,-0.0174825174825175,0.029304029304029422,-0.06953642384105951,27.98,28.347500000000004,30.069166666666664,28.085271751321873,28.726944062142987,-0.6416723108211144,-0.7011568405660185,0.059484529744904036,-0.022835313552352826,0.0021168871795339515,43.607810250841666,28.347500000000004,0.9642934419078332,30.27608688381567,26.41891311618434,0.13606751098443706,0.4358338475499924,0.7888759718230166,0.028073878000819095,29.733530141622737,15.155244475717003,28.591073823706925,60.000000000000085,48.787878787878896,2300368893.0,2327664356.0,0.30004679757546643,-0.5143629574223728,2.2572623138599295,17312618.0,-1.2210751070764692,0.5089976570845611,0.01779359430604982,-0.00873092865332048,-0.06548790289055773,0.0,5.0,0.005328596802842034,1.0,1226.89,1241.58,0.016830053315643356,0.029835518948913897,-0.03532135753356547,0.2452993723709591,0.0031336490437032793,-0.0473180364314314,-0.034215066307494046,-0.03546783851253821,1.0118110424737328,0.6986927983337373,28.15,27.25,-0.031971580817051426,-0.00427137695704527,-0.027700203860006156,28.15,28.3,28.15,28.3,0.005328596802842034,0.025756724207145698,-0.020428127404303664,28.15,29.75,0.056838365896980436,0.027699718988358102,0.029138646908622334,-0.0010446664,0.005,3
2024-05-07,28.15,28.35,28.1,28.3,8562772,0.007117437722419906,0.02722323049001818,0.0253623188405796,-0.005272407732864637,0.05597014925373145,-0.0598006644518273,27.95,28.2575,30.042500000000004,28.118306866503122,28.695318576058323,-0.577011709555201,-0.676327814363855,0.09931610480865405,-0.020389106344706746,0.0035094029967722277,45.69507980350402,28.2575,0.8716703565726664,30.000840713145333,26.514159286854667,0.1233895930740747,0.5121892409439925,0.7503848309785155,0.026515365052244364,29.405035008031692,16.698375433499912,27.910683084673355,66.15384615384622,56.192696192696296,2308931665.0,2322084786.3,0.3023741011791084,-0.583934557267982,2.160450006048012,16392430.2,-1.1457879335886738,0.5223613518878977,0.0088339222614841,0.0015040254799609798,-0.058001165016227096,1.0,5.0,-0.012367491166077826,0.0,1245.5,1248.63,0.005678248683129716,0.036233267218271026,-0.017963459617607924,0.24339619953411398,0.0014391890392901896,-0.04150567495113566,-0.04183720483421938,-0.04260249299677643,0.9939239126240077,0.6904223453177157,28.3,27.25,-0.03710247349823326,-0.000265356502440417,-0.03683711699579284,28.3,27.95,28.3,28.3,0.0,0.026961828869179305,-0.026961828869179305,28.3,29.95,0.05830388692579502,0.03209205458302855,0.026211832342766472,-0.0004856473,0.005,3
2024-05-08,28.3,28.35,27.85,27.95,9181334,-0.012367491166077826,-0.005338078291814985,0.014519056261342866,-0.00886524822695034,0.042910447761193904,-0.05892255892255893,27.9,28.170000000000005,30.011666666666663,28.092413502425718,28.640109792646594,-0.5476962902208768,-0.6506015095352594,0.10290521931438257,-0.019595573889834593,0.0036817609772587683,42.7154180124247,28.170000000000005,0.804493956669038,29.77898791333808,26.56101208666193,0.11423414365197557,0.43163404206574046,0.7325002001943358,0.026207520579403787,29.390528378439626,15.884217906937867,28.98768507776234,55.3846153846154,60.5128205128206,2299750331.0,2317560106.95,0.3019717547374416,-0.5920311176889421,2.19593330104335,15337539.85,-0.9972040717797636,0.5986184283654853,0.017889087656529516,-0.00780972665956714,-0.06869550730271556,2.0,5.0,-0.0071428571428571175,0.0,1243.61,1250.46,0.001465606304509759,0.03384813810437204,-0.014027202838557074,0.2434309183280163,-0.013833097470587585,-0.04271338633132238,-0.04489535608400186,-0.04553407174442636,1.0008075452132257,0.6906009633225818,28.0,27.8,-0.0071428571428571175,0.0012611649013019033,-0.00840402204415902,28.0,27.8,28.0,28.0,0.0,0.011254699435668813,-0.011254699435668813,28.0,29.6,0.05714285714285716,0.025175405688013353,0.03196745145484381,-0.0005786292,0.005,3
2024-05-09,28.0,28.15,27.8,27.8,7553720,-0.005366726296958779,-0.017667844522968212,-0.01067615658362997,0.007246376811594235,0.005424954792043524,-0.060810810810810856,27.940000000000005,28.080000000000002,29.97666666666667,28.047426809744838,28.577879437635737,-0.5304526278908988,-0.6265717332063874,0.09611910531548862,-0.019081029780248157,0.0034575217739384392,41.46742404035346,28.080000000000002,0.7336641996826355,29.547328399365274,26.61267160063473,0.10451056975536123,0.40458850243710887,0.7051787573233117,0.025366142349759414,29.4355484317463,15.321090552987556,28.466470753047965,58.928571428571495,60.15567765567774,2292196611.0,2313930859.2,0.30209984259523986,-0.5738977216468475,2.1711083914654363,14442108.25,-1.1633340619614658,0.5230344399336572,0.01258992805755388,-0.009971509971509973,-0.07261203158011797,3.0,5.0,-0.01075268817204289,0.0,1252.81,1248.64,-0.0014554643891047103,0.026538195928837105,-0.0051549266598145405,0.2407289668967387,-0.003911261907854069,-0.01929181911724287,-0.055655884150996315,-0.0559442727741839,1.0026077488724194,0.6920430276980464,27.9,28.4,0.017921146953405076,0.01358066113853873,0.004340485814866346,27.9,27.6,27.9,28.55,0.023297491039426577,0.023366725782485664,-6.923474305908783e-05,27.9,30.7,0.10035842293906816,0.02538784770486835,0.07497057523419981,-0.001292659,0.005,3
2024-05-10,27.9,28.0,27.6,27.6,6904745,-0.007194244604316502,-0.012522361359570633,-0.02473498233215543,0.001814882032667997,-0.007194244604316502,-0.0482758620689655,27.95,28.01,29.926666666666666,27.97859191593794,28.50544392373679,-0.5268520077988512,-0.6066277881248802,0.07977578032602894,-0.019088840862277218,0.0028904268234068455,39.79783090893558,28.01,0.7075904256895719,29.425180851379146,26.594819148620857,0.10104825786355903,0.35514218921191576,0.6833802746573607,0.02476015487888988,29.714578140585786,14.6805314666274,29.366765531205754,51.78571428571438,55.36630036630046,2285291866.0,2311299302.2,0.29565834085691883,-0.6830175127406879,2.7398400279291995,13444417.5,-1.2167097445543464,0.513577103656592,0.014492753623188354,-0.014637629418065012,-0.07774560035642675,4.0,5.0,-0.016245487364620947,0.0,1251.78,1244.7,-0.0031554331112250145,0.01938527308911331,-0.004518734754268672,0.24061162557740276,-0.004038811493091488,-0.01757039105644531,-0.04375712731469683,-0.04395575169754251,0.9834405775585554,0.6872699467404854,27.7,28.5,0.028880866425992746,0.019964909188504798,0.008915957237487948,27.7,27.25,27.7,28.7,0.036101083032491044,0.011007939496390673,0.02509314353610037,27.7,30.75,0.11010830324909748,0.03155769554314647,0.07855060770595101,-0.001292659,0.005,3
2024-05-13,27.7,27.7,27.2,27.25,7864955,-0.012681159420289911,-0.01978417266187049,-0.025044722719141266,-0.030249110320284767,-0.0472027972027973,-0.06518010291595189,27.78,27.915000000000003,29.8675,27.86650085194749,28.412448077534066,-0.5459472255865769,-0.5944916756172195,0.04854445003064256,-0.020034760571984476,0.001781447707546516,36.99096308380876,27.915000000000003,0.6731895799309149,29.261379159861832,26.568620840138173,0.09646277340940922,0.25304133492817593,0.6702816836104064,0.024597492976528676,30.415238669024024,13.89831600698277,32.06463099086827,39.28571428571433,50.00000000000009,2277426911.0,2307376760.3,0.2964610587060584,-0.5318080829899049,2.5327084764122927,12939928.1,-0.939339341452036,0.6078051546515162,0.01834862385321101,-0.023822317750313515,-0.0876370636979995,0.0,5.0,-0.001831501831501825,0.0,1248.19,1240.18,-0.0036313971238048914,-0.0011275954831745372,-0.01792812910786956,0.23787628243939707,-0.00904976229648502,-0.02912151483711023,-0.047251973808082326,-0.048114578177621437,0.9861959676645131,0.6888957161369212,27.3,28.3,0.03663003663003672,0.025155870104234257,0.011474166525802465,27.3,27.25,27.3,28.7,0.05128205128205132,0.01721191112394993,0.03407014015810139,27.3,31.1,0.13919413919413914,0.035659549200388385,0.10353458999375076,-0.0020291558,0.005,3
2024-05-14,27.3,27.55,27.2,27.25,7430271,0.0,-0.012681159420289911,-0.01978417266187049,-0.03710247349823326,-0.04217926186291743,-0.06357388316151202,27.57,27.8225,29.803333333333335,27.771654567032492,28.326340812531544,-0.5546862454990524,-0.5865305895935862,0.03184434409453374,-0.020355458550423942,0.0011685997832856418,36.99096308380876,27.8225,0.6273324896997095,29.07716497939942,26.567835020600583,0.09019067153558583,0.27185144664114036,0.6474044204953775,0.023757960385151468,31.06585201685953,13.361622266293287,30.826431575797343,8.108108108108041,33.05984555984561,2277426911.0,2304200939.4,0.29663724108172596,-0.5458961746271714,2.5305615313569363,12564720.65,-0.9307809429896293,0.5913598246213297,0.01284403669724776,-0.020576871237308003,-0.08567274354099097,1.0,5.0,0.01645338208409508,1.0,1246.23,1243.28,0.002499637149445899,-0.004284696026845558,-0.012140859394863979,0.23794578247203058,-0.002499637149445899,-0.0328177774713877,-0.051433023766648045,-0.052065139302291175,0.9819565710925537,0.6863331606316087,27.35,28.3,0.034734917733089565,0.02284940854229922,0.011885509190790344,27.35,27.8,27.35,28.85,0.054844606946983454,0.026525496351943456,0.028319110595039998,27.35,31.2,0.14076782449725767,0.028671883134045117,0.11209594136321255,-0.0026164083,0.005,3
2024-05-15,27.35,27.9,27.3,27.8,9802818,0.020183486238532167,0.020183486238532167,0.007246376811594235,-0.005366726296958779,-0.014184397163120477,-0.036395147313691534,27.540000000000003,27.77,29.745833333333334,27.776015402873647,28.287352604195874,-0.5113372013222275,-0.5714919119393145,0.06015471061708699,-0.018393424507993795,0.002163838511406007,44.16748130257156,27.77,0.5788827715169611,28.92776554303392,26.61223445696608,0.08338246618897525,0.5129559910383005,0.6475898190314219,0.02329459780688568,30.8127522707678,16.264136961504384,28.61634868344195,34.28571428571437,27.22651222651228,2287229729.0,2302038519.3,0.3069911158894146,-0.6374309101255997,2.0925297601398363,12531601.65,-0.4933155585630955,0.782247814268817,0.02158273381294956,0.0010803024846957054,-0.06541532427510854,2.0,5.0,0.010676156583629748,1.0,1248.61,1254.39,0.008936040151856561,0.0031428434336164823,-0.003028135431568879,0.24029709621769837,0.011247446086675605,-0.008509569730575262,-0.033367011882122655,-0.033468358604649806,0.9959935602077237,0.6889656237080838,28.1,28.0,-0.003558718861210064,0.0018979683830100402,-0.005456687244220104,28.1,28.4,28.1,28.25,0.005338078291814874,0.006429367897446525,-0.0010912896056316512,28.1,31.35,0.11565836298932375,0.02821646329408245,0.0874418996952413,-0.0006572786,0.005,3
2024-05-16,28.1,28.65,28.1,28.4,16794136,0.021582733812949506,0.04220183486238538,0.04220183486238538,0.021582733812949506,0.02898550724637672,-0.024054982817869552,27.659999999999997,27.734999999999996,29.705833333333334,27.87201303320078,28.29569685573692,-0.423683822536141,-0.5419302940586799,0.11824647152253887,-0.014918444455497924,0.004163608152202073,50.75666549502115,27.734999999999996,0.5114736192211308,28.757947238442256,26.712052761557736,0.07376580050061368,0.8250412020333825,0.6620476891006059,0.023311538348612885,29.06910722426252,22.86438263973042,25.992034455525214,68.57142857142853,36.988416988417015,2304023865.0,2299943409.8,0.31605099160295147,-0.6073341897152614,1.6919188033283126,12598912.25,0.7522531703179536,1.3329830120850314,0.019366197183098493,0.023976924463674054,-0.04395881841389182,3.0,5.0,0.0,0.0,1264.51,1268.78,0.011471711349739566,0.016129548949256778,-0.0061256462478458396,0.23799493314571563,0.01011102246320994,0.005453184863692728,-0.017929336570023713,-0.018039842262088213,1.0260321786417528,0.705586296398769,28.5,28.55,0.0017543859649122862,0.008415069981264844,-0.006660684016352558,28.5,28.5,28.5,27.85,-0.02280701754385961,-0.00316450713982086,-0.01964251040403875,28.5,31.65,0.11052631578947358,0.024536738196073493,0.08598957759340009,-0.0006572786,0.005,3
2024-05-17,28.5,28.55,28.3,28.5,7140434,0.0035211267605634866,0.02517985611510798,0.04587155963302747,0.032608695652173836,0.034482758620689724,0.036363636363636376,27.839999999999996,27.784999999999997,29.66916666666667,27.968626412708353,28.31083042197863,-0.34220400927027583,-0.5019850371009991,0.15978102783072323,-0.012007158220009678,0.005606351853709587,51.77812684199957,27.784999999999997,0.5356009905273634,28.856201981054724,26.71379801894527,0.0771064949472541,0.8337372468710335,0.6326157113077054,0.022197042502024752,27.45000825250762,22.218978898027505,25.258345006901433,74.28571428571432,59.047619047619115,2311164299.0,2299422490.85,0.24347540430389436,0.5752686122431243,-0.5937077901451161,11738765.1,-0.9265233366212146,0.6082781228836414,0.008771929824561403,0.02573330933957174,-0.039406791562508814,4.0,5.0,-0.01565217391304341,0.0,1270.34,1273.11,0.003412727186746345,0.022824777054711864,0.04644051914746705,0.1615200352140187,0.00010839957381714171,0.009783918597461971,-0.010076882783830676,-0.009629675647537361,1.0495035828124841,0.7149226898070671,28.75,28.7,-0.0017391304347826875,-0.01527116660163863,0.013532036166855943,28.75,28.3,28.75,27.85,-0.03130434782608693,-0.015435037065938295,-0.015869310760148636,28.75,30.55,0.06260869565217386,-0.0012407335154115406,0.0638494291675854,0.00010446762,0.005,3
2024-05-20,28.75,28.75,28.2,28.3,10166307,-0.007017543859649145,-0.0035211267605632646,0.017985611510791477,0.038532110091743066,0.007117437722419906,0.03663003663003672,28.05,27.835,29.629166666666666,28.019606964599376,28.310028168498732,-0.29042120389935633,-0.45967227046067055,0.16925106656131422,-0.010262233353334146,0.005980603058703683,49.56374126559521,27.835,0.5346174234674167,28.904234846934834,26.765765153065168,0.07682664608836595,0.7174452138989912,0.6267145890714408,0.022145391839980242,25.576231312874025,23.10563923999675,23.675021205964647,62.85714285714294,68.57142857142863,2300997992.0,2299526100.2,0.24334956860469314,0.5744035503922769,-0.5909664357940193,11114236.8,-0.22295316371371732,0.9147103110129883,0.01943462897526504,0.01670558649182685,-0.04486007593868646,0.0,5.0,0.0,0.0,1281.5,1277.58,0.0035110870231165325,0.030156912706220007,0.05091800473808883,0.16114923614280163,-0.010528630882765677,0.008375197385523059,-0.014287968108052107,-0.013595702084876704,1.0473084952711744,0.7124983083123428,28.3,28.7,0.014134275618374437,-0.007958680596313994,0.02209295621468843,28.3,28.3,28.3,29.75,0.051236749116607694,0.0016825135970577332,0.04955423551954996,28.3,30.5,0.07773851590105996,-0.0024102985483428485,0.0801488144494028,0.00077152887,0.005,3
2024-05-21,28.3,28.45,27.85,28.3,9964133,0.0,-0.007017543859649145,-0.0035211267605632646,0.038532110091743066,0.0,0.05597014925373145,28.26,27.909999999999997,29.575833333333332,28.06274435466101,28.30928534120253,-0.24654098654151824,-0.41704601367684013,0.1705050271353219,-0.008711695637509478,0.006024912619622682,49.56374126559521,27.909999999999997,0.4846594029247248,28.879318805849447,26.940681194150546,0.06946032288423151,0.7011722034311675,0.6248064041377663,0.022077964810521777,24.429749201630447,21.520761628057613,26.05232755908993,70.96774193548393,69.37019969278043,2300997992.0,2300277990.25,0.23155786228665645,0.6129227104638183,-0.43262121959321354,10964162.75,-0.23608694050101192,0.9087910520117006,0.021201413427561763,0.0139734862056613,-0.0431376968808993,1.0,5.0,-0.010600706713780994,0.0,1277.85,1277.14,-0.0003444011333927355,0.027234412199987235,0.07051910713237963,0.1410863135993848,0.0003444011333927355,0.011297697891755831,-0.014548957878648183,-0.013590563476835849,1.0496555779871655,0.7315829487765804,28.3,28.85,0.019434628975264934,0.0011482042710073692,0.018286424704257564,28.3,28.0,28.3,29.95,0.05830388692579502,0.002546357771077812,0.05575752915471721,28.3,30.55,0.07950530035335679,-0.0005936294190242997,0.08009892977238109,0.0011448779,0.005,3
2024-05-22,28.3,28.4,27.95,28.0,7855561,-0.010600706713780994,-0.010600706713780994,-0.01754385964912286,0.007194244604316502,0.0017889087656530744,0.04477611940298498,28.3,27.97,29.525,28.053091377020856,28.286375315928268,-0.2332839389074124,-0.3802935987229546,0.1470096598155422,-0.0083315692466933,0.005250344993412222,46.13159339889052,27.97,0.40826977665209757,28.786539553304195,27.153460446695803,0.05838681110505513,0.5183702062432883,0.6123202324136401,0.021868579729058573,23.36515866976141,20.391060648082732,24.684748637730593,51.61290322580648,61.812596006144474,2293142431.0,2300637102.25,0.23628352788869647,0.6530968172598423,-0.5215691927501245,10204095.2,-0.7372946290918536,0.7698439544154783,0.016071428571428546,0.0010725777618878496,-0.051651143099068486,2.0,5.0,0.023297491039426577,1.0,1280.26,1266.91,-0.008010085033747338,0.009980946914436517,0.07835893943907757,0.13034021117441508,-0.0025906216800336557,-0.002786702310120015,-0.03358282003609259,-0.031142524819760986,1.0458349144008676,0.7341187252073911,27.9,28.25,0.012544802867383575,0.0055625790139066655,0.00698222385347691,27.9,28.55,27.9,29.6,0.06093189964157708,0.01481510745891268,0.0461167921826644,27.9,30.9,0.10752688172043001,0.011212073324905258,0.09631480839552475,0.0010887187,0.005,3
2024-05-23,27.9,28.55,27.7,28.55,10712583,0.019642857142857073,0.008833922261484162,0.008833922261484162,0.00528169014084523,0.026978417266187105,0.032549728752260476,28.330000000000002,28.015000000000004,29.49,28.129538857479186,28.305903070303952,-0.17636421282476533,-0.33950772154331677,0.16314350871855143,-0.006177380484229959,0.005714308536551714,52.61061069432504,28.015000000000004,0.4205572744036933,28.85611454880739,27.173885451192618,0.06004744235640808,0.8180304042764278,0.6292973586698087,0.02204193900769908,22.797551167284876,18.423741597480113,25.140808718364696,87.09677419354844,69.89247311827965,2303855014.0,2300860562.4,0.21964636588973754,0.5116457777827897,-0.7014575816661752,10068443.35,0.2079557509305294,1.0639760911998377,0.02977232924693525,0.019096912368373964,-0.03187521193624954,3.0,5.0,0.008787346221441172,1.0,1265.6,1281.03,0.011145227364216748,0.009654944119547926,0.07629681907546493,0.12868333381052782,0.008497629778640325,-0.004373253978702696,-0.04374709032320445,-0.040645934790351834,1.0641692579375646,0.7361507329049615,28.45,27.85,-0.02108963093145866,-0.008114797756681447,-0.012974833174777212,28.45,28.7,28.45,30.7,0.07908611599297011,0.005388977660807592,0.07369713833216252,28.45,30.75,0.08084358523725843,0.004402042798508532,0.0764415424387499,0.0010887187,0.005,3
2024-05-24,28.45,29.25,28.3,28.7,28348342,0.005253940455341555,0.02499999999999991,0.014134275618374437,0.007017543859649145,0.03985507246376807,0.03237410071942448,28.369999999999997,28.059999999999995,29.459999999999997,28.217302110174696,28.335095435466624,-0.11779332529192743,-0.2951648422930389,0.17737151700111148,-0.004104297048499214,0.006180192230003884,54.22754533700915,28.059999999999995,0.4438468204248236,28.947693640849643,27.172306359150348,0.06327110768707397,0.8604847272463472,0.6522046901933938,0.022724902097330794,21.42124402148966,24.17319049111624,22.525090870275765,73.17073170731705,70.62680304222403,2332203356.0,2301581304.1,0.21960866590517922,0.5138189474090701,-0.6980077880271032,10565724.9,3.686721977255231,2.6830475209514493,0.033101045296167225,0.02280826799714908,-0.025797691785471755,4.0,5.0,-0.003472222222222321,0.0,1276.68,1261.93,-0.01490987720818393,-0.008781644948197553,0.07179378291149985,0.13551938108234926,0.020163817663525485,0.015799188807846698,-0.03941968219207537,-0.03677916668353198,1.033498510188091,0.722093451957525,28.8,27.85,-0.03298611111111105,-0.0013771706266917372,-0.03160894048441931,28.8,28.7,28.8,30.75,0.06770833333333326,0.019090434204485973,0.048617899128847286,28.8,30.65,0.06423611111111094,0.01468982001804564,0.0495462910930653,0.00077152887,0.005,3
2024-05-27,28.8,28.95,28.35,28.7,6565399,0.0,0.005253940455341555,0.02499999999999991,0.014134275618374437,0.053211009174311874,0.0034965034965033226,28.45,28.065000000000005,29.425833333333333,28.291563323993973,28.362125403209838,-0.07056207921586477,-0.2502442896776041,0.17968221046173932,-0.0024586090319116643,0.006260704197273147,54.22754533700913,28.065000000000005,0.4507595928291938,28.96651918565839,27.163480814341618,0.0642450871661063,0.8521832979828647,0.6484757837510083,0.022594975043589142,20.14324452896553,22.575607506292744,21.036429209367558,73.17073170731705,77.81274586939422,2332203356.0,2301602330.95,0.19488816572285333,0.4991247410799083,-0.4957766151798106,10194280.0,-0.7510825455104124,0.644027729275633,0.02090592334494766,0.022626046677356015,-0.024666534507660542,0.0,5.0,0.0017361111111111605,1.0,1263.46,1267.68,0.004556512643332011,-0.00774902550133838,0.05148431084679128,0.11217147654731058,-0.004556512643332011,0.021883301119712817,-0.04798780735028796,-0.04563815822571993,1.033882873778911,0.7199481502130263,28.8,29.75,0.03298611111111116,0.006107386243053625,0.026878724868057535,28.8,28.85,28.8,31.1,0.07986111111111116,0.014494234533064088,0.06536687657804707,28.8,29.5,0.02430555555555558,-0.014234847472548329,0.03854040302810391,9.8664066e-05,0.005,3
2024-05-28,28.8,29.0,28.6,28.85,9014443,0.005226480836237002,0.005226480836237002,0.01050788091068311,0.019434628975264934,0.05871559633027523,0.01405975395430592,28.560000000000002,28.085,29.383333333333333,28.37747665876413,28.398264262231333,-0.020787603467201876,-0.20435295243552365,0.18356534896832177,-0.0007205408480832539,0.006362750397515486,55.969876190177665,28.085,0.4768592421703991,29.038718484340798,27.131281515659204,0.06791657356886574,0.9010617454524659,0.6307275134830791,0.02186230549334763,19.04898513880463,22.11919091747129,20.083496569352825,80.48780487804886,75.60975609756102,2341217799.0,2302543155.2,0.19451955232271417,0.3686403855872308,-0.5664498201427776,10175926.9,-0.24020034900310336,0.8858596458667564,0.013864818024263382,0.027238739540680124,-0.018150879183210344,1.0,5.0,-0.02249134948096876,0.0,1272.23,1281.73,0.011083238672220164,0.0035939677717398144,0.06370283077587002,0.11548540782852182,-0.005856757835983162,0.01584066120352512,-0.0496430768215641,-0.04667006177407107,1.0119429372951598,0.7122015421911652,28.9,29.95,0.03633217993079585,-0.000949608481093489,0.03728178841188934,28.9,28.25,28.9,31.2,0.0795847750865053,-0.0002568613104596551,0.07984163639696495,28.9,29.6,0.02422145328719738,-0.02193439917804385,0.04615585246524123,-0.001098503,0.005,3
2024-05-29,28.9,28.9,28.25,28.25,10811613,-0.020797227036395194,-0.015679442508710784,-0.015679442508710784,0.008928571428571397,0.01618705035971213,0.0017730496453900457,28.610000000000003,28.0875,29.32833333333333,28.357864865108112,28.387281724288272,-0.02941685918015935,-0.1693657337844508,0.13994887460429145,-0.001041304749740154,0.004953942463868724,48.08522085225464,28.0875,0.47762432936484894,29.042748658729696,27.1322513412703,0.0680194861578779,0.5850563874206828,0.6321041196628591,0.022375367067711826,18.03154786617745,20.494518013896847,22.563391726230492,51.219512195121965,68.29268292682933,2330406186.0,2303540121.5,0.20663934564723382,0.21857559149453606,-0.649266674743819,10119784.85,0.14351843352204885,1.0683639188238276,0.023008849557522075,0.005785491766800321,-0.036767630846166854,2.0,5.0,-0.005357142857142838,0.0,1284.74,1272.64,-0.0070919772494986155,0.00452281535389254,0.05218599113697997,0.12097652952431832,-0.013705249786896578,0.004405756074678857,-0.050412941491589924,-0.047912576213939406,1.0256889552072204,0.7164864180772105,28.0,29.6,0.05714285714285716,0.015738067934675026,0.041404789208182136,28.0,27.85,28.0,31.35,0.11964285714285716,0.028265253667602463,0.0913776034752547,28.0,29.5,0.0535714285714286,-0.0025386531693621928,0.056110081740790796,-0.001098503,0.005,3
2024-05-30,28.0,28.25,27.6,27.85,16004079,-0.01415929203539823,-0.03466204506065862,-0.029616724738675937,-0.024518388791593626,-0.01936619718309851,0.009057971014492683,28.47,28.1,29.26,28.279731808937633,28.347483078044696,-0.0677512691070632,-0.1490428408489733,0.0812915717419101,-0.002432720614257206,0.0029189074234079026,43.668591299033906,28.1,0.4673553815168911,29.034710763033782,27.16528923696622,0.06652745644368548,0.3662687914341664,0.6333823968297976,0.022742635433744975,18.142071533870766,18.99221672124181,28.239695830070506,31.707317073170824,54.47154471544726,2314402107.0,2304239706.25,0.1982151858938557,0.36053519769523557,-0.6865643122864123,10417166.4,1.1181404796777292,1.5363178800714943,0.023339317773788098,-0.008896797153024938,-0.048188653451811336,3.0,5.0,-0.007130124777183555,0.0,1264.45,1266.32,-0.004966054815187415,-0.01148294731583177,0.04107336643756776,0.12324253989867484,-0.009193237220210815,-0.013035441475761855,-0.03201539542307508,-0.03075229513615174,1.0247066564625127,0.7177729217150187,28.05,30.7,0.09447415329768272,0.01197600069380389,0.08249815260387883,28.05,27.85,28.05,31.65,0.12834224598930466,0.026128022580162114,0.10221422340914255,28.05,29.2,0.04099821746880572,-0.0073164770532258006,0.04831469452203152,-0.0021354905,0.005,3
2024-05-31,28.05,28.2,27.8,27.85,5568948,0.0,-0.01415929203539823,-0.03466204506065862,-0.029616724738675937,-0.02280701754385961,0.010889292196007316,28.3,28.115,29.195,28.21361922294723,28.310632479671014,-0.09701325672378402,-0.13863692402393543,0.04162366730015141,-0.003483420349148439,0.001494566150813336,43.668591299033906,28.115,0.4533791256555214,29.02175825131104,27.208241748688955,0.0645035213452636,0.3538750545601075,0.6167122256276691,0.02214406555216047,18.244700653871703,18.11233346140895,26.93138959134378,31.707317073170824,38.21138211382124,2314402107.0,2305381971.05,0.19803620077669726,0.3376902018478713,-0.6888755667241535,10252933.75,-0.9177906103337667,0.5431565380006479,0.014362657091561887,-0.009425573537257592,-0.04606953245418732,4.0,5.0,0.05871886120996428,1.0,1268.37,1261.72,-0.003632573125276317,-0.00016641176610432407,0.03332432454567047,0.12464423024127917,0.003632573125276317,-0.029450312972571613,-0.022435032349663153,-0.02171151091360146,1.0238074042855825,0.717851085849327,28.1,30.75,0.09430604982206403,0.01252703180906689,0.08177901801299714,28.1,29.75,28.1,30.55,0.08718861209964412,0.006495497975071762,0.08069311412457236,28.1,28.8,0.02491103202846978,-0.02070538277041656,0.04561641479888634,-0.0037871285,0.005,3
2024-06-03,28.1,29.75,28.1,29.75,28588385,0.06822262118491906,0.06822262118491906,0.053097345132743445,0.03658536585365857,0.051236749116607694,0.05871886120996428,28.51,28.197499999999998,29.159166666666668,28.449985496339963,28.41725229599168,0.03273320034828231,-0.10436289914949189,0.13709609949777418,0.0011002756419590692,0.0046082722520260225,62.5951093962883,28.197499999999998,0.582299208673907,29.362098417347813,27.032901582652183,0.08260295539305362,1.1665387728825747,0.7083756380828355,0.023810945817910437,18.108099254234105,30.27159714868907,21.771734028407884,100.0,54.47154471544726,2342990492.0,2307513051.0,0.3055015182011794,2.1476987838246644,6.432470785726585,11241748.9,2.657670338990981,2.5430549333831856,0.055462184873949535,0.05505807252416006,0.020262353176531134,0.0,6.0,-0.0180327868852459,0.0,1271.65,1280.0,0.014488159021018854,0.00971854095670821,0.030944441759693353,0.12109292275273373,0.05373446216390021,0.02686682489695036,0.027774419450270926,0.02694075289145892,1.1278253242311653,0.6963663278067148,30.5,31.1,0.01967213114754096,0.004013971108742798,0.015658160038798163,30.5,29.95,30.5,30.5,0.0,-0.008354660796104252,0.008354660796104252,30.5,29.3,-0.03934426229508192,-0.02407604763868043,-0.015268214656401491,-0.0028096572,0.005,3
2024-06-04,30.5,30.6,29.85,29.95,20236239,0.006722689075630228,0.07540394973070019,0.07540394973070019,0.03812824956672434,0.05830388692579502,0.05830388692579502,28.73,28.28,29.1325,28.680756958441506,28.53078916295526,0.14996779548624772,-0.05349676022234397,0.20346455570859168,0.005007271969490742,0.006793474314143295,63.967493454819824,28.28,0.7021395872625283,29.68427917452506,26.875720825474943,0.09931253002298855,1.094611110915609,0.7184916639340617,0.023989704972756654,18.881516877893553,36.163816064542544,19.93196977413881,78.33333333333326,70.0135501355014,2363226731.0,2310227804.3,0.30543464587382396,2.152381781766945,6.4520586063978,11825422.25,1.2384467375395363,1.711248746318551,0.025041736227045076,0.05905233380480901,0.028061443405131614,1.0,6.0,-0.013333333333333308,0.0,1285.51,1283.52,0.00275000000000003,0.001396549975423822,0.027942625117128195,0.12021260259462183,0.003972689075630198,0.036731699591300515,0.03036126180866683,0.02953594983495056,1.1267244469035558,0.6951242298870058,30.0,31.2,0.040000000000000036,-0.002105475790912914,0.04210547579091295,30.0,29.6,30.0,30.55,0.018333333333333313,-0.0059201939213126,0.024253527254645912,30.0,29.6,-0.013333333333333308,-0.013464168065137616,0.00013083473180430794,-0.0016466276,0.005,3
2024-06-05,30.0,30.4,29.6,29.6,15298255,-0.011686143572620988,-0.005042016806722671,0.06283662477558338,0.04778761061946901,0.05714285714285716,0.05903398926654746,29.0,28.3625,29.104166666666668,28.82217896483512,28.609989965699313,0.21218899913580813,-0.00035960835071354683,0.21254860748652168,0.007168547268101626,0.007180696198868975,59.83043044783256,28.3625,0.7561806732041608,29.874861346408323,26.850138653591678,0.10664513681151681,0.9091284146275344,0.7243136879387714,0.02447005702495849,19.18027151515018,33.31076522548206,20.824876528635492,66.66666666666667,81.66666666666667,2347928476.0,2312636711.55,0.30498896817553334,2.15973177645437,6.486724710996247,12131268.3,0.4654727808728096,1.2610598184527828,0.02702702702702693,0.043631555751432405,0.017036506800286233,2.0,6.0,0.025041736227044975,1.0,1287.12,1284.35,0.0006466591872349436,0.009201345235101632,0.027102026454264738,0.12024237343069445,-0.012332802759855932,0.03858626538436738,0.03193196281228272,0.03108937767605946,1.132886980245922,0.6969178724852271,29.95,31.35,0.046744574290484175,0.00884550625004854,0.037899068040435635,29.95,30.7,29.95,30.9,0.03171953255425697,-0.006983294407932994,0.03870282696218996,29.95,29.9,-0.0016694490818029983,-0.009264503914524491,0.007595054832721493,-0.00071767776,0.005,3
2024-06-06,29.95,31.1,29.65,30.7,31386562,0.03716216216216206,0.025041736227044975,0.031932773109243584,0.10233393177737882,0.0753064798598948,0.10431654676258995,29.57,28.5075,29.105,29.11107450870664,28.76480552379566,0.34626898491098146,0.06896611030162546,0.277302874609356,0.011279120029673663,0.00903266692538619,67.04435971658926,28.5075,0.9058690215542684,30.319238043108538,26.695761956891463,0.12710606283318687,1.105081956616134,0.779719853086002,0.025398040817133618,20.121218451764772,35.14602622911474,17.963288790303107,88.57142857142851,77.85714285714285,2379315038.0,2316992632.9,0.32606911451038095,1.6930156778958174,3.728294556996937,13322910.4,2.272054768152285,2.3558337523608954,0.04723127035830628,0.07690958519687796,0.05480158048445283,3.0,6.0,0.0016286644951140072,1.0,1288.79,1283.56,-0.0006150971308443998,0.013614252321688003,0.027966427473090638,0.12001770360213898,0.03777725929300646,0.08871967945569081,0.07635011928949931,0.07427296967001196,1.1247527503981256,0.6625455544877485,30.7,31.65,0.030944625407166138,0.00966603312516967,0.021278592281996467,30.7,30.75,30.7,30.75,0.0016286644951140072,-0.005236414413715473,0.006865078908829481,30.7,29.9,-0.026058631921824116,-0.007106008300686417,-0.0189526236211377,8.788971e-05,0.005,3
2024-06-07,30.7,31.1,30.7,30.75,12986624,0.0016286644951140072,0.038851351351351315,0.026711185308848195,0.10412926391382404,0.0714285714285714,0.11413043478260865,30.15,28.665,29.114166666666666,29.363216891982542,28.911856966477462,0.45135992550508064,0.1454448733423165,0.30591505216276416,0.014678371561140834,0.0099484569809029,67.33154704459218,28.665,1.0078768721797438,30.680753744359485,26.649246255640513,0.1406421590343266,1.0171762686375458,0.752597006437002,0.024474699396325267,20.99495489290689,33.81175015654738,17.281334413405048,89.99999999999997,81.74603174603175,2392301662.0,2322343122.7,0.32312287563597936,1.6802919868583046,3.8034276862311036,13627004.35,-0.08202674753233075,0.9530065204683082,0.013008130081300882,0.0727367870225013,0.0561868506168246,4.0,6.0,-0.0032051282051280827,0.0,1289.05,1287.58,0.0031319143631773905,0.02049583108772146,0.034450068289547664,0.11891752988139005,-0.0015032498680633832,0.08363343282610258,0.07968036649306098,0.07702678837347032,1.1191556652597123,0.6583725376552514,31.2,30.55,-0.02083333333333326,-0.009871042106647465,-0.010962291226685794,31.2,31.1,31.2,30.65,-0.017628205128205177,-0.008238761632899383,-0.009389443495305794,31.2,30.1,-0.03525641025641024,-0.007449697138480871,-0.02780671311792937,0.0006849755,0.005,3
2024-06-10,31.2,31.7,31.05,31.1,14946060,0.011382113821138296,0.013029315960912058,0.05067567567567566,0.04537815126050426,0.08362369337979092,0.14128440366972472,30.420000000000005,28.857499999999998,29.128333333333334,29.630414293216,29.07394163562728,0.5564726575887207,0.22765043019159736,0.3288222273971233,0.017893011498029604,0.010573061974184029,69.34533969043665,28.857499999999998,1.0878848381394712,31.03326967627894,26.681730323721055,0.15079405189492803,1.0153348776868663,0.7666972202629304,0.02465264373835789,22.32409279315715,36.40905385409894,15.751836265948176,85.36585365853664,87.97909407665507,2407247722.0,2328834163.25,0.31627319124029984,1.6369657452899902,3.8911540608586814,13981059.6,0.12546132117103423,1.0690219788491568,0.020900321543408314,0.07770943428917976,0.06768896263660817,0.0,6.0,0.0,0.0,1292.67,1290.67,0.002399850883052057,0.008335937500000057,0.04071183215339702,0.11723187058785274,0.008982262938086238,0.037042213760504206,0.1005725715163277,0.09663825125176784,1.127842772456376,0.659523157469842,31.2,30.5,-0.022435897435897467,-0.015644425225670444,-0.006791472210227023,31.2,31.2,31.2,29.5,-0.054487179487179516,-0.03159000177602067,-0.022897177711158845,31.2,30.15,-0.033653846153846145,-0.00885693767711948,-0.024796908476726665,0.00034580167,0.005,3
2024-06-11,31.2,31.35,30.7,31.2,14067901,0.003215434083601254,0.014634146341463428,0.016286644951140072,0.04173622704507518,0.08145580589254764,0.14495412844036704,30.669999999999998,29.055,29.134166666666665,29.871889017336613,29.231427440395628,0.6404615769409858,0.3102126595414751,0.33024891739951073,0.020527614645544416,0.010584901198702267,69.91594936657609,29.055,1.1380847253637782,31.331169450727558,26.778830549272442,0.15668005167630755,0.9711863607769555,0.7583617045298642,0.024306464888777697,22.929326831591876,34.18001150212562,18.084054169661723,87.80487804878048,87.7235772357724,2421315623.0,2336028598.85,0.3155596040563934,1.6231442728578722,3.8922687047482962,14312941.1,-0.0325172089199937,0.9828798219535746,0.0208333333333334,0.0738255033557047,0.0709075827350476,1.0,6.0,0.0032000000000000917,1.0,1295.03,1284.41,-0.004850194085242565,0.0006934056345051509,0.03308184801492842,0.11971241780953078,0.00806562816884382,0.04104282141057003,0.11187228042543862,0.10828985200001506,1.1306938230088026,0.6494138567699621,31.25,30.55,-0.022399999999999975,-0.0042879043742850564,-0.01811209562571492,31.25,31.35,31.25,29.6,-0.05279999999999996,-0.02213990552602707,-0.030660094473972888,31.25,30.35,-0.028799999999999937,0.006770375327818545,-0.03557037532781848,0.00034580167,0.005,3
2024-06-12,31.25,31.35,30.9,31.35,10810785,0.004807692307692291,0.008038585209003246,0.019512195121951237,0.05912162162162171,0.10973451327433636,0.1276978417266188,31.02,29.232500000000005,29.149166666666666,30.099290706977136,29.388358741107062,0.7109319658700741,0.3903565208071949,0.3205754450628792,0.022677255689635537,0.010225692027524057,70.79413953817772,29.232500000000005,1.2068090809634286,31.646118161926864,26.818881838073146,0.16513251770644718,0.9386567919901498,0.7363358684920169,0.023487587511707077,23.491329867281266,32.68797060901524,17.2946410843946,91.46341463414639,88.21138211382122,2432126408.0,2343273432.8,0.3117195848942687,1.7965658299244414,4.5854212923333,14363339.45,-0.4732151495337363,0.7526651471012892,0.014354066985646024,0.07243650047036665,0.0755024443237371,2.0,6.0,0.004761904761904745,1.0,1285.01,1300.19,0.012285796591431142,0.012333086775411894,0.03651177066143707,0.12296079833056175,-0.007478104283738851,0.04678853484620982,0.09118607106518173,0.08797398509714216,1.1091326779560025,0.6449056736693102,31.5,30.9,-0.01904761904761909,-0.019836255160107008,0.0007886361124879171,31.5,31.65,31.5,29.5,-0.06349206349206349,-0.03404330277477807,-0.029448760717285416,31.5,29.85,-0.052380952380952306,-0.015126101907803502,-0.037254850473148804,0.0008042764,0.005,3
2024-06-13,31.5,31.9,31.25,31.65,19847039,0.00956937799043045,0.014423076923076872,0.01768488745980701,0.030944625407166138,0.13644524236983835,0.11443661971830976,31.21,29.395000000000003,29.168333333333333,30.337861367442194,29.55588772324728,0.7819736441949132,0.46867994548473857,0.31329369871017465,0.024706908189412742,0.009898695061932848,72.52178812147639,29.395000000000003,1.3037294682244565,32.00245893644892,26.78754106355109,0.17740833042686946,0.9324133294062665,0.730169020742587,0.023070111239892166,24.522828081856204,35.98983029055005,16.19494299243543,94.18604651162791,91.15144639818494,2451973447.0,2350670911.9,0.3067364312920944,1.9600453058915466,5.39058856144035,14515984.6,0.7023897571471897,1.36725406831859,0.020537124802527604,0.07671372682428967,0.08508085252271291,3.0,6.0,-0.034755134281200584,0.0,1305.69,1301.51,0.001015236234704009,0.013984542989809556,0.025796434370024768,0.11756177717008562,0.008554141755726441,0.01696008241735658,0.088640185348285,0.08641108740324466,1.109967528532934,0.6441405424299829,31.65,30.75,-0.028436018957345932,-0.016165785617284323,-0.01227023334006161,31.65,30.55,31.65,29.2,-0.07740916271721954,-0.033973468777093174,-0.04343569394012636,31.65,29.85,-0.056872037914691864,-0.015014922853832657,-0.04185711506085921,0.0008042764,0.005,3
2024-06-14,31.65,31.9,30.55,30.55,15868667,-0.034755134281200584,-0.02551834130781505,-0.02083333333333326,-0.006504065040650375,0.09694793536804314,0.07192982456140351,31.170000000000005,29.497500000000002,29.173333333333336,30.370498080143395,29.62952566967341,0.7409724104699862,0.5231384384817881,0.2178339719881981,0.02425441605466403,0.00713040824838619,58.78954162980228,29.497500000000002,1.3102304939854825,32.11796098797097,26.877039012029037,0.1776734291360939,0.7008234438198895,0.7744426621181164,0.025350005306648653,24.260759701949148,31.50861032342851,20.634709744783954,68.60465116279073,84.75137076952171,2436104780.0,2356917935.95,0.33861876893451964,1.3607494400041935,3.9360264622367933,14952396.25,0.12395737619455588,1.0612791912868147,0.04418985270049093,0.0356809899143995,0.04718921389396713,4.0,6.0,0.00328947368421062,1.0,1303.37,1279.91,-0.016596107598097487,-0.005956911415212929,0.00534125095239224,0.13320674105229435,-0.018159026683103097,-0.0005471536254374465,0.06658857360901127,0.06623479693679113,1.173329809879942,0.6632025821174249,30.4,30.65,0.008223684210526327,-4.679895170345283e-05,0.00827048316222978,30.4,30.5,30.4,28.8,-0.05263157894736836,-0.028672157743666493,-0.02395942120370187,30.4,29.75,-0.021381578947368363,-0.0010373767627605002,-0.020344202184607862,-0.00015278462,0.005,3
2024-06-17,30.4,30.8,30.25,30.5,14509403,-0.0016366612111292644,-0.0363349131121643,-0.027113237639553422,-0.019292604501607746,0.025210084033613356,0.07773851590105996,31.05,29.607499999999998,29.175,30.390421452429027,29.6940052496976,0.6964162027314273,0.5577939913317159,0.13862221139971143,0.02283331812234188,0.004544990537695456,58.24962312918142,29.607499999999998,1.2966835226437259,32.20086704528745,27.014132954712547,0.17518311544625198,0.6720735986103105,0.7584110433953939,0.024865935849029307,23.55076476994722,29.87646338479173,22.391287319776332,67.44186046511629,76.74418604651169,2421595377.0,2362947805.2,0.3368961564599891,1.3460570623599946,4.000054647417852,15169551.05,-0.09034304479270902,0.9564820311541125,0.018032786885245924,0.03014438909060213,0.045415595544130216,0.0,6.0,0.0,0.0,1282.08,1274.77,-0.004015907368486893,-0.012319183059961158,-0.0021994708746222447,0.13347933744579654,0.0023792461573576285,-0.006973421441646588,0.0799379867756822,0.08011419561558242,1.1723884437813006,0.6638365688972818,30.55,29.5,-0.03436988543371522,-0.01975160037205248,-0.014618285061662739,30.55,30.55,30.55,29.3,-0.04091653027823239,-0.019407686475586106,-0.021508843802646282,30.55,29.75,-0.026186579378068786,0.00033609767154652026,-0.026522677049615306,-0.00015278462,0.005,3
2024-06-18,30.55,31.15,30.55,30.55,11581601,0.0016393442622950616,0.0,-0.034755134281200584,-0.02083333333333326,0.020033388981636202,0.07950530035335679,30.919999999999998,29.720000000000006,29.165000000000003,30.414971998209175,29.757412268238518,0.6575597299706573,0.5777471390595043,0.079812590911153,0.02152405008087258,0.0026125234340802946,58.658506063655224,29.720000000000006,1.2746929454830078,32.26938589096602,27.17061410903399,0.17156028875948953,0.662784300905794,0.7506673974385799,0.02457176423694206,23.280704034092793,31.358982126785104,21.006392376621488,68.60465116279073,68.21705426356596,2433176978.0,2369556754.5,0.3366907794082756,1.3359436029413967,3.9927554772234455,15250424.45,-0.5056785250984387,0.7594281089009297,0.019639934533551485,0.027927321668909544,0.047488427910166164,1.0,6.0,0.009803921568627416,1.0,1279.39,1279.5,0.0037104732618433722,-0.0038227668735061338,0.0018478788543150326,0.13414576177312373,-0.0020711289995483106,-0.017010566459827126,0.07765742149904176,0.07751418467626903,1.1539833199544254,0.6541257626729349,30.6,29.6,-0.0326797385620915,-0.02060795011691352,-0.012071788445177978,30.6,30.9,30.6,29.6,-0.0326797385620915,-0.010296180826188661,-0.022383557735902837,30.6,29.9,-0.022875816993464193,-0.0014185502727980248,-0.021457266720666168,-0.00015278462,0.005,3
2024-06-19,30.6,31.2,30.45,30.9,13607252,0.011456628477904962,0.013114754098360715,0.011456628477904962,-0.014354066985646008,0.04391891891891886,0.10357142857142843,30.830000000000002,29.865000000000002,29.154999999999998,30.48959169079238,29.842048396517146,0.6475432942752342,0.5917063701026503,0.0558369241725839,0.020956093665865184,0.0018070201997599968,61.50082452893513,29.865000000000002,1.2330001920864317,32.33100038417287,27.398999615827137,0.1651431698759662,0.7098539819058365,0.7506197261929671,0.024291900524044244,22.86573528645607,29.120904159399128,20.458769232547354,75.60975609756096,70.55208924182269,2446784230.0,2377238844.45,0.33305182169051845,1.2272830194693718,3.9698133586417703,15538009.0,-0.273555240715917,0.8757397424599253,0.024271844660194174,0.034655951783023387,0.05985251243354495,2.0,6.0,-0.0112540192926045,0.0,1283.0,1279.79,0.00022665103556063215,-0.015690014536337116,0.010166468020617048,0.13066064995860918,0.01122997744234433,0.0013359475506911078,0.09340496055081138,0.09246491890968711,1.1604930173360228,0.6497579219285539,31.1,29.5,-0.05144694533762062,-0.0160552963754661,-0.03539164896215452,31.1,30.75,31.1,29.9,-0.03858520900321549,-0.0038772994648235137,-0.03470790953839198,31.1,30.4,-0.02250803858520911,-0.010266652104039431,-0.01224138648116968,-0.0005008624,0.005,3
2024-06-20,31.1,31.1,30.0,30.75,21301089,-0.004854368932038833,0.006546644844517058,0.008196721311475308,-0.028436018957345932,0.0016286644951140072,0.07705779334500873,30.65,29.975,29.139999999999997,30.529654507593552,29.90930407084921,0.6203504367443422,0.5974351834309887,0.022915253313353534,0.020173997942905437,0.0007452114898651556,59.60931472228704,29.975,1.207378630710221,32.38975726142044,27.56024273857956,0.16111808249677667,0.6604716160050219,0.7755754600363267,0.025221966180043146,21.766366091924443,26.170745007911176,22.530535387701377,69.73684210526318,71.31708312187165,2425483141.0,2383320250.8,0.3302480802227548,1.4290166775019784,4.602063640718017,16067434.3,0.7398319108807782,1.3257305803951536,0.03577235772357728,0.025854879065888126,0.05525051475634868,3.0,6.0,-0.0016286644951140072,0.0,1281.82,1282.3,0.0019612592690987363,-0.014759779025900754,0.0009913897410678274,0.12470316827273867,-0.006815628201137569,-0.013676239931445178,0.0760664036039409,0.07599106683986312,1.15842617721797,0.6479867638840134,30.7,29.2,-0.04885993485342022,-0.020216797528539332,-0.028643137324880885,30.7,30.65,30.7,29.9,-0.026058631921824116,-0.004030908822087342,-0.022027723099736773,30.7,30.6,-0.0032573289902279035,-0.00827192293026835,0.005014593940040446,-0.00036384774,0.005,3
2024-06-21,30.7,31.35,30.45,30.65,11455782,-0.003252032520325243,-0.008090614886731351,0.003273322422258529,0.003273322422258529,-0.003252032520325243,0.06794425087108014,30.669999999999998,30.0725,29.136666666666667,30.548169198733007,29.96417043597149,0.5839987627615173,0.5947478992970944,-0.010749136535577075,0.01905379323854869,-0.0003507059228573271,58.32151049397,30.0725,1.177360451000408,32.42722090200082,27.717779097999184,0.15660293637049247,0.6226259977369913,0.7844629271765893,0.02559422274638138,21.065706346292284,26.302439248534178,20.68418738263892,45.65217391304341,63.666257371955886,2414027359.0,2387411450.95,0.33117129344531077,1.4826722478638519,4.658599116271412,15222806.3,-0.5780151349453873,0.7525407453946253,0.02936378466557919,0.019203591320974267,0.051939137398467006,4.0,6.0,-0.037520391517128826,0.0,1285.07,1282.02,-0.0002183576386181052,0.0016485534139119018,0.01592005895731141,0.11148618597981416,-0.003033674881707138,0.001624769008346627,0.052024191913768725,0.051208942529556545,1.1374368210021932,0.6398972022773658,30.65,28.8,-0.06035889070146816,-0.027997408659137246,-0.032361482042330914,30.65,29.5,30.65,30.1,-0.017944535073409318,0.0014439700590855864,-0.019388505132494904,30.65,30.3,-0.011419249592169556,-0.012808404686268315,0.0013891550940987596,-0.0008312264,0.005,3
2024-06-24,30.65,30.75,29.4,29.5,20298206,-0.037520391517128826,-0.04065040650406504,-0.0453074433656957,-0.032786885245901676,-0.05144694533762062,0.027874564459930307,30.47,30.1125,29.111666666666668,30.38691239892793,29.929787440714342,0.457124958213587,0.5672233110803929,-0.11009835286680592,0.01549576129537583,-0.00373214755480698,46.01091388343076,30.1125,1.1413144545704559,32.395128909140915,27.82987109085909,0.15160673535182484,0.36583452142676093,0.8248584323782616,0.027961302792483444,20.144318384039746,23.227600534077236,27.35860949366436,4.000000000000057,39.79633867276892,2393729153.0,2390487740.8,0.3617880122903908,1.0716036733860461,3.35411491631875,15909446.65,0.6992918180506993,1.2758587049914776,0.04576271186440683,-0.020340390203403946,0.01333944008702126,0.0,6.0,-0.0033670033670032407,0.0,1281.19,1254.12,-0.021762531005756647,-0.016199000604030567,-0.01069670579326032,0.13617597986888932,-0.01575786051137218,-0.01658788464187111,0.038571270253190626,0.03898831680745429,1.1903871305004918,0.6654365863133522,29.7,29.3,-0.013468013468013407,-0.0009635522428470544,-0.012504461225166352,29.7,29.6,29.7,30.15,0.015151515151515138,0.02212984861877576,-0.006978333467260622,29.7,30.0,0.010101010101010166,-0.0008998463094355147,0.01100085641044568,-0.0015587001,0.005,3
2024-06-25,29.7,29.8,29.25,29.6,11200911,0.003389830508474523,-0.03425774877650889,-0.0373983739837398,-0.03109656301145658,-0.05128205128205121,0.025996533795493937,30.28,30.15,29.089999999999996,30.265848952939017,29.905358741402168,0.3604902115368489,0.5258766911716841,-0.16538647963483522,0.012178723362731382,-0.005587381068744433,47.05742120705459,30.15,1.1095281121178826,32.36905622423576,27.930943775764234,0.1472010762345449,0.37607344194502884,0.8052256872083858,0.027203570513796817,19.465251758918804,22.094361874878437,27.35441943310424,13.20754716981138,20.95324036095165,2404930064.0,2393673354.05,0.361603781405631,1.0864758525433693,3.3896399585942802,16018770.05,-0.7811452040898089,0.6992366433276817,0.018581081081081103,-0.018242122719734577,0.01753179786868353,1.0,6.0,0.003401360544217802,1.0,1255.77,1256.56,0.001945587344113875,-0.01792887846815161,-0.019637521162803484,0.12956741196616384,0.001444243164360648,-0.01316768454330497,0.04563405495829742,0.046548145143644915,1.1913716013614384,0.6660501817301131,29.4,29.6,0.006802721088435382,0.0086103498947534,-0.001807628806318018,29.4,29.5,29.4,30.35,0.03231292517006823,0.027610310179117414,0.004702614990950815,29.4,29.0,-0.013605442176870652,-0.021557647245720735,0.007952205068850082,-0.0033019695,0.005,3
2024-06-26,29.4,29.65,28.95,29.5,14573632,-0.0033783783783783994,0.0,-0.037520391517128826,-0.0453074433656957,-0.05901116427432218,0.04424778761061954,30.0,30.2125,29.048333333333332,30.148026037102245,29.87533216796497,0.27269386913727445,0.4752401267648022,-0.20254625762752776,0.009243859970755067,-0.006865974834831449,46.095196183672996,30.2125,1.0291635591974018,32.270827118394806,28.154172881605195,0.1362566565755767,0.3269225543324604,0.7977095666935011,0.02704100226079665,19.18436488104321,20.70949933860102,28.32612167106895,18.644067796610198,11.950538322140579,2390356432.0,2396670866.35,0.3525129265109216,1.100697197990715,3.8329176514883736,16206871.0,-0.2696496234283222,0.8992255198427876,0.02372881355932201,-0.023582954075299867,0.015548797980377671,2.0,6.0,-0.0034129692832765013,0.0,1258.95,1261.24,0.003724454065066496,-0.014494565514654667,-0.008957757103344344,0.12846121122176288,-0.007102832443444895,-0.03081287785104103,0.05320554471396388,0.053686454937029504,1.1616621155449773,0.6692475899728146,29.3,29.9,0.020477815699658564,0.012802309809551549,0.007675505890107015,29.3,29.2,29.3,29.85,0.018771331058020424,0.020012532620507395,-0.001241201562486971,29.3,29.2,-0.0034129692832765013,-0.01764085317003916,0.01422788388676266,-0.003516479,0.005,3
2024-06-27,29.3,29.5,29.1,29.2,6436928,-0.01016949152542379,-0.013513513513513598,-0.01016949152542379,-0.05040650406504066,-0.07740916271721954,0.04847396768402157,29.689999999999998,30.28,29.008333333333333,30.00217587754805,29.82530756293053,0.17686831461752206,0.4155657643353462,-0.23869744971782414,0.006057134062243907,-0.008174570195815896,43.23874046585989,30.28,0.9025402746522333,32.085080549304465,28.474919450695534,0.11922592795934381,0.2008443749459972,0.7693017405011081,0.026345950017161238,18.923541351587296,19.940360325971902,27.274105642217428,8.474576271186443,13.442063745869374,2383919504.0,2400146736.2,0.3503050546489072,1.1054054642139561,3.955194655118345,15728513.45,-1.4429127901823977,0.409252153451285,0.013698630136986254,-0.03566710700132103,0.006607296753806446,3.0,6.0,-0.008605851979345935,0.0,1260.71,1259.09,-0.001704671593035445,-0.018100288544022458,-0.0057094573251627034,0.1274475866265278,-0.008464819932388346,-0.0323062155210182,0.05418342500918427,0.05449455937036296,1.159146148975013,0.6677064009328355,29.05,29.9,0.029259896729776136,0.015568092551596191,0.013691804178179945,29.05,28.8,29.05,29.85,0.027538726333907082,0.0186706023312464,0.008868124002660682,29.05,28.8,-0.008605851979345935,-0.02148745903655558,0.012881607057209643,-0.0044668126,0.005,3
2024-06-28,29.05,29.4,28.8,28.8,9183808,-0.013698630136986245,-0.023728813559321993,-0.027027027027027084,-0.06035889070146816,-0.057283142389525366,0.03411131059245953,29.32,30.327500000000004,28.964999999999996,29.81722574254066,29.749358854565305,0.0678668879753559,0.34602598906334814,-0.27815910108799224,0.0023564891658109685,-0.009658302121110842,39.70570378512469,30.327500000000004,0.7853050027660097,31.898110005532022,28.756889994467986,0.10357662224265222,0.01372396883381995,0.7572087590367431,0.02629197079988691,19.041772829902538,18.811758918613368,28.560365064634617,0.0,9.039548022598913,2374735696.0,2403163415.65,0.3549955028680277,1.1417566190788975,3.752314179932938,15909256.45,-1.0873804486953407,0.5772619247708463,0.02083333333333326,-0.0503668287857556,-0.005696530295183688,4.0,6.0,0.010344827586207028,1.0,1260.27,1245.32,-0.010936469990231013,-0.02862669849144328,-0.012998129537456826,0.13254945062257528,-0.0027621601467552326,-0.03173219221002488,0.04710944012991636,0.047729838756880305,1.1587047900361551,0.6706959699799715,29.0,30.1,0.037931034482758585,0.029454478348430957,0.008476556134327629,29.0,29.3,29.0,29.75,0.02586206896551735,0.027617083757913274,-0.0017550147923959258,29.0,29.1,0.0034482758620690834,-0.0033859411231375036,0.006834216985206587,-0.004423285,0.005,3
2024-07-01,29.0,29.35,28.8,29.3,5213378,0.01736111111111116,0.0034246575342467,-0.006779661016949157,-0.006779661016949157,-0.03934426229508192,-0.015126050420168013,29.28,30.305,28.95,29.73765255138056,29.716073013486394,0.021579537894165668,0.28113669882951164,-0.259557160935346,0.000736502999800876,-0.008858606175267781,45.68053067211637,30.305,0.8088165493653182,31.922633098730635,28.687366901269364,0.10675684532127608,0.18936095558732471,0.7424081333912615,0.025338161549189813,19.151559202623833,17.816304595244713,27.049047648566365,16.129032258064527,8.20120284308369,2379949074.0,2405011344.75,0.2629692395042504,-0.37865947359986907,1.701321457822324,14740506.1,-1.6249184397745793,0.3536770016329358,0.0187713310580205,-0.03316284441511297,0.012089810017271274,0.0,7.0,0.008517887563884052,1.0,1246.33,1254.56,0.00741977965502838,0.00035084361943038544,-0.019875000000000087,0.12395968174907995,0.00994133145608278,-0.007130504636379542,0.0047489495798320736,0.004845248901754529,1.1981297369069759,0.7143357331619816,29.35,30.15,0.0272572402044291,0.019612827376933373,0.007644412827495728,29.35,29.6,29.35,29.75,0.013628620102214661,0.016641909013639156,-0.0030132889114244943,29.35,29.1,-0.008517887563884163,-0.009746836448561003,0.0012289488846768393,-0.0038042956,0.005,3
2024-07-02,29.35,29.75,29.25,29.6,5432463,0.010238907849829282,0.0277777777777779,0.013698630136986356,0.0,-0.03109656301145658,-0.011686143572620988,29.28,30.2875,28.941666666666666,29.71647523578355,29.707475012487404,0.009000223296148135,0.22670940372283896,-0.21770918042669082,0.0003040615978428424,-0.007355039879280095,48.94931738361621,30.2875,0.8206023140935221,31.928704628187045,28.646295371812958,0.10837504767227693,0.29055018850408476,0.7250932667204572,0.02449639414596139,18.525165251224184,20.879146806565004,25.71675363845986,25.806451612903267,13.978494623655964,2385381537.0,2406119085.05,0.2645647040886449,-0.39581420705438186,1.606096268834521,14000317.3,-1.4129436668704536,0.3880242771354903,0.01689189189189189,-0.022699133305819186,0.022746904693348835,1.0,7.0,0.011844331641285955,1.0,1258.87,1269.79,0.012139714322152884,0.010528745145476526,-0.010697145350286763,0.13192603213390952,-0.0019008064723236018,-0.010528745145476526,-0.0009889982223342253,-0.0009996920737527226,1.209855161204029,0.7199490987424516,29.55,30.35,0.027072758037224975,0.016061134410882305,0.01101162362634267,29.55,29.9,29.55,29.9,0.011844331641285955,0.0062202535224542554,0.005624078118831699,29.55,28.9,-0.021996615905245376,-0.0221478723905566,0.00015125648531122415,-0.0040757214,0.005,3
2024-07-03,29.55,30.1,29.55,29.9,6485869,0.010135135135135087,0.020477815699658564,0.03819444444444442,0.013559322033898313,-0.032362459546925515,0.010135135135135087,29.360000000000003,30.3025,28.945,29.744709814893774,29.721736122673523,0.02297369222025125,0.18596226142232142,-0.16298856920207017,0.000768350910376296,-0.0054511227157883,52.05635692432033,30.3025,0.8100479193108592,31.922595838621717,28.68240416137828,0.10692819659247381,0.3757789538110218,0.7125866048118531,0.023832327920128866,17.361603542348746,23.236401058448287,24.298959606163404,35.48387096774189,25.80645161290326,2391867406.0,2408316031.55,0.263615604375184,-0.5861856633627573,1.8321560929471288,13559698.0,-1.1262547704568566,0.4783195761439525,0.018394648829431464,-0.013282732447817858,0.03299360856797362,2.0,7.0,0.0,0.0,1273.26,1276.85,0.005559974483969832,0.012376708635945421,-0.005839529723206338,0.13363643287178498,0.004575160651165255,0.0011826133979528919,0.015974664858341425,0.016068497326084286,1.208707181805846,0.7218826108789066,29.9,29.85,-0.0016722408026754731,0.005528317968206409,-0.007200558770881882,29.9,29.9,29.9,30.4,0.01672240802675584,-0.007983610531171914,0.024706018557927756,29.9,29.0,-0.030100334448160515,-0.021393886790682326,-0.008706447657478189,-0.0038612124,0.005,3
2024-07-04,29.9,29.95,29.6,29.9,4387042,0.0,0.010135135135135087,0.020477815699658564,0.023972602739726012,-0.02764227642276429,-0.026058631921824116,29.5,30.2625,28.95,29.768600612602423,29.734940854327338,0.033659758275085494,0.15550176079287426,-0.12184200251778876,0.001125744423915903,-0.004074983361798955,52.05635692432033,30.2625,0.8091377802138098,31.88077556042762,28.64422443957238,0.10694923158546846,0.3879980613733633,0.6866875616110063,0.022966139184314595,16.28115338410727,22.390441325176933,23.41431566601555,43.13725490196069,34.80919249420199,2391867406.0,2408943649.95,0.2255827926939851,-1.4901133698533373,2.220699739426348,12209722.0,-1.5573030785783954,0.35930727988728983,0.011705685618729027,-0.011978521272201559,0.032815198618307395,3.0,7.0,0.006688963210702337,1.0,1278.87,1279.89,0.0023808591455536376,0.016519867523370202,-0.0028592352519554165,0.13395329659467067,-0.0023808591455536376,0.00745273521635581,-0.0231993966698687,-0.02326591940680578,1.2221256899388275,0.72441120704187,29.9,29.85,-0.0016722408026754731,0.0020215265257061965,-0.0036937673283816697,29.9,30.1,29.9,30.6,0.0234113712374584,-0.005284067405031179,0.02869543864248958,29.9,28.05,-0.061872909698996614,-0.04234278533573732,-0.019530124363259294,-0.0038612124,0.005,3
2024-07-05,29.9,30.15,29.6,30.1,6501714,0.006688963210702337,0.006688963210702337,0.016891891891891886,0.04513888888888884,-0.017944535073409318,-0.021138211382113803,29.76,30.23,28.968333333333337,29.819585133740514,29.761982272525312,0.05760286121520153,0.13592198087733973,-0.0783191196621382,0.001913716319441911,-0.0026019641083766844,54.211043380528984,30.23,0.8015445615880887,31.83308912317618,28.62691087682382,0.1060594854896579,0.45945328362579374,0.6769241643530771,0.022489174895451065,15.299075731708482,23.201384377363723,22.055451314748545,50.980392156862756,43.20050600885514,2398369120.0,2409247022.85,0.22714069050666527,-1.509190368715281,2.2002203297932543,11885476.5,-1.0398647892984318,0.5470301506212225,0.01827242524916934,-0.004300363876943436,0.03906564639548926,4.0,7.0,0.004999999999999893,1.0,1281.21,1283.04,0.0024611490049926132,0.030289403526804426,-0.003525994501312524,0.13375906313933375,0.0042278142057097234,0.014849485362084414,-0.01761221688080128,-0.01767453720178802,1.2135130825933926,0.7260042060429978,30.0,29.75,-0.008333333333333304,-0.00357103956929683,-0.004762293764036474,30.0,30.15,30.0,30.3,0.010000000000000009,-0.01599576765680677,0.02599576765680678,30.0,28.4,-0.053333333333333344,-0.037919927801204345,-0.015413405532128999,-0.0026743552,0.005,3
2024-07-08,30.0,30.3,29.75,30.15,11713425,0.0016611295681061566,0.008361204013378032,0.008361204013378032,0.029010238907849706,0.02203389830508473,-0.030546623794212358,29.93,30.182499999999997,28.985,29.870418190088127,29.790724326412327,0.0796938636758,0.12467635743703179,-0.044982493761231784,0.00264324589306136,-0.0014919566753310708,54.75845644267318,30.182499999999997,0.7749830218859302,31.732466043771858,28.632533956228137,0.1027062730901589,0.4895158993545079,0.6678581526135717,0.02215118250791283,14.639843885193818,23.44087477382068,20.75807378719587,52.94117647058813,49.01960784313723,2410082545.0,2409388764.0,0.2227075963717765,-1.5251053307838358,2.356754824873865,11723844.75,-0.0020323266158082374,0.9991112343926254,0.018242122719734685,-0.001076782904000595,0.04019320338105925,0.0,7.0,0.0066334991708127955,1.0,1285.34,1283.56,0.00040528744232437575,0.023115674021170873,-0.0055087667645487,0.1334432180253906,0.001255842125781781,0.0058945648866788325,-0.025037857029663657,-0.025176548764744955,1.2237176655113973,0.7275435032408166,30.15,29.75,-0.013266998341625147,-0.005060909719900808,-0.008206088621724339,30.15,30.35,30.15,30.0,-0.00497512437810943,-0.02463597988074584,0.01966085550263641,30.15,27.2,-0.0978441127694859,-0.07638786314553803,-0.021456249623947876,-0.0021319566,0.005,3
2024-07-09,30.15,30.4,29.95,30.35,11045860,0.0066334991708127955,0.008305647840531671,0.015050167224080369,0.02533783783783794,0.02533783783783794,-0.027243589743589647,30.080000000000002,30.139999999999997,29.005833333333335,29.944200006997647,29.832152154085488,0.11204785291215913,0.12215065653205727,-0.01010280361989814,0.0036918567681106795,-0.0003328765607874181,56.97424144817708,30.139999999999997,0.7387044135019389,31.617408827003874,28.66259117299612,0.0980364185138605,0.5710703754308398,0.6522968559983165,0.021492482899450296,14.198098284482816,23.38082393268506,19.735190119787166,60.7843137254902,54.90196078431373,2421128405.0,2409379403.1,0.22398515671686883,-1.5306381903756707,2.320718567295509,11572742.7,-0.10333584949834351,0.9544720976126083,0.014827018121911013,0.006967485069675039,0.0463412531961962,1.0,7.0,-0.016474464579901205,0.0,1286.33,1293.71,0.007907694225435469,0.018837760574583307,0.007240678599512496,0.13527212165285935,-0.0012741950546226732,0.006500077263254633,-0.03448426834310214,-0.03423637376426236,1.2212523995399842,0.7277861438809398,30.35,29.9,-0.014827018121911117,-0.011107080281266057,-0.00371993784064506,30.35,29.85,30.35,29.0,-0.04448105436573313,-0.049213859536728966,0.004732805170995835,30.35,28.4,-0.06425041186161462,-0.06583202760175055,0.0015816157401359332,-0.0021319566,0.005,3
2024-07-10,30.35,30.45,29.85,29.85,7897898,-0.016474464579901205,-0.00995024875621886,-0.00830564784053156,-0.0016722408026754731,0.011864406779661163,-0.04784688995215314,30.07,30.064999999999998,29.022499999999997,29.92970769822878,29.833474216745824,0.09623348148295463,0.11696722152223675,-0.02073374003928212,0.0032239022272346606,-0.0006945976562573574,50.33680273362411,30.064999999999998,0.6834702473029144,31.431940494605826,28.69805950539417,0.0909323462235708,0.4213572204318982,0.648561366284151,0.02172734895424291,13.581663951983119,21.835811596933677,19.532421106972926,41.17647058823531,51.633986928104584,2413230507.0,2408434608.05,0.22899167244667212,-1.2587533068900219,1.4076725666640997,11427098.35,-0.6835758303296385,0.6911551610125067,0.02010050251256274,-0.007151172459670563,0.028512361099147343,2.0,7.0,-0.0050000000000000044,0.0,1295.57,1285.94,-0.006005982793670928,0.007119082116145314,-0.010959936624647115,0.1294026080788106,-0.010468481786230277,-0.008791322918820788,-0.03688695332750602,-0.03729571196703585,1.2292061028419052,0.7307451049569025,30.0,30.4,0.013333333333333197,-0.01741097015040971,0.030744303483742907,30.0,29.85,30.0,29.2,-0.026666666666666727,-0.040793407376427115,0.014126740709760388,30.0,28.4,-0.053333333333333344,-0.05828957355515285,0.004956240221819508,-0.0021319566,0.005,3
2024-07-11,30.0,30.15,29.85,29.85,5413840,0.0,-0.016474464579901205,-0.00995024875621886,-0.0016722408026754731,0.022260273972602773,-0.056872037914691864,30.060000000000002,29.975,29.035,29.917444975424353,29.834698348838725,0.08274662658562804,0.11012310253491502,-0.02737647594928698,0.0027720812926508554,-0.0009171348726729306,50.33680273362411,29.975,0.5734246153372177,31.121849230674435,28.828150769325568,0.07652038236359858,0.4455028626881972,0.6236641258352829,0.020893270547245657,13.0092606432334,21.085551594598225,18.861303652039748,53.8461538461539,51.93564605329317,2413230507.0,2406497461.05,0.22486845727040497,-1.2511950947859485,1.526241045506163,10705438.4,-1.0739274423980865,0.5057093224692227,0.010050251256281312,-0.004170141784820669,0.028069571207163913,3.0,7.0,-0.008333333333333304,0.0,1291.14,1283.8,-0.0016641522932641095,0.003054950034768522,-0.013607271553810585,0.12933074022722937,0.0016641522932641095,-0.004727190837443995,-0.04326476636088128,-0.04386160310511811,1.2495351986645789,0.7329651116829562,30.0,30.6,0.020000000000000018,-0.007885907346427135,0.027885907346427152,30.0,29.75,30.0,28.8,-0.039999999999999925,-0.03999782028227339,-2.1797177265359124e-06,30.0,28.25,-0.05833333333333335,-0.05935838451777642,0.001025051184443071,-0.0026743552,0.005,3
2024-07-12,30.0,30.15,29.7,29.75,8717865,-0.003350083752093891,-0.003350083752093891,-0.01976935749588138,-0.011627906976744207,0.03298611111111116,-0.026186579378068786,29.99,29.935000000000002,29.072499999999998,29.891684209974454,29.828424397072894,0.0632598129015598,0.10075044460824398,-0.03749063170668418,0.0021263802655986487,-0.0012601893010650144,49.01237851518045,29.935000000000002,0.5589228362153964,31.052845672430795,28.81715432756921,0.07468486202978404,0.4172515470772841,0.6112595454184769,0.020546539341797544,12.143966027597763,19.97677566175039,19.622309980856354,57.575757575757585,50.866127336715635,2404512642.0,2404917854.15,0.19077381094195114,-1.390535964336055,3.396488086440216,10347898.3,-0.3402638841201525,0.8424768728158064,0.015126050420168043,-0.006180056789711119,0.02330380944191246,4.0,7.0,-0.001677852348993314,0.0,1284.57,1280.75,-0.002375759464090965,-0.0017848235440828253,0.0006562961458227434,0.11515407452136596,-0.0009743242880029257,-0.009843083432661381,-0.02684287552389153,-0.02682527020244696,1.2867287083575492,0.6698942427594798,29.8,30.3,0.016778523489932917,-0.01507623779338707,0.03185476128331999,29.8,29.75,29.8,29.1,-0.023489932885906062,-0.03273007615992041,0.009240143274014345,29.8,28.85,-0.03187919463087241,-0.0471132431043344,0.015234048473461992,-0.0030514083,0.005,3
2024-07-15,29.8,29.95,29.6,29.75,3660326,0.0,-0.003350083752093891,-0.003350083752093891,-0.013266998341625147,0.015358361774743923,-0.024590163934426257,29.910000000000004,29.8975,29.113333333333333,29.869886639209152,29.8226151824749,0.047271456734250705,0.09005464703344533,-0.042783190299194626,0.0015889565288823766,-0.0014380904302250294,49.01237851518045,29.8975,0.543980214424361,30.98546042884872,28.80953957115128,0.07277935806329765,0.4322126080651273,0.592598149317157,0.019919265523265783,11.434575117323883,19.13401334107958,19.9998473812382,57.575757575757585,56.332556332556386,2404512642.0,2404063717.4,0.19081900694354823,-1.4121725690444895,3.4370498288090867,9805444.45,-1.2522421767210166,0.37329526659038903,0.01176470588235287,-0.004933522869805196,0.021868559651935016,0.0,7.0,0.005042016806722671,1.0,1284.14,1279.82,-0.0007261370290845282,-0.002913771074199878,0.0039614989370631015,0.1141985907488554,0.0007261370290845282,-0.010353227267425269,-0.02855166287148936,-0.028439001796102925,1.2839911636401822,0.670016350710772,29.75,30.0,0.008403361344537785,-0.021974852474606843,0.030378213819144628,29.75,29.9,29.75,29.1,-0.02184873949579824,-0.02824224565998612,0.006393506164187879,29.75,29.2,-0.01848739495798324,-0.0409641183944871,0.022476723436503865,-0.0038853274,0.005,3
2024-07-16,29.75,30.2,29.75,29.9,7817908,0.005042016806722671,0.005042016806722671,0.0016750418760467234,-0.014827018121911117,0.010135135135135087,-0.021276595744680882,29.82,29.865,29.165000000000003,29.874519463946207,29.828347391180465,0.0461720727657422,0.0812781321799047,-0.035106059414162505,0.0015442164804596054,-0.001174115699470318,51.244047402609226,29.865,0.5219144918883488,30.908828983776697,28.8211710162233,0.06990316315263344,0.5167651983916781,0.5824125672230743,0.019478681178029242,11.018848322028056,21.144087460709706,18.896072714563026,66.6666666666666,60.60606060606062,2412330550.0,2403021396.0,0.19186394126000045,-1.4289302968983282,3.3889108355016253,9617259.8,-0.3666339888311591,0.8129039001317193,0.015050167224080244,0.0011719403984598031,0.025201440082290194,1.0,7.0,0.009966777408637828,1.0,1282.83,1281.18,0.0010626494350769455,-0.00968532360420804,0.0013130128956624354,0.11351064887772708,0.003979367371645726,-0.005141694517703077,-0.022589608640343317,-0.022559987086372968,1.3098889154821263,0.6605564617633617,30.1,29.0,-0.03654485049833889,-0.04219054950352619,0.005645699005187299,30.1,30.4,30.1,28.9,-0.039867109634551534,-0.03188784436305958,-0.007979265271491953,30.1,29.15,-0.031561461794019974,-0.04327136158996003,0.01170989979594006,-0.0030514083,0.005,3
2024-07-17,30.1,31.2,29.95,30.4,25062780,0.01672240802675584,0.02184873949579824,0.02184873949579824,0.018425460636515734,0.01672240802675584,-0.016181229773462813,29.93,29.839999999999996,29.225,29.9553626233391,29.8706920288708,0.0846705944682995,0.08195662463758367,0.002713969830715826,0.0027852169232993255,8.927532337881007e-05,57.8643538448644,29.839999999999996,0.48002192932464127,30.80004385864928,28.879956141350714,0.06434610312662749,0.7916533421649533,0.6336688124214263,0.02084436882965218,12.305068492181006,29.317880286558058,16.127062643213314,66.66666666666661,63.636363636363626,2437393330.0,2402551851.0,0.19723525686983073,-1.27513734207911,3.0205594242078013,10190036.2,2.497632756862413,2.459537876813431,0.04111842105263158,0.018766756032171594,0.040205303678357396,2.0,7.0,0.00657894736842124,1.0,1286.07,1268.66,-0.009772241215129762,-0.013437640947478124,-0.008696739308792778,0.11877776320344365,0.026494649241885604,0.03186310158399386,-0.007484490464670035,-0.007550152169832791,1.3100184335089204,0.64374590267268,30.4,29.2,-0.03947368421052633,-0.0255556866910579,-0.013917997519468428,30.4,30.6,30.4,29.0,-0.046052631578947345,-0.01529564498996816,-0.030756986588979185,30.4,29.2,-0.03947368421052633,-0.031936740233683536,-0.0075369439768427915,-0.0033474353,0.005,3
2024-07-18,30.4,30.6,29.95,30.6,10720413,0.00657894736842124,0.0234113712374584,0.028571428571428692,0.025125628140703515,0.0234113712374584,-0.004878048780487809,30.080000000000002,29.8325,29.274166666666666,30.05453760436385,29.924714841547036,0.12982276281681493,0.09152985227342993,0.038292910543385,0.004242573948261926,0.0012514023053393792,60.19275214772461,29.8325,0.4660232092717277,30.764546418543453,28.900453581456546,0.06248530418459424,0.9117284207794096,0.634835325819896,0.02074625247777438,13.499415793037317,27.173722197590994,14.947612714373182,75.00000000000007,69.44444444444446,2448113743.0,2403683381.1,0.19824576426326185,-1.3945695884294569,3.1936808698392656,9661002.4,0.1978171657791074,1.1096584553172246,0.021241830065359547,0.025726975613844072,0.04529021606080463,3.0,7.0,-0.008183306055646433,0.0,1270.95,1274.44,0.0045559882080306036,-0.007290855273407004,-0.0061296108554939055,0.1198173244158505,0.002022959160390636,0.03241648341411052,0.0012515620750060963,0.0012592809773550595,1.264812779371166,0.628248827742499,30.55,28.8,-0.057283142389525366,-0.033004516655165905,-0.02427862573435946,30.55,30.3,30.55,28.05,-0.08183306055646478,-0.03788971833636534,-0.043943342220099435,30.55,28.95,-0.05237315875613757,-0.04055579951069577,-0.011817359245441805,-0.0030514083,0.005,3
2024-07-19,30.55,30.85,30.15,30.3,8141744,-0.009803921568627527,-0.003289473684210509,0.013377926421404673,0.018487394957983128,0.006644518272425293,-0.011419249592169556,30.189999999999998,29.814999999999998,29.315833333333334,30.092301049846334,29.95251374217318,0.13978730767315284,0.10118134335337452,0.03860596431977832,0.00461344249746379,0.0012741242349761821,55.259946356933334,29.814999999999998,0.4395272580026089,30.694054516005217,28.93594548399478,0.05896726587323287,0.7758645744771554,0.6394899454041894,0.02110527872621087,14.948581703964399,27.841485903500125,13.778899052665366,53.8461538461539,65.17094017094023,2439971999.0,2404980613.1,0.20094275188932553,-1.2778203110341715,2.6944934651723402,9495300.5,-0.2530809720534458,0.8574498511131902,0.023102310231023195,0.01626697970820068,0.033571164615253446,4.0,7.0,-0.00990099009900991,0.0,1275.28,1264.78,-0.007579799755186634,-0.012469256295139619,-0.01344752811968608,0.1225843699527147,-0.0022241218134408935,0.030956651253122747,0.002028278527516525,0.0020559256454455443,1.3279465299816902,0.6511186511348348,30.3,29.1,-0.03960396039603953,-0.015308144789205946,-0.024295815606833582,30.3,30.0,30.3,28.4,-0.0627062706270628,-0.019676237890631332,-0.04303003273643147,30.3,29.35,-0.031353135313531344,-0.007285440218166905,-0.02406769509536444,-0.0030514083,0.005,3
2024-07-22,30.3,30.6,29.9,30.0,10810770,-0.00990099009900991,-0.019607843137254943,-0.013157894736842035,0.008403361344537785,-0.00497512437810943,0.016949152542372836,30.24,29.839999999999996,29.339166666666664,30.078100888331512,29.956031242752946,0.12206964557856637,0.1053590037984129,0.016710641780153468,0.004068988185952212,0.0005570213926717822,50.77853636113612,29.839999999999996,0.43486234966810666,30.70972469933621,28.970275300663783,0.05829254016998751,0.5919831299042777,0.6438120921610332,0.02146040307203444,15.650292231817824,25.679248952494213,15.482454090595105,27.272727272727252,52.0396270396271,2429161229.0,2406752216.9,0.15121156079846546,-0.10800233424180705,-0.613612410446105,9020928.7,0.3788805400547174,1.1984098710368924,0.023333333333333428,0.005361930294906392,0.02252392990030394,0.0,7.0,-0.03654485049833889,0.0,1261.42,1254.64,-0.008017204573127268,-0.01967464174649547,0.00041463336841784937,0.09853400633410221,-0.001883785525882642,0.028078003091033255,0.016534519173954987,0.016527666252024842,1.3474728183759217,0.6319655328959545,30.1,29.1,-0.03322259136212624,-0.008052708638360273,-0.02516988272376597,30.1,29.0,30.1,27.2,-0.09634551495016619,-0.05462632885606988,-0.041719186094096306,30.1,29.65,-0.014950166112956853,0.003899038767585461,-0.018849204880542314,-0.0027799823,0.005,3
2024-07-23,30.1,30.3,29.0,29.0,11986346,-0.033333333333333326,-0.04290429042904298,-0.05228758169934644,-0.030100334448160515,-0.04448105436573313,-0.020270270270270285,30.059999999999995,29.809999999999995,29.348333333333333,29.912239213203588,29.885214113660137,0.027025099543450892,0.0896922229474205,-0.06266712340396961,0.0009318999842569273,-0.0021609352897920555,39.3291500496821,29.809999999999995,0.4714479376301418,30.75289587526028,28.86710412473971,0.0632603740530214,0.07047219038030214,0.6906826570066738,0.023816643345057717,14.608976538598563,22.226865047590614,22.708515041556044,0.0,27.039627039627078,2417174883.0,2407364457.85,0.19343210456082902,-0.8407448031825495,1.23141322753638,9060200.45,0.6165090513510387,1.3229669769613102,0.04482758620689658,-0.027172089902717023,-0.011868930660457688,1.0,7.0,0.006896551724137945,1.0,1256.72,1231.81,-0.018196454759931258,-0.038534788242089446,-0.019696632074871046,0.11748248609062567,-0.015136878573402068,0.008434453793928931,-0.0005736381953992398,-0.0005851639545148002,1.3925801727390772,0.6628778210183698,29.0,28.9,-0.0034482758620689724,0.015960832313341555,-0.019409108175410528,29.0,29.2,29.0,28.4,-0.020689655172413834,-0.01241942064463486,-0.008270234527778975,29.0,29.65,0.022413793103448265,0.03839249286005719,-0.015978699756608927,-0.003880887,0.005,3
2024-07-24,29.0,29.45,28.6,29.2,12414350,0.006896551724137945,-0.026666666666666727,-0.0363036303630363,-0.03947368421052633,-0.021775544388609736,-0.01016949152542379,29.82,29.794999999999998,29.365000000000002,29.802663949633803,29.834457512648275,-0.031793563014471005,0.06539506575504221,-0.09718862876951322,-0.001088820651180514,-0.003328377697586069,42.13912042183723,29.794999999999998,0.4863667665249418,30.76773353304988,28.822266466950115,0.065295085286114,0.1941608468382644,0.7020624672204826,0.02404323517878365,14.279405727592577,20.304688178664676,24.814327067964186,23.076923076923013,16.783216783216783,2429589233.0,2409326097.9,0.19515375361159187,-0.9424056731528092,1.25738794316534,8952236.35,0.7465291616538897,1.3867317075470198,0.02910958904109582,-0.01996979358952844,-0.005618934105227402,2.0,7.0,-0.012006861063464713,0.0,1225.5,1238.47,0.005406677977934926,-0.023796761937792676,-0.018053661476007732,0.11852082632989017,0.0014898737462030187,-0.01567692227273365,0.007884169950583941,0.008029125056298936,1.4050110560811286,0.671113263878556,29.15,29.0,-0.005145797598627766,0.01507802614930398,-0.020223823747931746,29.15,28.8,29.15,28.4,-0.02572898799313894,-0.013820848068001101,-0.01190813992513784,29.15,29.95,0.027444253859348233,0.041470655030334314,-0.01402640117098608,-0.003880887,0.005,3
2024-07-25,29.15,29.15,28.6,28.8,8571850,-0.013698630136986245,-0.006896551724137945,-0.039999999999999925,-0.05882352941176472,-0.035175879396984966,-0.013698630136986245,29.46,29.775,29.384999999999998,29.64840795738245,29.757831030229884,-0.10942307284743436,0.0304314380345469,-0.13985451088198125,-0.003799412251647026,-0.004856059405624349,38.31681214769922,29.775,0.5192352676377809,30.81347053527556,28.736529464724438,0.06975452797820729,0.030559622598594502,0.694772290990448,0.024124037881612777,13.973375688801305,19.05219015416483,23.283651228057632,7.692307692307671,10.256410256410257,2421017383.0,2411180991.85,0.19787085428682544,-0.8995014055628265,1.0004181052148216,9058982.45,-0.105873116966718,0.9462265819932127,0.019097222222222123,-0.032745591939546514,-0.019908116385911057,3.0,7.0,0.01041666666666674,1.0,1232.92,1233.19,-0.004263324908960198,-0.03236715733969431,-0.02057041196419629,0.11910238522762136,-0.009435305228026047,-0.02645637207207041,0.006871781827210044,0.007016106018392865,1.4597139050845285,0.702833469400802,28.8,28.05,-0.02604166666666663,-0.0066790262384534005,-0.01936264042821323,28.8,29.1,28.8,28.25,-0.01909722222222221,-0.02176957764266818,0.002672355420445971,28.8,29.9,0.03819444444444442,0.038511670080391136,-0.00031722563594671627,0.000957215,0.005,3
2024-07-26,28.8,29.1,28.75,29.1,5366200,0.01041666666666674,-0.003424657534246478,0.0034482758620690834,-0.03960396039603953,-0.02184873949579824,0.01041666666666674,29.22,29.79,29.410833333333336,29.564037502400534,29.70910280576841,-0.1450653033678755,-0.004667910245937576,-0.1403973931219379,-0.004985061971404655,-0.004824652684602677,42.5274388663787,29.79,0.49327050334949557,30.77654100669899,28.803458993301007,0.06623303166827743,0.1502932998655744,0.6701456987768447,0.023029061813637276,13.689204938495124,18.341442096356687,22.415047159175476,19.230769230769248,16.66666666666667,2426383583.0,2413763386.2,0.19522026317684238,-1.1519319986353649,1.6850355219246504,8868102.05,-0.7491897568997218,0.6051125674630683,0.012027491408934755,-0.023162134944612167,-0.010568668007820303,4.0,7.0,-0.003424657534246478,0.0,1235.21,1242.11,0.00723327305605781,-0.017924065845443482,-0.0025776507243118196,0.11645480994394654,0.003183393610608931,-0.021679894550596046,0.01299431739097856,0.013027898763662948,1.4663125385909024,0.7076502894541957,29.2,28.4,-0.0273972602739726,-0.008904312700868111,-0.01849294757310449,29.2,29.1,29.2,28.85,-0.011986301369862895,-0.019291341738064127,0.007305040368201232,29.2,29.95,0.02568493150684925,0.030143222383406387,-0.004458290876557136,-0.00078813836,0.005,3
2024-07-29,29.2,29.4,28.8,29.1,5947800,0.0,0.01041666666666674,-0.003424657534246478,-0.029999999999999916,-0.02184873949579824,-0.0068259385665528916,29.04,29.78,29.427500000000002,29.492647117415835,29.663984079415194,-0.17133696199935855,-0.038001720596621776,-0.13333524140273678,-0.0058878681099435925,-0.004581967058513292,42.5274388663787,29.78,0.5056002165232433,30.791200433046487,28.768799566953515,0.06791137898230264,0.1637659667770637,0.6651352917213557,0.02285688287702253,12.813220392192136,20.381320833231705,20.970762229166354,19.230769230769248,15.384615384615417,2426383583.0,2416085111.65,0.18489314905562504,-1.2815997350281692,2.1254517298255404,8904823.15,-0.6363522154314273,0.6679301654631962,0.020618556701030855,-0.022834116856950915,-0.011129045960411199,0.0,7.0,-0.005163511187607606,0.0,1247.71,1246.6,0.0036148167231566664,-0.006408212714404282,-0.006344853972707565,0.1139509339458055,-0.0036148167231566664,-0.023591787285595633,-0.00048108459384532676,-0.0004841564961131084,1.4868071549954434,0.6987946853450163,29.05,27.2,-0.0636833046471601,-0.04743311177569498,-0.01625019287146512,29.05,28.9,29.05,29.2,0.005163511187607606,-0.013590115696383243,0.018753626883990848,29.05,29.75,0.024096385542168752,0.026290259214419187,-0.002193873672250435,-0.00024573962,0.005,3
2024-07-30,29.05,29.15,28.8,28.9,4458200,-0.0068728522336770626,-0.0068728522336770626,0.003472222222222099,-0.0034482758620689724,-0.03344481605351168,-0.023648648648648796,29.02,29.744999999999997,29.4375,29.4014706378134,29.60739266612518,-0.20592202831177886,-0.07158578213965319,-0.13433624617212567,-0.007125329699369511,-0.004648313016336529,40.3954240862003,29.744999999999997,0.5416592442145646,30.828318488429126,28.66168151157087,0.07284037575586677,0.10999465576125474,0.642625628026973,0.0222361809005873,11.999806170625076,19.588428364260015,20.15493878101226,11.538461538461439,16.666666666666675,2421925383.0,2417912303.95,0.18193804535599187,-1.1520636475492672,1.9883621681341355,8856110.0,-0.9377093715728806,0.5034038646764776,0.012110726643598543,-0.02840813582114643,-0.018259023354564752,1.0,7.0,0.0,0.0,1247.23,1245.06,-0.001235360179688727,0.01075652901015589,-0.019475661329826255,0.10405580935532513,-0.0056374920539883355,-0.014204804872224863,-0.004172987318822541,-0.004255873265198162,1.4921647669851357,0.6978029132434411,29.0,28.4,-0.020689655172413834,-0.029796785442302354,0.00910713026988852,29.0,29.0,29.0,29.15,0.005172413793103292,-0.01365184977353795,0.01882426356664124,29.0,29.6,0.020689655172413834,0.026542145977794585,-0.00585249080538075,-0.00078813836,0.005,3
2024-07-31,29.0,29.25,28.85,29.0,6032600,0.0034602076124568004,-0.003436426116838587,-0.003436426116838587,-0.006849315068493178,-0.046052631578947345,-0.030100334448160515,28.98,29.7,29.455000000000002,29.339705924303647,29.562400616782572,-0.2226946924789246,-0.10180756420750747,-0.12088712827141712,-0.007679127326859469,-0.004168521664531625,41.96212877933751,29.7,0.5649871912855947,30.829974382571187,28.57002561742881,0.0760925510148948,0.19025846479493105,0.6252952260250463,0.02156190434569125,11.252680651616807,19.835697695632668,19.234005164736512,15.384615384615342,15.384615384615373,2427957983.0,2419716832.8,0.17795420851805205,-1.1872806306906687,2.246542916452961,8833446.55,-0.5955206405782946,0.6829270959928998,0.013793103448275813,-0.023569023569023573,-0.015447292480054386,2.0,7.0,-0.03275862068965518,0.0,1247.45,1251.51,0.005180473230205873,0.010529120608492759,-0.019845714061949238,0.10374857521674315,-0.0017202656177490727,-0.017378435676985937,-0.010254620386211277,-0.010462251232618125,1.4912304327319068,0.7037419829206103,29.0,28.4,-0.020689655172413834,-0.030854701535959816,0.010165046363545982,29.0,28.05,29.0,29.2,0.006896551724137945,-0.019313082361568368,0.026209634085706313,29.0,29.55,0.018965517241379404,0.02140141400776363,-0.002435896766384227,-0.00024573962,0.005,3
2024-08-01,29.0,29.25,28.05,28.05,11998200,-0.03275862068965518,-0.02941176470588225,-0.03608247422680411,-0.02604166666666663,-0.08333333333333337,-0.061872909698996614,28.830000000000002,29.607500000000005,29.459166666666665,29.14128962825693,29.450370941465344,-0.3090813132084129,-0.14326231400768857,-0.16581899920072435,-0.011018941647358749,-0.005911550773644362,33.069285442079774,29.607500000000005,0.671854268346751,30.951208536693507,28.263791463306504,0.09076811866543959,-0.07955276664111445,0.6663455670232572,0.02375563518799491,11.79827434615668,17.284164761721346,25.335428962493307,0.0,8.974358974358955,2415959783.0,2420921451.65,0.20955809855362637,-1.0902185987386388,0.9547238336058644,9214004.45,0.6010965612810737,1.3021699810444525,0.04278074866310158,-0.05260491429536451,-0.047834573279397996,3.0,8.0,0.014285714285714235,1.0,1254.59,1226.96,-0.019616303505365473,-0.005051938468524697,-0.04135511645532042,0.12206029867266188,-0.013142317184289709,-0.020989728198141933,-0.020517793243676197,-0.02140291321204335,1.5119405672919266,0.72745993805648,28.0,28.25,0.008928571428571397,-0.0060460486809743585,0.014974620109545755,28.0,28.4,28.0,28.95,0.03392857142857131,0.006490248175902824,0.027438323252668484,28.0,30.45,0.08749999999999991,0.054126531048722004,0.03337346895127791,0.00012760951,0.005,3
2024-08-02,28.0,28.55,27.95,28.4,10783600,0.012477718360071277,-0.020689655172413834,-0.01730103806228378,-0.024054982817869552,-0.0627062706270628,-0.056478405315614655,28.689999999999998,29.5225,29.4725,29.027245070063557,29.372565686541986,-0.3453206164784284,-0.18367397450183653,-0.16164664197659184,-0.01215917663656438,-0.005691783168189854,38.2605703542813,29.5225,0.712570402801291,30.947640805602582,28.09735919439742,0.0965460787943149,0.10617926467785598,0.6616065979501675,0.023296006970076322,12.457682511269104,16.164541830731046,24.773889241973727,13.846153846153824,9.74358974358975,2426743383.0,2422340164.8,0.21410433626348185,-1.0259860421958082,0.7986415143656236,9428098.75,0.2947552368090597,1.1437724917762448,0.021126760563380333,-0.038021847743246795,-0.03638985494952929,4.0,8.0,-0.03546099290780147,0.0,1215.67,1236.6,0.007856816848144987,-0.004436000032203236,-0.036195286195286225,0.1261573698324969,0.00462090151192629,-0.019618982785666317,-0.02028311912032843,-0.021044843244497957,1.5092273352627235,0.7296245250435622,28.2,28.85,0.02304964539007104,0.0037652270210410954,0.019284418369029943,28.2,27.2,28.2,29.35,0.04078014184397172,0.027217915590008745,0.013562226253962972,28.2,30.55,0.08333333333333348,0.05317255239735852,0.030160780935974962,0.00012760951,0.005,3
2024-08-05,28.2,28.4,27.0,27.2,21028700,-0.04225352112676051,-0.030303030303030387,-0.06206896551724139,-0.06529209621993137,-0.09333333333333338,-0.0978441127694859,28.309999999999995,29.375,29.471666666666668,28.746130443899933,29.211634894946283,-0.46550445104634974,-0.2400400698107392,-0.22546438123561055,-0.017114134229645212,-0.008289131663073917,29.742751026346596,29.375,0.8648851460110318,31.104770292022064,27.645229707977936,0.11777159435043838,-0.12869619452692566,0.7143489838108698,0.02626283028716433,14.268513512590912,13.901706410360273,30.805010527445557,4.761904761904746,6.202686202686219,2405714683.0,2422121771.7,0.25480441284795974,-1.018419724316504,0.41264088600986026,9893862.5,2.114583512347775,2.125428769603378,0.05147058823529407,-0.07404255319148934,-0.07707968104959573,0.0,8.0,0.03085299455535373,1.0,1219.05,1188.07,-0.039244703218502375,-0.046951708647521184,-0.0743946523730874,0.18273729767724822,-0.0030088179082581323,-0.01834038757241019,-0.023449460396398503,-0.025334188546467185,1.3851369680925376,0.7547767489558223,27.55,29.2,0.05989110707803991,0.027356536842808366,0.03253457023523154,27.55,28.4,27.55,29.65,0.07622504537205077,0.05352728973211285,0.022697755639937922,27.55,30.1,0.09255898366606163,0.06536842808470844,0.027190555581353193,-0.0023103063,0.005,3
2024-08-06,27.55,28.45,27.3,28.4,8945400,0.044117647058823595,0.0,0.012477718360071277,-0.01730103806228378,-0.020689655172413834,-0.06425041186161462,28.21,29.277500000000003,29.490833333333335,28.692879606376867,29.151513791616928,-0.4586341852400615,-0.28375889289660366,-0.17487529234345783,-0.01614909102957963,-0.006157580716318938,43.32957975233363,29.277500000000003,0.8590807510607902,30.995661502121585,27.55933849787842,0.11737077975384386,0.24463983772291784,0.7526097706815219,0.02650034403808176,15.832862221520186,12.727019389361502,27.15046407366876,36.36363636363631,18.323898323898323,2414660083.0,2421798355.6,0.30693207410363404,0.03973693193242065,1.242942375037648,9788839.5,-0.16027367515809304,0.9138366197545684,0.040492957746478826,-0.02997182136452925,-0.03698889485433332,1.0,8.0,0.0,0.0,1197.52,1210.28,0.018694184686087523,-0.027934396735900258,-0.06448895038300706,0.19546624495912485,0.025423462372736072,0.010633358673616478,0.00023853852139243958,0.0002549820458990215,1.4460370372884641,0.7739476533930395,28.4,29.15,0.02640845070422526,0.011060347094399292,0.01534810360982597,28.4,28.4,28.4,29.65,0.04401408450704225,0.04567939784380748,-0.0016653133367652284,28.4,29.6,0.04225352112676073,0.04211313436760444,0.00014038675915628573,-0.000108196546,0.005,3
2024-08-07,28.4,28.5,27.9,28.4,7957500,0.0,0.044117647058823595,0.0,-0.020689655172413834,-0.0273972602739726,-0.048576214405360196,28.089999999999996,29.205000000000002,29.500833333333333,28.64782120539581,29.095846103349007,-0.44802489795319644,-0.3166120939079222,-0.13141280404527422,-0.015775524575816775,-0.004627211410044867,43.32957975233363,29.205000000000002,0.8693463969533748,30.943692793906752,27.46630720609325,0.11906815914444446,0.26850424559728836,0.7417090727756991,0.02611651664703166,17.162402283207918,12.473145144210427,25.581666602864686,36.36363636363631,25.829725829725817,2414660083.0,2421869834.4,0.30298242484611676,-0.08242684783727841,1.4822778130283798,9791819.6,-0.3486381552312278,0.8126681582246471,0.021126760563380333,-0.027563773326485297,-0.03731533007542165,2.0,8.0,0.007130124777183555,1.0,1216.96,1215.88,0.004627028456225091,-0.02846960871267501,-0.054481546572934914,0.19711820836015825,-0.004627028456225091,0.007779953540261175,0.005905332167574717,0.006245602236710113,1.428653961469107,0.7678802031151917,28.05,29.2,0.04099821746880572,0.015290923644405652,0.025707293824400068,28.05,28.25,28.05,29.95,0.06773618538324411,0.05959581789524937,0.008140367487994737,28.05,29.9,0.06595365418894827,0.05126956751359524,0.014684086675353036,-0.0027134425,0.005,3
2024-08-08,28.05,28.6,28.0,28.25,5944200,-0.005281690140845008,-0.005281690140845008,0.03860294117647056,0.007130124777183555,-0.01909722222222221,-0.05360134003350092,28.129999999999995,29.125,29.49833333333333,28.586617943027225,29.033190836434265,-0.44657289340704054,-0.3426042538077459,-0.10396863959929464,-0.01580789003210763,-0.003680305826523704,42.1479463509086,29.125,0.8804155717321559,30.885831143464312,27.364168856535688,0.12091544332802143,0.25153778849046854,0.7315869961488636,0.025896884819428798,18.142199910871383,12.71880608666634,24.08306541682107,34.72222222222221,35.816498316498304,2408715883.0,2421644103.2,0.3030276950320039,-0.03659609179329582,1.4752266084426984,9818337.6,-0.7394169816139096,0.6054181718094518,0.021238938053097397,-0.030042918454935674,-0.04231877507203785,3.0,8.0,0.006980802792321272,1.0,1211.83,1208.32,-0.006217718853834375,-0.015192019299732795,-0.05879420470478269,0.1974562077361005,0.0009360287129893674,0.02232214407691635,0.005192864671281772,0.005517246809612963,1.4171979866079767,0.7622223344087949,28.65,28.95,0.010471204188481797,0.006796675717929634,0.003674528470552163,28.65,28.85,28.65,29.9,0.04363001745200701,0.05552538467868007,-0.01189536722667306,28.65,29.5,0.029668411867364908,0.043141611124825285,-0.013473199257460378,-0.0029818465,0.005,3
2024-08-09,28.65,28.95,28.2,28.85,9925300,0.02123893805309729,0.015845070422535246,0.015845070422535246,0.015845070422535246,-0.00859106529209619,-0.030252100840336138,28.22,29.080000000000002,29.504166666666666,28.627138259484575,29.019621144846543,-0.39248288536196796,-0.3525799801185903,-0.03990290524337764,-0.013604259457953828,-0.0013831162995971453,48.22963500918319,29.080000000000002,0.8697246993346093,30.81944939866922,27.340550601330783,0.11963200816156938,0.43388712538117985,0.7329022107096591,0.02540388945267449,18.202164568673002,15.200222245110353,22.322715673150594,56.06060606060609,42.3821548821549,2418641183.0,2422350530.25,0.31454696864575293,-0.13827839478136175,0.9414858147296492,9878709.35,0.008903147384076441,1.0047162689324391,0.025996533795493933,-0.007909215955983484,-0.022172009603163345,4.0,8.0,0.0121317157712304,1.0,1215.3,1223.64,0.012678760593220373,-0.01048034934497799,-0.04459105992582468,0.20511991447933017,0.008560177459876916,0.026325419767513236,0.014338959085488545,0.015008190193798399,1.4240128068799198,0.7684508099134357,28.85,29.35,0.017331022530329365,0.021436437048819368,-0.004105414518490003,28.85,29.2,28.85,29.95,0.03812824956672434,0.048427749908234397,-0.01029950034151006,28.85,29.2,0.0121317157712304,0.023883518903707213,-0.011751803132476812,-0.0018605305,0.005,3
2024-08-12,28.85,29.35,28.6,29.2,9701500,0.0121317157712304,0.03362831858407067,0.028169014084507005,0.07352941176470584,0.0034364261168384758,-0.01848739495798324,28.619999999999997,29.0525,29.519166666666667,28.715270834948488,29.032982541524575,-0.3177117065760875,-0.3456063254100898,0.027894618834002294,-0.010880537896441353,0.0009552951655480237,51.43675063743877,29.0525,0.8560120203294286,30.764524040658856,27.34047595934114,0.11785726121048841,0.5430776661124562,0.7341234813732549,0.02514121511552243,17.402649640370957,17.98292200707376,20.6937529733504,89.79591836734694,60.192915550058444,2428342683.0,2423542032.3,0.3181633591078573,-0.2167611544953941,0.7808628019084093,10180768.05,-0.09536791541052118,0.952924175499706,0.025684931506849317,0.0050770157473538635,-0.010812184174124218,0.0,8.0,-0.00171232876712335,0.0,1225.95,1230.28,0.0054264326108985905,0.03552820961727843,-0.0387085683924302,0.20686068971252286,0.00670528316033181,0.038001202147427415,0.02022117343444696,0.021035424606491215,1.43708560528507,0.7752777574294583,29.2,29.65,0.015410958904109595,0.025865784145518322,-0.010454825241408727,29.2,29.15,29.2,29.75,0.018835616438356295,0.04082744488986112,-0.021991828451504825,29.2,29.6,0.013698630136986356,0.01907611744903681,-0.005377487312050455,-0.0018605305,0.005,3
2024-08-13,29.2,29.5,29.15,29.15,7059600,-0.00171232876712335,0.010398613518197486,0.031858407079645934,0.02640845070422526,0.00865051903114189,-0.025083612040133763,28.77,29.014999999999997,29.533333333333335,28.78215224495641,29.04165050141164,-0.25949825645523106,-0.3283847116191181,0.06888645516388703,-0.008902170032769505,0.002363171703735404,50.95115578461423,29.014999999999997,0.8330508293085326,30.681101658617063,27.34889834138293,0.11484416051125737,0.5405137343516173,0.706686089846594,0.024243090560775095,16.361758153218478,18.862882049002284,19.96168277730895,85.99999999999994,77.28550814265101,2421283083.0,2423989658.95,0.31743757237414916,-0.1633713848701834,0.8040207958436772,10142852.65,-0.6109027006145697,0.6960172097146654,0.012006861063464887,0.004652765810787551,-0.012979683972912048,1.0,8.0,-0.0017094017094017033,0.0,1229.81,1230.42,0.00011379523360544042,0.01664077734078062,-0.03961972556549431,0.20670840439756727,-0.0018261240007287904,0.00976767336344464,0.01453611352536055,0.01513578934544424,1.4367112531601007,0.7750001386002364,29.25,29.65,0.013675213675213627,0.03149063791845652,-0.017815424243242894,29.25,29.2,29.25,29.6,0.011965811965811923,0.037983302261489715,-0.026017490295677792,29.25,29.7,0.01538461538461533,0.018359406662883826,-0.002974791278268496,-0.0012732784,0.005,3
2024-08-14,29.25,29.4,29.2,29.2,5866500,0.0017152658662091813,0.0,0.0121317157712304,0.028169014084507005,0.006896551724137945,-0.03947368421052633,28.93,28.955000000000002,29.553333333333335,28.846436514963116,29.05338009389967,-0.2069435789365528,-0.30409648508260506,0.09715290614605226,-0.0070871088676901645,0.003327154320070283,51.44480779514608,28.955000000000002,0.7687823591827471,30.492564718365497,27.417435281634507,0.10620374500884094,0.5796714431183242,0.6740656548575515,0.023084440234847656,15.39521605800546,18.36317229963425,19.43286393235726,87.99999999999997,87.93197278911565,2427149583.0,2423477471.6,0.3106733837696731,-0.0902454556770419,1.1161851752637022,9183038.65,-0.8944237134582547,0.6388408263968267,0.006849315068493127,0.00846140562942499,-0.011955786149334569,2.0,8.0,-0.008561643835616417,0.0,1233.7,1230.36,-4.8763836738796584e-05,0.011909069974010311,-0.03018933362760723,0.2046922263901845,0.001764029702947978,0.016259944110496694,-0.009284350582919099,-0.009573364064603962,1.435955886243141,0.7732825170657017,29.2,29.95,0.02568493150684925,0.04345105559979845,-0.017766124092949198,29.2,28.95,29.2,29.55,0.011986301369863117,0.041330104503567444,-0.029343803133704327,29.2,29.8,0.020547945205479534,0.017170765005119604,0.0033771802003599305,-0.0012732784,0.005,3
2024-08-15,29.2,29.3,28.75,28.95,3730700,-0.008561643835616417,-0.006861063464837058,-0.008561643835616417,0.024778761061946986,0.03208556149732611,-0.05392156862745101,29.07,28.872500000000002,29.560000000000002,28.862369358814945,29.04572230916636,-0.1833529503514164,-0.27994777813636734,0.09659482778495093,-0.006333435245299358,0.003336608904488806,48.80015871068355,28.872500000000002,0.6644101063912359,30.201320212782473,27.54367978721753,0.09204746473512657,0.5291612060286608,0.6652038223677265,0.022977679529109722,15.327937731719048,17.27867711772897,23.117226065699185,77.99999999999997,83.99999999999999,2423418883.0,2422242728.6,0.3098862126822952,0.03132895765083465,1.1558188498169586,8833553.0,-1.3148774980359141,0.42233289368388915,0.01899827288428327,0.0026842150835568734,-0.02063599458728016,3.0,8.0,0.013816925734024155,1.0,1230.58,1223.56,-0.0055268376735264635,0.012612552966101642,-0.03992341734408844,0.20389478519976173,-0.0030348061620899536,0.012166208095845343,-0.01399815128336257,-0.014580244468247239,1.433142089710464,0.7694658640047035,28.95,29.9,0.032815198618307395,0.04437949310819289,-0.011564294489885496,28.95,29.35,28.95,30.45,0.051813471502590636,0.043312952363893986,0.00850051913869665,28.95,29.55,0.020725388601036343,0.008947544106751693,0.01177784449428465,-0.0021071974,0.005,3
2024-08-16,28.95,29.45,28.95,29.35,8293900,0.013816925734024155,0.005136986301369939,0.006861063464837169,0.017331022530329365,0.033450704225352235,-0.031353135313531344,29.169999999999998,28.825,29.570833333333333,28.9373894574588,29.06826139737626,-0.13087193991746204,-0.2501326104925863,0.11926067057512424,-0.004459009877937378,0.004063395931009343,52.96635570765081,28.825,0.5863580727463559,29.99771614549271,27.65228385450729,0.081367989279633,0.723839333165924,0.6534035493414603,0.02226247186853357,14.928878156894806,17.974009979846116,21.853665104843955,94.00000000000006,86.66666666666669,2431712783.0,2421829767.8,0.3139061811797641,-0.13297285110969417,0.9626646221639287,8841160.8,-0.14106188649820095,0.9381007978047406,0.017035775127768313,0.018213356461405095,-0.007467944201775323,4.0,8.0,0.005084745762711895,1.0,1228.27,1252.23,0.023431625747817986,0.02336471511228777,-0.009922674299087553,0.22150424111122274,-0.009614700013793831,-0.006033692581958405,-0.02143046101444379,-0.021645239677893224,1.411694198855574,0.779260950131895,29.5,29.95,0.015254237288135464,0.020613645026045013,-0.0053594077379095495,29.5,29.65,29.5,30.55,0.035593220338983045,0.019462266548087914,0.01613095379089513,29.5,29.85,0.011864406779661163,-0.0003255621903187622,0.012189968969979925,-0.0019653162,0.005,3
2024-08-19,29.5,29.7,29.35,29.65,5992100,0.010221465076660996,0.024179620034542326,0.015410958904109595,0.015410958904109595,0.09007352941176472,-0.011666666666666714,29.26,28.807500000000005,29.586666666666666,29.047021848618982,29.11135314571876,-0.06433129709977692,-0.2129723478140244,0.1486410507142475,-0.0021696896155068103,0.005013188894241062,55.86691294823527,28.807500000000005,0.5537610638087629,29.91502212761753,27.69997787238248,0.07689123510318666,0.8803535744303186,0.6317318672456416,0.02130630243661523,14.018925701384854,20.089407517166336,20.988833590164866,98.14814814814814,90.04938271604942,2437704883.0,2422256950.5,0.3148080460882889,-0.2847187851868931,0.9675677975173728,8600227.3,-0.6686830172499438,0.6967373990220002,0.011804384485666033,0.029245856113859103,0.00214060387561954,0.0,8.0,0.0,0.0,1259.36,1261.62,0.007498622457535742,0.025473875865656526,0.005563348849072058,0.2212792523141757,0.002722842619125254,-0.01006291696154693,-0.017230015515738772,-0.01713468926195405,1.4159605387462448,0.7821390848798735,29.65,29.75,0.003372681281618828,0.012954536461836641,-0.009581855180217813,29.65,29.65,29.65,30.1,0.01517706576728517,0.009615004154631235,0.005562061612653935,29.65,30.25,0.02023608768971341,0.0009891979582954402,0.01924688973141797,-0.0019653162,0.005,3
2024-08-20,29.65,29.8,29.5,29.65,6413400,0.0,0.010221465076660996,0.024179620034542326,0.0171526586620927,0.04401408450704225,0.022413793103448265,29.359999999999996,28.840000000000003,29.6,29.139787718062216,29.151252912702553,-0.011465194640337018,-0.17267091717928695,0.16120572253894994,-0.0003866844735358185,0.005436955228969644,55.86691294823527,28.840000000000003,0.5839069861049674,30.007813972209938,27.67218602779007,0.08098571235852527,0.8468018105945319,0.6080367338709529,0.020507141108632478,13.07131562648579,20.55615301877394,20.24914025465546,94.64285714285708,95.59700176366846,2437704883.0,2423283450.5,0.28979855137144,-0.32681565645213645,2.049994101378704,8321580.0,-0.4963503785470476,0.7706949882113733,0.010118043844856685,0.028085991678224564,0.0016891891891890332,1.0,8.0,0.010118043844856706,1.0,1263.65,1272.55,0.008663464434615964,0.03424034069667248,0.03307328240556573,0.2117212285295141,-0.008663464434615964,-0.017087682034579776,-0.010659489302117464,-0.010318231517222332,1.4179333527604805,0.7804133099806155,29.65,29.6,-0.001686340640809303,0.0064605372777717385,-0.008146877918581041,29.65,29.95,29.65,29.6,-0.001686340640809303,-0.003245987707688136,0.0015596470668788331,29.65,30.5,0.02866779089376048,-0.0008409701809264369,0.029508761074686918,-0.0019653162,0.005,3
2024-08-21,29.65,29.95,29.4,29.95,8881200,0.010118043844856706,0.010118043844856706,0.020442930153321992,0.02568493150684925,0.05457746478873249,0.02568493150684925,29.51,28.877499999999998,29.628333333333334,29.26443576143726,29.210419363613475,0.054016397823783535,-0.12733345417867287,0.1813498520024564,0.0018035525149844253,0.006055086878212234,58.81272627652705,28.877499999999998,0.6304707931805877,30.138441586361175,27.61655841363882,0.0873303843034319,0.9252774321985129,0.6038912528801706,0.020163313952593343,12.506422220346733,20.99309496131925,18.93184689300844,100.0,97.59700176366842,2446586083.0,2424133293.0,0.2908521510896499,-0.3476865625293582,1.9872027535596635,8144922.5,0.19761592550447352,1.0903971155035546,0.01836393989983308,0.037139641589472916,0.010856724981717969,2.0,8.0,-0.0033333333333334103,0.0,1272.34,1284.05,0.009036973006954607,0.04363763451347569,0.03680347525575911,0.212949682417821,0.0010810708379020983,-0.017952703006626436,-0.01111854374890986,-0.010723868133415637,1.398373712303938,0.7794799755771229,30.0,29.55,-0.015000000000000013,-0.004583093821368012,-0.010416906178632002,30.0,29.9,30.0,29.9,-0.0033333333333334103,-0.010393524632187234,0.007060191298853824,30.0,30.85,0.02833333333333332,-0.011884972113039294,0.040218305446372615,-0.0019653162,0.005,3
2024-08-22,30.0,30.05,29.8,29.9,4940600,-0.0016694490818029983,0.008431703204047292,0.008431703204047292,0.032815198618307395,0.05840707964601766,0.03819444444444442,29.7,28.932499999999997,29.6625,29.362214875062296,29.261499410753217,0.1007154643090793,-0.08172367048112245,0.18243913479020174,0.0033684101775611807,0.006101643304020125,58.11646294538596,28.932499999999997,0.6700893498953885,30.272678699790774,27.59232130020922,0.09264174888383489,0.8609593258537251,0.5786133062458728,0.019351615593507454,12.191320793185614,21.57968537478557,18.347572921309716,95.0819672131147,96.5749414519906,2441645483.0,2425164698.0,0.28564175190995517,-0.44407629402342436,2.4297199681356503,7963360.0,-0.7971846985960487,0.6204165076048301,0.008361204013377926,0.03343990322301904,0.008006742520016763,3.0,8.0,0.0016722408026756952,1.0,1287.34,1282.78,-0.0009890580584868136,0.04839975154467302,0.04021278148541585,0.21200886508318106,-0.0006803910233161847,-0.015584552926365625,-0.0020183370409714296,-0.0019403117101572942,1.3913273341901957,0.7786187733766214,29.9,30.45,0.018394648829431537,-0.0013637567993017852,0.019758405628733322,29.9,29.95,29.9,29.5,-0.013377926421404673,-0.012071195897819575,-0.001306730523585098,29.9,30.8,0.030100334448160515,-0.011486728698118842,0.04158706314627936,-0.0020651112,0.005,3
2024-08-23,29.9,30.0,29.65,29.95,5876500,0.0016722408026756952,0.0,0.010118043844856706,0.020442930153321992,0.03812824956672434,0.029209621993127044,29.82,28.975,29.6975,29.452643355821944,29.312499454401127,0.14014390142081723,-0.03735015610073451,0.17749405752155173,0.0046792621509454835,0.005926345827096886,58.64372714836732,28.975,0.707199815433008,30.389399630866016,27.560600369133986,0.09762896502957825,0.8446692075997717,0.5622837843711678,0.0187740829506233,11.53144335803279,20.6202194442982,19.437306015926875,96.36363636363632,97.14853452558368,2447521983.0,2426221618.0,0.28391789635663056,-0.3767400872656962,2.5220895875666836,7988875.0,-0.5595580111476003,0.7355854234795263,0.011686143572621082,0.03364969801553053,0.00850239919185114,4.0,8.0,-0.009983361064891838,0.0,1283.22,1285.32,0.0019800745256395302,0.026424858053232914,0.034787579199909935,0.211126568161054,-0.00030783372296383504,-0.0059819278999109216,-0.005577957206782891,-0.005390436954312627,1.393572793933886,0.7790511262557871,30.05,30.55,0.016638935108153063,-0.004481836157097074,0.021120771265250138,30.05,29.75,30.05,29.2,-0.02828618968386032,-0.02668941185592999,-0.001596777827930329,30.05,31.85,0.05990016638935103,-0.009816616911565212,0.06971678330091624,-0.0019653162,0.005,3
2024-08-26,30.05,30.2,29.75,29.75,7701300,-0.006677796327211993,-0.0050167224080267525,-0.006677796327211993,0.003372681281618828,0.018835616438356295,0.022336769759450092,29.839999999999996,29.0075,29.6975,29.49839053184934,29.344906902223265,0.15348362962607354,0.0008166010446270957,0.15266702858144643,0.005159113600876421,0.005131664826267107,55.62713692561456,29.0075,0.7278799423857089,30.463259884771418,27.551740115228583,0.1003712753440605,0.755021452290048,0.5542635140589415,0.0186307063549224,11.361906375340315,22.001834220113206,18.310097504696067,80.43478260869568,90.62679539514893,2439820683.0,2426893473.0,0.2854004617032529,-0.3146395180457861,2.3686387965661093,8076550.0,-0.10018888906424941,0.953538330103819,0.015126050420168043,0.025596828406446503,0.001767825574543247,0.0,8.0,-0.005042016806722671,0.0,1289.65,1280.02,-0.004123486758161321,0.014584423201914998,0.026808920263115654,0.21202742968088734,-0.0025543095690506723,-0.01121174192029617,-0.004472150503665562,-0.00435538727353435,1.2730137862600155,0.8049896940244722,29.75,30.1,0.0117647058823529,-0.0029307178304872616,0.014695423712840161,29.75,29.6,29.75,29.6,-0.005042016806722671,-0.020538470556054844,0.015496453749332173,29.75,32.7,0.09915966386554631,0.0061974913055371506,0.09296217256000916,-0.0019653162,0.005,3
2024-08-27,29.75,29.85,29.6,29.6,4245000,-0.005042016806722671,-0.011686143572620988,-0.010033444816053394,-0.001686340640809303,0.01543739279588352,0.02422145328719738,29.829999999999995,29.0425,29.691666666666666,29.51402275771867,29.363802687243766,0.15022007047490504,0.030697294930682687,0.11952277554422236,0.005075002380908954,0.004037931606223728,53.40818192138881,29.0425,0.7391807342564053,30.520861468512813,27.56413853148719,0.10180676377810534,0.6885533449951281,0.5325304059118743,0.017990892091617375,10.821603683534272,21.264054945115802,19.708069406946823,72.72727272727282,83.17523056653498,2435575683.0,2427575988.0,0.284781893241261,-0.33079081098980023,2.426311055215077,8065890.0,-1.0171267367520453,0.526290341177477,0.008445945945945945,0.019196005853490572,-0.003087285994948008,1.0,8.0,-0.005050505050504972,0.0,1279.55,1280.56,0.00042186840830615857,0.006294448155278687,0.02851268211973723,0.2118347844634415,-0.00546388521502883,-0.00798078879608799,-0.004291228832539851,-0.00417226632898271,1.2710411453674406,0.8037763651842026,29.7,29.6,-0.0033670033670032407,-0.01184344831347739,0.008476444946474149,29.7,29.55,29.7,29.7,0.0,-0.02108445469491449,0.02108445469491449,29.7,32.75,0.10269360269360273,0.006295727787690497,0.09639787490591223,-0.0009917987,0.005,3
2024-08-28,29.7,29.85,29.55,29.55,4655800,-0.0016891891891892552,-0.006722689075630228,-0.013355592654423987,-0.013355592654423987,0.011986301369863117,0.018965517241379404,29.75,29.07,29.690833333333334,29.519557718069645,29.377595080781266,0.14196263728837977,0.0529503634022221,0.08901227388615766,0.0048041501620433085,0.0030122596915789393,52.65420461684264,29.07,0.747698222266206,30.56539644453241,27.57460355546759,0.10288245232421124,0.660492557594013,0.5159210912038833,0.017459258585579805,10.191464646209731,20.38086112338384,19.581745988551454,67.50000000000007,73.55401844532288,2430919883.0,2427724083.0,0.2848625609143168,-0.2830590543040604,2.397839151232419,7997050.0,-0.8774206578762863,0.5821896824454017,0.010152284263959414,0.016511867905056876,-0.004743327065031333,2.0,8.0,0.026981450252951067,1.0,1283.41,1281.44,0.0006871993502843843,-0.0020326311280712828,0.023915110546459895,0.21139714748298538,-0.0023763885394736395,-0.011322961526352704,-0.004949593305080491,-0.004833987948902219,1.2721595562916121,0.8083723751511817,29.65,29.9,0.008431703204047292,-0.005534522462042779,0.01396622566609007,29.65,30.45,29.65,29.8,0.005059021922428464,-0.02290308731118995,0.027962109233618415,29.65,33.6,0.13322091062394614,0.007704617306116157,0.12551629331782999,-0.0025077148,0.005,3
2024-08-29,29.65,30.9,29.65,30.45,25193800,0.030456852791878042,0.028716216216216228,0.0235294117647058,0.018394648829431537,0.051813471502590636,0.0855614973262031,29.860000000000003,29.189999999999998,29.686666666666667,29.662702684520468,29.457032482204877,0.2056702023155914,0.08349433118489596,0.12217587113069545,0.0067543580399209,0.004012343879497387,62.82690749611167,29.189999999999998,0.7677033418278899,30.725406683655777,27.65459331634422,0.10520086904116337,0.9103147437784892,0.5754981561178915,0.018899775241966878,11.576702986735704,29.998099021630345,16.300693266348876,80.43478260869566,73.55401844532288,2456113683.0,2429731778.0,0.2733743756018932,-0.2051966185971748,2.899555491789892,8656830.0,3.0833578790016465,2.910280090980186,0.041050903119868636,0.043165467625899234,0.025713002470244772,3.0,8.0,0.0,0.0,1281.05,1281.47,2.341116244219954e-05,-0.0010212195388140666,0.04442687618178254,0.1966443145267617,0.030433441629435842,0.019415868368245603,0.04113462114442057,0.03938487421426817,1.276487981577286,0.8247227324346856,30.55,29.5,-0.03436988543371522,-0.01237135890184704,-0.02199852653186818,30.55,30.55,30.55,29.55,-0.032733224222585955,-0.0345509929028287,0.0018177686802427484,30.55,33.35,0.09165302782324058,0.003373298743387876,0.08827972907985271,0.011009397,0.005,3
2024-08-30,30.55,30.65,30.35,30.55,5079700,0.003284072249589487,0.03384094754653133,0.03209459459459452,0.020033388981636202,0.040885860306643984,0.07570422535211274,29.98,29.297499999999996,29.683333333333334,29.79920996382501,29.53799303907859,0.2612169247464209,0.11903884989720095,0.14217807484921993,0.008550472168458948,0.0046539468035751205,63.758661664116175,29.297499999999996,0.8010642592011468,30.899628518402288,27.695371481597704,0.10936964030393669,0.8908862446469179,0.5558197163951848,0.0181937714040977,12.862995731509821,28.841579400888214,15.67225105803967,83.72093023255822,77.21857094708467,2461193383.0,2431454278.0,0.2716486391714831,-0.12606844142047957,3.0382093957604925,8371635.0,-0.610090993969498,0.6067751401010675,0.009819967266775684,0.04275108797679006,0.029197080291970767,4.0,8.0,-0.009868421052631526,0.0,1283.61,1283.87,0.0018728491498043454,-0.001128123735723463,0.03822578036551838,0.1955251877540292,0.0014112230997851416,0.021161512717359665,0.03747844498659436,0.03609854975225102,1.2781091008658712,0.8250534119734768,30.4,29.2,-0.03947368421052633,-0.01271049795892687,-0.026763186251599458,30.4,30.1,30.4,29.85,-0.018092105263157854,-0.00978456649808479,-0.008307538765073064,30.4,33.5,0.10197368421052633,0.016367912284979358,0.08560577192554697,0.011184716,0.005,3
2024-09-04,30.4,30.4,29.95,30.1,9433600,-0.014729950900163602,-0.011494252873563093,0.01861252115059231,0.0117647058823529,0.01517706576728517,0.1066176470588236,30.05,29.442500000000003,29.666666666666668,29.845485354005778,29.57962318433203,0.2658621696737491,0.1484035138525106,0.11745865582123849,0.008832630221719238,0.0039022809242936374,56.85274565210325,29.442500000000003,0.64954943898463,30.741598877969263,28.143401122030742,0.08824650610303206,0.7530600292057048,0.558975450938386,0.018570612987986245,13.033628179222095,26.630269965859473,19.58203806386715,62.79069767441871,75.64880350522422,2451759783.0,2433756533.0,0.22297674127799091,1.3706296602725672,2.081931040027185,7791880.0,0.36358392329120537,1.2106962632894758,0.014950166112956787,0.02233166341173476,0.014606741573033766,2.0,9.0,-0.01661129568106312,0.0,1271.39,1275.8,-0.006285683129911845,-0.003296823487133005,0.07384245036066894,0.12610087007316806,-0.008444267770251757,0.015061529369485904,0.03277519669815465,0.030521420239204122,1.2816743645016948,0.827406954623368,30.1,29.6,-0.01661129568106312,-0.018082814275081183,0.001471518594018062,30.1,29.6,30.1,30.25,0.004983388704318914,-0.008970893563677529,0.013954282267996443,30.1,33.55,0.11461794019933547,0.009002232929838927,0.10561570726949654,0.015201716,0.005,3
2024-09-05,30.1,30.15,29.4,29.6,10457600,-0.01661129568106312,-0.03109656301145658,-0.02791461412151064,0.0,-0.001686340640809303,0.04225352112676073,30.05,29.502499999999998,29.64,29.80771837646643,29.58113257808521,0.22658579838121895,0.16403997075825227,0.06254582762296668,0.007654925620987126,0.0021130347169921173,50.32972396610911,29.502499999999998,0.6018556829996058,30.70621136599921,28.298788634000786,0.08160063492918984,0.5404997421948692,0.5726200615856442,0.019345272350866357,12.171792229069533,24.13887697944639,24.61073661692911,39.534883720930324,62.0155038759691,2441302183.0,2435088638.0,0.18288483691012808,0.729379877714093,0.7399824952338645,7867490.0,0.5694733876170559,1.3292168150197838,0.025337837837837836,0.0033048046775698836,-0.0013495276653171517,3.0,9.0,0.011844331641285955,1.0,1276.35,1268.21,-0.00594920833986512,-0.009644218154557294,0.04786495686948489,0.1169836406436649,-0.010662087341198001,0.009644218154557294,-0.005611435742724158,-0.005355113467567785,1.2987481417050688,0.831843883751162,29.55,29.7,0.0050761421319796,-0.009359574837173423,0.014435716969153023,29.55,29.9,29.55,30.5,0.0321489001692048,0.0024049455141852416,0.029743954655019555,29.55,33.75,0.14213197969543145,0.0077904464525080375,0.13434153324292342,0.015634064,0.005,3
2024-09-06,29.55,29.9,29.5,29.9,8550100,0.010135135135135087,-0.006644518272425293,-0.021276595744680882,0.011844331641285955,-0.0016694490818029983,0.052816901408450745,30.119999999999997,29.577499999999997,29.615833333333335,29.821915549317747,29.604752387115937,0.21716316220181042,0.1746646090469639,0.04249855315484652,0.007262982013438476,0.0014213562928042315,53.75795693048268,29.577499999999997,0.5483168023966517,30.6741336047933,28.480866395206693,0.07415323166550954,0.6470409070953043,0.5602900571866695,0.018738797899219714,11.371515989642154,22.90793919897642,23.355736828298987,48.7179487179487,50.347843371099266,2449852283.0,2436848248.0,0.1848443247228569,0.5805974523466162,0.4369638065535006,7897120.0,0.1434868128408232,1.0826858399011285,0.013377926421404635,0.010903558448144723,0.009595092715045439,4.0,9.0,-0.005059021922428242,0.0,1268.22,1273.96,0.004533949424779804,-0.005837183168935001,0.04776787182945674,0.11696024507997127,0.005601185710355283,0.017681514810220955,0.005049029578994002,0.00481884367209906,1.3272856190727151,0.8372631188603841,29.65,29.8,0.005059021922428464,-0.014269626642936406,0.01932864856536487,29.65,29.5,29.65,30.85,0.04047217537942682,0.0017403904459651898,0.03873178493346163,29.65,33.1,0.11635750421585178,0.0006063803816258595,0.11575112383422592,0.015046812,0.005,3
2024-09-09,29.65,29.75,29.5,29.5,4193600,-0.013377926421404673,-0.0033783783783783994,-0.019933554817275767,-0.031198686371100126,-0.013377926421404673,0.04424778761061954,29.93,29.639999999999997,29.580000000000002,29.77239008019194,29.596992951033275,0.17539712915866446,0.17481111306930402,0.0005860160893604305,0.005945665395208965,1.9864952181709508e-05,48.91064911197379,29.639999999999997,0.4517801048728241,30.543560209745646,28.736439790254348,0.06096897501657551,0.42252868237778707,0.5488407673876216,0.018604771775851577,10.628402338745301,21.715402879822253,22.139889161408135,9.677419354838635,32.64341726457258,2445658683.0,2438695388.0,0.1915588552459569,0.5132773753506864,0.1948170073163485,7809590.0,-0.7849191033986734,0.5369808146138274,0.00847457627118644,-0.0047233468286098645,-0.0027045300878972833,0.0,9.0,-0.01683501683501687,0.0,1269.83,1267.73,-0.00489026343056298,-0.010722061382630876,0.049167439088983134,0.11575754469846491,-0.008487662990841693,-0.02047662498846925,-0.004919651478363596,-0.004689100419124181,1.3305085872904765,0.8392848339647923,29.7,29.55,-0.005050505050504972,-0.024074088657536796,0.019023583607031824,29.7,29.2,29.7,30.8,0.03703703703703698,-0.001063134435318025,0.038100171472355004,29.7,33.8,0.13804713804713797,7.875069891261077e-05,0.13796838734822536,0.014791084,0.005,3
2024-09-10,29.7,29.75,29.15,29.2,7772100,-0.01016949152542379,-0.02341137123745818,-0.013513513513513598,-0.04418985270049103,-0.025041736227045086,0.0121317157712304,29.660000000000004,29.6575,29.557499999999997,29.684330067854717,29.56758606577155,0.11674400208316627,0.16319769087207647,-0.04645368878891021,0.003998082263122133,-0.00159087975304487,45.59035350318577,29.6575,0.42558782877451107,30.50867565754902,28.806324342450978,0.057400364666544454,0.23125406257658915,0.5524949982885058,0.0189210615852228,10.650000972853743,20.03093491847616,24.947421559300075,2.8571428571428976,20.417503643310102,2437886583.0,2439657658.0,0.18246157540929883,0.7145594999127858,0.8835450964560717,7701930.0,0.015321406932079114,1.0091107034210907,0.020547945205479503,-0.015426114810756064,-0.012095068933434816,1.0,9.0,0.01543739279588352,1.0,1269.83,1255.23,-0.00986014372145494,-0.02230755450318167,0.02581641659311562,0.11692666494931211,-0.0003093478039688513,-0.021882298197309358,-0.01368470082188522,-0.013340302027271211,1.287074083548526,0.8315597211620231,29.15,29.85,0.02401372212692987,0.003747259318317653,0.020266462808612218,29.15,29.6,29.15,31.85,0.09262435677530023,0.01813035678692443,0.0744939999883758,29.15,33.7,0.15608919382504305,0.01413593781144118,0.14195325601360187,0.01290647,0.005,3
2024-09-11,29.15,29.7,29.1,29.6,6358300,0.013698630136986356,0.003389830508474523,-0.010033444816053394,-0.01661129568106312,-0.005042016806722671,0.013698630136986356,29.560000000000002,29.6775,29.5425,29.671356211261685,29.56998709793662,0.10136911332506315,0.15083197536267381,-0.04946286203761066,0.003424632206927809,-0.0016710426364057655,50.422918477131155,29.6775,0.41214298745248906,30.501785974904976,28.85321402509502,0.055549556054585315,0.4529896162500332,0.5558882126964695,0.018780007185691536,10.767023879796128,18.486616079263772,23.666530300448656,27.77777777777782,13.43744666325314,2444244883.0,2440452768.0,0.1838470780334853,0.7025672223468705,0.7743119912639943,7534770.0,-0.25777013717751435,0.8438611928433117,0.0202702702702702,-0.0026114059472663875,0.0019463484810020582,2.0,9.0,0.001686340640809414,1.0,1254.25,1253.27,-0.0015614668228133288,-0.017659507759836934,0.01868680300419423,0.11628576573173288,0.015260096959799685,0.0010482120787738136,-0.004988172867207874,-0.0048966697639523105,1.285807545451387,0.8233205889945258,29.65,30.25,0.02023608768971341,0.005149314219418111,0.0150867734702953,29.65,29.7,29.65,32.7,0.10286677908937625,0.023092449261772563,0.07977432982760368,29.65,34.15,0.15177065767284992,0.01861858521002513,0.1331520724628248,0.015046812,0.005,3
2024-09-12,29.65,29.8,29.55,29.7,5852700,0.0033783783783782884,0.017123287671232834,0.006779661016949046,0.0033783783783782884,0.0033783783783782884,0.018867924528301883,29.580000000000002,29.705000000000002,29.528333333333332,29.675762947990656,29.57961768327465,0.09614526471600726,0.1398946332333405,-0.04374936851733324,0.003237214300202265,-0.0014730427110213214,51.58074786043579,29.705000000000002,0.39299792419559615,30.490995848391194,28.91900415160881,0.052920104251216404,0.4968193216222218,0.5340390546467216,0.01798111295106807,10.620759793155061,19.205978393069255,22.87517129995836,33.333333333333265,21.322751322751355,2450097583.0,2441893493.0,0.18383307770998458,0.63069569689154,0.703197016358432,7474425.0,-0.35419698301668445,0.7830301327526866,0.008417508417508417,-0.00016832183134163348,0.005813625331602346,3.0,9.0,0.0033670033670034627,1.0,1258.42,1256.35,0.0024575709942789015,-0.009351763509198086,0.021074104777230485,0.11635942804391251,0.0009208073840993869,0.012730141887576374,-0.002206180248928602,-0.002160646556999879,1.288241976047051,0.823912411162463,29.7,30.5,0.026936026936027035,0.014192488113093038,0.012743538822933997,29.7,29.8,29.7,32.75,0.10269360269360273,0.030323579155630664,0.07237002353797206,29.7,33.6,0.1313131313131315,0.02623097297124799,0.1050821583418835,0.015046812,0.005,3
2024-09-13,29.7,29.95,29.55,29.8,6158600,0.0033670033670034627,0.006756756756756799,0.020547945205479534,-0.0033444816053510573,0.008460236886632888,0.020547945205479534,29.560000000000002,29.735000000000003,29.51,29.69487634060748,29.595942299328378,0.09893404127910088,0.1317025148424926,-0.032768473563391715,0.0033199342711107676,-0.0010996132068252253,52.76864463005901,29.735000000000003,0.37490349635597886,30.48480699271196,28.985193007288046,0.05043262099962714,0.5433444877360379,0.5244648364576701,0.017599491156297654,10.105696898319248,20.202587308086137,21.62899371583218,38.888888888888914,33.333333333333364,2456256183.0,2443348823.0,0.18401191489270025,0.6055943449066747,0.6651159271698116,7489030.0,-0.2908895369387242,0.8223494898538262,0.01342281879194626,0.002185976122414557,0.00982717722805826,4.0,9.0,-0.008389261744966459,0.0,1253.48,1251.71,-0.003693238349186001,-0.017465226537724865,0.01735264475438103,0.11753678608645772,0.007060241716189464,0.014120744932373808,0.003195300451098504,0.0031407992769998394,1.2819193641775242,0.8247821397145011,29.8,30.85,0.03523489932885915,0.016818545163868936,0.018416354164990212,29.8,29.55,29.8,33.6,0.12751677852348986,0.031910471622701886,0.09560630690078797,29.8,33.8,0.1342281879194629,0.029888089528377293,0.1043400983910856,0.015046812,0.005,3
2024-09-16,29.8,29.9,29.55,29.55,4878700,-0.008389261744966459,-0.005050505050504972,-0.0016891891891892552,0.0016949152542373724,-0.029556650246305383,0.020725388601036343,29.57,29.764999999999997,29.490000000000002,29.672587672821713,29.592539166044794,0.08004850677691877,0.12137171322937784,-0.04132320645245907,0.0027089173190158636,-0.0013984164620121514,49.49913284682146,29.764999999999997,0.3301116238660969,30.42522324773219,29.104776752267803,0.04436238855919329,0.33717628791586673,0.5120030624249792,0.01732666877918711,9.627424210257422,19.21613874992706,20.572896823882378,25.0,32.40740740740742,2451377483.0,2444746753.0,0.183893084950997,0.6060657064002107,0.6713466366101778,7546430.0,-0.5887708826762511,0.6464911222922627,0.011844331641285883,-0.007223248782126546,0.0020345879959307034,0.0,9.0,0.006745362563237878,1.0,1251.0,1239.26,-0.009946393333919223,-0.02245746333998566,0.012831409983981246,0.12170809108626186,0.0015571315889527648,0.024152378594223034,0.007893978617055097,0.0077939709800074475,1.2775271014507814,0.8271101170021049,29.65,30.8,0.038785834738617186,0.0229677419354839,0.015818092803133288,29.65,29.85,29.65,33.35,0.12478920741989885,0.0386612903225807,0.08612791709731815,29.65,33.9,0.14333895446880263,0.03737096774193538,0.10596798672686725,0.014524824,0.005,3
2024-09-17,29.65,29.85,29.45,29.85,5758400,0.010152284263959421,0.001677852348993314,0.005050505050505194,0.022260273972602773,-0.022913256955810146,0.017035775127768327,29.7,29.790000000000003,29.476666666666667,29.699881877002987,29.611610338930365,0.08827153807262178,0.11475167819802663,-0.026480140125404852,0.0029571704546941966,-0.0008871068718728593,53.242992859707904,29.790000000000003,0.3156447036595885,30.42128940731918,29.158710592680826,0.04238263896066977,0.547521785811989,0.504002843680338,0.016884517376225726,9.434345711406168,18.126794626979166,20.82386497567126,41.666666666666735,35.18518518518524,2457135883.0,2446017908.0,0.18096592288654195,0.6375371109949541,0.9155789922734953,7419655.0,-0.36555672935136896,0.7761007755751447,0.01340033500837528,0.002014098690835908,0.012665385050322442,1.0,9.0,0.01340033500837512,1.0,1240.0,1258.95,0.0158885141132612,0.0029636002963600028,0.005366426295488891,0.10475911239379275,-0.005736229849301777,0.01929667367624277,0.011669348832279436,0.011607060398145519,1.2483330741557612,0.8244519474639678,29.85,31.85,0.06700167504187604,0.012495738287227498,0.05450593675464854,29.85,30.25,29.85,33.5,0.12227805695142369,0.02455539433727405,0.09772266261414964,29.85,33.7,0.12897822445561147,0.015738604378265686,0.11323962007734578,0.018600496,0.005,3
2024-09-18,29.85,30.6,29.8,30.25,14764700,0.01340033500837512,0.02368866328257191,0.015100671140939603,0.02195945945945943,0.004983388704318914,0.02023608768971341,29.830000000000002,29.820000000000004,29.489166666666666,29.784515434387142,29.65889846197256,0.12561697241458347,0.116924737041338,0.008692235373245469,0.004152627187258957,0.0002873466239089411,57.74140497393636,29.820000000000004,0.3298324933738134,30.47966498674763,29.16033501325238,0.04424312453035715,0.8259230129220922,0.5251454977031711,0.01736018174225359,10.000569992782111,26.35561128867703,18.557949821354317,63.888888888888914,43.51851851851857,2471900583.0,2447727693.0,0.18347063228959082,0.6091961417297219,0.7024665077379876,7858285.0,1.4344316001979738,1.8788705169130415,0.02644628099173556,0.014419852448021242,0.02580043518806341,2.0,9.0,0.0049423393739702615,1.0,1261.23,1264.9,0.004726160689463521,0.00927972424138468,0.0025998319620805788,0.1026696171742613,0.008674174318911598,0.01267973521807475,0.017636255727632832,0.017590523322868368,1.2113886739946755,0.8070697094987147,30.35,32.7,0.07742998352553543,0.01529871932370197,0.06213126420183346,30.35,30.5,30.35,33.55,0.10543657331136713,0.01558261308434794,0.08985396022701919,30.35,33.6,0.10708401976935744,0.008989969087124017,0.09809405068223342,-0.0018605305,0.005,3
2024-09-19,30.35,30.6,30.3,30.5,7185600,0.008264462809917328,0.021775544388609624,0.0321489001692048,0.026936026936027035,0.03040540540540526,0.02866779089376048,29.99,29.8625,29.504166666666666,29.894589982942968,29.72120227960422,0.1733877033387472,0.12821733030081986,0.04517037303792734,0.005684842732417941,0.001480995837309093,60.31145965118404,29.8625,0.36014434240924853,30.582788684818496,29.142211315181505,0.04824034724611102,0.9425309000658827,0.5126351050100876,0.016807708360986478,10.526349682631203,25.070310544000247,17.652922559273364,77.77777777777783,61.11111111111118,2479086183.0,2449796758.0,0.18517160180905612,0.48821831075973954,0.46342646597086845,7896895.0,-0.14801282430540186,0.9099272562190582,0.009836065573770515,0.0213478442863122,0.03375229487360554,3.0,9.0,0.004885993485342022,1.0,1268.08,1271.27,0.005035971223021463,0.01187567158833125,-0.0010058543868609604,0.0994364968632085,0.0032284915868958652,0.015060355347695786,0.02967364528062144,0.02970352269923371,1.212861939547271,0.8078554432331674,30.7,32.75,0.0667752442996743,0.010769098322806814,0.05600614597686748,30.7,30.85,30.7,33.75,0.09934853420195444,0.0002895760450172258,0.09905895815693722,30.7,34.6,0.12703583061889256,0.006879387664060488,0.12015644295483208,-0.0018605305,0.005,3
2024-09-20,30.7,31.3,30.6,30.85,23258900,0.011475409836065653,0.01983471074380172,0.03350083752093802,0.03523489932885915,0.03177257525083621,0.030050083472454192,30.2,29.907500000000006,29.526666666666667,30.04157613941328,29.804816925559464,0.2367592138538157,0.14992570701141905,0.08683350684239666,0.007674528812117202,0.002814700383870232,63.64498917832148,29.907500000000006,0.4224848175421141,30.752469635084235,29.062530364915776,0.05650553440335898,1.0577123489804718,0.5331611689379385,0.017282371764600925,12.179419835022612,31.761365770627936,15.760927247672008,79.54545454545458,73.7373737373738,2502345083.0,2452584708.0,0.18607205511874159,0.4747261257264603,0.3895500441110828,8615780.0,2.477983632385008,2.6995698590261124,0.022690437601296572,0.031513834322494105,0.04481824339580043,4.0,9.0,-0.003236245954692518,0.0,1277.73,1272.04,0.0006056935190792423,0.016241781243259146,-0.009353218332619484,0.09356861757513804,0.01086971631698641,0.018993118085600003,0.039403301805073676,0.03977532914279802,1.2192530767365763,0.8077951477455887,30.9,33.6,0.08737864077669921,0.012367172489510914,0.0750114682871883,30.9,30.8,30.9,33.1,0.07119741100323629,-0.0035682076618438474,0.07476561866508014,30.9,35.55,0.15048543689320382,0.008085323295298652,0.14240011359790516,-0.0002175454,0.005,3
2024-09-23,30.9,31.3,30.8,30.8,6037200,-0.0016207455429497752,0.009836065573770592,0.0181818181818183,0.04230118443316422,0.04406779661016946,0.030100334448160515,30.45,29.952500000000004,29.553333333333335,30.1582567333497,29.878534190332836,0.27972254301686306,0.17588507421250785,0.10383746880435521,0.009081900747300748,0.0033713463897517924,62.83306759603204,29.952500000000004,0.4672075499580422,30.886915099916088,29.01808490008392,0.06239312911550513,0.9534922434772871,0.5307925140138001,0.017233523182266237,13.714413547957493,29.624307575834614,14.700455888366447,77.27272727272727,78.19865319865325,2496307883.0,2455317828.0,0.18606097097156732,0.47417247138895174,0.38997492644060916,8670610.0,-0.4479807566995752,0.6962831911480276,0.016233766233766232,0.02829480010015839,0.042183622828784184,0.0,9.0,0.03241491085899506,1.0,1275.15,1268.48,-0.0027986541303731682,0.023578587221406266,-0.011147663667971042,0.09392584743453584,0.001177908587423393,0.018722597211757952,0.04124799811613156,0.041713000617598306,1.2154718970417864,0.8096677605301527,30.85,33.35,0.08103727714748787,0.01552533017938118,0.0655119469681067,30.85,31.85,30.85,33.8,0.09562398703403541,0.0013246599645180268,0.09429932706951738,30.85,35.25,0.14262560777957844,0.009083382613837898,0.13354222516574055,-0.0002175454,0.005,3
2024-09-24,30.85,32.05,30.8,31.85,24839400,0.03409090909090917,0.03241491085899506,0.04426229508196733,0.06700167504187604,0.09075342465753433,0.06343906510851416,30.85,30.047500000000003,29.604166666666668,30.418524928218975,30.024568694752627,0.3939562334663478,0.21949930606327583,0.17445692740307195,0.012369112510717355,0.005477454549547,71.15500306989364,30.047500000000003,0.6310965811488612,31.309693162297727,28.78530683770228,0.08401318993578324,1.2140349250184055,0.5821644772985285,0.018278319538415338,16.07278012925743,34.28298308898173,12.445868472780507,93.22033898305098,83.34617360041096,2521147283.0,2458999093.0,0.21901372475284608,0.6646114682623324,0.2436242933256834,9618755.0,2.2211553339607213,2.5823924198090085,0.03924646781789628,0.059988351776353976,0.07586206896551717,1.0,9.0,0.02187500000000009,1.0,1268.25,1276.99,0.006708816851664912,0.014329401485364768,-0.006480876357638499,0.09705871383118703,0.02738209223924426,0.05267227355651127,0.06991994146615266,0.07037603987914975,1.2433628419134015,0.7935934915762253,32.0,33.5,0.046875,0.0075790655604766055,0.039295934439523394,32.0,32.7,32.0,33.7,0.05312500000000009,-0.008187262179527144,0.06131226217952723,32.0,35.0,0.09375,-0.009816917222880583,0.10356691722288058,-0.0019454943,0.005,3
2024-09-25,32.0,32.7,31.85,32.7,28614000,0.02668759811616961,0.06168831168831179,0.05996758508914102,0.08099173553719008,0.10472972972972983,0.09915966386554631,31.339999999999996,30.195,29.660833333333333,30.769521093108363,30.222748791437617,0.546772301670746,0.2849539051847699,0.2618183964859761,0.016720865494518223,0.008006678791620064,75.86598569134594,30.195,0.8608288539485588,31.91665770789712,28.47334229210288,0.11403594687180786,1.2274965251541434,0.6012955860629194,0.018388244222107625,18.85344218357549,38.542768744861625,11.189178698344431,99.99999999999999,90.16435541859278,2549761283.0,2464496123.0,0.23082079945979855,0.449143845050083,-0.3570974219571361,10664390.0,2.2331891465187104,2.6831351816653366,0.02599388379204897,0.0829607550919027,0.1024639676340855,2.0,9.0,-0.0015243902439023849,0.0,1282.48,1287.48,0.008214629715189714,0.017851213534666677,0.005828033936969845,0.1004465515735448,0.018472968400979894,0.0631405220025234,0.09333162992857647,0.09279084175379526,1.2569386664862086,0.7914757476597659,32.8,33.55,0.02286585365853666,-0.0016976349387224365,0.024563488597259098,32.8,32.75,32.8,34.15,0.041158536585365946,-0.006340937807647884,0.04749947439301383,32.8,35.8,0.09146341463414642,-0.014829112501259623,0.10629252713540605,-0.0019975451,0.005,3
2024-09-26,32.8,33.2,32.6,32.75,25838600,0.001529051987767538,0.028257456828885363,0.06331168831168821,0.07377049180327866,0.10269360269360273,0.10641891891891886,31.79,30.3525,29.71333333333333,31.074210155707075,30.40995258466446,0.6642575710426151,0.3608146383563389,0.30344293268627615,0.020282673924965345,0.009265433059122936,76.11312177637521,30.3525,1.0197361629883257,32.39197232597665,28.31302767402335,0.1343857887143828,1.087774584990237,0.6012030442012825,0.01835734486110786,21.801771874287766,41.735692739068035,10.39155095085668,89.02439024390237,94.08157640898446,2575599883.0,2471497333.0,0.22825454460263034,0.40654304360417637,-0.277663252085543,11744070.0,1.645960068718446,2.200140155840352,0.018320610687022943,0.078988551190182,0.10219878842270602,3.0,9.0,0.021276595744680993,1.0,1290.03,1291.49,0.003114611489110519,0.015905354488031653,0.00853532829387138,0.10094003806137733,-0.0015855595013429813,0.057865137315247006,0.09788359062504748,0.09705519269278962,1.2698197061238714,0.7915438079819811,32.9,33.75,0.02583586626139822,-0.01307305622263577,0.03890892248403399,32.9,33.6,32.9,33.6,0.021276595744680993,-0.006694825602495791,0.027971421347176784,32.9,33.4,0.015197568389057725,-0.02904952008833761,0.044247088477395335,-0.00012751328,0.005,3
2024-09-27,32.9,33.65,32.8,33.6,22047200,0.025954198473282508,0.02752293577981657,0.05494505494505497,0.08914100486223653,0.12751677852348986,0.13705583756345185,32.34,30.555,29.775,31.462793208675215,30.646252393207835,0.8165408154673806,0.4519598737785473,0.36458094168883326,0.02430180998414823,0.010850623264548609,79.88428752561413,30.555,1.2320180278930535,33.01903605578611,28.090963944213893,0.1612852924749539,1.1178886856890058,0.6225456839011908,0.018528145354202108,24.82277623894783,42.58908697034171,9.318491908464791,98.90109890109896,95.9751630483338,2597647083.0,2479833693.0,0.23812036896424066,0.2112411916288251,-0.6884318419497393,12613640.0,1.0858712749322053,1.747885622231172,0.02529761904761909,0.09965635738831624,0.128463476070529,4.0,9.0,-0.005961251862891093,0.0,1295.03,1290.92,-0.0004413506879650253,0.014842300556586308,0.007397927331751708,0.10098348852414545,0.026395549161247533,0.07429870430565022,0.12965791023170015,0.12870575441337184,1.2646674325593732,0.771133597540848,33.55,33.1,-0.01341281669150507,-0.015168543680290303,0.0017557269887852334,33.55,33.35,33.55,33.8,0.007451564828613977,-0.0013796631451669095,0.008831227973780886,33.55,33.45,-0.0029806259314454353,-0.02902718246432645,0.026046556532881016,-0.0011827291,0.005,3
2024-09-30,33.55,33.65,33.2,33.35,12432400,-0.007440476190476164,0.018320610687022842,0.019877675840978437,0.08279220779220786,0.12859560067681897,0.09523809523809534,32.85,30.7,29.8325,31.753132715032876,30.84652999371096,0.9066027213219172,0.5428884432872213,0.3637142780346959,0.027184489394960036,0.010905975353364196,76.07984013408227,30.7,1.3806939521394732,33.46138790427894,27.93861209572105,0.17989497747745578,0.9798311740074005,0.6102209921939626,0.018297481025306227,27.62799457756075,40.345744057128265,8.82764849594344,93.40659340659346,93.77736085053162,2585214683.0,2486288743.0,0.22530713160093627,0.36165872955170014,-0.40461299425634795,11975570.0,0.05592883514509625,1.0381468272491414,0.013493253373313216,0.08631921824104238,0.11790832146149333,0.0,9.0,0.0029940119760478723,1.0,1290.17,1287.94,-0.0023084311963561532,0.015341195761856774,0.005048889166348047,0.10143330794781974,-0.005132044994120011,0.06745101203035109,0.0901892060717473,0.08973613825547933,1.269894109840473,0.77199172470401,33.4,33.8,0.011976047904191489,-0.016076796727306553,0.028052844631498042,33.4,33.5,33.4,33.9,0.014970059880239583,-0.0033625685685065854,0.01833262844874617,33.4,33.75,0.010479041916167775,-0.027822543155545998,0.03830158507171377,-0.00041808127,0.005,3
2024-10-01,33.4,34.4,33.4,33.5,16258900,0.004497751124437732,-0.0029761904761904656,0.022900763358778553,0.05180533751962324,0.12227805695142369,0.09656301145662849,33.18,30.847500000000004,29.889166666666664,32.02188152810474,31.043083327510146,0.9787982005945963,0.6300703947486963,0.3487278058459,0.029217856734167054,0.010409785249131344,76.79395373447292,30.847500000000004,1.514880141168295,33.87726028233659,27.817739717663414,0.19643473748839219,0.9377409023849166,0.6416337784658223,0.019153247118382753,30.646405924563954,43.978988021360145,7.795792537893962,81.81818181818184,91.37529137529145,2601473583.0,2493302753.0,0.2252504433251075,0.3477286443305314,-0.40896135865710753,12534530.0,0.46248113654233614,1.2971288113714674,0.029850746268656716,0.08598751924791292,0.12080742744026551,1.0,10.0,0.0014925373134326847,1.0,1290.68,1292.2,0.00330760749724357,0.011910821541280647,0.006488195845373967,0.10186074078581346,0.0011901436271941623,0.03989451597834259,0.09007481561125452,0.08949415997432397,1.2681482098602455,0.77174601791491,33.5,33.7,0.005970149253731405,-0.01370139185050212,0.019671541104233525,33.5,33.55,33.5,33.7,0.005970149253731405,-0.0066452138177025555,0.01261536307143396,33.5,34.05,0.016417910447761086,-0.021610514480673193,0.03802842492843428,-0.00041808127,0.005,3
2024-10-02,33.5,33.9,33.4,33.55,11383200,0.0014925373134326847,0.0059970014992503096,-0.0014880952380953438,0.02599388379204881,0.1090909090909089,0.11461794019933547,33.35,31.02,29.945833333333333,32.25697667762709,31.228780858805692,1.0281958188213949,0.7096954795632361,0.3185003392581588,0.030646671201829956,0.009493303703670904,77.04001219819695,31.02,1.6181861190203852,34.25637223804077,27.78362776195923,0.2086635872366711,0.890869747654801,0.6315170800039779,0.018823161848106645,33.44921646106693,41.49183732765268,7.354915844478341,82.8282828282828,86.01768601768606,2612856783.0,2501357603.0,0.2137434413418586,0.38122980012019103,-0.13581011904628976,12632010.0,-0.1556099003026461,0.9011392486231408,0.01490312965722802,0.08156028368794321,0.12035619869208292,2.0,10.0,0.005961251862891315,1.0,1289.65,1287.84,-0.0033740906980344043,0.00027961599403480975,0.009437215864555482,0.09985225039815653,0.004866628011467089,0.025714267798014,0.10518072433477998,0.1041973910627969,1.2653617785702271,0.7709844625352501,33.55,34.15,0.017883755588673722,-0.005122433932244319,0.02300618952091804,33.55,33.75,33.55,33.6,0.0014903129657228842,-0.006961853389731876,0.00845216635545476,33.55,34.8,0.037257824143070106,-0.023144087857503104,0.06040191200057321,-0.000876556,0.005,3
2024-10-03,33.55,34.2,33.55,33.75,19074200,0.005961251862891315,0.00746268656716409,0.011994002998500619,0.03053435114503822,0.10655737704918034,0.14020270270270263,33.55,31.2275,30.002499999999998,32.486672573376765,31.415537832227493,1.0711347411492724,0.7819833318804434,0.289151409268829,0.03173732566368215,0.00856744916352086,78.04290984915559,31.2275,1.6909569853537196,34.609413970707436,27.84558602929256,0.21659844500568018,0.872939705422539,0.6328372885751228,0.018750734476299935,36.20154270346868,41.833869021573435,6.815317053760178,86.8686868686869,83.83838383838388,2631930983.0,2510889043.0,0.19710733857172505,0.5136711369516399,0.1383096884283976,13062840.0,0.7391364264030629,1.460187830517713,0.019259259259259427,0.0807781602753983,0.12490625781184916,3.0,10.0,-0.017804154302670683,0.0,1288.45,1278.1,-0.00756305131072188,-0.010367869669916208,0.00779839301062113,0.10138482590223126,0.013524303173613195,0.040902220814954426,0.1324043096920815,0.13137975870009755,1.2533219133116411,0.7633364215296985,33.7,33.6,-0.0029673590504450953,0.0058331378528422295,-0.008800496903287325,33.7,33.1,33.7,34.6,0.026706231454005858,0.005958245367112314,0.020747986086893544,33.7,35.2,0.04451038575667665,-0.011275314723590668,0.05578570048026732,-0.0011772702,0.005,3
2024-10-04,33.7,33.8,33.1,33.1,14347400,-0.019259259259259198,-0.01341281669150507,-0.011940298507462699,-0.014880952380952328,0.072933549432739,0.10702341137123761,33.45,31.3875,30.05666666666667,32.58103063901111,31.540312807618047,1.0407178313930636,0.8337302317829676,0.20698759961009605,0.03144162632607443,0.006253401800909246,67.69382268143451,31.3875,1.7100226991416438,34.80754539828329,27.96745460171671,0.21792403971538282,0.7503621736804431,0.6376346251054709,0.019263885954848063,37.515675394402066,38.55347399796148,11.321847515656547,73.7373737373738,81.14478114478119,2617583583.0,2519275608.0,0.21685025355912105,0.3456651501671024,-0.005463215238201211,13352705.0,0.12330897175379234,1.0744938946827627,0.021148036253776304,0.05455993628036637,0.1012531884218697,4.0,10.0,0.011976047904191489,1.0,1278.9,1270.6,-0.0058680854393240445,-0.015740712050320793,-0.0026374454456969953,0.1024876558707673,-0.013391173819935154,0.000859759669368465,0.1096608568169346,0.1099508461754306,1.2563882908512003,0.7619911118010816,33.4,33.8,0.011976047904191489,0.010034572237161088,0.0019414756670304012,33.4,33.8,33.4,35.55,0.06437125748502992,0.007737595935998431,0.05663366154903149,33.4,35.0,0.04790419161676662,-0.016227784789783373,0.06413197640655,-0.000876556,0.005,3
2024-10-07,33.4,34.15,33.35,33.8,14756600,0.02114803625377637,0.001481481481481417,0.007451564828613977,0.013493253373313197,0.09740259740259738,0.1457627118644067,33.54,31.602500000000003,30.122500000000002,32.76856438685556,31.707697044090786,1.060867342764773,0.8791576539793287,0.18170968878544436,0.031386607774105714,0.005376026295427348,72.00003506313266,31.602500000000003,1.7304148422608032,35.06332968452161,28.141670315478397,0.21902252571926953,0.8174816735172211,0.6670892947407941,0.019736369666887403,38.98905064175231,37.96658022986524,10.04894661562909,86.9565217391304,82.52086078173039,2632340183.0,2528609683.0,0.2122340855075368,0.19185889160394748,-0.06957984367489552,13880855.0,0.11262137249943346,1.0630901338570282,0.023668639053254354,0.0695356380033223,0.1220848203170386,0.0,10.0,-0.004431314623338234,0.0,1275.59,1269.93,-0.0005273099323153119,-0.013983570663229639,0.0017353852949761883,0.10094847394964933,0.021675346186091682,0.027476824036542835,0.1440273265694305,0.1437778166606538,1.2548721418166204,0.7509946168477957,33.85,33.9,0.001477104874445967,0.01128948568373711,-0.009812380809291144,33.85,33.7,33.85,35.25,0.041358936484490405,0.0061243101306625025,0.0352346263538279,33.85,34.9,0.03101920236336775,-0.02143901633673484,0.05245821870010259,-0.0011772702,0.005,3
2024-10-08,33.85,34.2,33.55,33.7,13909400,-0.002958579881656598,0.01812688821752273,-0.001481481481481417,0.005970149253731405,0.058084772370486704,0.15410958904109595,33.58,31.827499999999997,30.188333333333336,32.91186217349317,31.8552750408248,1.0565871326683691,0.9146435497171368,0.14194358295123233,0.031352733907073264,0.004211975755229446,70.55321890952943,31.827499999999997,1.6937559477465967,35.21501189549319,28.439988104506803,0.21286697952985276,0.7763827932960491,0.6658686308307379,0.019758713081030797,40.39265943636094,35.85566651524198,9.34827051508421,82.92682926829278,81.20690824826568,2618430783.0,2537636893.0,0.20598870782631748,0.22484352704547558,0.14081006424884157,14187720.0,-0.03641883357552093,0.9803830354701107,0.01928783382789334,0.05883277040295365,0.1163252912272954,1.0,10.0,0.013353115727002818,1.0,1271.98,1271.98,0.0016142622034285292,-0.01564773254914098,0.013344168001083512,0.09389432072477304,-0.004572842085085127,0.021617881802872385,0.14076542104001244,0.13891175918808063,1.251139369500621,0.7487087437616504,33.7,33.7,0.0,0.00558887249207185,-0.00558887249207185,33.7,34.15,33.7,35.0,0.03857566765578624,-0.0031947627869006734,0.04177043044268691,33.7,34.85,0.03412462908011871,-0.022135702847813188,0.056260331927931895,-0.0011772702,0.005,3
2024-10-09,33.7,34.3,33.6,34.15,17686600,0.013353115727002818,0.010355029585798814,0.031722054380664666,0.017883755588673722,0.04434250764525971,0.153716216216216,33.7,32.055,30.261666666666667,33.102344916032685,32.02525466743037,1.0770902486023175,0.947132889494173,0.12995735910814454,0.031539977997139604,0.0038054863574859313,73.16633021695603,32.055,1.6843630687500368,35.423726137500076,28.686273862499927,0.2101841296209686,0.8109483992597114,0.6683065857713992,0.01956973896841579,41.76962938078241,34.24188979294386,8.648870665216364,93.42105263157895,87.76813454633407,2636117383.0,2547230518.0,0.20584932749677154,0.22865366913463503,0.15141319101714953,14754135.0,0.39368677126040846,1.1987554675350334,0.02049780380673487,0.06535641865543584,0.1284903893815057,2.0,10.0,-0.02608695652173909,0.0,1273.96,1281.85,0.007759555967861154,-0.004651198906696519,0.022804343836523522,0.09673026250928883,0.005593559759141664,0.02253495449537024,0.13091187237969248,0.12799307430455764,1.2529837259378012,0.7511427612547086,34.5,33.6,-0.02608695652173909,-0.007855087972332586,-0.018231868549406505,34.5,33.6,34.5,35.8,0.03768115942028971,-0.014508262187793108,0.05218942160808282,34.5,35.5,0.02898550724637672,-0.021967881762703367,0.050953389009080086,-0.0011772702,0.005,3
2024-10-10,34.5,34.8,33.6,33.6,20748300,-0.016105417276720324,-0.0029673590504450953,-0.005917159763313529,-0.004444444444444362,0.025954198473282508,0.1313131313131315,33.67,32.25,30.323333333333334,33.17890723664304,32.14190246984293,1.0370047668001092,0.9651072649553603,0.07189750184474897,0.030863237107146106,0.0021398066025222905,65.51407329678723,32.25,1.6219708609234627,35.49394172184692,29.006058278153073,0.2011746804246155,0.7080801869694789,0.7062846867877276,0.021020377582968083,43.38904690617308,35.14295625838513,7.599248911875049,70.00000000000007,82.11596063329063,2615369083.0,2555494093.0,0.2217211985629262,0.14354554103565664,-0.22304920403446446,15498915.0,0.7236546925358702,1.3386937085595991,0.03571428571428559,0.041860465116279055,0.10805760140705734,3.0,10.0,0.004457652303120341,1.0,1289.61,1286.36,0.0035183523813238082,0.006462718097175468,0.023886655788593947,0.09699400945855993,-0.019623769658044132,-0.01090716254161983,0.10742647552453755,0.10492028088968319,1.2373890264586422,0.7340740728714242,33.65,34.6,0.02823179791976238,-0.0008853268720004914,0.02911712479176287,33.65,33.8,33.65,33.4,-0.007429420505200568,-0.023492226208781775,0.016062805703581207,33.65,35.6,0.05794947994056465,-0.02167497631362325,0.0796244562541879,-0.000876556,0.005,3
2024-10-11,33.65,33.8,33.4,33.8,7702400,0.005952380952380931,-0.01024890190336758,0.0029673590504448732,0.02114803625377637,0.005952380952380931,0.1342281879194629,33.809999999999995,32.45,30.38,33.27445996946719,32.264724509113826,1.0097354603533617,0.9740329040349606,0.035702556318401135,0.029873830187969283,0.0010562886484734065,66.87094656622212,32.45,1.5489385159896902,35.54787703197938,29.352122968020623,0.19093232862738854,0.7178911535325557,0.6844072091600327,0.020248733998817537,44.32322310471984,33.67586992281366,9.369320902461043,74.99999999999999,79.47368421052636,2623071483.0,2563834858.0,0.2214604590730012,0.11369679283430138,-0.2134543430357052,15576105.0,-1.1001505221057402,0.49450103219001157,0.011834319526627177,0.04160246533127876,0.11257406188281749,4.0,10.0,-0.0058651026392962935,0.0,1287.66,1288.39,0.0015780963338414278,0.014001259247599762,0.02930391224804474,0.09525713310203351,0.0043742846185395035,0.007146777006176608,0.10492427567141815,0.10193711927341154,1.2922883526073825,0.7645968911275012,34.1,35.55,0.04252199413489732,-0.008545821956900568,0.05106781609179789,34.1,33.9,34.1,33.45,-0.019061583577712593,-0.03379764604254398,0.01473606246483139,34.1,35.5,0.04105571847507328,-0.03392105141376278,0.07497676988883606,-0.0016300175,0.005,3
2024-10-14,34.1,34.2,33.6,33.9,12932200,0.002958579881656931,0.008928571428571397,-0.007320644216691097,0.002958579881656931,0.01649175412293835,0.14720812182741105,33.83,32.667500000000004,30.435,33.370696897241466,32.38585602695725,0.9848408702842164,0.9761944972848118,0.008646372999404628,0.029051353105729098,0.00025505525071990053,67.55826213983201,32.667500000000004,1.4203664278890153,35.50823285577803,29.826767144221975,0.17391798305827066,0.7169334574162964,0.678378122791459,0.02001115406464481,45.484721451972085,35.76009292694635,8.777405699271881,69.49152542372882,71.49717514124298,2636003683.0,2573066168.0,0.21497134040994664,0.05990686665469838,0.07708079715180798,15978780.0,-0.45217179741679225,0.809335881713122,0.01769911504424783,0.03772862937169963,0.113849186791523,0.0,10.0,-0.007363770250368162,0.0,1296.54,1286.34,-0.001591133119630106,0.012921972077200916,0.03799041363394284,0.08616836317273456,0.004549713001287037,-0.009963392195543985,0.10921770819346821,0.1052203438094419,1.2917336329310538,0.7636691967834526,33.95,35.25,0.038291605301914444,-0.006243156987443821,0.044534762289358265,33.95,33.7,33.95,33.75,-0.005891016200294641,-0.025655958565316328,0.019764942365021687,33.95,33.8,-0.0044182621502211195,-0.029111437246177596,0.024693175095956477,-0.001087619,0.005,3
2024-10-15,33.95,34.2,33.6,33.7,12425100,-0.005899705014749124,-0.002958579881656598,0.0029761904761904656,0.0,0.005970149253731405,0.12897822445561147,33.83,32.86,30.491666666666667,33.42135891305047,32.48320002496042,0.9381588880900509,0.9685873754458597,-0.03042848735580883,0.027838542673295275,-0.0009029224734661373,64.66854759846652,32.86,1.2715096704727604,35.40301934094552,30.31698065905448,0.15477902257732928,0.6651580045961591,0.6727796854492121,0.019963788885733295,46.56325563156346,33.482117767616806,8.218270906553482,50.00000000000016,64.83050847457635,2623578583.0,2581388303.0,0.2193333008603695,0.20221896856188204,-0.11759743766971915,16312115.0,-0.6111924794963092,0.7617099315447445,0.017804154302670665,0.025562994522215554,0.10522000546597443,1.0,10.0,-0.0014858841010400026,0.0,1287.81,1281.08,-0.0040891210721892834,0.007154200537744293,0.01757814051392015,0.07092355664222898,-0.0018105839425598402,-0.007154200537744293,0.11140008394169132,0.1094757046229684,1.2911429429595909,0.7620975267420008,33.65,35.0,0.04011887072808329,-0.007789914521900698,0.04790878524998399,33.65,33.6,33.65,34.05,0.011887072808320909,-0.014126545090869302,0.02601361789919021,33.65,33.55,-0.002971768202080227,-0.02737799446814493,0.0244062262660647,-0.001087619,0.005,3
2024-10-16,33.65,33.75,33.15,33.6,18409100,-0.0029673590504450953,-0.008849557522123797,-0.005917159763313529,-0.016105417276720324,0.0014903129657228842,0.11074380165289255,33.720000000000006,33.027499999999996,30.55166666666667,33.44884215719655,32.56592594903742,0.8829162081591306,0.9514531419885139,-0.0685369338293833,0.026277268099974126,-0.0020397896973030744,63.21263581340859,33.027499999999996,1.1213801411890112,35.27026028237802,30.784739717621974,0.13581168919100883,0.6276329005151138,0.6675811364885542,0.019868486205016495,46.304947537807806,31.332644353981728,12.505501248410123,40.00000000000021,53.163841807909755,2605169483.0,2588051748.0,0.21987540678565334,0.3728034787619469,-0.06278978391705455,16494335.0,0.3008148694919749,1.1160862199051977,0.017857142857142898,0.01733403981530568,0.09977633516993056,2.0,10.0,0.026706231454005858,1.0,1279.86,1279.48,-0.001248946201642287,-0.001848890275773174,0.011526602893509263,0.06978944242829185,-0.0017184128488028083,-0.01425652700094715,0.09921719875938328,0.09808659354639682,1.290193199362313,0.7594732901952624,33.7,35.8,0.062314540059347,-0.009160721942852668,0.07147526200219967,33.7,34.6,33.7,34.8,0.03264094955489605,-0.01872685455892098,0.05136780411381703,33.7,33.4,-0.008902077151335397,-0.02854247066619897,0.019640393514863574,-0.0018601301,0.005,3
2024-10-17,33.7,34.6,33.25,34.6,27209600,0.029761904761904656,0.026706231454005858,0.0206489675516226,0.029761904761904656,0.0251851851851852,0.13442622950819683,33.92,33.2325,30.645,33.6259433637817,32.716598100960574,0.9093452628211267,0.9430315661550366,-0.03368630333390987,0.02628165499483025,-0.0009735925819049096,70.39133112578081,33.2325,1.0035823989983919,35.23966479799679,31.22533520200322,0.12079529364307738,0.8406546391618683,0.7163253410250862,0.020703044538297286,46.809299418999,35.5905789300919,10.822065592403959,88.23529411764729,59.41176470588258,2632379083.0,2595716393.0,0.23627712966415687,0.31666755983256,-0.5659711633218067,17495535.0,1.518124455965378,1.5552310918185697,0.039017341040462464,0.04114947716843442,0.12905857399249476,3.0,10.0,0.012820512820512775,1.0,1282.65,1286.52,0.005502235283083801,0.0001243819770515575,0.011995878137610383,0.07020248471046134,0.024259669478820856,0.0296375227848531,0.12243035137058644,0.12097910081995256,1.2646224267426482,0.7332694942815057,35.1,33.4,-0.04843304843304852,-0.026139285603643203,-0.022293762829405317,35.1,35.55,35.1,35.2,0.002849002849002913,-0.02066358933052459,0.023512592179527503,35.1,32.5,-0.07407407407407407,-0.04590445800675358,-0.02816961606732049,-0.0021561573,0.005,3
2024-10-18,35.1,36.45,34.7,35.55,32868800,0.027456647398843792,0.05803571428571419,0.05489614243323415,0.05177514792899407,0.0740181268882174,0.1523500810372771,34.27,33.467499999999994,30.750833333333333,33.92195207704606,32.92647972311164,0.9954723539344172,0.9535197237109128,0.04195263022350448,0.028002035272416802,0.0011801021159916873,75.31877653906231,33.467499999999994,0.9659022234489048,35.3993044468978,31.535695553102183,0.11544360629851703,1.039003832231619,0.7973021023804373,0.022427625946003865,48.27605695066845,46.26563535059262,9.028443496967283,73.13432835820879,67.12320749195213,2665247883.0,2603861533.0,0.24735309063051625,0.24661349669839797,-0.9092329237525074,17976030.0,2.0774512279476514,1.8284793694714572,0.04922644163150493,0.062224546201538944,0.15606623126744523,4.0,10.0,-0.011220196353436185,0.0,1291.16,1285.46,-0.000823928116158279,-0.0022741561173247327,0.010549982704946448,0.0703856563492732,0.02828057551500207,0.0540493040463188,0.14180009833233065,0.14031972763264355,1.2580827768050273,0.7128700865715106,35.65,33.45,-0.061711079943898905,-0.02449052695515397,-0.03722055298874494,35.65,35.25,35.65,35.0,-0.018232819074333717,-0.022800719530903235,0.004567900456569518,35.65,32.4,-0.09116409537166903,-0.051083579276887114,-0.040080516094781915,-0.0027255046,0.005,4
2024-10-21,35.65,36.1,35.25,35.25,13537800,-0.00843881856540074,0.01878612716762995,0.049107142857142794,0.03982300884955747,0.04289940828402372,0.14448051948051943,34.54,33.69,30.858333333333334,34.12626714211589,33.09859233621448,1.0276748059014125,0.9683507401490128,0.05932406575239968,0.02915389520287695,0.001682952219926232,71.28437063155995,33.69,0.8207185555163008,35.3314371110326,32.048562888967396,0.0974435803521877,0.9751933502400928,0.8010662379246919,0.02272528334538133,49.638046087218655,42.75907762734363,8.344161134187578,64.17910447761187,75.18290898448934,2651710083.0,2611631643.0,0.25173386605905756,0.2593877797742021,-1.0019922867497717,18351060.0,-0.7192943537861906,0.737712153957319,0.024113475177305006,0.04630454140694584,0.14231704023764502,0.0,10.0,-0.007092198581560294,0.0,1284.17,1279.77,-0.004426431005243314,-0.005107514343019703,0.008900416246215848,0.07163403869849853,-0.004012387560157427,0.044930523192577176,0.13558010323430358,0.1343840294354841,1.252318565689501,0.7136228013354686,35.25,33.75,-0.04255319148936165,-0.0198717397926903,-0.02268145169667135,35.25,35.0,35.25,34.9,-0.009929078014184411,-0.02772982557549153,0.017800747561307118,35.25,32.6,-0.075177304964539,-0.04928097733965531,-0.025896327624883697,0.0014731099,0.005,4
2024-10-22,35.25,35.9,34.9,35.0,17680700,-0.007092198581560294,-0.015471167369901506,0.01156069364161838,0.03857566765578624,0.03857566765578624,0.09890109890109877,34.8,33.8475,30.956666666666663,34.26068758179037,33.23943734834674,1.0212502334436309,0.9789306388079364,0.04231959463569446,0.029178578098389453,0.001209131275305556,68.01485406588057,33.8475,0.7480632889073231,35.343626577814646,32.35137342218535,0.08840396353140705,0.8851612614500265,0.8152757923586424,0.023293594067389786,50.16513918331722,39.0128363441473,10.679553044827815,56.716417910447696,64.67661691542281,2634029383.0,2617275748.0,0.2345708675062992,0.373900188222859,-0.8486447651770291,17993125.0,-0.04795137619546656,0.9826364236340269,0.02857142857142857,0.0340497821109389,0.13061268439754503,1.0,10.0,0.019943019943019724,1.0,1280.21,1269.89,-0.007720137212155254,-0.008734817497736191,-0.00555994956890804,0.07321354254282038,0.0006279386305949597,0.04731048515352243,0.10446104847000681,0.10504509389452155,1.2544552903221642,0.7151603906134766,35.1,34.05,-0.02991452991453003,-0.0069259708164775,-0.02298855909805253,35.1,35.8,35.1,34.85,-0.007122507122507171,-0.01953438587101952,0.01241187874851235,35.1,31.95,-0.08974358974358976,-0.05149616710478666,-0.0382474226388031,0.00047456558,0.005,4
2024-10-23,35.1,35.8,34.65,35.8,12097200,0.022857142857142687,0.015602836879432536,0.007032348804500765,0.06547619047619024,0.04831625183016097,0.09480122324159002,35.239999999999995,34.002500000000005,31.06833333333333,34.49750487689955,33.42910865587661,1.0683962210229367,0.9968237552509366,0.07157246577200016,0.02984346986097589,0.001999230887486038,72.38042349423732,34.002500000000005,0.8158745711135768,35.634249142227155,32.370750857772855,0.09597818644082935,1.0507893197193936,0.8391846643330251,0.023440912411537014,50.14632852971491,35.194098968742615,11.762110107909358,80.59701492537296,67.16417910447753,2646126583.0,2622094013.0,0.23018995539439405,0.35175888442574516,-0.8167728423659233,17167285.0,-0.8265560134651689,0.7046658804813923,0.03212290502793293,0.05286376001764559,0.15229869642186578,2.0,10.0,-0.06703910614525133,0.0,1270.58,1270.9,0.0007953444786557018,-0.006705849251258278,-0.012877869947494291,0.06621359516778566,0.022061798378486985,0.07218203972744852,0.10767909318908431,0.10908386096394862,1.2614992128822806,0.70907805272559,35.8,34.8,-0.027932960893854775,-0.009864927586396788,-0.018068033307457987,35.8,33.4,35.8,35.5,-0.008379888268156388,-0.007780233957692562,-0.0005996543104638263,35.8,32.4,-0.0949720670391061,-0.042976155824948736,-0.051995911214157364,-0.0009068727,0.005,4
2024-10-24,35.8,35.8,33.4,33.4,32157700,-0.06703910614525133,-0.04571428571428571,-0.052482269503546175,-0.034682080924855585,-0.005952380952381042,0.01984732824427482,35.0,34.035000000000004,31.14333333333333,34.32865797276116,33.426952459145014,0.9017055136161432,0.977800106923978,-0.07609459330783486,0.02699717106635159,-0.0022782812367615228,50.23072044652766,34.035000000000004,0.7752928139539959,35.585585627907996,32.48441437209201,0.09111712225109399,0.2952386541668357,0.9506714740235233,0.028463217785135428,48.02861946662642,28.847769796381215,19.03298115501509,7.575757575757566,48.29639680385943,2613968883.0,2624012463.0,0.3433399090303381,-1.4892820348962197,4.350162875889567,17483240.0,2.178115181462589,1.8393444235736625,0.07185628742514966,-0.018657264580578925,0.07246066573905607,3.0,10.0,-0.005943536404160343,0.0,1271.17,1257.41,-0.010614525139664766,-0.022626931567328867,-0.02638812534359536,0.07343012569391823,-0.05642458100558656,-0.012055149357526718,0.04623545358787018,0.047488588411256805,1.3912678529259603,0.685093615438272,33.65,35.2,0.04606240713224374,0.002807429378083093,0.04325497775416065,33.65,33.45,33.65,35.6,0.05794947994056465,-0.0009437403841578984,0.05889322032472255,33.65,33.05,-0.017830609212481474,-0.025861658762510564,0.00803104955002909,0.00064932037,0.005,4
2024-10-25,33.65,34.0,33.3,33.45,19673700,0.0014970059880241582,-0.06564245810055847,-0.04428571428571415,-0.05907172995780574,-0.010355029585798703,-0.004464285714285698,34.58,34.0275,31.217499999999998,34.19347982310559,33.42865968439353,0.7648201387120608,0.9352041132815946,-0.1703839745695338,0.022864578137879243,-0.005093691317474852,50.57009557015761,34.0275,0.7804308863835014,35.58836177276701,32.466638227233,0.09174119596015017,0.3150060402285841,0.932766368736129,0.027885392189420894,45.91914090583591,27.301414204923237,18.778508704655785,9.090909090909209,32.4212271973466,2633642583.0,2625812238.0,0.33070496065666233,-1.5686824379712132,4.999552443927939,17364565.0,0.34603091663369456,1.1329797204824883,0.020926756352765405,-0.016971567114833608,0.07151437494994806,4.0,10.0,0.013513513513513598,1.0,1260.94,1252.72,-0.0037298892167233477,-0.025469481741944522,-0.02959129922845727,0.07383136657923299,0.005226895204747506,-0.03360224821586122,0.02512701351417157,0.02589322776495484,1.3943633452123376,0.6858256734912749,33.3,35.0,0.05105105105105112,0.0017002458571475643,0.04935080519390356,33.3,33.75,33.3,35.5,0.06606606606606613,-0.00015964749832375613,0.06622571356438989,33.3,32.65,-0.019519519519519468,-0.01968453654331248,0.00016501702379301264,0.0008536742,0.005,4
2024-10-28,33.3,34.1,33.3,33.75,11423600,0.008968609865470656,0.010479041916167775,-0.05726256983240219,-0.04255319148936165,-0.004424778761061954,0.011994002998500619,34.279999999999994,34.0475,31.3125,34.12525215801242,33.452462670734754,0.6727894872776687,0.8827211880808095,-0.20993170080314072,0.01993450332674574,-0.006220198542315281,52.65611559103392,34.0475,0.7671675518632556,35.58183510372651,32.51316489627349,0.09012909046047506,0.403052469021452,0.9232830566835486,0.027356535012845885,44.06269688055418,26.38534075236547,17.61628913125595,18.1818181818182,11.616161616161676,2645066183.0,2628804813.0,0.33094643922495787,-1.689183957854808,5.291701469900961,17314125.0,-0.8770724733913827,0.659785002129764,0.02370370370370383,-0.008737792789485277,0.07784431137724557,0.0,10.0,0.005908419497784312,1.0,1252.76,1254.77,0.0016364391084999763,-0.01953476015221489,-0.02575430532478229,0.07457586258960743,0.0073321707569706795,-0.02301843133714676,0.03774830832328291,0.038746189518309215,1.358374098283491,0.660873763780763,33.85,34.9,0.03101920236336775,-0.010587982798502371,0.04160718516187012,33.85,34.05,33.85,33.8,-0.001477104874446189,-0.006128629682916942,0.004651524808470753,33.85,32.85,-0.02954209748892167,-0.01854486776944897,-0.010997229719472701,-8.611816e-06,0.005,4
2024-10-29,33.85,34.3,33.8,34.05,10111000,0.008888888888888724,0.017937219730941534,0.019461077844311392,-0.027142857142857246,0.010385756676557722,0.016417910447761086,34.089999999999996,34.075,31.40666666666667,34.11367490293359,33.49672469512477,0.61695020780882,0.8295669920264116,-0.21261678421759156,0.018118948834326583,-0.006244252106243512,54.714255512767835,34.075,0.7562894182856219,35.58757883657125,32.56242116342876,0.08877938879361665,0.49173596793914015,0.896619981206152,0.02633245172411607,42.547539508379444,26.82254322237448,16.84442533601232,27.272727272727195,18.18181818181822,2655177183.0,2631489993.0,0.3319614058216885,-1.7056821946693723,5.273316600065669,17006730.0,-0.9986577220575006,0.5945293422074672,0.014684287812041117,-0.0007336757153340034,0.08416472086605786,1.0,10.0,0.01754385964912264,1.0,1258.03,1261.78,0.005586681224447609,-0.006386379922670549,-0.02354124748490949,0.07684498674281003,0.0033022076644411147,-0.020756477220186698,0.039959157932670575,0.04092252522674067,1.3582213566378405,0.6595430228056788,34.2,34.85,0.01900584795321625,-0.014094984844527758,0.033100832797744006,34.2,34.8,34.2,33.55,-0.01900584795321658,-0.014838908806002027,-0.0041669391472145545,34.2,33.2,-0.029239766081871288,-0.016967797589369615,-0.012271968492501673,-0.0007496252,0.005,4
2024-10-30,34.2,35.2,33.95,34.8,17096800,0.022026431718061623,0.03111111111111109,0.04035874439461873,-0.027932960893854775,0.03571428571428559,0.037257824143070106,33.89,34.1375,31.533333333333335,34.21926337940534,33.593263606597006,0.6259997728083349,0.7888535481827963,-0.16285377537446144,0.017988499218630313,-0.004679706188921306,59.45916948325014,34.1375,0.762246506612115,35.66199301322423,32.61300698677577,0.08931485980076047,0.7172853513440637,0.9218614111199983,0.026490270434482713,41.96861050421588,31.198148328896565,15.212979947674583,49.99999999999989,31.818181818181785,2672273983.0,2634460853.0,0.3402421790205462,-1.6889512217375888,4.893643765332258,17292410.0,-0.02886337449968474,0.9886881007332119,0.03591954022988506,0.019406810692053966,0.10359408033826623,2.0,10.0,0.011494252873563315,1.0,1263.57,1258.63,-0.002496473236221708,-0.009654575497678786,-0.022681388992421225,0.0765752026310149,0.02452290495428333,-0.01827838539617599,0.05993921313549133,0.061330268819598466,1.4564501477559746,0.5885994716842209,34.8,35.5,0.02011494252873569,0.0008331812446933373,0.019281761284042354,34.8,35.2,34.8,33.4,-0.04022988505747127,-0.011259849392571186,-0.028970035664900085,34.8,33.2,-0.045977011494252706,-0.014489418598192416,-0.03148759289606029,0.0011181267,0.005,4
2024-10-31,34.8,35.7,34.6,35.2,17764700,0.011494252873563315,0.03377386196769483,0.04296296296296309,0.05389221556886237,0.01734104046242768,0.04296296296296309,34.25,34.21,31.646666666666665,34.3701459364199,33.71228111721945,0.657864819200455,0.7626558023863281,-0.1047909831858731,0.01868934145455838,-0.0029770165677804857,61.76041728471902,34.21,0.7918333157933286,35.79366663158666,32.62633336841334,0.09258501207755974,0.8125657825498701,0.9345855960399986,0.02655072716022723,41.81726541726978,32.396696105783015,13.934011416186395,62.12121212121217,46.46464646464644,2690038683.0,2637366238.0,0.3416489756882748,-1.7064377223903557,4.865225551466106,17226935.0,0.07948876158979598,1.0312165222658587,0.031250000000000035,0.02893890675241173,0.11228144091004855,3.0,10.0,0.0,0.0,1260.23,1264.48,0.004647910823673218,0.005622668819239562,-0.010656443157812334,0.07523646761775186,0.006846342049890097,0.048269546749622805,0.053619406120775426,0.05419695286834347,1.3508327442048196,0.5401736438153525,35.0,35.6,0.017142857142857126,-0.0020912713186892473,0.019234128461546374,35.0,35.0,35.0,32.5,-0.0714285714285714,-0.024160520916673978,-0.04726805051189742,35.0,33.15,-0.052857142857142936,-0.016064766039021405,-0.03679237681812153,-0.0005908361,0.005,4
2024-11-01,35.0,35.25,34.95,35.0,9112000,-0.005681818181818232,0.005747126436781658,0.027900146842878115,0.046337817638266054,-0.015471167369901506,0.05740181268882161,34.56,34.305,31.756666666666668,34.46704656158607,33.80766770112912,0.6593788604569539,0.7420004140004534,-0.08262155354349943,0.018839396013055825,-0.002360615815528555,59.92869244409246,34.305,0.7651797174522097,35.83535943490442,32.77464056509558,0.08922078034714584,0.7270708384411038,0.8892580534657127,0.025407372956163222,41.67673069367697,31.61602854382289,13.59824166099037,56.060606060606034,56.060606060606055,2680926683.0,2640533393.0,0.3335733368081533,-1.8809455776502786,5.9218275813618515,16965165.0,-1.1250237249031663,0.5371005822813983,0.00857142857142849,0.020259437399795965,0.10213078618662741,4.0,11.0,-0.0028571428571428914,0.0,1262.39,1254.89,-0.00758414526129314,0.0017322306660707554,-0.012364237368172382,0.07707696891300968,0.001902327079474908,0.0446055869721953,0.06976605005699399,0.07063945302171226,1.359809325835284,0.5484201073256084,35.0,35.5,0.014285714285714235,-0.002675329638830548,0.016961043924544783,35.0,34.9,35.0,32.4,-0.07428571428571429,-0.029739155360214098,-0.04454655892550019,35.0,33.3,-0.0485714285714286,-0.004347410663099627,-0.04422401790832897,-0.00070951623,0.005,4
2024-11-04,35.0,35.35,34.65,34.9,11339100,-0.0028571428571428914,-0.008522727272727404,0.00287356321839094,0.03407407407407392,-0.009929078014184411,0.03254437869822491,34.79,34.36,31.867500000000003,34.533654782880525,33.88858120474919,0.6450735781313384,0.7226150468266304,-0.07754146869529199,0.018483483614078464,-0.0022218185872576505,58.98667569955468,34.36,0.766502652173956,35.89300530434791,32.82699469565209,0.08923197347775959,0.6761246352078663,0.8757396210753049,0.025092825818776646,41.004019774334694,29.81092416216877,15.26876680864936,53.03030303030296,57.07070707070707,2669587583.0,2642395763.0,0.3270803085425809,-1.8420443039922736,6.094663834079305,16794290.0,-0.7706710909051521,0.675175908002065,0.02005730659025796,0.01571594877764837,0.09515964540676225,0.0,11.0,0.0,0.0,1255.92,1244.71,-0.00811226482002414,-0.008017405580305503,-0.019859362327057428,0.0815413197394677,0.0052551219628812484,0.04209147965437943,0.052403741025282335,0.05346553240532881,1.3416070870948933,0.5450918810112283,34.85,33.8,-0.030129124820660103,0.004394103707273889,-0.03452322852793399,34.85,34.85,34.85,32.6,-0.06456241032998566,-0.022275776197935526,-0.04228663413205014,34.85,33.1,-0.050215208034433245,0.005109049283046341,-0.055324257317479586,0.00022642825,0.005,4
2024-11-05,34.85,35.3,34.85,34.85,6852800,-0.0014326647564468775,-0.004285714285714226,-0.009943181818181879,0.023494860499265968,-0.004285714285714226,0.03412462908011871,34.95,34.417500000000004,31.967499999999998,34.582323277821985,33.9597974118048,0.6225258660171846,0.7025972106647412,-0.08007134464755661,0.017863009067924953,-0.002297599559470778,58.49159954822268,34.417500000000004,0.7574672131172377,35.93243442623448,32.90256557376553,0.08803279879331592,0.6427454523807411,0.8453296481413543,0.024256230936624223,40.37935963494544,28.677392079450556,14.688186450019915,50.0,53.03030303030301,2662734783.0,2644610963.0,0.3268300780191973,-1.858133312014203,6.157949291590541,16441460.0,-1.2960282976875852,0.41679996788606366,0.012912482065997008,0.012566281688094705,0.09016970360522425,1.0,11.0,0.014285714285714235,1.0,1244.85,1245.76,0.0008435699881899072,-0.012696349601356793,-0.020613531659302797,0.08126027422870724,-0.0022762347446367848,0.03619121010062276,0.054738160739421504,0.055890256307257635,1.3333567526734247,0.5298721253110735,35.0,33.55,-0.04142857142857148,-0.005115007752433676,-0.036313563676137806,35.0,35.5,35.0,31.95,-0.08714285714285719,-0.036820063617908905,-0.050322793524948284,35.0,32.6,-0.0685714285714285,-0.0011109157462317887,-0.06746051282519672,-0.00064050325,0.005,4
2024-11-06,35.0,35.5,34.8,35.5,6934000,0.01865136298421799,0.017191977077363862,0.014285714285714235,0.02011494252873569,-0.008379888268156388,0.039531478770131745,35.09,34.485,32.0725,34.723504312003215,34.07388649241185,0.6496178195913629,0.6920013324500656,-0.04238351285870268,0.018299093509615855,-0.001193901770667681,62.85609171793403,34.485,0.7917502264305625,36.06850045286112,32.901499547138876,0.09183705685724945,0.8204924880716211,0.8349489589884006,0.02351968898558875,39.99420653704685,28.67104657132811,13.808600560852765,69.8412698412698,57.62385762385761,2669668783.0,2646288533.0,0.32982322214336623,-1.829610063850314,5.948563343533696,15903830.0,-1.166691768096004,0.4359956060898538,0.01971830985915501,0.02943308684935486,0.10686725387793294,2.0,11.0,0.0,0.0,1251.22,1261.28,0.012458258412535228,0.002105463877390301,-0.01604711939774539,0.08931260783518274,0.0061931045716827615,0.01800947865134539,0.055578598167877136,0.0564850200284579,1.3249421020864875,0.5374743335197125,35.6,33.4,-0.061797752808988804,-0.01624020021948347,-0.045557552589505335,35.6,35.6,35.6,32.4,-0.08988764044943831,-0.0395307158478142,-0.05035692460162411,35.6,32.4,-0.08988764044943831,-0.020685135913974917,-0.0692025045354634,-0.0005948029,0.005,4
2024-11-07,35.6,35.8,35.4,35.6,8231800,0.0028169014084507005,0.021520803443328518,0.02005730659025806,0.011363636363636243,0.06586826347305408,0.059523809523809534,35.17,34.585,32.18,34.85834980246426,34.18693193741838,0.671417865045882,0.6878846389692289,-0.016466773923346945,0.01886005238892927,-0.0004625498293074984,63.492090109593306,34.585,0.8003453202081878,36.185690640416375,32.98430935958363,0.09256560013973539,0.8170506450065758,0.8038811762035147,0.022580931915829064,39.92024672770074,30.317663537690827,13.317817275617697,82.14285714285717,67.32804232804234,2677900583.0,2649415108.0,0.32269451890155093,-2.0664672099163774,7.22554736749082,15278005.0,-0.9054472870121282,0.5388007138366561,0.011235955056179735,0.029347983229723873,0.10627719080174036,3.0,11.0,-0.009762900976290179,0.0,1266.61,1259.75,-0.0012130534060637022,-0.003740668100721267,-0.020686277558381705,0.08785010381639385,0.004029954814514403,0.01510430446435751,0.08021008708219124,0.08190438390081178,1.323247854358613,0.5375638219243576,35.85,32.5,-0.09344490934449101,-0.024508251243229418,-0.0689366581012616,35.85,35.5,35.85,33.05,-0.07810320781032087,-0.027327294035665584,-0.05077591377465529,35.85,33.95,-0.052998605299860446,0.003713851319248729,-0.056712456619109175,0.00014175856,0.005,4
2024-11-08,35.85,36.0,35.0,35.5,9413400,-0.002808988764045006,0.0,0.01865136298421799,0.014285714285714235,0.061285500747384036,0.050295857988165826,35.269999999999996,34.67,32.285,34.95706521746976,34.28419623835035,0.6728689791194142,0.684881506999266,-0.012012527879851742,0.018954055749842654,-0.00033838106703807725,62.34251482072101,34.67,0.8028567414978881,36.275713482995776,33.06428651700423,0.09262840974881884,0.7584520864991026,0.8178896636175494,0.02303914545401548,39.05113319500645,27.669937943542752,15.64804625316585,81.4814814814815,77.82186948853618,2668487183.0,2651685893.0,0.3231642325778457,-1.987317233472947,6.948459462019102,15363555.0,-0.7724104631979133,0.6127097536995832,0.028169014084507043,0.023940005768676054,0.0995818491559548,4.0,11.0,-0.04519774011299438,0.0,1262.84,1252.56,-0.005707481643183243,-0.001856736447019336,-0.027809902281141663,0.0887828258771134,0.002898492879138237,0.01614245073273357,0.07810576026930749,0.08034000804222807,1.3185001741966398,0.5390870336020789,35.4,32.4,-0.0847457627118644,-0.02810633190036771,-0.056639430811496694,35.4,33.8,35.4,32.65,-0.07768361581920902,-0.02050549923832168,-0.05717811658088734,35.4,33.8,-0.04519774011299438,0.013024301927724524,-0.0582220420407189,-0.0007911272,0.005,4
2024-11-11,35.4,35.55,33.4,33.8,32893000,-0.04788732394366202,-0.05056179775280911,-0.04788732394366202,-0.03151862464183386,0.001481481481481417,-0.002949852507374673,35.05,34.665,32.365833333333335,34.779055184012876,34.248329850324396,0.5307253336884799,0.6540502723371088,-0.12332493864862892,0.015701932949363312,-0.003648666823923933,46.82212780599685,34.665,0.8081981257875461,36.28139625157509,33.04860374842491,0.09325811346171006,0.23242947106654482,0.9130404019305816,0.027013029642916617,36.63211570155215,23.015913992918374,25.533127561766232,18.518518518518498,60.714285714285744,2635594183.0,2651665418.0,0.36960054463959985,-1.5612758582680302,3.2543636476211195,16361595.0,1.9197298432282361,2.0103785725046976,0.06360946745562127,-0.024953122746285916,0.044311130564638423,0.0,11.0,-0.007396449704141994,0.0,1253.81,1250.32,-0.001788337484831093,0.004507073936900863,-0.02800192795061962,0.08879138217666085,-0.046098986458830926,-0.03602569857873472,0.025052075443244948,0.025773791289960712,1.3521505508997524,0.5078003549660182,33.8,32.6,-0.035502958579881505,-0.027696338842777224,-0.007806619737104281,33.8,33.55,33.8,32.85,-0.02810650887573951,-0.013652449692040936,-0.014454059183698575,33.8,34.0,0.00591715976331364,0.017614775641281666,-0.011697615877968026,0.0013645977,0.005,4
2024-11-12,33.8,33.9,33.25,33.55,14613800,-0.007396449704141994,-0.05492957746478877,-0.05758426966292152,-0.03730272596843631,-0.014684287812041119,-0.004451038575667865,34.79,34.657500000000006,32.435833333333335,34.589969771087816,34.19660171326333,0.3933680578244889,0.6019138294345848,-0.2085457716100959,0.011724830337540654,-0.006215969347543843,45.046094351406204,34.657500000000006,0.818257937713877,36.29401587542776,33.02098412457225,0.0944393493718678,0.16162870259033413,0.8942518017926828,0.026654301096652247,34.557702372448475,21.820953015851423,25.405604122462986,10.909090909090805,36.96969696969695,2620980383.0,2651535508.0,0.36996164677842736,-1.5469576740413167,3.2037077736540494,16471030.0,-0.21665027922438973,0.8872426314565635,0.019374068554396384,-0.031955565173483635,0.034349870256660475,1.0,11.0,-0.0029850746268657025,0.0,1251.79,1244.82,-0.004398873888284638,-0.0007545594657076826,-0.028304243294720033,0.08892232162305413,-0.0029975758158573562,-0.03654816650272863,0.023853204719052168,0.024548017786895526,1.6145020477025978,0.5362948511352161,33.5,31.95,-0.04626865671641789,-0.03040372021175597,-0.01586493650466192,33.5,33.4,33.5,33.2,-0.008955223880596885,-0.000651680692551504,-0.008303543188045381,33.5,33.5,0.0,0.02343636860990861,-0.02343636860990861,0.0021258746,0.005,4
2024-11-13,33.5,33.5,32.4,33.4,15006400,-0.0044709388971683195,-0.011834319526627168,-0.05915492957746482,-0.05915492957746482,-0.04022988505747127,-0.005952380952381042,34.37,34.6475,32.49833333333333,34.406897498612764,34.13759417894752,0.2693033196652408,0.5353917274807161,-0.26608840781547527,0.00806297364267188,-0.007966718796870517,43.968446054773615,34.6475,0.8329521057819026,36.31340421156381,32.981595788436195,0.0961630254167721,0.12557871234716494,0.9125195302360626,0.02732094401904379,33.51638187653854,19.856682261187807,29.77212947270765,27.777777777777768,19.06846240179571,2605973983.0,2651575733.0,0.37016224393673985,-1.533995185631286,3.164661249129774,16300895.0,-0.15112446655125564,0.9205874892145492,0.03293413173652699,-0.036005483801140103,0.02774501256474715,2.0,11.0,-0.03129657228017879,0.0,1242.94,1246.04,0.0009800613743353725,-0.01208296333883041,-0.026135617594647886,0.08933016526329716,-0.005451000271503692,-0.04707196623863441,0.020183236642266844,0.020724894561207963,1.6276775266112709,0.5326024207746531,33.55,32.4,-0.03427719821162445,-0.021956023636290456,-0.012321174575333993,33.55,32.5,33.55,33.2,-0.010432190760059412,-0.001511436266430799,-0.008920754493628613,33.55,33.65,0.0029806259314455463,0.020106926076295384,-0.017126300144849838,0.0015072525,0.005,4
2024-11-14,33.55,33.55,32.5,32.5,9004900,-0.026946107784431073,-0.03129657228017879,-0.038461538461538436,-0.0870786516853933,-0.07670454545454553,-0.06069364161849711,33.75,34.542500000000004,32.545833333333334,34.113528652672336,34.01629090643289,0.09723774623944337,0.4477609312324615,-0.35052318499301816,0.0029919306535213346,-0.010785328769015943,38.08173681156597,34.542500000000004,0.9616700112442532,36.46584002248851,32.6191599775115,0.11136078873784486,-0.030977356088427457,0.9223395637906293,0.02837967888586552,32.47727156827327,18.629251110133733,27.3512101083943,2.7777777777778163,13.821548821548815,2596969083.0,2649805233.0,0.36430488341523043,-1.4174376527828996,2.546256821435213,15390660.0,-0.7685406881446374,0.5850886186817199,0.03230769230769222,-0.059130057175942774,-0.0014082703879144676,3.0,11.0,0.0,0.0,1243.85,1231.89,-0.01135597573111602,-0.02211549910696564,-0.04246338960917817,0.09227802130725099,-0.015590132053315053,-0.06496315257842766,-0.018230252009318937,-0.01903869973376604,1.7742811771053304,0.5729737046666434,32.4,33.05,0.020061728395061706,-0.0008378343202967153,0.020899562715358422,32.4,32.4,32.4,33.15,0.02314814814814814,0.010371250081343097,0.012776898066805042,32.4,33.8,0.043209876543209846,0.03090225808550784,0.012307618457702008,0.00027166877,0.005,4
2024-11-15,32.4,32.85,32.2,32.4,12216400,-0.003076923076923088,-0.029940119760479056,-0.03427719821162445,-0.08732394366197183,-0.07428571428571429,-0.08860759493670878,33.129999999999995,34.385000000000005,32.586666666666666,33.849908859953516,33.89656565410453,-0.04665679415101209,0.3488773861557668,-0.3955341803067789,-0.0014400245108337068,-0.01220784507119688,37.48127145326648,34.385000000000005,1.042529817824346,36.470059635648695,32.299940364351315,0.12127727995630014,0.023994430168313603,0.9028867378055843,0.027866874623629145,31.811077392324712,17.6712909589748,28.318086122991,5.263157894736734,11.939571150097457,2584752683.0,2645780473.0,0.346269237747844,-1.5741120354085578,3.0620077725182906,14358040.0,-0.29594604395272445,0.8508403653980627,0.020061728395061686,-0.05772866075323557,-0.005728314238952592,4.0,11.0,0.001536098310291889,1.0,1229.36,1218.57,-0.01081265372719975,-0.027136424602414277,-0.052035847089757836,0.09706041526513044,0.007735730650276662,-0.06018751905955755,-0.03657174784695094,-0.038579251899637734,1.7472681802236358,0.5662703820287835,32.55,32.65,0.003072196620583778,0.008043995731757292,-0.004971799111173514,32.55,32.6,32.55,33.3,0.02304147465437789,0.026397439054420158,-0.003355964400042266,32.55,34.0,0.044546850998463894,0.03633751949437736,0.008209331504086537,0.00086411595,0.005,4
2024-11-18,32.55,32.7,31.9,32.6,10149900,0.006172839506172867,0.0030769230769231992,-0.0239520958083832,-0.035502958579881505,-0.06590257879656147,-0.075177304964539,32.89,34.252500000000005,32.63166666666667,33.65761518919144,33.80052375380049,-0.14290856460905133,0.2505201960028032,-0.3934287606118545,-0.004383698300891145,-0.012068366889934186,39.534757188898844,34.252500000000005,1.0939396452129686,36.440379290425945,32.064620709574065,0.12775004980225907,0.12235119477768537,0.8955376851051857,0.02747048113819588,31.48147681383817,16.54371355872284,28.903969667255627,17.073170731707382,8.37136880140733,2594902583.0,2642940098.0,0.34788744550850725,-1.6564885309253248,3.2075756754128144,14188645.0,-0.5535403662087777,0.7153537212327181,0.024539877300613626,-0.04824465367491437,-0.0009704274988507899,0.0,11.0,-0.019938650306748573,0.0,1218.3,1217.12,-0.0011899193316756707,-0.026553202380190655,-0.04895410894145047,0.0969548826379355,0.007362758837848538,-0.00894975619969085,-0.026223196023088535,-0.02757300806368146,1.746121459208739,0.5657300146030053,32.6,32.85,0.0076687116564417845,0.01148540157944744,-0.003816689923005656,32.6,31.95,32.6,33.1,0.015337423312883347,0.025010649801749718,-0.009673226488866371,32.6,34.1,0.04601226993865026,0.03531638103352219,0.01069588890512807,0.0006567834,0.005,4
2024-11-19,32.6,32.6,31.75,31.95,7271700,-0.019938650306748573,-0.01388888888888884,-0.01692307692307693,-0.04769001490312963,-0.08321377331420376,-0.08714285714285719,32.57,34.1,32.665,33.39490516008507,33.66344792018564,-0.26854276010057276,0.146707604782128,-0.41525036488270073,-0.008405094212850479,-0.012996881529974984,35.45842945837066,34.1,1.192410208469988,36.484820416939975,31.715179583060024,0.13987216521642085,0.04923230597825876,0.8922849933119583,0.027927542826665364,31.31878130613607,15.418019683662411,28.138008896482805,4.70588235294116,9.014070326461777,2587630883.0,2640620173.0,0.3525232986296637,-1.5183459774013595,2.6565147919989545,13668195.0,-0.8638722866314456,0.5320161147832614,0.02660406885759003,-0.06304985337243407,-0.021888871881218463,1.0,11.0,0.02208201892744488,1.0,1220.68,1205.15,-0.009834691731299916,-0.03186806124580244,-0.050980793612045106,0.09874220162623898,-0.010103958575448657,-0.015821953657327192,-0.03616206353081208,-0.03810466983955774,1.7806097702562669,0.5802855222922477,31.7,33.2,0.04731861198738185,0.03191798689053016,0.015400625096851694,31.7,32.4,31.7,32.6,0.028391167192429068,0.03831487650679977,-0.009923709314370699,31.7,34.1,0.0757097791798107,0.048192670992182496,0.027517108187628203,-0.0010815028,0.005,4
2024-11-20,31.7,32.75,31.3,32.4,8575900,0.014084507042253502,-0.00613496932515345,0.0,-0.029940119760479056,-0.08732394366197183,-0.0949720670391061,32.37,33.92999999999999,32.70916666666667,33.24184282776429,33.569859185357075,-0.32801635759278724,0.05176281230714495,-0.3797791698999322,-0.010123961654098372,-0.011721579317899142,40.06575497440604,33.92999999999999,1.1795851188582755,36.28917023771655,31.57082976228344,0.13906102196973494,0.17573344739189173,0.9321217795039612,0.028769190725430903,31.5812730158838,13.704867647638634,28.45984660301195,23.404255319148895,15.061102801265832,2596206783.0,2638124183.0,0.3448490195247242,-1.6335341379470047,2.9208548476319995,13492130.0,-0.656794125264502,0.6356223961672471,0.04475308641975306,-0.04509283819628629,-0.0094519884843699,2.0,11.0,0.020061728395061706,1.0,1203.71,1216.54,0.009451105671492988,-0.02367500240762732,-0.0427728381461957,0.10710914586881952,0.004633401370760515,-0.0062651173528517345,-0.0521992288929104,-0.05453170467062307,1.7467844657950022,0.5820622443163666,32.4,33.2,0.024691358024691468,0.02026616281935434,0.004425195205337129,32.4,33.05,32.4,32.4,0.0,0.018984638133574316,-0.018984638133574316,32.4,34.2,0.05555555555555558,0.040006571921465506,0.015548983634090074,0.0005563095,0.005,4
2024-11-21,32.4,33.05,32.25,33.05,8026600,0.020061728395061706,0.034428794992175105,0.013803680981594901,0.01692307692307682,-0.07162921348314621,-0.010479041916167664,32.48,33.9125,32.766666666666666,33.21232854656978,33.53135109755285,-0.3190225509830711,-0.02239426035089826,-0.29662829063217283,-0.009652724689351622,-0.008975137386752582,46.05591872961696,33.9125,1.1904084880499504,36.2933169760999,31.5316830239001,0.14040940515148695,0.3188646988285308,0.9226845095393924,0.027917836899830333,31.2902515393432,15.178526124234413,26.697297289644396,37.23404255319142,21.781393408427178,2604233383.0,2637637408.0,0.265682552792942,-1.2544161966882963,2.3308833894021954,12285575.0,-0.6933564913947827,0.6533353139759434,0.02420574886535544,-0.02543309988942144,0.008646998982706045,3.0,11.0,-0.010606060606060619,0.0,1217.3,1228.33,0.00969141992864997,-0.00288986841357608,-0.02312690371477888,0.11006682467075302,0.010370308466411737,0.0198129453366529,0.012647861798611215,0.012947292587653036,1.7518471086133134,0.5944418321681648,33.0,33.15,0.004545454545454408,0.010708328247690968,-0.00616287370223656,33.0,32.65,33.0,33.95,0.028787878787878807,0.03139265226412791,-0.0026047734762491004,33.0,33.9,0.027272727272727337,0.020928434842751864,0.006344292429975473,0.00082384294,0.005,4
2024-11-22,33.0,33.15,32.6,32.65,5610500,-0.012102874432677768,0.007716049382715973,0.021909233176838683,0.007716049382715973,-0.08028169014084507,-0.023916292974589082,32.53,33.872499999999995,32.818333333333335,33.12581646248212,33.46606583106745,-0.34024936858533295,-0.0859652819977852,-0.25428408658754775,-0.01042111389235323,-0.00778818029364618,43.19485831922738,33.872499999999995,1.2198441444883144,36.31218828897662,31.432811711023366,0.144051268077445,0.24945569777834303,0.8960641874294356,0.02744453866552636,30.84223656876204,15.310198023799193,25.526820432924428,28.723404255319103,29.787234042553155,2598622883.0,2635886423.0,0.2687681261246435,-1.097188856638701,1.851422566038552,11582415.0,-0.9860143852445172,0.4843981155916102,0.016845329249617066,-0.03609122444460833,-0.005129246864049697,4.0,11.0,0.004587155963302614,1.0,1228.95,1228.1,-0.00018724609836118233,0.00782064222818546,-0.01965323456159407,0.10968164143979549,-0.011915628334316586,-0.00010459284546948666,-0.004263058412995013,-0.004348520914524201,1.7522418766704815,0.5914183263289137,32.7,33.3,0.0183486238532109,0.01713858092224596,0.0012100429309649385,32.7,32.85,32.7,33.8,0.03363914373088672,0.033146519818771925,0.000492623912114798,32.7,33.85,0.03516819571865448,0.022864998088482746,0.012303197630171736,0.00035128102,0.005,4
2024-11-25,32.7,33.15,32.65,32.85,5082200,0.006125574272588086,-0.0060514372163387176,0.013888888888889062,0.0076687116564417845,-0.02810650887573951,-0.026666666666666616,32.58,33.8275,32.858333333333334,33.083383160561795,33.42043132506246,-0.3370481645006649,-0.13618185849836115,-0.20086630600230374,-0.01026021809743272,-0.006114651628685045,45.03348872838762,33.8275,1.241017727512516,36.309535455025035,31.34546454497497,0.1467466088256615,0.30308500468416105,0.867773888327333,0.026416252308290197,30.426222667508103,14.68008827525834,24.47623321131995,32.978723404255334,32.978723404255305,2603705083.0,2633818368.0,0.26754617472887016,-1.0919852646855068,1.8977896464901678,11265345.0,-0.99265265335038,0.4511357619318361,0.015220700152207,-0.0288966077895203,-0.0002536139994927522,0.0,11.0,0.0060606060606061,1.0,1229.39,1234.7,0.0053741551990882375,0.014443933219403293,-0.0159949632203511,0.11164426900325843,0.0007514190734998483,-0.006775221562961509,-0.010671703446315517,-0.010845171566642331,1.7268312312296565,0.6009489089193222,33.0,33.1,0.003030303030303161,0.01260895251814853,-0.00957864948784537,33.0,33.2,33.0,34.0,0.030303030303030276,0.03092349651594728,-0.0006204662129170035,33.0,34.5,0.045454545454545414,0.021956410899702794,0.02349813455484262,0.00035128102,0.005,4
2024-11-26,33.0,33.35,32.95,33.2,6126800,0.010654490106544845,0.016845329249617347,0.004538577912254427,0.03912363067292657,-0.010432190760059412,-0.024963289280469758,32.83,33.785000000000004,32.9025,33.101324212783055,33.40410307876154,-0.3027788659784818,-0.16950125999438528,-0.13327760598409652,-0.009119845360797643,-0.004014385722412545,48.19367244149144,33.785000000000004,1.2475344104526709,36.28006882090534,31.289931179094662,0.14770275689834778,0.38276876471332544,0.8415043248753807,0.02534651580949942,29.65311963281695,15.754690668694465,23.437437378335936,40.425531914893675,34.04255319148939,2609831883.0,2631551103.0,0.2685021337693518,-1.0900191652864102,1.85697631519705,11066135.0,-0.7802254227528295,0.5536531047199406,0.012048192771084293,-0.017315376646440783,0.009041866119595676,1.0,11.0,0.0030211480362538623,1.0,1235.63,1242.13,0.006017656110796299,0.030684976973820666,-0.015573237806907558,0.11198033554047893,0.004636833995748546,0.008438653699105902,-0.0093900514735622,-0.009538598333758364,1.722931466355001,0.6033925556470398,33.1,32.6,-0.015105740181268867,0.0068231616936262895,-0.021928901874895157,33.1,33.2,33.1,33.5,0.012084592145015005,0.024738995939936892,-0.012654403794921887,33.1,34.7,0.048338368580060465,0.015305793645678856,0.03303257493438161,0.00043820488,0.005,4
2024-11-27,33.1,33.3,32.8,33.2,5196000,0.0,0.010654490106544845,0.016845329249617347,0.024691358024691468,-0.0059880239520956335,-0.045977011494252706,32.989999999999995,33.705,32.954166666666666,33.116505103124126,33.38898433218661,-0.27247922906248334,-0.1900968538080049,-0.08238237525447845,-0.008207205694653111,-0.0024813968450144107,48.19367244149144,33.705,1.2302010960987038,36.165402192197405,31.24459780780259,0.1459962730869252,0.39737450210345987,0.8171111588128536,0.02461178189195342,29.129358690364107,15.066084818910916,23.72427379460586,40.425531914893675,37.943262411347575,2609831883.0,2628428998.0,0.25432104389482046,-1.2296621820162383,2.3933198758619905,10471095.0,-0.8382264826395146,0.4962231743671507,0.01506024096385542,-0.014982940216584972,0.007459855860412201,2.0,11.0,-0.001506024096385672,0.0,1241.36,1241.97,-0.00012881099401840235,0.02090354612261014,-0.01323661441408519,0.11180886563314435,0.00012881099401840235,0.0037878119020813283,-0.032740397080167516,-0.03317958241906904,1.7054220606407502,0.5971287975076611,33.2,32.4,-0.024096385542168752,-0.004781886598682394,-0.019314498943486358,33.2,33.15,33.2,33.65,0.013554216867469826,0.018044400940330663,-0.004490184072860837,33.2,36.25,0.09186746987951788,0.022200470165360198,0.06966699971415768,0.00054732687,0.005,4
2024-11-28,33.2,33.6,32.95,33.15,8503500,-0.001506024096385672,-0.001506024096385672,0.00913242009132409,0.00302571860816947,0.020000000000000018,-0.058238636363636465,33.01,33.6025,33.013333333333335,33.12165816418195,33.371281789061676,-0.24962362487972456,-0.20200220802234883,-0.047621416857375726,-0.007530124430760922,-0.0014365434949434608,47.73893759682441,33.6025,1.1836023291986932,35.96970465839738,31.235295341602612,0.14089455596443037,0.4044231350266215,0.8051746474690782,0.024288827977951077,28.050053238174794,16.858690127871398,22.356267308154553,43.52941176470586,41.460158531497754,2601328383.0,2623993483.0,0.24915245965574145,-1.208722187431917,2.5974474177284566,10008035.0,-0.2480755515943777,0.8496672923306123,0.01960784313725486,-0.013466259950896564,0.0041397415185782105,3.0,11.0,0.0075642965204236745,1.0,1246.37,1242.11,0.00011272413987439833,0.011218483632248644,-0.017691066683538037,0.11010874806776112,-0.0016187482362600703,-0.008192765024079174,-0.04054756968009843,-0.04127781831648636,1.6808848651596842,0.5898997353581538,33.05,33.95,0.027231467473525228,0.020136658859888357,0.0070948086136368715,33.05,33.3,33.05,33.8,0.0226928895612708,0.019991790810536703,0.002701098750734099,33.05,37.1,0.12254160363086242,0.02443441099065602,0.0981071926402064,0.0012746332,0.005,4
2024-11-29,33.05,33.3,32.8,33.3,6626200,0.004524886877828038,0.0030120481927708997,0.0030120481927708997,0.019908116385911168,0.02777777777777768,-0.0485714285714286,33.14,33.5175,33.07,33.14909536969242,33.366001656538586,-0.21690628684616797,-0.20498302378711267,-0.011923263059055306,-0.006513702307692732,-0.0003580559477193786,49.28494321050694,33.5175,1.138128079926053,35.7937561598521,31.24124384014789,0.1358249368152222,0.45222418200635844,0.783376458364144,0.023524818569493816,27.264358390118634,16.090099152782983,22.704746574241124,76.92307692307685,53.62600686755881,2607954583.0,2620344878.0,0.25026018826428154,-1.2943055965859889,2.6913512033335873,9883745.0,-0.5331966665384241,0.6704138967567456,0.015015015015015017,-0.006489147460281952,0.006954944058058521,4.0,11.0,-0.008982035928143617,0.0,1242.51,1250.46,0.00672243199072553,0.018206986401758884,-0.0035301898971225043,0.11024773770781773,-0.002197545112897492,0.0017011299841522831,-0.045041238674306094,-0.045200806103353974,1.6506343562184635,0.5838126584365458,33.4,33.8,0.011976047904191489,0.011475396781155167,0.000500651123036322,33.4,33.1,33.4,34.0,0.017964071856287456,0.005447030810763476,0.01251704104552398,33.4,37.4,0.11976047904191622,0.01545714444984192,0.1043033345920743,0.0012746332,0.005,4
2024-12-02,33.4,33.4,32.85,33.1,5222300,-0.006006006006005871,-0.0015082956259425684,-0.003012048192771122,0.007610350076103556,0.015337423312883347,-0.05157593123209159,33.190000000000005,33.427499999999995,33.13,33.14154223589358,33.34629783012832,-0.2047555942347401,-0.20493753787663815,0.00018194364189805246,-0.006185969614342601,5.496786764291615e-06,47.2767572228339,33.427499999999995,1.0933380803279122,35.614176160655816,31.24082383934417,0.13083097214304532,0.4251146544027423,0.7667067113381336,0.023163344753417935,26.328388731062848,16.19727791478607,21.541365357336915,78.26086956521739,66.2377860843334,2602732283.0,2617002113.0,0.2505914401610973,-1.2566475682976208,2.5959269326441436,9577905.0,-0.7041746454535805,0.5452444976223924,0.016616314199395684,-0.009797322563757205,-0.0009055236945366696,0.0,12.0,-0.016591251885369473,0.0,1255.73,1251.21,0.0005997792812244551,0.013371669231392325,0.0052220999268906,0.10616842069302124,-0.006605785287230326,-0.005761319155288769,-0.05679803115898219,-0.05650296701904289,1.6301550845841848,0.5766669222671649,33.15,34.0,0.025641025641025772,0.017907513804207964,0.007733511836817808,33.15,32.6,33.15,34.1,0.02865761689291113,0.009876701053994186,0.018780915838916945,33.15,37.85,0.14177978883861253,0.01645317756486575,0.12532661127374678,0.00067324494,0.005,4
2024-12-03,33.15,33.15,32.6,32.6,8715400,-0.015105740181268867,-0.02102102102102088,-0.016591251885369473,-0.01807228915662651,0.020344287949921824,-0.06456241032998566,33.07,33.315,33.18666666666667,33.05822804575611,33.291016509378075,-0.23278846362196504,-0.21050772302570353,-0.022280740596261506,-0.007140750417851688,-0.0006834583004988191,42.603112524445876,33.315,1.054326924230951,35.423653848461896,31.206346151538096,0.12658885477784182,0.3304605565011223,0.7512276605282667,0.02304379326773824,25.84138805149902,15.350235578886023,22.79191350714964,56.52173913043479,70.56856187290968,2594016883.0,2613566218.0,0.25447169255655205,-1.0860779954190758,2.0137574261791453,9671035.0,-0.15523212811791176,0.9011858606653786,0.016871165644171692,-0.02146180399219555,-0.017677782241864226,1.0,12.0,-0.004608294930875556,0.0,1251.43,1249.83,-0.0011029323614741848,0.006199029087132546,0.0032670819419471364,0.10625658710207733,-0.014002807819794683,-0.024271318243759055,-0.0678294922719328,-0.06760860940502544,1.6550423166464452,0.5700819162274546,32.55,33.5,0.029185867895545448,0.01982619013260223,0.00935967776294322,32.55,32.4,32.55,34.1,0.04761904761904767,0.011528532717623108,0.036090514901424564,32.55,36.9,0.13364055299539168,0.015585165231613018,0.11805538776377866,0.0006314966,0.005,4
2024-12-04,32.55,32.6,32.15,32.4,5780600,-0.00613496932515345,-0.02114803625377648,-0.027027027027026973,-0.024096385542168752,0.0,-0.08732394366197183,32.91,33.160000000000004,33.233333333333334,32.95696219256286,33.22501528646118,-0.2680530938983168,-0.22201679720022618,-0.04603629669809059,-0.008273243638836938,-0.0014208733548793393,40.86297846829673,33.160000000000004,0.9376061343433715,35.03521226868675,31.284787731313262,0.11310086059630538,0.2973562746226449,0.7297113990619621,0.022521956761171674,26.008861592069557,14.674077264851734,26.192831318771137,47.82608695652163,60.86956521739129,2588236283.0,2609494593.0,0.24109064381853126,-1.1792795684065078,2.5127370779673486,9613365.0,-0.6193391884050607,0.6013086988791125,0.013888888888888977,-0.02291917973462021,-0.025075225677031132,2.0,12.0,0.04945904173106652,1.0,1247.34,1240.41,-0.007537025035404654,-0.0012560689871735642,-0.016546682734999263,0.0990858515698725,0.0014020557102512043,-0.022840316554995188,-0.07077726092697256,-0.07196809414788008,1.6495619264424315,0.5768325840183363,32.35,33.65,0.04018547140649131,0.021782720383955567,0.018402751022535746,32.35,33.95,32.35,34.2,0.057187017001545604,0.01947963053929347,0.037707386462252135,32.35,37.0,0.14374034003091185,0.022467205127998824,0.12127313490291303,0.00046771468,0.005,4
2024-12-05,32.35,34.0,32.25,33.95,13198900,0.04783950617283961,0.04141104294478537,0.025679758308157163,0.024132730015083093,0.027231467473525228,-0.04634831460674149,33.07000000000001,33.0775,33.30416666666667,33.109737239860884,33.27871785783442,-0.16898061797353847,-0.21140956135488864,0.04242894338135017,-0.004977337790089498,0.0012497479641045705,55.897535126561046,33.0775,0.7690518769719773,34.61560375394396,31.539396246056047,0.09300000023846758,0.7836284606167706,0.802589156271822,0.02364032860889019,24.56706583267904,24.84832429782303,22.113404267880963,98.14814814814825,67.49865807836824,2601435183.0,2605671323.0,0.3038758017671089,0.20571722766311834,2.6446318473657717,9861720.0,0.5356934909589601,1.3383973586757685,0.05154639175257732,0.026377446904995994,0.01939196797197562,3.0,12.0,-0.002949852507374673,0.0,1241.81,1267.53,0.021863738602558636,0.020465176192124845,0.006175828537408279,0.12761096466493704,0.025975767570280972,0.003667553822958247,-0.05252414314414977,-0.05220175406171268,1.7351678304280735,0.6338973566574564,33.9,33.8,-0.002949852507374673,-0.002840372631711552,-0.00010947987566312101,33.9,33.8,33.9,33.9,0.0,-0.012817083149745057,0.012817083149745057,33.9,36.1,0.06489675516224191,-0.01288002769560026,0.07777678285784217,0.00065635087,0.005,4
2024-12-06,33.9,33.95,33.6,33.8,5016000,-0.0044182621502211195,0.043209876543209846,0.03680981595092003,0.01501501501501501,0.03522205206738138,-0.04788732394366202,33.17,32.99249999999999,33.37083333333333,33.215931510651515,33.31733134984669,-0.10139983919517448,-0.18940761692294583,0.08800777772777135,-0.0029999952424607837,0.0026037804061470817,54.454719140668736,32.99249999999999,0.5499461696149305,34.09239233922985,31.892607660770132,0.06667529524769938,0.8670813820584532,0.7702613593952634,0.02278879761524448,23.22825548467356,24.04183426704531,21.39568021233304,92.5925925925925,79.52227589908749,2596419183.0,2602067923.0,0.3039725425439288,0.21943844018511305,2.6411873223651714,9641850.0,-0.7315679802244215,0.5202321131318159,0.010355029585798859,0.024475259528681015,0.012860531901610628,4.0,12.0,0.008902077151335286,1.0,1270.96,1270.14,0.002059122860997409,0.01573820833933115,0.014035255796129631,0.12569411929093366,-0.006477385011218528,-0.0007231933243161404,-0.06192257973979165,-0.06106550969095803,1.7399666050624538,0.6334466920963464,33.7,34.0,0.008902077151335286,-0.00699196199644514,0.015894039147780425,33.7,34.0,33.7,33.85,0.004451038575667532,-0.010979503877432295,0.015430542453099827,33.7,36.25,0.07566765578635004,-0.01974895002595456,0.0954166058123046,0.0018424068,0.005,4
2024-12-09,33.7,34.1,33.6,34.0,5819800,0.00591715976331364,0.0014727540500736325,0.04938271604938271,0.027190332326283873,0.035007610350076046,0.00591715976331364,33.35,33.0025,33.445,33.33655743208974,33.367899398006195,-0.03134196591645377,-0.15779448672164742,0.12645252080519365,-0.0009218225269545228,0.0037191917883880486,56.082439935743125,33.0025,0.5669574847148,34.136414969429595,31.868585030570397,0.06871691353258685,0.9398477958632928,0.750956976581316,0.02208696989945047,22.19976936709847,24.3251948855038,20.378136651271248,96.42857142857139,95.7231040564374,2602238983.0,2600400163.0,0.2525425609453933,1.1995030792783106,3.3181140200531845,8288190.0,-0.7665444146511935,0.7021798486762489,0.014705882352941176,0.030224982955836754,0.01659440873075191,0.0,12.0,-0.01615271659324513,0.0,1271.46,1273.84,0.0029130647015287447,0.018086492275477317,0.018811184336809728,0.1255541652380206,0.003004095061784895,0.009103840050806555,-0.012894024573496088,-0.01265595114357665,1.7692017819791486,0.6330719828846675,34.05,34.1,0.001468428781204345,-0.008239882601291715,0.00970831138249606,34.05,33.5,34.05,34.5,0.013215859030837107,-0.009048175846942175,0.022264034877779282,34.05,36.9,0.08370044052863435,-0.021455084792315615,0.10515552532094996,0.002799694,0.005,4
2024-12-10,34.05,34.2,33.5,33.5,5671300,-0.014705882352941124,-0.008875739644970349,-0.013254786450662803,0.027607361963190247,0.009036144578313143,-0.0014903129657226621,33.53,33.0,33.505833333333335,33.36170244253747,33.377684627783516,-0.015982185246045333,-0.129432026426527,0.11344984118048168,-0.0004770801565983681,0.0033865624232979606,51.159882855567176,33.0,0.5645212223882863,34.12904244477657,31.870957555223427,0.06842681483494382,0.7214265736036812,0.7473171925397937,0.02230797589671026,21.244746543635884,22.697693529430783,19.01471715184723,65.8536585365853,84.95827418591641,2596567683.0,2599179528.0,0.2568371075081466,1.1744946818015247,3.048910388549856,7841065.0,-0.748043562233782,0.7232818501058211,0.020895522388059785,0.015151515151515138,-0.00017409903748111244,1.0,12.0,-0.004437869822485174,0.0,1274.29,1272.07,-0.0013894994661809434,0.017794420041125525,0.021890715123471738,0.1242981250466722,-0.01331638288676018,0.009812941922064722,-0.0233810280891944,-0.022880164917017942,1.9178602455869065,0.6482275849430708,33.8,34.1,0.00887573964497057,-0.00904000062832322,0.01791574027329379,33.8,33.65,33.8,34.7,0.02662721893491149,-0.0101081501378385,0.03673536907274999,33.8,36.7,0.08579881656804744,-0.017443823975244133,0.10324264054329158,0.0022469335,0.005,4
2024-12-11,33.8,33.9,33.5,33.65,5182000,0.004477611940298498,-0.010294117647058898,-0.004437869822485174,0.03858024691358031,0.013554216867469826,0.007485029940119681,33.78,33.0125,33.5625,33.40605591291632,33.39785613683659,0.008199776079734988,-0.10190566592527461,0.1101054420050096,0.00024367833817934588,0.003272078514264773,52.506680427845914,33.0125,0.5764854953216405,34.165470990643286,31.85952900935672,0.06985057118626475,0.7764596876996499,0.722508821644094,0.021471287418843805,20.357939636134912,21.80011898087841,18.262784972425983,73.17073170731692,78.48432055749122,2601749683.0,2598968313.0,0.2567128665568656,1.0864277855749829,2.9068068653871353,7349845.0,-0.8978811787549363,0.7050488819832255,0.011887072808320909,0.01931086709579688,0.0026070763500931626,2.0,12.0,0.004457652303120341,1.0,1273.23,1268.86,-0.002523446036774679,0.022935964721342073,0.018314018811595112,0.12496789732925254,0.007001057977073177,0.015644282192238235,-0.010828988871475431,-0.010634233322362796,1.9034000476420436,0.6433469888491178,33.65,34.2,0.01634472511144147,-0.0038241820499503865,0.020168907161391858,33.65,33.8,33.65,36.25,0.07726597325408613,0.0025022425758935984,0.07476373067819253,33.65,36.4,0.08172362555720647,-0.019742536550052647,0.10146616210725912,0.002050519,0.005,4
2024-12-12,33.65,34.1,33.65,33.8,4826000,0.004457652303120341,0.008955223880596996,-0.005882352941176561,-0.0044182621502211195,0.019607843137254832,0.039999999999999813,33.74999999999999,33.0775,33.6175,33.46666269554458,33.42764457114499,0.03901812439958974,-0.07372090786030175,0.11273903225989149,0.001154382378686087,0.0033354743272157247,53.87640565697626,33.0775,0.5888157159662605,34.25513143193252,31.89986856806748,0.071204379528835,0.8067598148320309,0.7030439058123732,0.02080011555657909,19.86312898950843,22.83540754885304,17.42781850227203,80.48780487804855,73.17073170731693,2606575683.0,2599448643.0,0.23551583189739425,1.4239818536330622,3.877643679823527,7140900.0,-0.9470719026333836,0.6758251760982509,0.013313609467455707,0.02184264227949506,0.005428720160630451,3.0,12.0,0.00591715976331364,1.0,1270.86,1267.35,-0.001190044606970031,-0.0001420084731722504,0.02878503762511242,0.11663667903960698,0.005647696910090372,-0.004276253677048869,0.011214962374887394,0.01090117173630012,1.908057934315516,0.6420077502646863,33.8,33.9,0.002958579881656931,-0.008150326487375237,0.011108906369032168,33.8,34.0,33.8,37.1,0.09763313609467472,0.006237252762889334,0.09139588333178539,33.8,35.2,0.04142011834319548,-0.027273158468908654,0.06869327681210413,0.0017321594,0.005,4
2024-12-13,33.8,34.2,33.55,34.0,7644600,0.00591715976331364,0.010401188707280795,0.014925373134328401,0.00591715976331364,0.021021021021021102,0.04938271604938271,33.79,33.1575,33.67,33.54871458853772,33.470041269578694,0.07867331895902652,-0.0432420624964361,0.12191538145546262,0.002313921145853721,0.0035857465133959593,55.71051401201968,33.1575,0.6004986962608283,34.358497392521656,31.956502607478342,0.07244197496926229,0.850750137030297,0.6992550553972041,0.020566325158741298,19.403661960498123,21.319200633652084,16.270660309518888,90.24390243902427,81.30081300812994,2614220283.0,2600922023.0,0.23507437137107362,1.334237122305637,3.724988649759725,6912310.0,0.3422894334841372,1.1059399824371303,0.019117647058823697,0.025409032647214058,0.00980100980100973,4.0,12.0,0.002941176470588225,1.0,1264.98,1262.57,-0.0037716495048722987,-0.005959972916371514,0.03610789696119232,0.10926710643040582,0.009688809268185938,0.011877132679685154,0.013274819088190393,0.012812197578190743,1.8866716624480668,0.6380022817768172,34.0,33.85,-0.004411764705882337,-0.0051660166293521215,0.0007542519234697842,34.0,34.1,34.0,37.4,0.09999999999999987,0.008789348354073967,0.0912106516459259,34.0,35.3,0.03823529411764692,-0.02245199876585202,0.060687292883498944,0.0016838732,0.005,4
2024-12-16,34.0,34.1,33.85,34.1,4502700,0.002941176470588225,0.00887573964497057,0.013372956909361244,0.002941176470588225,0.030211480362537735,0.04601226993865026,33.81,33.2325,33.725,33.63352772876269,33.51670487923953,0.11682284952315314,-0.011229080092518252,0.12805192961567138,0.003425890015341734,0.003755188551779219,56.638959119406444,33.2325,0.620541995695272,34.47358399139055,31.99141600860946,0.07469097969701614,0.8494928651154493,0.6671654085831181,0.019564967993639826,18.977014004988554,20.74857750718676,15.835164850987598,95.12195121951214,88.61788617886168,2618722983.0,2602113043.0,0.23468712789946075,1.3764026065949169,3.846131374030073,6629950.0,-1.0322363593779766,0.6791453932533428,0.007331378299120234,0.026103964492590004,0.01111934766493694,0.0,12.0,0.0,0.0,1264.03,1263.79,0.0009662830575729586,-0.007889530867298822,0.038344616800315645,0.10875206672663942,0.0019748934130152662,0.010830707337887047,0.007667653138334618,0.007384497414704816,1.8883825903375644,0.6378344487939547,34.1,34.5,0.011730205278592365,-0.0016997256721822396,0.013429930950774605,34.1,34.1,34.1,37.85,0.10997067448680342,0.005620953269402484,0.10434972121740094,34.1,35.4,0.038123167155425186,-0.028334031670237514,0.0664571988256627,0.002039772,0.005,4
2024-12-17,34.1,34.2,33.85,34.1,3703800,0.0,0.002941176470588225,0.00887573964497057,0.017910447761193993,0.04601226993865026,0.06729264475743357,33.93,33.34,33.7625,33.70529269356843,33.55991192522179,0.14538076834664082,0.020092889595313565,0.12528787875132724,0.004263365640663953,0.0036741313416811506,56.63895911940644,33.34,0.5709180049897324,34.48183600997947,32.19816399002054,0.06849646130650654,0.8327973515275923,0.644510736541467,0.018900608109720437,18.769768468816487,21.05201896365576,15.220932847035215,95.12195121951214,93.49593495934954,2618722983.0,2603667648.0,0.2197647280193651,1.679674214654607,4.939658885131334,6451555.0,-1.2752779350406878,0.5740941524950186,0.01026392961876837,0.02279544091181762,0.009996297667530518,1.0,12.0,0.0029325513196480912,1.0,1264.91,1261.72,-0.0016379303523528232,-0.008136344698011833,0.04694021491100697,0.1006028848634951,0.0016379303523528232,0.026046792459205825,0.0203524298464266,0.019439916011017466,1.8249721030875772,0.6276622699395561,34.1,34.7,0.017595307917888547,-0.0017503979977347983,0.019345705915623346,34.1,34.2,34.1,36.9,0.08211143695014655,0.0033344685839200583,0.0787769683662265,34.1,35.1,0.029325513196480912,-0.020901811384715252,0.050227324581196164,0.002094419,0.005,4
2024-12-18,34.1,34.2,33.85,34.2,4850900,0.0029325513196480912,0.0029325513196480912,0.00588235294117645,0.01634472511144147,0.05555555555555558,0.05555555555555558,34.04,33.43,33.7875,33.78140150994252,33.60732585668684,0.1740756532556773,0.05088944232738632,0.12318621092829099,0.0050899313817449506,0.0036019359920552918,57.66814138874506,33.43,0.5566346245640387,34.54326924912808,32.31673075087192,0.06660300622961894,0.8458282893392914,0.6234742553599337,0.018230241384793382,18.577326185228138,20.207877494193543,14.610605607530827,100.0,96.74796747967478,2623573883.0,2605036003.0,0.21607495122874032,1.8751549733891395,5.871623783397407,6265305.0,-0.6665159248259147,0.7742480214450853,0.010233918128655012,0.023033203709243333,0.012208657047724891,2.0,12.0,0.002958579881656931,1.0,1262.57,1266.0,0.0033921947817265874,-0.0022539917721418057,0.04065628750390449,0.09714214178468736,-0.00045964346207849616,0.018598716883583277,0.014899268051651093,0.014317184483061407,1.7754719257680027,0.6134334390197647,33.8,36.25,0.0724852071005917,0.013636725276473749,0.05884848182411795,33.8,33.9,33.8,37.0,0.09467455621301779,0.01019174158644276,0.08448281462657503,33.8,35.45,0.04881656804733736,-0.01156814384597038,0.06038471189330774,0.0019204754,0.005,4
2024-12-19,33.8,34.0,33.55,33.9,8676200,-0.008771929824561542,-0.0058651026392962935,-0.0058651026392962935,0.002958579881656931,-0.0014727540500737435,0.02571860816944027,34.06,33.472500000000004,33.806666666666665,33.799647431489824,33.629005422858185,0.17064200863163848,0.07483995558823675,0.09580205304340172,0.005033687570254823,0.0028260192638171603,53.560933614553576,33.472500000000004,0.558540155462024,34.58958031092405,32.35541968907596,0.06674615346472747,0.6913470302087628,0.6253689514056532,0.0184474616933821,17.601942525640958,18.707606523672645,16.95243532821241,85.36585365853641,93.49593495934953,2614897683.0,2605569218.0,0.2096572050914186,2.24808119557887,8.02349197135305,6297785.0,1.1035820636408527,1.377658970574575,0.013274336283185926,0.012771678243334028,0.002760796687043987,3.0,12.0,0.002962962962963056,1.0,1256.9,1254.67,-0.008949447077409078,-0.010005128812088038,0.021443748829711895,0.10008844413820728,0.0001775172528475366,0.012963708693744969,0.004274859339728376,0.004185114789361899,1.7616643034741626,0.6159823088600079,33.75,37.1,0.09925925925925938,0.01375438037591592,0.08550487888334346,33.75,33.85,33.75,36.1,0.06962962962962971,-0.0008043963045555325,0.07043402593418524,33.75,35.75,0.059259259259259345,-0.005168843580758198,0.06442810284001754,0.0005107429,0.005,4
2024-12-20,33.75,33.95,33.5,33.85,7578900,-0.001474926253687281,-0.01023391812865504,-0.007331378299120228,-0.004411764705882337,0.0014792899408284654,0.036753445635528514,34.03,33.5325,33.81083333333333,33.80739398049139,33.64537539153536,0.16201858895603038,0.09227568226179549,0.0697429066942349,0.004786368949956584,0.002060351748721858,52.88488839837052,33.5325,0.5292186395256957,34.59093727905139,32.47406272094861,0.06312904072475298,0.6499852689828526,0.612842597733821,0.018104655767616572,16.569165720856482,17.726415062441408,16.646064898791035,82.92682926829265,89.43089430894304,2607318783.0,2606004013.0,0.20392696704521207,2.371562194536072,8.793328857408246,6396205.0,0.5457622125369528,1.1849057370737806,0.013293943870014854,0.009468426153731446,0.0011584058363938166,4.0,12.0,0.01024890190336758,1.0,1255.6,1257.5,0.0022555731786046973,-0.004015618935979792,0.023939418614119523,0.10005378094571844,-0.0037304994322919782,-0.000396145769902545,0.012814027021408991,0.01251443863617685,1.7532464076641159,0.6256610870420286,34.15,37.4,0.09516837481698381,0.01005188324290085,0.08511649157408296,34.15,34.5,34.15,36.25,0.061493411420205035,-0.01275298031605221,0.07424639173625724,34.15,35.95,0.05270863836017581,-0.010218226464414504,0.06292686482459031,0.00032291067,0.005,4
2024-12-23,34.15,35.0,34.1,34.5,10898800,0.019202363367799125,0.017699115044247815,0.008771929824561209,0.011730205278592365,0.014705882352941124,0.05022831050228316,34.11,33.614999999999995,33.83,33.913948752723485,33.7086809180883,0.20526783463518683,0.11487411273647376,0.09039372189871307,0.005949792308266285,0.002620107881122118,59.96022726607511,33.614999999999995,0.5455803284001426,34.70616065680028,32.52383934319971,0.06492105648075466,0.9055314836016799,0.6512109836099765,0.018875680684347147,17.52764207019223,27.00743422825247,14.546353184175581,82.4561403508772,83.58294109256877,2618217583.0,2606729638.0,0.21263214360852586,2.0537568311761913,6.580615089403412,6687035.0,1.7824673243283096,1.6298404300261626,0.02608695652173909,0.02632753235162899,0.019804906887378015,0.0,12.0,0.004341534008683201,1.0,1262.45,1262.76,0.004182902584493053,-0.0008150088226682728,0.022726168299991967,0.09948271563228304,0.015019460783306071,0.012545214101260638,0.02750214220229119,0.026891012525871005,1.7716966296316417,0.6293982122265401,34.55,37.85,0.09551374819102754,0.007117804010989381,0.08839594418003816,34.55,34.7,34.55,36.9,0.06801736613603482,-0.01273128904301557,0.08074865517905039,34.55,36.05,0.04341534008683068,-0.013412191317704325,0.056827531404535,0.00074102933,0.005,4
2024-12-24,34.55,34.75,34.35,34.7,6484800,0.005797101449275477,0.025110782865583436,0.02359882005899716,0.017595307917888547,0.03582089552238821,0.04518072289156616,34.230000000000004,33.69,33.85,34.03487971384295,33.78211196119287,0.25276775265007956,0.14245284071919492,0.11031491193088463,0.007284373275218431,0.0031791040902272227,61.858198162227325,33.69,0.5870533016240729,34.864106603248146,32.51589339675185,0.0697005997772721,0.9301142661176827,0.6332673419235496,0.018249779306154165,18.417655823146852,25.78892677197625,13.8900583408097,89.0909090909092,84.82462623669304,2624702383.0,2607473163.0,0.2108643961225637,2.1543151329895203,7.1063220040749675,6704935.0,-0.09328657982663624,0.9671682126672368,0.01152737752161379,0.02997922232116368,0.025110782865583436,1.0,12.0,0.04166666666666674,1.0,1263.03,1260.36,-0.0019005986885869408,-0.0010778936689599394,0.01467640263096448,0.09829992942364735,0.007697700137862418,0.018673201586848487,0.03050432026060168,0.0300631020702824,1.7706983125437832,0.6272356942841217,34.8,36.9,0.06034482758620685,0.0037637774062422302,0.05658105017996462,34.8,36.25,34.8,36.7,0.054597701149425415,-0.008724039840574349,0.06332174098999976,34.8,36.35,0.04454022988505768,-0.015451296720363272,0.05999152660542095,0.0010635031,0.005,4
2024-12-25,34.8,36.5,34.75,36.25,24376900,0.04466858789625361,0.050724637681159424,0.07090103397341196,0.059941520467836185,0.07726597325408613,0.09186746987951788,34.64,33.8425,33.895,34.3756674501748,33.964918482585986,0.41074896758881607,0.19611206609311915,0.21463690149569692,0.011331006002450099,0.005921017972295087,72.67046175246635,33.8425,0.807738069843202,35.45797613968641,32.227023860313594,0.09547026015728197,1.2451363535667377,0.7166053889290102,0.01976842452217959,20.98862248779864,38.605298216418305,11.397941101100661,91.66666666666667,87.73790536948438,2649079283.0,2609435533.0,0.2586232941398292,1.7368377095043916,3.139559521716728,7663980.0,3.6542638114331143,3.1807102836907193,0.04827586206896552,0.07113836152766484,0.06947927422923716,2.0,12.0,0.017832647462276974,1.0,1262.03,1274.04,0.010854041702370809,0.006350710900473899,0.025821879755549615,0.10453527884213971,0.0338145461938828,0.053590809567362285,0.06604559012396827,0.06438309752147875,1.8954990919838741,0.6538734389642967,36.45,37.0,0.015089163237311354,-0.004679857017433897,0.01976902025474525,36.45,37.1,36.45,36.4,-0.001371742112482921,-0.023446318826037982,0.02207457671355506,36.45,37.0,0.015089163237311354,-0.012581525147372319,0.027670688384683673,-2.7129718e-05,0.005,4
2024-12-26,36.45,37.4,36.35,37.1,16442000,0.0234482758620691,0.06916426512968288,0.07536231884057965,0.0943952802359882,0.09763313609467472,0.11915535444947212,35.28,34.040000000000006,33.950833333333335,34.794795534763296,34.19714674313517,0.5976487916281243,0.2764194112001202,0.32122938042800414,0.016109131849814672,0.008658473865983939,76.58964314162952,34.040000000000006,1.0698745622490893,36.17974912449819,31.90025087550183,0.12571969004102107,1.2150370959300274,0.7475621468626522,0.02014992309602836,23.903221870492604,42.96269103772879,10.145524226437226,92.30769230769236,91.02175602175608,2665521283.0,2612645178.0,0.26596674946962806,1.4351430319825773,1.974398451925333,8060905.0,1.6839906192139786,2.039721346424502,0.02830188679245275,0.089894242068155,0.09275668245747526,3.0,12.0,0.005376344086021501,1.0,1275.68,1272.87,-0.0009183385137044864,0.014505806307634428,0.024764312339486727,0.10475390886124765,0.024366614375773588,0.07988947392835377,0.09439104210998539,0.09211000126897018,1.9490885398311864,0.6563636297446931,37.2,36.1,-0.029569892473118364,-0.016439838188717082,-0.013130054284401282,37.2,37.4,37.2,35.2,-0.053763440860215006,-0.03534134027407565,-0.018422100586139356,37.2,37.0,-0.005376344086021612,-0.008239518329204443,0.002863174243182831,0.001718921,0.005,4
2024-12-27,37.2,37.4,36.9,37.4,11145700,0.008086253369272267,0.03172413793103446,0.07780979827089318,0.10487444608567209,0.09999999999999987,0.12312312312312312,35.99,34.245,34.0225,35.19559622172279,34.434395132532565,0.761201089190223,0.3733757467981408,0.3878253423920822,0.020352970299203823,0.010369661561285621,77.7997083184186,34.245,1.2906444738559963,36.82628894771199,31.663711052288004,0.15075420924000535,1.1111287933876095,0.7298791363724628,0.019515484929744996,26.609635582994144,40.86045006889937,9.649085661629037,100.00000000000001,94.6581196581197,2676666983.0,2616080798.0,0.26604509741206794,1.3986348120007914,1.893571844942261,8286880.0,0.5705269056757085,1.3449814646766938,0.013368983957219251,0.09213023799094766,0.09927254023072951,4.0,12.0,0.01338688085676032,1.0,1275.56,1275.14,0.0017833714362034403,0.014027833001988066,0.019736736880827888,0.10277668262861935,0.006302881933068827,0.09084661308368402,0.10338638624229524,0.10138536987353586,1.9249951456789176,0.6505439753665794,37.35,36.25,-0.029451137884872858,-0.02151128557409232,-0.007939852310780537,37.35,37.85,37.35,35.3,-0.054886211512717664,-0.029911678115799756,-0.02497453339691791,37.35,36.55,-0.021419009370816755,-0.01626692836113841,-0.005152081009678344,0.002041395,0.005,4
2024-12-30,37.35,37.85,36.8,37.85,10631900,0.012032085561497485,0.020215633423180668,0.044137931034482714,0.09710144927536235,0.10997067448680342,0.14350453172205446,36.660000000000004,34.4825,34.089999999999996,35.60396603376544,34.68740290049312,0.9165631332723194,0.48201322409297653,0.4345499091793429,0.024215670628066562,0.011480843043047367,79.5105396370113,34.4825,1.490432205065025,37.463364410130055,31.501635589869952,0.1728914324732865,1.0648529313436765,0.7527449123458586,0.019887580246918325,29.35698626363602,41.059391246265264,8.687695670474005,100.0,97.43589743589747,2687298883.0,2620309128.0,0.2629777790375395,1.291374563776838,1.761378548585766,8557360.0,0.4163539739161888,1.242427571120065,0.027741083223249783,0.09765823243674321,0.11029627456732194,0.0,12.0,-0.017310252996005304,0.0,1273.75,1272.02,-0.002446790156375056,0.00733314327346446,0.01663190032048978,0.10349943276250237,0.014478875717872541,0.08976830600189789,0.12687263140156468,0.12479701980782676,1.913557137087121,0.6520603228263759,37.55,36.9,-0.017310252996005304,-0.01988602868932987,0.002575775693324567,37.55,36.9,37.55,35.4,-0.05725699067909451,-0.033939870308508646,-0.023317120370585864,37.55,37.3,-0.0066577896138482195,-0.005950088426016853,-0.0007077011878313666,0.0022741992,0.005,4
2024-12-31,37.55,37.55,36.9,36.9,9388400,-0.025099075297225992,-0.013368983957219305,-0.005390835579514919,0.06340057636887586,0.08211143695014655,0.13190184049079745,37.1,34.697500000000005,34.14333333333333,35.8033558747246,34.85129898193807,0.9520568927865298,0.5760219578316872,0.37603493495484264,0.025800999804513003,0.010190648643762673,67.65679174978419,34.697500000000005,1.5145326706699145,37.726565341339835,31.668434658660175,0.17459847777735168,0.8635609918909464,0.7668345614640117,0.020781424429919017,31.908097609946335,37.42604825751695,7.918922018585854,78.16091954022983,92.72030651340997,2677910483.0,2624503808.0,0.2761108519548646,0.9666110630543325,1.5923435155526904,8591010.0,0.1599248250756439,1.0928167933688822,0.017615176151761478,0.06347719576338329,0.0807380650200138,1.0,12.0,0.0013531799729362692,1.0,1272.25,1266.78,-0.004119432084401242,0.005093782728744278,0.013561844410839852,0.10479819048923225,-0.02097964321282475,0.05830679364013158,0.1183399960799576,0.1167565617554851,1.9549245584583648,0.6562231487390549,36.95,36.7,-0.006765899864682012,-0.014137561467658544,0.007371661602976531,36.95,37.0,36.95,35.1,-0.05006765899864685,-0.02583217753120659,-0.024235481467440256,36.95,37.25,0.008119079837618282,0.0005122304879585649,0.007606849349659717,0.002443795,0.005,4
2025-01-02,36.95,37.2,36.6,37.0,5957100,0.0027100271002711285,-0.022457067371202122,-0.010695187165775333,0.020689655172413834,0.08187134502923965,0.14197530864197527,37.25,34.927499999999995,34.19083333333334,35.987454970920815,35.01046202031303,0.9769929506077872,0.6562161563869072,0.32077679422088,0.026405214881291546,0.00866964308705081,68.19431446754952,34.927499999999995,1.4964409531672098,37.92038190633441,31.934618093665577,0.1713768180565124,0.8462381852778037,0.7549178070737254,0.02040318397496555,33.54317011424822,35.301348744906186,10.307890398630816,80.4597701149425,86.20689655172413,2683867583.0,2629285373.0,0.2725662183631226,0.94089167840451,1.7192371148128651,8599835.0,-0.5305687124859678,0.6926993366733198,0.016216216216216255,0.05933719848257124,0.0821613980355358,3.0,1.0,-0.023004059539918797,0.0,1268.96,1269.71,0.0023129509464943077,-0.003398637405418903,0.02362122201530137,0.10027176599132999,0.0003970761537768208,0.024088292577832737,0.1183540866266739,0.11562293168722992,1.9640170775547419,0.6531675042175408,36.95,36.4,-0.014884979702300516,-0.01810457619370398,0.0032195964914034647,36.95,36.1,36.95,35.45,-0.04059539918809196,-0.020792282106657067,-0.019803117081434896,36.95,37.35,0.010825439783491264,0.0021596229329885475,0.008665816850502717,0.0040256074,0.005,4
2025-01-03,36.95,36.95,36.1,36.1,8642600,-0.024324324324324298,-0.021680216802167918,-0.04623513870541607,-0.02695417789757415,0.06489675516224191,0.06332842415316642,37.05,35.035000000000004,34.232499999999995,36.004769590779155,35.09116853732688,0.9136010534522754,0.7076931357999808,0.20590791765229455,0.025307508405880204,0.0057038204335815666,58.73353235321123,35.035000000000004,1.4997455924607508,38.03449118492151,32.0355088150785,0.1712282680132155,0.6775301099989512,0.7652808208541735,0.021198914705101757,33.95042406253386,32.33593741160971,14.108819933395688,59.77011494252874,72.79693486590038,2675224983.0,2632974863.0,0.24767877314210424,0.5107513999180574,1.9972010098162027,8372020.0,0.055648429513184786,1.0323195596761594,0.023545706371191175,0.03039817325531602,0.054553421456218665,4.0,1.0,0.0041551246537396835,1.0,1268.74,1254.59,-0.011908231013381121,-0.014361246631627744,-0.010208831349159397,0.07682419867806625,-0.012416093310943177,-0.012592931265946405,0.07353725550232582,0.07429572806005402,2.0204516682316256,0.6843534511502173,36.1,35.2,-0.024930747922437657,-0.019373759752627895,-0.005556988169809762,36.1,36.25,36.1,35.75,-0.00969529085872578,-0.004526653862399366,-0.0051686369963264145,36.1,37.45,0.037396121883656486,0.016265669952741257,0.02113045193091523,0.004830132,0.005,4
2025-01-06,36.1,36.6,36.05,36.25,9584000,0.0041551246537396835,-0.020270270270270285,-0.017615176151761447,-0.03074866310160429,0.07090103397341196,0.0724852071005917,36.82,35.157500000000006,34.27333333333333,36.0424973460439,35.177007904932296,0.8654894411116061,0.7392523968623059,0.12623704424930016,0.023875570789285684,0.003482401220670349,59.73613256763838,35.157500000000006,1.4936069905117049,38.144713981023415,32.1702860189766,0.16993324218294295,0.6828626952973934,0.74990361936459,0.02068699639626455,34.22211395335788,30.641932521501786,13.845943202868472,63.21839080459768,67.81609195402298,2684808983.0,2637394353.0,0.24605022032754909,0.4356767062190886,2.0752100435836187,8600420.0,0.20477172865420243,1.114364182214357,0.015172413793103566,0.03107445068619774,0.05767360435712887,0.0,1.0,0.012345679012345512,1.0,1254.79,1246.35,-0.006567882734598518,-0.022577913013473228,-0.018730218716047187,0.07908013673192173,0.010723007388338202,-0.008170750088131062,0.09121542581663888,0.09295652180105574,1.979991569463308,0.6757341638559632,36.45,35.3,-0.03155006858710574,-0.010839023687349347,-0.020711044899756392,36.45,36.9,36.45,35.95,-0.013717421124828544,0.00028818674501063235,-0.014005607869839176,36.45,38.45,0.054869684499314175,0.01126329861750408,0.043606385881810095,0.0036941804,0.005,4
2025-01-07,36.45,37.05,36.35,36.9,7377300,0.017931034482758568,0.02216066481994461,-0.002702702702702786,-0.025099075297225992,0.06956521739130439,0.08529411764705874,36.63,35.3025,34.32333333333334,36.174420831267916,35.30463694901138,0.8697838822565345,0.7653586939411516,0.10442518831538283,0.023571378922941314,0.0028299509028559032,63.836372456940595,35.3025,1.5159220747921887,38.33434414958438,32.27065585041562,0.17176370792914836,0.7634535156134246,0.7534819322671191,0.02041956456008453,34.892353816880785,32.5840071472669,12.795889153040061,78.16091954022983,67.04980842911877,2692186283.0,2641891718.0,0.2511810157829784,0.3260136693650212,1.6056425700204642,8678295.0,-0.2728400090743788,0.8500863360832974,0.018970189701896904,0.045251752708731496,0.07507040885694849,1.0,1.0,0.0,0.0,1249.19,1246.95,0.00048140570465760035,-0.019708809609911726,-0.021109401494693092,0.07797486438645984,0.017449628778100967,-0.005390265687314266,0.10640351914175183,0.10869807035047852,1.9879531326049267,0.6738651598535501,36.7,35.4,-0.03542234332425076,-0.01371412980676645,-0.02170821351748431,36.7,36.7,36.7,36.05,-0.017711171662125547,-5.6172562110989865e-05,-0.017654999100014557,36.7,38.5,0.049046321525885395,0.017886948706426153,0.03115937281945924,0.003083537,0.005,4
2025-01-08,36.7,36.9,36.5,36.7,6074100,-0.005420054200541924,0.012413793103448256,0.016620498614958512,-0.005420054200541924,0.057636887608069065,0.09552238805970159,36.589999999999996,35.4625,34.373333333333335,36.255279164919,35.407997175010536,0.8472819899084669,0.7817433531346147,0.06553863677385219,0.02308670272230155,0.0017857939175436562,61.75259974183707,35.4625,1.4842041106618016,38.430908221323605,32.49409177867639,0.16741110871053122,0.7084450499615255,0.7282332228194677,0.019842867106797484,35.51471940443776,31.305609508149796,12.293856532874045,73.56321839080464,71.64750957854407,2686112183.0,2646368943.0,0.24396063765055293,0.34986519026778923,2.0276089661005234,8698435.0,-0.5518167317944905,0.6982980271738537,0.010899182561307862,0.034896016919281125,0.06768813033359189,2.0,1.0,-0.010869565217391242,0.0,1246.16,1251.02,0.0032639640723364227,-0.012440992121757533,-0.01654783148726091,0.07944561089476546,-0.008684018272878347,0.007020937921215609,0.1120702195469625,0.11395594329355618,1.964541833505026,0.6660981146716665,36.8,35.1,-0.04619565217391297,-0.011498848515864801,-0.03469680365804817,36.8,36.4,36.8,36.35,-0.012228260869565077,-0.00642112333674516,-0.005807137532819917,36.8,38.65,0.05027173913043481,0.01307414278403285,0.03719759634640196,0.003506348,0.005,4
2025-01-09,36.8,36.9,36.4,36.4,5593400,-0.008174386920981047,-0.013550135501354976,0.004137931034482678,-0.016216216216216273,0.004137931034482678,0.08172362555720647,36.47,35.6,34.419999999999995,36.277543908777616,35.481478865750496,0.7960650430271201,0.7846076911131159,0.01145735191400421,0.021869918764481324,0.0003147624152198959,58.65948294012819,35.6,1.433985979524831,38.46797195904966,32.73202804095034,0.16112202017132932,0.6394713775836719,0.7119308497609342,0.019558539828597094,35.84999634203707,29.73515153065189,12.680438192641482,66.66666666666661,72.79693486590038,2680518783.0,2650307398.0,0.24819902558588558,0.43466792729137455,1.7634429732928003,8719005.0,-0.6593178777497329,0.6415181548812049,0.013736263736263736,0.022471910112359383,0.057524694944799615,3.0,1.0,-0.03296703296703285,0.0,1250.56,1245.77,-0.004196575594315077,-0.01885469910451998,-0.018197437069495392,0.08013980362377175,-0.00397781132666597,0.002638482888303706,0.09992106262670186,0.10177307169422689,1.9672059419769514,0.6677448862498132,36.4,35.45,-0.026098901098901006,-0.0026652109691093218,-0.023433690129791684,36.4,35.2,36.4,37.0,0.016483516483516425,0.011198702716588516,0.005284813766927909,36.4,38.8,0.06593406593406592,0.0198044441590135,0.04612962177505242,0.003077779,0.005,4
2025-01-10,36.4,36.55,35.2,35.2,15560200,-0.03296703296703285,-0.04087193460490468,-0.046070460704606964,-0.024930747922437657,-0.05121293800539084,0.04142011834319548,36.29,35.67,34.43,36.11176792281183,35.46062857939861,0.6511393434132202,0.7579140215731368,-0.10677467815991659,0.018498276801511938,-0.0030333715386339937,48.248937126835685,35.67,1.3744281107351672,38.418856221470335,32.92114377852967,0.1541270659641342,0.4145098975477515,0.7575072176351528,0.021520091410089568,33.816649890877386,25.949949071110616,22.381562961281322,29.33333333333337,56.521072796934895,2664958583.0,2653226543.0,0.28079608706071885,0.11819658469458263,1.0527731782420053,9255715.0,1.291309411419332,1.6811451087247176,0.03835227272727256,-0.01317633865993828,0.022364217252396346,4.0,1.0,0.008571428571428452,1.0,1245.68,1230.48,-0.012273533637830347,-0.01921743358387995,-0.029092200260385725,0.08974304528580561,-0.020693499329202503,-0.005713314338557707,0.0705123186035812,0.07262514383187746,1.9778071971798428,0.680198653602457,35.0,35.75,0.021428571428571352,0.018301729900705777,0.003126841527865576,35.0,35.3,35.0,37.0,0.05714285714285716,0.03129636574111805,0.025846491401739113,35.0,38.25,0.09285714285714275,0.040288262436208866,0.05256888042093388,0.0025465395,0.005,4
2025-01-13,35.0,35.35,34.7,35.3,8382600,0.0028409090909089496,-0.030219780219780223,-0.038147138964577776,-0.026206896551724257,-0.05614973262032086,0.03823529411764692,36.1,35.735,34.42583333333334,35.98688055007155,35.448730166109826,0.538150383961721,0.7139612940508537,-0.17581091008913274,0.015245053370020425,-0.004980479039352202,49.0602631453127,35.735,1.320994441997981,38.37698888399596,33.093011116004035,0.14786561544681484,0.41767565665490763,0.7498281306612132,0.02124159010371709,31.602986700481473,24.34315544101112,25.758716302493845,27.14285714285702,41.04761904761902,2673341183.0,2656182588.0,0.28046511611955827,0.14708530298266434,1.0800456930389524,9292615.0,-0.18677691135381813,0.9020711608088788,0.01841359773371101,-0.012172939694977014,0.025392752535644103,0.0,1.0,0.0028328611898016387,1.0,1226.66,1235.65,0.0042016123789090365,-0.008585068399727058,-0.0213215900900543,0.09146524969038869,-0.0013607032880000869,-0.0176218281519972,0.05955688420770122,0.0608543967095192,1.9653121348304663,0.6917230341098769,35.3,35.95,0.018413597733711207,0.011969840537104037,0.006443757196607169,35.3,35.4,35.3,36.55,0.03541076487252126,0.014788179175069027,0.020622585697452234,35.3,38.3,0.08498583569405094,0.030734468767462886,0.05425136692658805,0.0036824918,0.005,4
2025-01-14,35.3,35.4,34.9,35.4,4412700,0.0028328611898016387,0.005681818181818121,-0.027472527472527486,-0.04065040650406504,-0.0647291941875826,0.038123167155425186,35.8,35.8,34.428333333333335,35.896591234675924,35.44512052417576,0.4514707105001605,0.6614631773407151,-0.20999246684055461,0.012753409901134478,-0.005931990588716233,49.90602157967741,35.8,1.267197488035817,38.33439497607163,33.265605023928366,0.14158631151238166,0.4210857021544433,0.7319832641854123,0.020677493338570968,29.473010335151756,23.643336775027326,24.50191959869999,22.222222222222097,26.23280423280418,2677753883.0,2659134133.0,0.28046069029265563,0.1481115085658655,1.0805606383754385,9288115.0,-0.9996957102262278,0.47509101685325816,0.014124293785310734,-0.011173184357541888,0.02822287844314264,1.0,1.0,-0.008474576271186307,0.0,1234.77,1229.07,-0.005325132521345144,-0.014338987128593828,-0.027472918760237053,0.09233773541093937,0.008157993711146783,-0.026311419375471212,0.06559608591566224,0.06744910983048547,1.9408522534803576,0.68532952078912,35.4,36.05,0.01836158192090398,0.010378743036917548,0.007982838883986432,35.4,35.1,35.4,37.3,0.053672316384180796,0.025452245619440816,0.02822007076473998,35.4,38.65,0.09180790960451968,0.03636614259419946,0.05544176701032022,0.0010812499,0.005,4
2025-01-15,35.4,35.45,35.1,35.1,6977700,-0.008474576271186307,-0.005665722379603277,-0.0028409090909091717,-0.043596730245231696,-0.04878048780487798,0.029325513196480912,35.480000000000004,35.85,34.43,35.77403873703347,35.41955604090349,0.35448269612998473,0.6000670810985691,-0.24558438496858437,0.010099222111965376,-0.006996706124461093,47.365306693305286,35.85,1.2152539262488418,38.280507852497685,33.41949214750232,0.13559318563445932,0.34571125758156446,0.7046987453150257,0.020076887330912414,27.416686557060444,23.311364334622002,23.63268576787534,12.698412698412659,20.687830687830612,2670776183.0,2661736793.0,0.2828732347663978,0.21177196716273197,0.9538678483435659,9451810.0,-0.5228025872399091,0.7382395541171479,0.009971509971510011,-0.02092050209205021,0.019459773453383677,2.0,1.0,0.0014124293785311437,1.0,1233.29,1236.18,0.005784861724718704,-0.011862320346597066,-0.020242209047966253,0.09575424626657,-0.014259437995905011,-0.03173440989863463,0.049567722244447165,0.050591812284832116,1.9059544055206168,0.6710442516198835,35.4,36.35,0.026836158192090398,0.0006362040362717369,0.02619995415581866,35.4,35.45,35.4,37.25,0.05225988700564965,0.022444312013786938,0.029815574991862714,35.4,38.75,0.09463276836158196,0.03770515566865851,0.05692761269292346,0.0025465395,0.005,4
2025-01-16,35.4,35.8,35.05,35.45,9548300,0.009971509971510084,0.0014124293785311437,0.004249291784702791,-0.026098901098901006,-0.0418918918918918,0.03654970760233911,35.29,35.9125,34.42416666666667,35.72418662364371,35.42181114898471,0.3023754746590015,0.5405287598106556,-0.23815328515165413,0.008529632571481,-0.0067180052228957435,50.52962153346348,35.9125,1.1566597780269363,38.22581955605387,33.59918044394613,0.12883088373429136,0.40003542770611744,0.7079345492210953,0.01996994497097589,25.950707009034186,25.078726744073293,21.844332961874127,23.80952380952382,19.576719576719544,2680324483.0,2664574323.0,0.2844134571556162,0.14881029878058183,0.8431522572893309,9686680.0,-0.030037295812341505,0.9857144036966226,0.021156558533145273,-0.012878524190741314,0.02979980149604189,3.0,1.0,0.009887005649717562,1.0,1241.74,1242.36,0.004999271950686612,-0.0027372628976457536,-0.018672985781990614,0.09689610215433962,0.004972238020823472,-0.023361638201255253,0.055222693384329724,0.05627348741472793,1.8951918648845096,0.678305168010772,35.4,37.0,0.04519774011299438,0.013884640770134737,0.03131309934285964,35.4,35.75,35.4,37.35,0.05508474576271194,0.023422785299183735,0.031661960463528205,35.4,38.75,0.09463276836158196,0.04072827959239511,0.053904488769186854,0.0023114993,0.005,4
2025-01-17,35.4,35.8,35.15,35.75,5715900,0.008462623413258097,0.01851851851851838,0.009887005649717562,0.015625,-0.00969529085872578,0.054572271386430726,35.4,36.004999999999995,34.46333333333334,35.72815791231391,35.4461214342451,0.28203647806881094,0.48883030346228673,-0.2067938253934758,0.007889132253673032,-0.005784442668348973,53.13058934559604,36.004999999999995,1.0569195557697213,38.11883911153944,33.891160888460554,0.11741919797469472,0.4396832051673301,0.7037963671338742,0.019686611668080396,24.589440285866946,23.424314316915446,20.403289471752007,33.33333333333326,23.280423280423264,2686040383.0,2668131458.0,0.282369516766027,0.006122127976500469,0.9423910010427923,9538665.0,-0.8154438047571656,0.5992347985803045,0.018181818181818143,-0.007082349673656285,0.03733436502563103,4.0,1.0,0.002789400278940146,1.0,1242.38,1249.11,0.005433207765864978,0.015140433001755271,-0.00443144412475005,0.09451748767274301,0.003029415647393119,0.0004845669982447287,0.059003715511180777,0.05926635103426703,1.6799931774544492,0.6765592079875197,35.85,37.0,0.03207810320781035,0.012015711622921144,0.020062391584889205,35.85,35.95,35.85,37.45,0.04463040446304056,0.02013551674759806,0.024494887715442504,35.85,38.85,0.08368200836820083,0.037375102997528,0.046306905370672835,0.0022421505,0.005,4
2025-01-20,35.85,36.35,35.75,35.95,6359200,0.005594405594405716,0.014104372355430161,0.024216524216524205,0.018413597733711207,-0.008275862068965467,0.06203840472673572,35.53,36.11,34.505,35.76228746426562,35.483445772449166,0.2788416918164529,0.44683258113311997,-0.16799088931666706,0.007756375293920804,-0.004672903736207707,54.83541961896563,36.11,0.9280142920859675,37.96602858417194,34.25397141582806,0.10279859231082458,0.45689721554817,0.6963823409100262,0.01937085788344996,24.127560962356277,27.624122485139328,19.147619073068686,43.859649122807106,33.66750208855475,2692399583.0,2672385498.0,0.2820614649138853,-0.059132414187011505,0.9643537284791388,9477680.0,-0.6603314546109033,0.6709658903866769,0.016689847009735782,-0.004430905566324972,0.0418779886972902,0.0,1.0,-0.010973936899863035,0.0,1250.03,1249.55,0.00035225080257150765,0.01124914012867717,-0.006322067594433434,0.09410081025355944,0.005242154791834208,0.007164457605034036,0.06836047232116915,0.06879540149963614,1.6904623516074218,0.6784515743242059,36.45,36.55,0.00274348422496562,0.00022350828178008264,0.0025199759431855373,36.45,36.05,36.45,38.45,0.054869684499314175,0.00838954300538819,0.046480141493925986,36.45,39.4,0.08093278463648823,0.04135701456795049,0.03957577006853774,0.003077779,0.005,4
2025-01-21,36.45,36.45,35.9,36.05,5396100,0.0027816411682890507,0.00839160839160824,0.01692524682651597,0.01836158192090398,-0.023035230352303593,0.04492753623188395,35.660000000000004,36.1875,34.54333333333333,35.80655093130168,35.52541275226775,0.2811381790339311,0.4136937007132822,-0.13255552167935108,0.007798562525213069,-0.003676990892631098,55.70302142716402,36.1875,0.8477330451206284,37.882966090241254,34.492033909758746,0.09370451621367899,0.4594506782555476,0.6859264594164531,0.019027086252883584,23.833606911974254,27.083324468141083,18.050959392093223,53.99999999999977,43.730994152046726,2697795683.0,2676364403.0,0.2756265371494029,0.04828050372160651,1.3401453543435304,9202545.0,-0.7938063453708398,0.5863704007967361,0.015256588072122173,-0.0037996545768567147,0.04361671330695738,1.0,1.0,0.004143646408839796,1.0,1252.75,1246.09,-0.0027689968388620034,0.013847868713742884,-0.013201241724476565,0.09293632665670988,0.005550638007151054,0.004513713207161096,0.05812877795636051,0.05890641579033118,1.680103994485154,0.6762321185839223,36.2,37.3,0.03038674033149147,0.01315431080063445,0.01723242953085702,36.2,36.35,36.2,38.5,0.06353591160220984,0.016174514924775396,0.04736139667743444,36.2,39.25,0.08425414364640882,0.04398122186083042,0.0402729217855784,0.001945951,0.005,4
2025-01-22,36.2,36.65,36.15,36.35,7602200,0.008321775312066793,0.011126564673157091,0.016783216783216925,0.035612535612535634,-0.0095367847411445,0.04755043227665712,35.910000000000004,36.269999999999996,34.58166666666667,35.89015848033219,35.586493289136804,0.3036651911953854,0.39168799880970284,-0.08802280761431747,0.008353925479928071,-0.0024215352851256525,58.29154716219764,36.269999999999996,0.7722830132999092,37.81456602659981,34.72543397340018,0.08517044535979142,0.5258972418861614,0.6797888551724209,0.018701206469667702,23.831129840766412,27.47735493915547,16.912940521249556,70.21276595744692,56.02413836008461,2705397883.0,2680399178.0,0.2761913209580029,0.025715335526238815,1.2998962691900255,9258415.0,-0.34733989801551113,0.8211124690349266,0.013755158184319119,0.0022056796250347066,0.05113499445756409,2.0,1.0,0.009549795361528002,1.0,1248.26,1242.53,-0.002856936497363738,0.005136792376514654,-0.014146751721730189,0.09316899928395035,0.01117871180943053,0.03047574323602098,0.061697183998387306,0.0625825234193198,1.6717011734660474,0.6693810522857325,36.65,37.25,0.016371077762619368,0.01928403407220669,-0.0029129563095873223,36.65,37.0,36.65,38.65,0.05457025920873115,0.017116386611967238,0.037453872596763915,36.65,38.55,0.05184174624829474,0.04605849436813081,0.005783251880163931,0.0028427388,0.005,4
2025-01-23,36.65,37.55,36.45,37.0,10155400,0.017881705639614776,0.026352288488210807,0.029207232267037364,0.0437235543018335,0.016483516483516425,0.020689655172413834,36.220000000000006,36.3075,34.61833333333333,36.06090332951185,35.69119748994149,0.36970583957036496,0.3872915669618353,-0.01758572739147035,0.009992049718117972,-0.0004752899294991987,63.29612131382887,36.3075,0.7892826523262509,37.8860653046525,34.7289346953475,0.08695532904510088,0.7193447423299498,0.7169467940886763,0.019376940380775035,24.84453746159688,33.15890566262519,14.89092071718611,80.70175438596497,68.30484011447057,2715553283.0,2683722878.0,0.23523882466722265,-0.9409782682190058,0.502189057587853,8547340.0,0.503091299605477,1.1881357240966195,0.029729729729729575,0.019073194243613756,0.0687978431466949,3.0,1.0,-0.008042895442359144,0.0,1245.59,1259.63,0.013762243165155175,0.013900962683924378,-0.011310476908103273,0.09837694815931772,0.004119462474459601,0.029822591617909122,0.03200013208051711,0.03236620934390411,1.6598353623046067,0.6940954855398256,37.3,37.35,0.0013404825737266535,0.009704111938757753,-0.0083636293650311,37.3,37.0,37.3,38.8,0.04021447721179627,0.008806759525435526,0.03140771768636075,37.3,38.3,0.02680965147453085,0.0385464479138542,-0.01173679643932335,0.003963829,0.005,4
2025-01-24,37.3,37.35,36.9,37.0,4818200,0.0,0.017881705639614776,0.026352288488210807,0.034965034965035,0.051136363636363535,-0.0026954177897574594,36.470000000000006,36.302499999999995,34.64833333333333,36.205379740356186,35.78814582401989,0.4172339163362935,0.39328003683672696,0.02395387949956651,0.011276592333413337,0.0006474021486369327,63.29612131382887,36.302499999999995,0.7842990501078044,37.871098100215605,34.733901899784385,0.08641818608721769,0.722332285084411,0.6978791659394854,0.01886159907944555,25.785558823796595,31.63167570685994,14.205076002659084,80.70175438596497,77.20542490979231,2715553283.0,2686224478.0,0.21996109670862368,-1.1126499172166984,0.737011322026835,7966150.0,-1.1640909516999023,0.6048342047287586,0.01216216216216224,0.01921355278562098,0.06787243253643749,4.0,1.0,-0.006793478260869512,0.0,1259.26,1265.05,0.00430285083715054,0.012761085893155943,-0.006143596753792613,0.09985260245697591,-0.00430285083715054,0.02220394907187906,0.0034481789640351534,0.0034694941369521892,1.6410979737594047,0.6884071034238375,36.8,37.45,0.017663043478260976,0.012794955086610216,0.00486808839165076,36.8,36.55,36.8,38.25,0.03940217391304346,0.013493872558752784,0.025908301354290675,36.8,38.25,0.03940217391304346,0.036748762995496786,0.0026534109175466725,0.0037915348,0.005,4
2025-02-03,36.8,36.9,36.3,36.55,9000500,-0.01216216216216226,-0.01216216216216226,0.005502063273727487,0.016689847009735637,0.03541076487252126,-0.022727272727272818,36.589999999999996,36.260000000000005,34.674166666666665,36.25839824183985,35.84457946668508,0.41381877515476617,0.39738778450033485,0.01643099065443132,0.011321991112305505,0.00044954830791877763,57.73396772065862,36.260000000000005,0.7436750846834641,37.74735016936693,34.77264983063308,0.082038067808435,0.5974888113010492,0.6980306540866652,0.019097965912083865,25.416307842282883,29.365895864551415,19.327287276116166,64.91228070175431,75.43859649122811,2706552783.0,2687718768.0,0.22177145760044648,-0.8933133775913369,0.26854006552219206,7858890.0,0.4369885310265035,1.1452635168579788,0.016415868673050657,0.007997793712079204,0.05409887284001047,0.0,2.0,0.01634877384196165,1.0,1259.09,1253.03,-0.00950160072724393,0.0027850026009363926,-0.01733927255046519,0.10466477603814342,-0.0026605614349183293,0.013904844408799244,-0.005388000176807628,-0.005483072668215794,1.6490350718621418,0.6931403694918555,36.7,38.45,0.04768392370572205,0.005052072145181441,0.04263185156054061,36.7,37.3,36.7,38.3,0.04359673024523136,0.01257846623863279,0.031018264006598573,36.7,38.85,0.058583106267029894,0.04173727633641211,0.016845829930617784,0.0016245327,0.005,4
2025-02-04,36.7,37.8,36.65,37.3,12650000,0.020519835841313228,0.008108108108108025,0.008108108108108025,0.03467406380027738,0.053672316384180796,-0.014531043593130843,36.839999999999996,36.2325,34.714166666666664,36.41864466617218,35.95238839507878,0.46625627109339973,0.41116148181894785,0.05509478927445188,0.012500168125828413,0.0014770720985107745,63.49215184542403,36.2325,0.6900181157042282,37.612536231408455,34.85246376859155,0.07617670496976216,0.8867652079360676,0.7374570359376177,0.01977096611092809,26.032940318151734,34.527710390905796,16.987285668484606,83.87096774193546,76.49500094321826,2719202783.0,2689313963.0,0.23029744854627648,-0.7458464131367216,0.14149866632941163,7959795.0,1.6993498550716855,1.589236908739484,0.03083109919571042,0.02946249913751453,0.07448928151331113,1.0,2.0,-0.005340453938584844,0.0,1256.91,1264.68,0.00929746294980971,0.014918665585953006,-0.005770349522806195,0.1104366278807193,0.011222372891503518,0.01975539821432437,-0.008760694070324648,-0.008811539734426388,1.6955015996187053,0.7060666882118917,37.45,38.5,0.028037383177569986,1.5767523631637914e-05,0.028021615653938348,37.45,37.25,37.45,38.65,0.03204272363150862,0.007655132723130231,0.024387590908378387,37.45,39.2,0.04672897196261672,0.034278596375046266,0.01245037558757045,0.0019740143,0.005,4
2025-02-05,37.45,37.5,37.0,37.25,5279300,-0.0013404825737264314,0.019151846785225857,0.006756756756756799,0.024759284731774356,0.061253561253561184,0.009485094850948617,37.019999999999996,36.25,34.75416666666667,36.546545486761076,36.04850777322109,0.49803771353998627,0.4285367281631556,0.06950098537683069,0.013370139960805001,0.0018657982651498174,62.87714450088792,36.25,0.7119284411113025,37.67385688222261,34.82614311777739,0.07855762108814392,0.8511588883986088,0.7204958190849308,0.019342169639863915,26.605527617172807,32.81620495076727,16.14524223422155,82.2580645161291,77.0137709866063,2713923483.0,2691114613.0,0.21149166279912993,-0.8988133189210048,1.144404156817807,7754340.0,-0.8837225797591697,0.6808187415047573,0.013422818791946308,0.02758620689655178,0.07181393118331125,2.0,2.0,-0.0040000000000000036,0.0,1268.43,1269.61,0.0038982193123950903,0.021794242392537688,0.002234010641153139,0.11039354348902604,-0.005238701886121522,0.0029650423392366676,0.0072510842097954775,0.007234921318581833,1.6843027401827784,0.7031157244470688,37.5,38.65,0.03066666666666662,-0.0052372053581242195,0.03590387202479084,37.5,37.35,37.5,38.75,0.03333333333333344,0.011762119380015479,0.021571213953317958,37.5,38.8,0.03466666666666662,0.02444290896527912,0.010223757701387504,0.003248169,0.005,4
2025-02-06,37.5,37.85,37.3,37.35,8268500,0.0026845637583892135,0.0013404825737266535,0.021887824897401043,0.009459459459459474,0.05359661495063461,0.009459459459459474,37.089999999999996,36.2675,34.785,36.67015387341322,36.14491460483434,0.5252392685788791,0.4478772362463003,0.07736203233257882,0.014062631019514837,0.0020712726193461532,63.63580746514302,36.2675,0.7352541630011592,37.738008326002316,34.79699167399768,0.08109234581938746,0.86807000030488,0.7118889748645787,0.01905994577950679,27.471249155635665,34.352387213744066,15.17326629790811,84.12698412698413,83.41867212834958,2722191983.0,2693030833.0,0.2114882440197711,-0.8985470122574422,1.1442803505745582,7869910.0,0.1438872486652007,1.0506473390419966,0.014725568942436526,0.029847659750465327,0.07373868046571808,3.0,2.0,0.0026773761713521083,1.0,1273.58,1271.48,0.001472893250683338,0.009407524431777503,0.0013940191067252083,0.11021381034770328,0.0012116705077058754,5.193502768197078e-05,0.008065440352734266,0.008054212626443347,1.6990843032972847,0.6960280111193414,37.35,38.8,0.038821954484604904,-0.0012814666897279503,0.040103421174332854,37.35,37.45,37.35,38.75,0.03748326639892907,0.016509693548640625,0.020973572850288447,37.35,39.5,0.05756358768406966,0.036352772842340286,0.021210814841729375,0.0030801024,0.005,4
2025-02-07,37.35,38.1,37.2,37.45,11948300,0.0026773761713521083,0.005369127516778649,0.004021447721179738,0.012162162162162149,0.047552447552447585,0.037396121883656486,37.17999999999999,36.334999999999994,34.81583333333334,36.790130200580414,36.241587597068836,0.5485426035115779,0.46801030969935586,0.08053229381222204,0.014647332537024776,0.002150395028363739,64.41889731555699,36.334999999999994,0.7796929220094143,37.89438584401882,34.77561415598117,0.08583381555078175,0.8575125438892169,0.7253254766599658,0.019367836492922983,28.501514414478812,33.76967851628186,13.828457252319247,79.68750000000006,82.02418288103779,2734140283.0,2695976598.0,0.18998247826464007,-1.091486997751659,2.807054923122125,8035195.0,1.3430521672176814,1.4869956485187976,0.024032042723631467,0.03068666574927792,0.07566002058450416,4.0,2.0,0.02807486631016065,1.0,1271.98,1275.2,0.0029257243527227583,0.008023398284652927,0.01642767756797059,0.10098252326984077,-0.00024834818137065007,0.004138763877509222,0.020968444315685897,0.02062954874060252,1.698225784613328,0.6964703821313317,37.4,38.25,0.022727272727272707,0.002994647362588143,0.019732625364684564,37.4,38.45,37.4,38.85,0.03877005347593587,0.019241198802141035,0.019528854673794838,37.4,39.75,0.06283422459893062,0.04227090161679525,0.020563322982135368,0.0030801024,0.005,4
2025-02-10,37.4,38.85,37.2,38.45,21128100,0.026702269692923997,0.02945113788487297,0.03221476510067123,0.0519835841313272,0.06954102920723226,0.06068965517241387,37.56,36.445,34.865,37.045494785106506,36.405173700989664,0.6403210841168416,0.502472464582853,0.13784861953398864,0.01665334419029497,0.003585139649778638,71.11716061634421,36.445,0.9111733326350417,38.26734666527008,34.62265333472992,0.10000530472054231,1.050114870625576,0.7913736568985396,0.020581889646255902,30.052440478645405,35.50987421272036,11.769022435815831,89.47368421052637,84.42938944583688,2755268383.0,2699499568.0,0.2093899134393096,-0.7126546170981798,1.9044717373503854,8612400.0,3.0324378997793286,2.4532186150202033,0.042912873862158606,0.05501440526821244,0.10282518284812858,0.0,2.0,0.0026041666666667407,1.0,1272.27,1263.26,-0.00936323713927234,0.008164209955068946,0.013567617442933333,0.10413836532915584,0.03606550683219634,0.04381937417625825,0.04712203772948054,0.04649126207125853,1.5538600146329062,0.6310186458240251,38.4,38.3,-0.0026041666666667407,0.0057529396889619555,-0.008357106355628696,38.4,38.5,38.4,39.4,0.02604166666666674,0.03091414843848761,-0.004872481771820869,38.4,40.0,0.04166666666666674,0.051239094702237864,-0.009572428035571123,6.0007027e-05,0.005,4
2025-02-11,38.4,38.7,38.15,38.5,5513100,0.0013003901170349774,0.028037383177569986,0.0307898259705488,0.03217158176943702,0.06796116504854388,0.04336043360433606,37.8,36.525,34.943333333333335,37.269264818167045,36.560346019434874,0.7089187987321708,0.5437617314127166,0.16515706731945423,0.018413475291744696,0.004289793956349461,71.40699988540761,36.525,1.0172848278887316,38.55956965577746,34.49043034422254,0.11140696267090816,0.9853606251306506,0.7741326814057871,0.020107342374176287,31.49258610965724,33.70781778731627,11.171767644820555,90.7894736842105,86.65021929824566,2760781483.0,2702929328.0,0.20188324151950435,-0.6710241228980248,2.372371870666562,8519190.0,-0.7196111498814852,0.6471389885658143,0.014285714285714396,0.054072553045859006,0.10178384050367262,1.0,2.0,0.003896103896103842,1.0,1265.44,1268.45,0.004108417902886297,0.002980991238890507,0.017242070652391916,0.10483345370512845,-0.002808027785851319,0.029190590530546512,0.02611836295194414,0.02567566138430899,1.5067361592755582,0.6699859695490099,38.5,38.65,0.003896103896103842,0.005752146235137756,-0.0018560423390339142,38.5,38.65,38.5,39.25,0.01948051948051943,0.02544006672804411,-0.005959547247524677,38.5,39.9,0.036363636363636376,0.04855881589197608,-0.012195179528339706,0.0020136412,0.005,4
2025-02-12,38.5,38.85,38.3,38.65,8553900,0.003896103896103842,0.005201560468140354,0.03204272363150862,0.037583892617449655,0.06327372764786787,0.05313351498637586,38.08,36.622499999999995,35.028333333333336,37.481685615372115,36.71513520318044,0.7665504121916769,0.5883194675685086,0.17823094462316824,0.01983312838788297,0.004611408657779256,72.30489637406683,36.622499999999995,1.122904481104324,38.868308962208644,34.376691037791346,0.12264640383418113,0.9513963640981402,0.7581232041625169,0.019615089370310916,32.94417034878293,33.37435335044002,10.592850037034571,94.59459459459453,91.61925082977716,2769335383.0,2707090488.0,0.19991724312062328,-0.801261882282199,2.7338679696422528,8643180.0,-0.021577723950968353,0.9896704685081186,0.01423027166882288,0.05536214076046164,0.10339249179235854,2.0,2.0,0.007792207792207684,1.0,1270.83,1266.91,-0.0012140801765934128,-0.0021266373138206784,0.012701635465460326,0.10468545533363216,0.005110184072697255,0.03971052993127033,0.04043187952091554,0.039924769650768965,1.499409487997792,0.6665555807385205,38.5,38.75,0.006493506493506551,0.01681594002761888,-0.01032243353411233,38.5,38.8,38.5,38.55,0.0012987012987011326,0.02817912803314271,-0.026880426734441576,38.5,39.75,0.032467532467532534,0.05299664628131784,-0.020529113813785305,0.0018905464,0.005,4
2025-02-13,38.5,38.8,38.4,38.8,4741600,0.0038809831824062613,0.007792207792207684,0.00910273081924573,0.038821954484604904,0.048648648648648596,0.06593406593406592,38.37,36.7425,35.11833333333333,37.684503213007176,36.86956963257448,0.8149335804326938,0.6336422901413457,0.18129129029134816,0.02100344279465706,0.004672455935344025,73.21085846877408,36.7425,1.221762639536978,39.18602527907396,34.29897472092604,0.13300811208132052,0.9210105820513024,0.7325429752937656,0.018879973590045507,34.29206999939965,32.072650945216196,10.179696313077807,98.38709677419341,94.5903883509995,2774076983.0,2711768398.0,0.19578311822592534,-0.9763651289515307,3.4537060056429176,8600590.0,-0.9243396489144231,0.551311014709456,0.010309278350515427,0.05599782268490161,0.10483603056333335,3.0,2.0,-0.026717557251908275,0.0,1267.25,1270.35,0.0027152678564379418,-0.0008887280963917332,0.01973076892203207,0.10330554605387549,0.0011657153259683195,0.03971068258099664,0.04620329701203385,0.045309309496344596,1.4993579287499006,0.6684795240261341,39.3,38.75,-0.013994910941475758,0.012101571795353427,-0.026096482736829185,39.3,38.25,39.3,38.3,-0.025445292620865145,0.023702172960110124,-0.04914746558097527,39.3,39.0,-0.007633587786259444,0.03815987225248918,-0.045793460038748623,0.0020139688,0.005,4
2025-02-14,39.3,39.3,38.25,38.25,8007000,-0.014175257731958713,-0.010349288486416475,-0.00649350649350644,0.02136181575433893,0.03378378378378377,0.08664772727272729,38.529999999999994,36.895,35.214166666666664,37.77150271869838,36.971823733865264,0.7996789848331147,0.6668496290796995,0.13282935575341526,0.02090664012635594,0.0034726628955141243,64.83596782894647,36.895,1.20938218242118,39.31376436484236,34.47623563515764,0.13111610596787424,0.7801016956623443,0.7552184770584964,0.01974427391002605,35.9241087294856,33.61654822256929,9.168760740560428,69.11764705882361,87.3664461425372,2766069983.0,2716823968.0,0.15721656668010223,0.34222948816460197,0.7912972905709736,8222930.0,-0.05622603784018038,0.9737405036890743,0.02745098039215679,0.03672584361024511,0.08621056866318022,4.0,2.0,0.0013071895424836555,1.0,1277.52,1276.08,0.004510567953713629,0.0006900878293600865,0.03705870879656703,0.09117554817780602,-0.01868582568567234,0.020671727924978844,0.04958901847616026,0.04781698283379221,1.4016046760915446,0.6241743070222063,38.25,38.85,0.015686274509803866,0.015370521172638485,0.0003157533371653809,38.25,38.3,38.25,38.25,0.0,0.022112252568278645,-0.022112252568278645,38.25,38.85,0.015686274509803866,0.03839106740165388,-0.022704792891850012,0.0012088974,0.005,4
2025-02-17,38.25,38.5,38.1,38.3,6088300,0.0013071895424836555,-0.012886597938144284,-0.009055627425614499,-0.0039011703511054874,0.0478796169630642,0.08498583569405094,38.5,37.045,35.3125,37.85280999274478,37.07020716098636,0.7826028317584246,0.6900002696154446,0.09260256214298002,0.020433494301786544,0.002417821465874152,65.22542302196811,37.045,1.186979802958533,39.41895960591707,34.67104039408294,0.1281662629729823,0.7643263172785087,0.7298457286971752,0.019056024247968022,37.05258020073502,32.30055393967661,10.277849890518285,68.25396825396824,78.58623736232845,2772158283.0,2721764823.0,0.15748771568417466,0.364920441384241,0.7754996223936584,8108215.0,-0.5220057056209044,0.7508804342262755,0.010443864229764977,0.03387771629099734,0.08460176991150425,0.0,2.0,0.009138381201044377,1.0,1277.12,1272.72,-0.0026330637577580696,0.007488561341291611,0.030000404645328382,0.09204788963823406,0.003940253300241725,-0.011389731692397098,0.054985431048722555,0.05338389266716481,1.4486037502616995,0.6294109453804015,38.3,39.4,0.02872062663185382,0.023947254817314745,0.0047733718145390736,38.3,38.65,38.3,38.85,0.01436031331592691,0.02772261685177191,-0.013362303535845,38.3,38.85,0.01436031331592691,0.04882853891134564,-0.03446822559541873,0.0017501423,0.005,4
2025-02-18,38.3,39.15,38.15,38.65,8042000,0.009138381201044377,0.010457516339869244,-0.0038659793814432852,0.003896103896103842,0.03619302949061676,0.09180790960451968,38.529999999999994,37.207499999999996,35.413333333333334,37.97545460924558,37.187228852765145,0.7882257564804362,0.7096453669884429,0.07858038949199331,0.020393939365599904,0.0020331278005690377,67.905072298504,37.207499999999996,1.1722981253660343,39.55209625073206,34.86290374926793,0.1260281529655079,0.8076222610928432,0.7491424623616627,0.019382728651013266,38.57838339679957,35.418351736415204,9.297886569893423,78.33333333333339,71.90164954870842,2780200283.0,2726887143.0,0.15838517666886504,0.26089705654985423,0.6341276381857166,8289680.0,-0.06568115361506814,0.9701218864901903,0.0258732212160414,0.038769065376604184,0.09139683734939763,1.0,2.0,0.002587322121604174,1.0,1274.05,1278.14,0.004258595763404482,0.007639244747526641,0.03992449575695467,0.08886097848500753,0.004879785437639894,-0.0037431408514227993,0.05188341384756501,0.04989152006636721,1.4557503264927436,0.6329073067158387,38.65,39.25,0.015523932729624823,0.017616742152116283,-0.0020928094224914595,38.65,38.75,38.65,39.2,0.014230271668822958,0.024449476807746562,-0.010219205138923604,38.65,38.4,-0.0064683053040103244,0.039333125097610555,-0.04580143040162088,0.0015724178,0.005,4
2025-02-19,38.65,39.1,38.5,38.75,7478000,0.002587322121604174,0.011749347258485754,0.013071895424836555,0.002587322121604174,0.04026845637583887,0.10398860398860399,38.55,37.39,35.526666666666664,38.09461543859241,37.30298967848625,0.7916257601061645,0.7260414456119872,0.06558431449417723,0.02042905187370747,0.0016924984385594125,68.64842028174564,37.39,1.1093620736829644,39.608724147365926,35.171275852634075,0.11868008276897168,0.8064824443395981,0.7384894293358297,0.019057791724795606,39.99520065028809,33.36290002670387,8.758297461145025,81.66666666666676,76.08465608465615,2787678283.0,2732732248.0,0.15111472298946096,0.25236393655393047,1.1516029946282789,8314695.0,-0.2223221358106789,0.8993715343737804,0.015483870967741972,0.03637336186146034,0.09072996809908052,2.0,2.0,-0.003856041131105381,0.0,1280.6,1288.56,0.008152471560235908,0.017088822410431526,0.04237247002863653,0.0905882369788135,-0.0055651494386317335,-0.014501500288827351,0.061616133959967456,0.05911143639305316,1.3843555754358414,0.6066676748707596,38.9,38.55,-0.00899742930591263,0.00774977957213796,-0.01674720887805059,38.9,38.75,38.9,38.8,-0.0025706940874036244,0.009103283988429522,-0.011673978075833147,38.9,38.4,-0.01285347043701801,0.02451003140130248,-0.03736350183832049,0.001295844,0.005,4
2025-02-20,38.9,39.05,38.55,38.75,7041600,0.0,0.002587322121604174,0.011749347258485754,-0.0012886597938143174,0.03748326639892907,0.09308885754583907,38.54,37.555,35.63250000000001,38.195443832655116,37.41017562822801,0.7852682044271049,0.7378867973750108,0.04738140705209404,0.02026498592069948,0.0012227459884411364,68.64842028174564,37.555,1.0494234005795944,39.65384680115919,35.45615319884081,0.11177456004043086,0.7846801394318068,0.7214544700975561,0.01861817987348532,41.310816671384565,31.71133060244106,8.324733943469766,81.66666666666676,80.55555555555564,2787678283.0,2738099938.0,0.1509101985307544,0.41150750718224166,1.261199578389872,8189360.0,-0.3050986786714444,0.8598474117635566,0.012903225806451613,0.031819997337238615,0.08749035290815943,3.0,2.0,0.002580645161290418,1.0,1292.94,1292.98,0.0034301856335754444,0.017813988270948933,0.0407450336456423,0.09009033007479544,-0.0034301856335754444,-0.01910264806476325,0.05234382390019676,0.05029456995517978,1.3800274458414636,0.5987053839079639,38.75,38.3,-0.011612903225806548,0.010953672997688457,-0.022566576223495005,38.75,38.85,38.75,39.5,0.019354838709677358,0.019008526394718617,0.00034631231495874104,38.75,38.9,0.003870967741935516,0.023422462373321462,-0.019551494631385946,0.00029435736,0.005,4
2025-02-21,38.75,38.95,38.3,38.85,8170200,0.002580645161290418,0.002580645161290418,0.005174644243208348,0.015686274509803866,0.03738317757009346,0.08671328671328671,38.660000000000004,37.71,35.729166666666664,38.29614478147741,37.516829285396305,0.7793154960811037,0.7461725371162294,0.03314295896487429,0.02005960092872854,0.0008531006168564811,69.46853163490641,37.71,0.9963882143441977,39.702776428688395,35.71722357131161,0.10568954806090661,0.7860330902123139,0.7163505793763025,0.01843888235202838,41.82612887041581,29.656035582993496,10.277979772368624,83.01886792452845,82.11740041928734,2795848483.0,2743590343.0,0.15030635121030303,0.5152924923286828,1.4078599242040486,8312075.0,-0.03817171048959767,0.98293145814974,0.016731016731016877,0.03023070803500394,0.08734693877551036,4.0,2.0,0.01415701415701398,1.0,1293.63,1296.75,0.0029157450231247495,0.016198044009779977,0.03813915507841581,0.0892625252443593,-0.0003350998618343315,-0.0005117694999761113,0.0485741316348709,0.04678961524305647,1.3557688736822018,0.5857858898684429,38.85,38.25,-0.015444015444015524,0.005368186754364901,-0.020812202198380425,38.85,39.4,38.85,39.75,0.02316602316602312,0.02130330640254452,0.0018627167634786002,38.85,38.65,-0.005148005148005175,0.018091636565284785,-0.02323964171328996,0.00029435736,0.005,4
2025-02-24,38.85,39.6,38.7,39.4,7261100,0.01415701415701398,0.016774193548387162,0.016774193548387162,0.02872062663185382,0.024707412223667014,0.09596662030598035,38.879999999999995,37.8825,35.84166666666667,38.465968661250116,37.656323412403985,0.809645248846131,0.7588670794622098,0.05077816938392121,0.020549371798125153,0.0012887860249726196,73.56443225196925,37.8825,0.9740413640842744,39.83058272816855,35.93441727183145,0.10284868887578964,0.8894855126164596,0.729468395135138,0.01851442627246543,42.85166181781608,33.40725733676791,9.372214319763327,92.30769230769221,85.66440896629582,2803109583.0,2749125843.0,0.15437137151972444,0.3912341977659212,0.8850155741225324,8357170.0,-0.2964565379613246,0.8688467507541429,0.022842639593908594,0.04005807430871777,0.09927923738665423,0.0,2.0,-0.006329113924050667,0.0,1298.39,1304.56,0.006022749180643938,0.02501728581306173,0.04402384858549069,0.0902325044249538,0.008134264976370043,0.003703340818792089,0.05194277172048967,0.049752476239757426,1.3586354562750986,0.5932182568533109,39.5,38.85,-0.016455696202531622,0.001920634191879822,-0.018376330394411444,39.5,39.25,39.5,40.0,0.012658227848101333,0.017920817838177117,-0.005262589990075783,39.5,38.6,-0.02278481012658229,0.017951425554382228,-0.040736235680964517,0.0008176659,0.005,4
2025-02-25,39.5,39.7,39.25,39.25,6148600,-0.0038071065989847552,0.01029601029601035,0.012903225806451646,0.015523932729624823,0.01948051948051943,0.08876560332871031,39.0,38.042500000000004,35.94833333333334,38.58658886721164,37.77437353000369,0.8122153372079453,0.7695367310113569,0.042678606196588365,0.020693384387463574,0.001087353024116901,70.77574740980674,38.042500000000004,0.9184189790353832,39.87933795807077,36.20566204192924,0.09656767867888633,0.8286898538584848,0.7095063669111997,0.01807659533531719,43.879234269624035,32.90054026897073,8.947623702904073,81.99999999999989,85.77552007740685,2796960983.0,2754084108.0,0.15716797072493857,0.4457813186411059,0.6807344550873672,8394795.0,-0.6121689564988422,0.7324300355160549,0.011464968152866314,0.0317408161924162,0.09184477722657514,1.0,2.0,-0.017834394904458706,0.0,1306.86,1303.16,-0.001073158766173976,0.019575320387438033,0.04579926008554769,0.08919575931766657,-0.002733947832810779,-0.00405138765781321,0.04296634324316262,0.041084694628343854,1.3690780152859707,0.5945425928150235,39.25,39.2,-0.00127388535031836,0.005171779705170243,-0.006445665055488603,39.25,38.55,39.25,39.9,0.016560509554140124,0.020978270863342363,-0.004417761309202239,39.25,38.65,-0.015286624203821653,0.02050323332005277,-0.035789857523874424,0.00084711745,0.005,4
2025-02-26,39.25,39.35,38.55,38.55,15149500,-0.017834394904458706,-0.021573604060913687,-0.007722007722007818,-0.005161290322580725,-0.002587322121604174,0.06052269601100391,38.96,38.152499999999996,36.0375,38.58095981071754,37.831827342596014,0.7491324681215232,0.7654558784333901,-0.016323410311866904,0.019432748848807347,-0.0004234347681418134,59.44982475246709,38.152499999999996,0.8327941237973101,39.818088247594616,36.486911752405376,0.08731214193537096,0.6193272108439932,0.7159701978461144,0.01857250837473708,43.10927356877993,30.27468953081374,15.217028812893997,53.99999999999977,76.10256410256397,2781811483.0,2757904788.0,0.17474784147148728,0.24356428790817714,0.4297470700082323,8772160.0,1.6104326163953286,1.7269976835807828,0.020752269779507247,0.010418714369962778,0.06971904266389162,2.0,2.0,-0.006485084306095956,0.0,1305.16,1302.96,-0.00015347309616631222,0.011175265412553648,0.04863464061229905,0.0876428495318085,-0.017680921808292394,-0.016336555735134373,0.011888055398704855,0.011336699111678561,1.3766766208358046,0.5845784330071396,38.55,38.8,0.006485084306095956,-0.00198881673053819,0.008473901036634146,38.55,38.3,38.55,39.75,0.031128404669260812,0.02072958976830286,0.010398814900957953,38.55,38.6,0.0012970168612194133,0.014365376230580429,-0.013068359369361016,-0.00012947049,0.005,4
2025-02-27,38.55,38.65,38.1,38.3,12864400,-0.006485084306095956,-0.02420382165605106,-0.027918781725888353,-0.011612903225806548,-0.012886597938144284,0.035135135135135,38.870000000000005,38.2175,36.122499999999995,38.5377352244533,37.866506798700016,0.6712284257532843,0.746610387897369,-0.07538196214408466,0.017525546364315518,-0.001968197445015265,56.002941171856534,38.2175,0.7876138180069798,39.792727636013964,36.64227236398604,0.08243488642710607,0.5261866914069506,0.7041151837142489,0.018384208452069162,41.48098145702297,28.58553009993442,18.933003029303872,43.99999999999977,59.99999999999983,2768947083.0,2760574478.0,0.16851943349241738,0.4530813976923488,0.9650900494416433,8907610.0,0.9757780596181584,1.4442033272673591,0.014360313315926819,0.0021586969320337435,0.060280988303689,3.0,2.0,0.0,0.0,1307.31,1307.8,0.003714619021305321,0.01146189422883559,0.0382413883441961,0.07695946224672294,-0.010199703327401277,-0.023074797454642137,-0.003106253209061105,-0.002991841053471167,1.358101454638626,0.5758225942318009,38.25,39.5,0.03267973856209161,0.008476521260155634,0.024203217301935975,38.25,38.25,38.25,39.0,0.019607843137254832,0.014635004666676776,0.004972838470578056,38.25,38.25,0.0,0.012753033339963471,-0.012753033339963471,-0.00012947049,0.005,4
2025-02-28,38.25,38.7,38.25,38.25,5601900,-0.0013054830287205776,-0.0077821011673151474,-0.02547770700636942,-0.015444015444015524,0.0,0.03378378378378377,38.75,38.28,36.207499999999996,38.4934682668451,37.89491370250001,0.5985545643450862,0.7169992231869124,-0.1184446588418262,0.015648485342355196,-0.0030965923880216,55.312205804282954,38.28,0.7336641996816199,39.74732839936324,36.81267160063676,0.07666292577655379,0.48977733954681857,0.6859640991632313,0.017933701938908007,40.03368254937999,27.766715013405385,18.045841715178906,9.374999999999902,35.7916666666665,2763345183.0,2762964073.0,0.16876599781688345,0.47040842891826923,0.953242124610102,8946795.0,-0.8326803672197592,0.6261348337589048,0.011764705882353016,-0.0007836990595611049,0.05641096457916195,4.0,2.0,0.01303780964797907,1.0,1307.14,1305.36,-0.0018657287046949245,0.006639676113360249,0.03186435318762104,0.07750669022110815,0.0005602456759743468,-0.022083691557375773,0.00191943059616273,0.0018601578688450804,1.3571360331158036,0.5764099695205479,38.35,39.75,0.03650586701434144,0.014598651843577004,0.021907215170764438,38.35,38.85,38.35,38.85,0.01303780964797907,0.014675164693910281,-0.0016373550459312103,38.35,38.25,-0.0026075619295958807,0.008026197999954077,-0.010633759929549957,-4.3785338e-05,0.005,4
2025-03-03,38.35,38.85,38.35,38.85,5444600,0.015686274509803866,0.01436031331592691,0.0077821011673153695,-0.013959390862944066,0.01436031331592691,0.0629274965800275,38.64,38.394999999999996,36.3,38.548319302715086,37.96566083564816,0.5826584670669277,0.6901310719629156,-0.10747260489598787,0.014997643939946658,-0.002766347616370344,61.455840287289774,38.394999999999996,0.6196136317345664,39.63422726346913,37.155772736530864,0.06455149178117632,0.6835821456696586,0.6798238063658578,0.017498682274539455,38.88905719249293,27.59229702529698,16.90820397857308,46.87499999999996,33.416666666666565,2768789783.0,2766075923.0,0.1673367991075927,0.3091387679547782,0.7685967233469663,8769000.0,-0.8123145982276376,0.6208917778538031,0.01287001287001287,0.011850501367365762,0.07024793388429762,0.0,3.0,0.014230271668822958,1.0,1306.97,1309.37,0.0030719495005209208,0.00368706690378362,0.044963009664573006,0.06559662960406272,0.012614325009282945,-0.017646457766727686,0.01796448691545449,0.017191505105258242,1.3857969547880453,0.580104480571418,38.65,40.0,0.03492884864165591,0.01795197502333923,0.01697687361831668,38.65,39.2,38.65,38.85,0.005174644243208348,0.022527968656739228,-0.01735332441353088,38.65,38.3,-0.009055627425614499,3.060865306614424e-05,-0.009086236078680643,-0.00261979,0.005,4
2025-03-04,38.65,39.4,38.5,39.2,9150800,0.009009009009009139,0.024836601307189676,0.023498694516971508,-0.00127388535031836,0.014230271668822958,0.050938337801608835,38.629999999999995,38.489999999999995,36.40166666666667,38.64857787152815,38.05709336634089,0.5914845051872604,0.6704017586077846,-0.07891725342052425,0.015088890438450518,-0.002013195240319496,64.520065864635,38.489999999999995,0.5877253207334927,39.66545064146698,37.31454935853301,0.061078235462041455,0.8020118305920156,0.6955506773397251,0.01774363972805421,38.492146646155994,30.69024657191808,15.345476767655235,68.75000000000003,41.66666666666665,2777940583.0,2769012813.0,0.15606001215136864,0.26425829471983947,1.5020875395458093,8594040.0,0.13948984946097046,1.0647844320017128,0.02295918367346935,0.018446349701221276,0.07687376951604774,1.0,3.0,-0.012722646310432517,0.0,1306.82,1311.91,0.0019398642095054264,0.006714447957273162,0.03734541544106018,0.06001393673741995,0.007069144799503713,-0.007988333307591522,0.013592922360548654,0.013103564307718196,1.3875716421411113,0.5819981483578155,39.3,39.9,0.01526717557251911,0.015005636635081254,0.00026153893743785517,39.3,38.8,39.3,38.4,-0.022900763358778553,0.013809755948935187,-0.03671051930771374,39.3,39.7,0.010178117048346147,0.0034200664208889897,0.006758050627457157,-0.0011900965,0.005,4
2025-03-05,39.3,39.7,38.8,38.8,9606400,-0.010204081632653184,-0.0012870012870014325,0.01437908496732021,0.006485084306095956,0.001290322580645098,0.041610738255033475,38.68,38.5675,36.504999999999995,38.67187358360074,38.112123487352676,0.5597500962480666,0.6482714261358411,-0.0885213298877745,0.014426548872372852,-0.002281477574427178,58.76973886045645,38.5675,0.5130597072053046,39.59361941441061,37.541380585589394,0.053211611559505205,0.613290907829446,0.710154200386888,0.018302943308940414,38.44371098173778,30.929508298855904,13.956348977484986,43.749999999999694,53.124999999999915,2768334183.0,2771733348.0,0.16203502899832045,0.27048006192030455,1.0147792310982364,8810395.0,0.20312024485278443,1.0903483896011472,0.02319587628865994,0.006028391780644293,0.06286810026023848,2.0,3.0,0.016731016731016624,1.0,1312.84,1304.71,-0.0054881813539038315,0.0013430957205133875,0.027646285079670152,0.06480548045967353,-0.004715900278749352,0.005141988585582569,0.013964453175363323,0.013588774053983732,1.3871220750479891,0.590770741844898,38.85,39.75,0.02316602316602312,0.020175532484212777,0.0029904906818103427,38.85,39.5,38.85,38.4,-0.011583011583011671,0.0126985825904804,-0.02428159417349207,38.85,39.25,0.01029601029601035,0.007499885322854283,0.0027961249731560667,-0.00026861866,0.005,4
2025-03-06,38.85,39.55,38.75,39.5,7514100,0.01804123711340222,0.007653061224489832,0.016731016731016624,0.031331592689295196,0.019354838709677358,0.05756358768406966,38.92,38.675,36.623333333333335,38.799277647662166,38.21492915495618,0.5843484927059848,0.6354868394498698,-0.051138346743885066,0.014793632726733792,-0.0012946416897186093,64.69908068472876,38.675,0.4677774999648546,39.610554999929704,37.73944500007029,0.048380349059066935,0.9409147511701554,0.7165717575021101,0.018141057151952154,38.28137474558973,28.46304146463222,13.341807873815895,87.49999999999983,66.66666666666653,2775848283.0,2774416163.0,0.1716655303439499,0.1780505017971279,0.3136678372552895,8772675.0,-0.3204114790340913,0.8565346373825543,0.020253164556961953,0.02133160956690383,0.07854737416947288,3.0,3.0,0.0025220680958386588,1.0,1308.02,1318.22,0.010354791486230752,0.007967579140541359,0.03676031081888831,0.07223168049943517,0.007686445627171468,0.023364013548753837,0.020803276865181353,0.02006565707434338,1.4042000244266266,0.597289642466371,39.65,39.0,-0.016393442622950838,0.004689109750924292,-0.02108255237387513,39.65,39.75,39.65,38.9,-0.018915510718789386,0.002916489909702502,-0.021832000628491888,39.65,36.55,-0.0781841109709962,-0.06835949336403857,-0.00982461760695763,-0.0004949662,0.005,4
2025-03-07,39.65,39.9,39.4,39.75,11663800,0.006329113924050667,0.024484536082474362,0.014030612244897878,0.03921568627450989,0.02316602316602312,0.061415220293724815,39.220000000000006,38.790000000000006,36.72,38.945542624944906,38.328638106440906,0.6169045185040005,0.631770375260696,-0.014865856756695495,0.015519610528402528,-0.000373983817778503,66.54929618284339,38.790000000000006,0.4321305845516335,39.65426116910327,37.92573883089674,0.044561029600580844,1.0553876734946128,0.7011023462519594,0.01763779487426313,38.506602643557365,30.57894196441667,12.662173665061832,91.66666666666673,74.30555555555544,2787512083.0,2777084753.0,0.17210350403580885,0.12247095943758637,0.2628294338521904,8758450.0,0.7418442027416641,1.3317196535916744,0.012578616352201259,0.024748646558391263,0.08251633986928097,4.0,3.0,0.0,0.0,1320.08,1326.05,0.005939827949811072,0.015850033707176525,0.03987609786700119,0.07362452163338144,0.0003892859742395949,0.02336565256733336,0.021539122426723623,0.02071316233819087,1.2017494552927082,0.5032857008530202,40.0,38.85,-0.028749999999999942,-0.004092820666866781,-0.02465717933313316,40.0,40.0,40.0,38.65,-0.03375000000000006,-0.007299489336136777,-0.02645051066386328,40.0,37.4,-0.06500000000000006,-0.09081556022829662,0.025815560228296563,-0.00023948561,0.005,4
2025-03-10,40.0,40.3,39.2,40.0,15036900,0.0062893081761006275,0.012658227848101333,0.030927835051546504,0.029601029601029616,0.015228426395939021,0.0403120936280883,39.45,38.8675,36.82333333333334,39.10776683649184,38.45244269114899,0.6553241453428527,0.6364811292771274,0.01884301606572525,0.016383103633571316,0.00047107540164313124,68.33652266267006,38.8675,0.5013862362434793,39.87027247248696,37.86472752751304,0.051599535472410626,1.0646844279596672,0.7295950358053905,0.018239875895134764,39.10119431296679,31.201906322026517,11.298560941758167,86.36363636363647,88.51010101010104,2802548983.0,2779448783.0,0.14851719935945126,-0.3878960808899549,0.054680578327529296,8453890.0,2.1630690343274113,1.7786959612675348,0.027499999999999858,0.02913745417122282,0.0862677650040733,0.0,3.0,0.012690355329949332,1.0,1331.6,1330.28,0.0031899249651219375,0.01596951205541597,0.05305321153206788,0.0602759251327305,0.00309938321097869,0.013631517545613647,-0.012741117903979582,-0.01209921565638905,1.2092500444339485,0.5081137482495003,39.4,38.85,-0.013959390862944066,0.012955115716700494,-0.02691450657964456,39.4,39.9,39.4,38.6,-0.02030456852791873,0.0084522843909427,-0.02875685291886143,39.4,34.8,-0.11675126903553301,-0.14128580850079986,0.024534539465266847,-0.0011590258,0.005,4
2025-03-11,39.4,39.9,39.4,39.9,5687100,-0.0025000000000000577,0.0037735849056603765,0.010126582278481067,0.017857142857142794,0.016560509554140124,0.036363636363636376,39.589999999999996,38.9375,36.92166666666667,39.22964886164694,38.55966915847129,0.669979703175656,0.6431808440568332,0.02679885911882285,0.01679147125753524,0.0006716506044817757,66.79911267286614,38.9375,0.5433509576301052,40.02420191526021,37.85079808473979,0.05581775487692876,0.9428537331553021,0.720338247533577,0.018053590163748797,39.65331514884697,29.345522100812506,10.62634335228678,81.81818181818184,86.6161616161617,2796861883.0,2781252803.0,0.14937148812883982,-0.3204086046604352,-0.05832178649830787,8462590.0,-0.9145686836967885,0.6720283033917512,0.012531328320802006,0.024719101123595433,0.08066627544802052,1.0,3.0,-0.006249999999999978,0.0,1319.17,1332.54,0.001698890459151503,0.015725164073755016,0.05052623280381563,0.060079950186747264,-0.004198890459151561,0.002131978783387778,-0.014162596440179254,-0.013481430542081618,1.2050700771542315,0.5053051380419138,40.0,38.4,-0.040000000000000036,-0.004978955316492617,-0.03502104468350742,40.0,39.75,40.0,38.65,-0.03375000000000006,-0.0042687439725485055,-0.029481256027451552,40.0,33.1,-0.1725,-0.18191129086518698,0.009411290865186994,-0.00029154503,0.005,4
2025-03-12,40.0,40.05,39.3,39.75,10908500,-0.003759398496240518,-0.006249999999999978,0.0,0.024484536082474362,0.031128404669260812,0.028460543337645472,39.779999999999994,38.9925,37.02583333333334,39.30970288293203,38.64784181339934,0.6618610695326907,0.6469168891520047,0.014944180380686012,0.016650592944218636,0.00037595422341348456,64.45660931821888,38.9925,0.5678387002251045,40.128177400450205,37.856822599549794,0.05825106881837306,0.833501397359722,0.7224569441383215,0.018175017462599283,40.312325752710926,28.652535516977363,9.838381663370528,75.00000000000009,81.06060606060616,2785953383.0,2782083703.0,0.15043479671976104,-0.19154805381173884,-0.1987916801899838,8580320.0,0.7549814031662264,1.2713395304604025,0.018867924528301886,0.019426812848624797,0.07357475636379984,2.0,3.0,-0.016393442622950838,0.0,1337.63,1334.41,0.0014033349843156628,0.022763679285051852,0.05327923846208482,0.05865005975832184,-0.005162733480556181,0.0017208567974225097,-0.02481869512443935,-0.023563262445652766,1.1830338932261708,0.502402689535867,39.65,38.4,-0.031525851197982346,-0.008258089633589316,-0.02326776156439303,39.65,39.0,39.65,38.6,-0.02648171500630514,-0.0071649970800953255,-0.019316717926209814,39.65,35.4,-0.10718789407314,-0.12527140140454918,0.018083507331409177,-0.0006474438,0.005,4
2025-03-13,39.65,39.7,38.95,39.0,16107200,-0.018867924528301883,-0.022556390977443552,-0.025000000000000022,-0.012658227848101222,0.018276762402088753,0.005154639175257714,39.67999999999999,39.0025,37.115,39.26205628555787,38.673927604999385,0.5881286805584836,0.6351592474333005,-0.04703056687481699,0.015080222578422656,-0.0012059119711491535,54.21865959819854,39.0025,0.5660284073210351,40.13455681464207,37.87044318535793,0.058050474438411374,0.4988958151359266,0.727995733842727,0.01866655727801864,39.98556421296971,26.403500711258317,12.500219737426756,40.90909090909092,65.90909090909098,2769846183.0,2781872163.0,0.16638024068670892,-0.20489838254824635,-0.49445702151752685,9148600.0,2.0631465266926017,1.7606191111208271,0.019230769230769232,-6.409845522714619e-05,0.05078809106830118,3.0,3.0,0.0012886597938146505,1.0,1335.66,1326.27,-0.00610007419009162,0.00610671966743026,0.04401936474200019,0.06628162954382306,-0.012767850338210263,-0.018764947515531483,-0.038864725566742475,-0.037226058135757634,1.2479086593979232,0.5228115499991396,38.8,38.9,0.002577319587628857,-0.001440596150364959,0.004017915737993816,38.8,38.85,38.8,38.25,-0.014175257731958713,-0.0015311048090267398,-0.012644152922931973,38.8,37.85,-0.02448453608247414,-0.077973209437036,0.053488673354561866,-0.00026861866,0.005,4
2025-03-14,38.8,39.05,38.35,38.85,12595200,-0.0038461538461538325,-0.02264150943396226,-0.02631578947368418,-0.02264150943396226,0.015686274509803866,0.015686274509803866,39.5,39.0325,37.19916666666666,39.198663010856656,38.68697000462906,0.5116930062275955,0.6104659991921596,-0.0987729929645641,0.013170991151289458,-0.002542419381327261,52.42516520639334,39.0325,0.5393160873781818,40.111132174756364,37.953867825243634,0.0552684134890855,0.4154021156279621,0.7259960385682462,0.018687156719903376,38.323533687641856,24.585067874949104,17.54253829616479,34.09090909090916,50.00000000000008,2757250983.0,2781431213.0,0.15829720289284666,-0.23572229004994122,-0.1044828609476613,9378010.0,0.933516793254437,1.3430567892335368,0.018018018018017907,-0.0046755908537756685,0.044378234279441875,4.0,3.0,-0.0038461538461538325,0.0,1325.84,1326.15,-9.047931416672483e-05,7.54119377097684e-05,0.03923735189016386,0.0661336221827978,-0.0037556745319871077,-0.022716921371672028,-0.023551077380359997,-0.02266188502320987,1.2555555996248462,0.5245774964389681,39.0,38.65,-0.008974358974359053,-0.006568366626083955,-0.002405992348275099,39.0,38.85,39.0,38.25,-0.019230769230769273,-0.00989012640723863,-0.009340642823530643,39.0,37.8,-0.030769230769230882,-0.06702138852564954,0.03625215775641866,-0.001200204,0.005,4
2025-03-17,39.0,39.2,38.5,38.85,5677600,0.0,-0.0038461538461538325,-0.02264150943396226,-0.028749999999999942,0.0,0.01436031331592691,39.269999999999996,39.06,37.279999999999994,39.14502254764794,38.69904630058247,0.4459762470654738,0.5775680487668224,-0.13159180170134865,0.011479440078905374,-0.003387176362969077,52.42516520639334,39.06,0.5133994033577222,40.08679880671545,38.033201193284555,0.05257546373350986,0.39774043433505996,0.7241391786705146,0.01863936109834014,36.99648728042456,24.36711968630309,16.33126988168871,34.09090909090916,36.36363636363644,2757250983.0,2780685848.0,0.15831248292437236,-0.2138474683249664,-0.11308458334225681,9357475.0,-1.0610636534778073,0.606744875086495,0.01801801801801809,-0.005376344086021501,0.04211373390557971,0.0,3.0,-0.01412066752246477,0.0,1330.62,1336.26,0.007623571994118228,0.0044952942237723725,0.049924570997548434,0.0667568271222461,-0.007623571994118228,-0.033245294223772315,-0.035564257681621525,-0.033873154952294704,1.2384287644310092,0.5212488158120882,38.95,38.6,-0.00898587933247752,-0.007342406876790886,-0.0016434724556866342,38.95,38.4,38.95,38.3,-0.016688061617458394,-0.024847779369627676,0.008159717752169282,38.95,38.45,-0.012836970474967901,-0.08384819723018155,0.07101122675521365,-0.0015853187,0.005,4
2025-03-18,38.95,39.1,38.4,38.4,6627800,-0.011583011583011671,-0.011583011583011671,-0.015384615384615441,-0.03759398496240607,-0.020408163265306256,-0.0064683053040103244,38.97,39.0475,37.35166666666667,39.03040369416364,38.676894722761546,0.3535089714020927,0.5327562332938766,-0.17924726189178386,0.009205962796929498,-0.004667897445098539,47.014242716065866,39.0475,0.5267764431447911,40.10105288628958,37.99394711371042,0.053962629427726755,0.19270645620820379,0.7224149516226209,0.01881288936517242,35.54666131431395,22.680615300453102,16.18969227512203,13.636363636363534,27.27272727272731,2750623183.0,2779206993.0,0.16083513400967125,-0.0006359466917374141,-0.28425810569986915,9286765.0,-0.7574340750970998,0.7136823210235211,0.01822916666666674,-0.016582367629169648,0.02806657445004679,1.0,3.0,0.0,0.0,1340.16,1330.97,-0.00395881041114754,-0.0011782010296125245,0.0413335002425399,0.0700890191237296,-0.007624201171864131,-0.036415783932793544,-0.047801805546550225,-0.04590441538221579,1.2598144837860097,0.528797496026771,38.4,38.65,0.006510416666666741,0.0011425135297655764,0.005367903136901164,38.4,38.4,38.4,39.7,0.03385416666666674,-0.009824113048707228,0.04367827971537397,38.4,38.15,-0.00651041666666663,-0.0902736019242334,0.08376318525756676,-0.00038430747,0.005,4
2025-03-19,38.4,38.6,37.9,38.4,12163700,0.0,-0.011583011583011671,-0.011583011583011671,-0.03396226415094339,-0.010309278350515427,-0.00903225806451613,38.7,39.03,37.42333333333333,38.93341851044615,38.65638400255698,0.2770345078891694,0.48161188821293516,-0.20457738032376577,0.007214440309613787,-0.0053275359459314005,47.014242716065866,39.03,0.5427512757866805,40.115502551573364,37.94449744842664,0.0556240098167237,0.20981182905242374,0.7208138836495768,0.01877119488670773,33.196212926942934,21.107350979737035,20.021394216944206,20.833333333333346,22.853535353535367,2750623183.0,2777354238.0,0.16048612658017275,0.040689634073534396,-0.2550918669701484,9521050.0,0.7465830443597096,1.2775586726253931,0.01822916666666674,-0.016141429669485063,0.026097799946557476,2.0,3.0,0.01302083333333326,1.0,1330.4,1324.63,-0.004763443203077422,-0.007329081766473511,0.02799248773825047,0.07013541501951208,0.004763443203077422,-0.026633182384469878,-0.0370247458027666,-0.03601655288768402,1.2455594450966985,0.5265612718140682,38.4,38.6,0.005208333333333481,-0.0005351220982816596,0.005743455431615141,38.4,38.9,38.4,39.25,0.02213541666666674,-0.006760627072656011,0.028896043739322752,38.4,38.3,-0.0026041666666667407,-0.08256707868555924,0.0799629120188925,-0.0005441605,0.005,4
2025-03-20,38.4,39.0,38.1,38.9,8974900,0.01302083333333326,0.01302083333333326,0.0012870012870012104,-0.002564102564102555,-0.0151898734177216,0.003870967741935516,38.68,39.0375,37.501666666666665,38.92827720114674,38.67442963199721,0.253847569149535,0.4360590244002551,-0.18221145525072013,0.006525644451144859,-0.004684099106702317,53.23419150917314,39.0375,0.5397063041474404,40.11691260829488,37.95808739170512,0.05530131838846651,0.43630795168438513,0.7336128919603212,0.01885894323805453,31.667556365724735,23.152355557999442,18.2669408228758,41.66666666666669,25.378787878787886,2759598083.0,2775950228.0,0.16742733587643827,-0.04957443796636644,-0.5933576086697541,9617715.0,-0.1839507748026922,0.9331634385090429,0.023136246786632356,-0.0035222542427154613,0.03728723167859216,3.0,3.0,-0.007702182284980874,0.0,1326.8,1323.93,-0.0005284494538098095,-0.0017643466262524665,0.023936951847669752,0.07001611351728422,0.013549282787143069,-0.0007997559378500885,-0.020065984105734236,-0.01959689419307087,1.2398471835591343,0.5203595577008412,38.95,38.25,-0.01797175866495515,-0.00014350453172207178,-0.01782825413323308,38.95,38.65,38.95,36.55,-0.061617458279846105,-0.071117824773414,0.009500366493567891,38.95,38.55,-0.010269576379974499,-0.07921450151057408,0.06894492513059958,-0.0012030281,0.005,4
2025-03-21,38.95,39.0,38.35,38.65,6529400,-0.006426735218509005,0.006510416666666741,0.006510416666666741,-0.005148005148005175,-0.02767295597484276,-0.005148005148005175,38.64,39.027499999999996,37.58083333333334,38.885465324047246,38.67262002962704,0.21284529442020528,0.3914162784042452,-0.17857098398403992,0.005506993387327433,-0.004620206571385251,50.06933397071883,39.027499999999996,0.5451882823002926,40.11787656460058,37.937123435399414,0.05587734620975376,0.3268946654506095,0.7276405425345839,0.018826404722757668,30.248089558879265,21.67507284637378,17.10138184533152,31.250000000000018,31.250000000000043,2753068683.0,2773811238.0,0.16880869051508574,0.07782694765592821,-0.6760610598793313,9535675.0,-0.8470527054434893,0.6847339071434376,0.016817593790426872,-0.009672666709371502,0.028449786016808032,4.0,3.0,-0.0025839793281654533,0.0,1324.0,1321.88,-0.0015484202336981667,-0.003219846925310077,0.019379217273954197,0.07035137693082837,-0.004878314984810839,-0.0019281582226950977,-0.02452722242195937,-0.024060940233361472,1.2541987634604745,0.5141089961062049,38.7,38.25,-0.011627906976744207,-0.004112177791216309,-0.007515729185527897,38.7,38.6,38.7,37.4,-0.033591731266150004,-0.08483634439489007,0.05124461312874007,38.7,40.45,0.04521963824289399,-0.08755763852143028,0.13277727676432427,-0.0008081353,0.005,4
2025-03-24,38.7,38.7,37.9,38.6,9208700,-0.001293661060801976,-0.007712082262210762,0.005208333333333481,-0.006435006435006385,-0.03499999999999992,-0.02030456852791873,38.589999999999996,38.9875,37.66,38.84154758188613,38.66724076817319,0.17430681371294554,0.34799438546598527,-0.17368757175303973,0.0045157205625115425,-0.004499678024690148,49.43630413798456,38.9875,0.5457672050470948,40.07903441009419,37.895965589905806,0.05599407041201364,0.3224975793632756,0.7328090752106854,0.018984691067634337,28.117622822089455,19.984897829279088,20.15410590433602,29.166666666666803,34.027777777777864,2743859983.0,2770848758.0,0.1600571745960727,0.17816508311487123,-0.27488046285996276,9633055.0,-0.12090200898258373,0.9559480351767949,0.020725388601036378,-0.009939083039435581,0.024960169941582677,0.0,3.0,-0.002580645161290307,0.0,1322.9,1330.32,0.006384845825642138,-0.004445242692290519,0.019746121297602226,0.07070718152287321,-0.007678506886444114,-0.0019897637427158665,-0.04005068982552096,-0.03927515779570456,1.2252856352494326,0.5064440925477114,38.75,38.3,-0.011612903225806548,-0.02129125508316554,0.009678351857358991,38.75,38.65,38.75,34.8,-0.10193548387096785,-0.1516524500295816,0.04971696615861376,38.75,40.65,0.049032258064516165,-0.10346816047450358,0.15250041853901974,9.831147e-05,0.005,4
2025-03-25,38.75,38.8,38.35,38.65,5559800,0.0012953367875647714,0.0,-0.006426735218509005,0.006510416666666741,-0.03132832080200498,-0.015286624203821653,38.64,38.957499999999996,37.729166666666664,38.81207872313442,38.66596367423443,0.14611504889998628,0.30761851815278546,-0.16150346925279918,0.003780466983182051,-0.004178614987135813,50.11551178583423,38.957499999999996,0.5470675412931212,40.05163508258624,37.863364917413755,0.056170703078290016,0.35947804576691295,0.7126084269813504,0.01843747547170376,26.261914474214837,20.085814399476266,19.24503645974744,31.250000000000018,30.55555555555564,2749419783.0,2768471698.0,0.15988517292948737,0.09625646245556971,-0.2784063950488089,9603615.0,-1.1413576261805207,0.5789278308220394,0.011642949547218518,-0.007893216967207795,0.02440640530093874,1.0,3.0,-0.001293661060801976,0.0,1335.29,1331.92,0.001202718143003212,0.0007137651487261198,0.022069431228705527,0.07028770289839881,9.261864456155955e-05,0.005796651517940621,-0.03735605543252718,-0.03654943029420099,1.2001719438028298,0.5018503814144233,38.65,39.7,0.027166882276843607,-0.01200003000007499,0.0391669122769186,38.65,38.6,38.65,33.1,-0.14359637774902967,-0.1792729481823705,0.035676570433340826,38.65,40.2,0.040103492884864256,-0.0917477293693234,0.13185122225418766,-0.0011253208,0.005,4
2025-03-26,38.65,39.2,38.45,38.6,10412200,-0.001293661060801976,0.0,-0.001293661060801976,0.005208333333333481,-0.028930817610062887,0.0012970168612194133,38.68,38.959999999999994,37.79416666666667,38.779451227267586,38.66107747614299,0.1183737511245937,0.26976956474714714,-0.15139581362255344,0.003066677490274448,-0.00392217133737185,49.40087870800232,38.959999999999994,0.5452184497010304,40.05043689940206,37.86956310059793,0.055977253562734315,0.33492855010803624,0.7152792536255397,0.018530550612060614,25.230240354092206,22.57591470186086,17.803663610147588,29.166666666666803,29.86111111111123,2739007583.0,2766331503.0,0.1466361057507201,0.19729998593922188,0.06535659330600262,9366750.0,0.31652227429709506,1.1116128860063523,0.019430051813471502,-0.009240246406570618,0.021321632527065537,2.0,3.0,-0.00390625,0.0,1333.33,1326.09,-0.004377139768154348,0.0011021945750886442,0.01775188800884142,0.07284042108442007,0.0030834787073523717,0.004106138758244837,-0.016454871147622008,-0.016167861088241087,1.202358607593907,0.5058088772693873,38.4,39.25,0.02213541666666674,-0.006146397381559421,0.02828181404822616,38.4,38.25,38.4,35.4,-0.078125,-0.1188856543839274,0.0407606543839274,38.4,40.2,0.04687500000000022,-0.07739935745637194,0.12427435745637216,9.831147e-05,0.005,4
2025-03-27,38.4,38.6,38.15,38.25,5286900,-0.0090673575129534,-0.010349288486416475,-0.0090673575129534,-0.016709511568123392,-0.019230769230769273,-0.0013054830287205776,38.55,38.957499999999996,37.8275,38.69799719230334,38.630627292724995,0.06736989957834538,0.2292896317133868,-0.1619197321350414,0.0017613045641397486,-0.004233195611373632,44.605907065436696,38.957499999999996,0.5485087438728042,40.054517487745606,37.860482512254386,0.056318679984373246,0.1775347668094514,0.6963307355094299,0.018204725111357643,23.68131783210444,21.53380300963409,20.059195998313214,14.583333333333401,25.0000000000001,2733720683.0,2764570183.0,0.1484506488885344,0.2014594496196713,-0.04645208561110281,8987875.0,-1.116372351338751,0.5882258042084475,0.011764705882353016,-0.018160816274144786,0.011169122992531921,3.0,3.0,0.0,0.0,1325.98,1323.81,-0.001719340316268081,-9.063923319219125e-05,0.012241933017280937,0.0725992827459318,-0.007348017196685319,-0.0166188723349312,-0.013547416046001515,-0.013383575214691468,1.0213503177087406,0.46123289129949213,38.25,36.55,-0.04444444444444451,-0.07141239183944681,0.0269679473950023,38.25,38.25,38.25,37.85,-0.010457516339869244,-0.07698464233400282,0.06652712599413357,38.25,39.15,0.0235294117647058,-0.07187297080986399,0.09540238257456979,-0.00028680312,0.005,4
2025-03-28,38.25,38.7,37.95,38.25,6500900,0.0,-0.0090673575129534,-0.010349288486416475,-0.010349288486416475,-0.015444015444015524,0.0,38.47,38.957499999999996,37.84666666666667,38.629074547333595,38.60243267844907,0.02664186888452491,0.18876007914761442,-0.1621182102630895,0.0006965194479614356,-0.004238384582041556,44.60590706543669,38.957499999999996,0.5485087438728042,40.054517487745606,37.860482512254386,0.056318679984373246,0.1775347668094514,0.7001642544016136,0.018304947827493166,22.109615153070322,19.88619449127616,20.564751145869256,16.279069767441936,20.00968992248074,2733720683.0,2763088958.0,0.14837346640124388,0.17864541010519316,-0.04577063473475005,9032825.0,-0.7736559288160408,0.7196973261410466,0.0196078431372549,-0.018160816274144786,0.010657037167517869,4.0,3.0,0.007894736842105177,1.0,1324.42,1317.46,-0.0047967608644744475,-0.003343722576935937,0.009269473555187924,0.0746461517436196,0.0047967608644744475,-0.007005565909480538,-0.009269473555187924,-0.00918433956249154,1.0282761549545967,0.48396379948483914,38.0,37.4,-0.015789473684210575,-0.0782940365889867,0.06250456290477613,38.0,38.3,38.0,37.8,-0.0052631578947369695,-0.054868253762818675,0.049605095868081706,38.0,39.25,0.03289473684210531,-0.06601396258878889,0.0989086994308942,0.00065025606,0.005,4
2025-03-31,38.0,38.75,37.95,38.3,7858700,0.0013071895424836555,0.0013071895424836555,-0.00777202072538874,-0.00777202072538874,-0.014157014157014314,-0.014157014157014314,38.410000000000004,38.92999999999999,37.861666666666665,38.57844769389766,38.58003025782321,-0.0015825639255524493,0.15069155053298106,-0.1522741144585335,-4.1320206933484316e-05,-0.003975825442781554,45.482620513112835,38.92999999999999,0.5676359099946476,40.065271819989285,37.7947281800107,0.058323751348024255,0.22253341054218287,0.7072953790872124,0.018467242273817557,20.55287158995735,18.784517402995416,18.903311425418444,18.604651162790645,16.489018087855353,2741579383.0,2761728438.0,0.13657425074773388,0.156837322070118,0.5444329056701175,9153530.0,-0.40763145450303007,0.8585430975809333,0.020887728459529954,-0.016182892370922075,0.011577232909274926,0.0,3.0,0.027166882276843607,1.0,1313.51,1306.86,-0.008045785071273626,-0.01763485477178428,-0.0019169524275033378,0.07976641272073286,0.009352974613757281,0.009862834046395541,-0.012240061729510976,-0.01226357041057935,0.9763219154827921,0.4710873117127822,38.65,34.8,-0.09961190168175937,-0.13727028323800672,0.037658381556247345,38.65,39.7,38.65,38.45,-0.005174644243208126,-0.06491854717713985,0.059743902933931725,38.65,39.1,0.011642949547218784,-0.06605332703746303,0.07769627658468181,9.794289e-05,0.005,4
2025-04-01,38.65,39.7,38.3,39.7,12024400,0.03655352480417773,0.03790849673202623,0.03790849673202623,0.027166882276843607,0.03385416666666674,0.012755102040816313,38.62,38.955,37.892500000000005,38.75099420252879,38.66299097946594,0.08800322306284869,0.1381538850389546,-0.050150661976105904,0.0022167058706007224,-0.0012632408558213074,63.0951126317356,38.955,0.5906953975030091,40.136390795006015,37.77360920499398,0.060654128866949916,0.8153063334966184,0.7567742805809834,0.01906232444788371,20.60399023761521,25.26896418103259,16.405431686309676,100.0,44.96124031007755,2753603783.0,2760511598.0,0.18785537108344222,1.4595777024064054,3.69589483177236,9297210.0,0.8415478016585127,1.2933342368301888,0.03526448362720417,0.01912463098446948,0.0477007323348948,1.0,4.0,-0.010088272383354302,0.0,1313.03,1317.33,0.008011569716725564,-0.010954111358039587,0.004131380963632969,0.08457625935762558,0.028541955087452164,0.038120993634883193,0.008623721077183344,0.008588239786816887,1.1204567925863176,0.5097269496246476,39.65,33.1,-0.16519546027742738,-0.17194463992493547,0.006749179647508097,39.65,39.25,39.65,38.15,-0.03783102143757877,-0.08416759362254356,0.046336572184964786,39.65,39.5,-0.003783102143757877,-0.06165580804068016,0.05787270589692228,-0.0011435163,0.005,4
2025-04-02,39.65,39.75,39.25,39.25,8155200,-0.01133501259445846,0.024804177545691974,0.02614379084967311,0.01683937823834203,0.02213541666666674,0.011597938144330078,38.75,38.9775,37.931666666666665,38.82776432521667,38.70647312913513,0.12129119608154326,0.13478134724747234,-0.013490151165929082,0.003090221556217663,-0.0003436981188771741,56.748928525490385,38.9775,0.5930463281802503,40.1635926563605,37.7914073436395,0.060860376184234524,0.6148729816927462,0.7384332605394845,0.018813586255783044,20.71921343281663,24.53048153342783,15.611983847729103,72.972972972973,63.85920804525457,2745448583.0,2759367318.0,0.18876669197119897,1.438856404424255,3.615527340840459,9224650.0,-0.32909897880089495,0.8840660621270183,0.012738853503184714,0.006991212879225106,0.034755481348038186,2.0,4.0,-0.040682414698162805,0.0,1321.53,1317.83,0.0003795556162844438,-0.006228838163322203,0.010055874485517702,0.08184465956686683,-0.011714568210742904,0.023068216401664232,0.001542063658812376,0.0015267112421852858,1.0660327753365786,0.49741792621352415,38.1,35.4,-0.07086614173228356,-0.08212150494551684,0.011255363213233283,38.1,36.55,38.1,38.3,0.005249343832020914,-0.04369652831789572,0.048945872149916636,38.1,38.85,0.019685039370078705,-0.024291561589164568,0.04397660095924327,-0.00032588496,0.005,4
2025-04-03,38.1,38.5,36.55,36.55,90990400,-0.06878980891719755,-0.07934508816120922,-0.04569190600522188,-0.04444444444444451,-0.06041131105398456,-0.07468354430379753,38.410000000000004,38.83,37.924166666666665,38.4773390444141,38.54673437882882,-0.06939533441472179,0.09394601091503352,-0.1633413453297553,-0.0018986411604575047,-0.004468983456354454,34.39517667635616,38.83,0.7903030731106246,40.41060614622125,37.24939385377875,0.08141159650894926,-0.22124229222149686,0.8785451705009502,0.024036803570477435,21.248936008396406,19.14558074483294,34.136736168921,0.0,57.657657657657694,2654458183.0,2753297813.0,0.3009304445369064,-1.7860628066018434,8.06106662875577,13398465.0,4.18381632994398,6.7911062946389755,0.05335157318741458,-0.058717486479526126,-0.0362345909600299,3.0,4.0,0.09677419354838701,1.0,1272.87,1229.84,-0.06676885485988326,-0.07098450684010549,-0.06704495455993698,0.24801149140100054,-0.0020209540573142837,0.02654006239566098,-0.007638589743860558,-0.00818752176880888,1.0446905462257017,0.7265827045679939,34.1,37.85,0.10997067448680342,0.05445386559478327,0.05551680889202015,34.1,37.4,34.1,38.55,0.13049853372434006,0.051572891238905294,0.07892564248543477,34.1,38.85,0.13929618768328456,0.07852811537698501,0.06076807230629955,-0.00082813675,0.005,4
2025-04-04,34.1,37.5,34.1,37.4,38581000,0.023255813953488413,-0.04713375796178343,-0.057934508816121055,-0.022222222222222254,-0.03234152652005173,-0.0591194968553459,38.239999999999995,38.7125,37.94583333333333,38.3115945760427,38.46179109150817,-0.15019651546546697,0.04511750563893342,-0.19531402110440038,-0.004015949611376122,-0.005222300029529422,42.12427840176456,38.7125,0.8204419540709093,40.353383908141815,37.07161609185818,0.08477282056916069,0.10006311431065461,1.0586490868937393,0.02830612531801442,23.21424816613558,14.753529501796676,42.83617198912319,58.407079646017664,43.79335087299691,2693039183.0,2748574168.0,0.31412030993953655,-1.5728519440529571,6.793289607532521,14744325.0,1.2305007233279772,2.6166677687856175,0.09090909090909087,-0.0339037778495318,-0.014384539365323357,4.0,4.0,-0.03333333333333344,0.0,1159.33,1210.67,-0.015587393482078826,-0.0810574894114432,-0.08701029372949731,0.2490940920702049,0.03884320743556724,0.05883526718922094,0.027890796874151413,0.030548862361311047,0.9294082033301456,0.6534668769534565,36.0,37.8,0.04999999999999982,0.05821982031130135,-0.008219820311301529,36.0,34.8,36.0,40.45,0.12361111111111112,0.02892237925567276,0.09468873185543836,36.0,39.5,0.09722222222222232,0.08239425814480783,0.01482796407741449,-0.0010254926,0.005,4
2025-04-08,36.0,36.9,34.8,34.8,50377200,-0.06951871657754016,-0.04787961696306431,-0.11337579617834403,-0.09138381201044388,-0.09844559585492241,-0.13000000000000012,37.54,38.4525,37.92166666666667,37.77134925665152,38.190547306952006,-0.41919805030048707,-0.04774560554895068,-0.3714524447515364,-0.012045920985646181,-0.010673920826193575,30.346937837731318,38.4525,1.1490814409320451,40.75066288186409,36.15433711813591,0.11953256000853453,-0.2946564686131789,1.1687455806870437,0.03358464312319091,25.03918088403624,12.409185926542131,36.02948179482289,12.389380530973378,23.59882005899704,2642661983.0,2740579818.0,0.3907679159753811,-1.464097995901173,3.350011521978557,16511340.0,1.616713845754728,3.051066721416917,0.06034482758620694,-0.09498732202067495,-0.08231881510130545,1.0,4.0,0.003030303030303161,1.0,1173.14,1132.79,-0.06432801671801569,-0.13319712899621994,-0.1484574676008058,0.3253591770294131,-0.0051906998595244724,0.04181331698577606,0.018457467600805688,0.02167533258591603,1.0005577109161927,0.7650460394946674,33.0,38.45,0.16515151515151527,0.14360894552025427,0.021542569631261,33.0,33.1,33.0,40.65,0.2318181818181817,0.11505108931548724,0.11676709250269446,33.0,39.75,0.20454545454545459,0.18041001853559502,0.024135436009859568,-0.011296251,0.005,4
2025-04-09,33.0,36.0,32.4,33.1,30887500,-0.048850574712643535,-0.11497326203208547,-0.09439124487004091,-0.16624685138539042,-0.14359637774902967,-0.17042606516290715,36.22,38.1125,37.858333333333334,37.052680140243595,37.813469728659264,-0.760789588415669,-0.19035440212229435,-0.5704351862933746,-0.02298457971044317,-0.01723369142880286,25.355293264439453,38.1125,1.6112985119885805,41.335097023977156,34.88990297602284,0.16910971591877513,-0.27771126248571937,1.3424066106379693,0.040556090955829883,27.633738025975102,10.032161336018468,41.89814572297189,9.523809523809561,26.773423233600226,2611774483.0,2731325448.0,0.41794249737516714,-1.1436485734370978,1.6413820379341924,17771360.0,0.6239904454897346,1.7380493108011992,0.10876132930513599,-0.131518530665792,-0.12568787145058324,2.0,4.0,0.0,0.0,1073.61,1094.3,-0.03397805418480038,-0.16930457819984357,-0.17878637789484741,0.33602265373026213,-0.014872520527843158,0.0030577268144531544,0.008360312731940267,0.010180436011897775,1.0414068888276373,0.793087024848172,35.4,38.15,0.07768361581920913,0.0379130255812159,0.03977059023799323,35.4,35.4,35.4,40.2,0.13559322033898313,0.03851332229930793,0.0970798980396752,35.4,40.0,0.12994350282485878,0.10048109494121382,0.02946240788364496,-0.0074180304,0.005,4
2025-04-10,35.4,35.4,35.4,35.4,231100,0.06948640483383683,0.017241379310344973,-0.053475935828877,-0.09808917197452238,-0.08290155440414515,-0.10943396226415103,35.45,37.894999999999996,37.83666666666667,36.7984216571292,37.634694193203025,-0.8362725360738281,-0.31953802891260114,-0.516734507161227,-0.023623517968187235,-0.01459701997630585,39.78606042628652,37.894999999999996,1.6711089920043203,41.23721798400864,34.552782015991355,0.17639361308925408,0.12674487242637814,1.4108061384495427,0.039853280747162226,30.042969657775473,8.863935067362874,37.019185666198965,40.81632653061224,20.909838861798416,2612005583.0,2722628058.0,0.5023730381019252,-0.1556066770596676,1.6482923811981958,17237490.0,-0.7970574817478359,0.013406824311428173,0.0,-0.0658398205568016,-0.06439961236895453,3.0,4.0,0.06920903954802271,1.0,1166.09,1168.34,0.06765969112674775,-0.11343648270262474,-0.12445200500595777,0.43304313939616096,0.0018267137070890893,0.015347310728102359,0.015018042741806736,0.017152735004445807,1.037507714366363,0.8411548164376486,35.4,38.3,0.08192090395480212,0.02647024100652695,0.055450662948275165,35.4,37.85,35.4,40.2,0.13559322033898313,0.0316141871721789,0.10397903316680424,35.4,40.1,0.13276836158192107,0.09071053918675065,0.04205782239517042,-0.002113533,0.005,4
2025-04-11,35.4,37.85,35.4,37.85,45803600,0.06920903954802271,0.14350453172205446,0.08764367816091978,0.03556771545827653,-0.010457516339869244,-0.029487179487179493,35.709999999999994,37.8375,37.86083333333333,36.96020294064778,37.650642771484286,-0.6904398308365032,-0.39371838929738157,-0.2967214415391216,-0.018241475055125578,-0.007839404003675604,50.716031372398106,37.8375,1.6507474383632905,41.13899487672658,34.53600512327342,0.17450914445862328,0.5018930818412168,1.4850342714174327,0.03923472315501804,29.681121860251107,19.60362752441891,32.656756046711884,74.1496598639456,41.49659863945582,2657809183.0,2717026208.0,0.5642861586632713,0.016772932492555487,0.9754184899780045,18722310.0,1.2162244483930529,2.4464716159491005,0.06472919418758263,0.00033036009250086984,-0.0002861356282877203,4.0,4.0,-0.0039525691699606735,0.0,1185.86,1222.46,0.04632213225602144,-0.006000780589344834,-0.07827214669712801,0.47157568605648076,0.02288690729200127,0.04156849604762136,0.048784967209948515,0.052927734618342104,1.0886562704754716,0.8618447095644918,37.95,38.55,0.015810276679841806,-0.012866292580626992,0.0286765692604688,37.95,37.8,37.95,39.15,0.03162055335968361,-0.00468012404757856,0.03630067740726217,37.95,40.0,0.054018445322792985,0.0605015344005313,-0.006483089077738313,0.0008529254,0.005,4
2025-04-14,37.95,38.5,37.55,37.8,12950500,-0.0013210039630120463,0.06779661016949157,0.1419939577039273,0.010695187165775444,-0.01176470588235301,-0.027027027027027084,35.79,37.785,37.90416666666667,37.08940248824043,37.66170626989286,-0.5723037816524297,-0.4294354677683912,-0.14286831388403848,-0.015140311683926712,-0.0037795850233872615,50.51450741136368,37.785,1.633457746783225,41.05191549356645,34.518084506433546,0.17292129117726351,0.5022957434971214,1.4468175377447592,0.038275596236633846,28.80480426464129,21.893212011055688,31.125122580499692,73.469387755102,62.81179138321997,2644858683.0,2711406593.0,0.5641821122858173,0.004973806029832126,0.9785550830825575,18740075.0,-0.26006905853887313,0.6910591339682471,0.02513227513227521,0.0003969829297341132,-0.0027481587336485314,0.0,4.0,0.026702269692923997,1.0,1235.01,1241.44,0.015526070382670953,0.025415678921588913,-0.06387663537307242,0.47637073149033815,-0.016847074345683,-0.01472049175581347,0.03684960834604534,0.039364051511235454,1.0585075198383742,0.8571506080242378,37.45,40.45,0.08010680907877177,-0.02074409397715482,0.10085090305592659,37.45,38.45,37.45,39.25,0.04806408544726293,-0.004737798546209926,0.05280188399347285,37.45,40.7,0.0867823765020026,0.06535565939771537,0.02142671710428723,-0.0013442023,0.005,4
2025-04-15,37.45,38.45,37.1,38.45,16839800,0.01719576719576743,0.01585204755614278,0.08615819209039555,0.10488505747126453,0.003916449086162066,-0.010296010296010238,36.519999999999996,37.765,37.95666666666667,37.29872518235729,37.72009839804895,-0.4213732156916592,-0.42782301735304484,0.006449801661385646,-0.010958991305374751,0.0001677451667460506,53.1223154340159,37.765,1.6221412100254944,41.00928242005099,34.520717579949014,0.17181424176094193,0.6055703405730684,1.4399019993344193,0.0374486865886715,28.245790737144276,20.42704892552293,31.273003900483516,82.31292517006807,76.64399092970525,2661698483.0,2706628968.0,0.5677828150275156,-0.0678574821962676,0.8729363133130938,19298185.0,-0.11146138084839331,0.8726105589722557,0.03511053315994802,0.018138488018006216,0.012997277597259993,1.0,4.0,-0.011658031088082943,0.0,1232.64,1227.79,-0.010995295785539483,0.08386373467279906,-0.08117432236241451,0.47551767237985837,0.028191062981306914,0.02102132279846547,0.07087831206640427,0.07714010806559224,1.042539408508723,0.8430575387250905,38.6,40.65,0.05310880829015541,-0.022982314390878722,0.07609112268103413,38.6,38.15,38.6,39.1,0.012953367875647714,0.0008242946567751375,0.012129073218872577,38.6,39.8,0.031088082901554293,0.062107745921373914,-0.03101966301981962,-0.0016828743,0.005,4
2025-04-16,38.6,38.85,38.05,38.15,9915900,-0.007802340702210753,0.0092592592592593,0.007926023778071167,0.1525679758308156,-0.03904282115869029,-0.00651041666666663,37.53,37.7525,38.002500000000005,37.429690538917704,37.75194296115643,-0.3222524222387264,-0.4067088983301812,0.08445647609145479,-0.008446983544920746,0.002213800159671161,51.76638277850956,37.7525,1.6179482621354697,40.98839652427094,34.516603475729056,0.17142687367834936,0.5614203818043222,1.3941947136676753,0.03654507768460486,27.3837148779166,21.639134226073235,29.991239756067667,78.23129251700679,78.0045351473923,2651782583.0,2701686938.0,0.5669096452344118,-0.08440429453426486,0.9015061782981002,19462590.0,-0.4345606668508219,0.509485119914667,0.020969855832241265,0.01052910403284546,0.0038813235971315585,2.0,4.0,0.007894736842105177,1.0,1225.29,1210.3,-0.014245107062282658,0.10600383806999902,-0.09066320052292698,0.47696415789785895,0.006442766360071905,0.04656413776081658,0.08415278385626035,0.09254303125602492,1.0403128338352505,0.8439235137488046,38.0,40.2,0.05789473684210544,0.007797741401263103,0.05009699544084234,38.0,38.3,38.0,39.5,0.03947368421052633,0.03197323635395244,0.007500447856573889,38.0,39.0,0.026315789473684292,0.07877632882001939,-0.0524605393463351,-0.0017043449,0.005,4
2025-04-17,38.0,38.5,37.95,38.3,12994500,0.003931847968545288,-0.0039011703511054874,0.013227513227513255,0.08192090395480212,-0.02420382165605106,-0.0026041666666667407,38.11,37.747499999999995,38.05583333333333,37.56358430216113,37.79253977884855,-0.22895547668741756,-0.3711582140016285,0.14220273731421096,-0.0059779497829612945,0.003712865204026396,52.4203218874242,37.747499999999995,1.6159952937658892,40.97949058753177,34.51550941246822,0.17124262997717868,0.5854736400117332,1.3338950912628411,0.03482754807474781,26.646522340498564,21.0018211044012,29.64343012329788,80.27210884353738,80.27210884353745,2664777083.0,2697394633.0,0.5670555535452594,-0.10262200640937587,0.8994865321428926,19504130.0,-0.29650070989804317,0.6662435084261641,0.014360313315926819,0.014636730909331819,0.006416011561959367,3.0,4.0,-0.0012953367875648825,0.0,1201.63,1217.25,0.005742377922829167,0.04186281390691082,-0.08106414621441471,0.47828764328924067,-0.0018105299542838793,0.04005809004789129,0.07845997954774797,0.08538134541658104,1.0442502159172886,0.8485411518595432,38.6,40.2,0.041450777202072464,-0.004086716543061142,0.045537493745133606,38.6,38.55,38.6,38.85,0.006476683937823857,0.01105530092724516,-0.0045786169894213025,38.6,39.5,0.023316062176165664,0.07064646645554684,-0.04733040427938118,-0.0011209702,0.005,4
2025-04-18,38.6,39.15,38.5,38.55,14439400,0.006527415143603221,0.010484927916120546,0.002600780234070177,0.018494055482166427,0.05471956224350216,-0.00899742930591263,38.25,37.730000000000004,38.107499999999995,37.715340563367114,37.84864794337829,-0.13330738001117481,-0.3235880472035378,0.19028066719236297,-0.003458038391988971,0.004935944674250661,53.55063989627024,37.730000000000004,1.6047134520398698,40.939426904079745,34.52057309592026,0.17012599544552034,0.6277486642486904,1.2993311561726384,0.033705088357266884,25.385762021198577,23.593728917744464,28.258271553438846,83.67346938775508,80.72562358276645,2679216483.0,2693375553.0,0.5656171742192303,-0.07529712510451181,0.9396865963339041,19777355.0,-0.24429241217439812,0.7300976293341551,0.01686121919584951,0.021733368672143927,0.011611887423735645,4.0,4.0,0.04928664072632949,1.0,1228.37,1219.12,0.0015362497432735989,-0.002732195736465881,-0.0791658169238556,0.4785301584564212,0.004991165400329622,0.021226251218632308,0.07016838761794297,0.07620089361098437,1.0437165259906527,0.8482539062751487,38.55,39.15,0.015564202334630295,0.007251839590947107,0.008312362743683188,38.55,40.45,38.55,38.85,0.0077821011673153695,0.024574312918926644,-0.016792211751611275,38.55,41.8,0.08430609597924765,0.0841295334240153,0.00017656255523235131,-0.0005301684,0.005,4
2025-04-21,38.55,41.2,37.85,40.45,34146600,0.04928664072632949,0.05613577023498717,0.060288335517693525,0.07010582010582023,0.08155080213903765,0.04657179818887469,38.779999999999994,37.82,38.18583333333333,38.13605739977218,38.041340688313234,0.09471671145894334,-0.23992709547104157,0.3346438069299849,0.002341575066970169,0.008273023657107166,61.11189956449922,37.82,1.7062886779883955,41.232577355976794,34.40742264402321,0.18046416477931218,0.8853392503167461,1.4458075021603072,0.03574307792732527,24.406559259740273,29.816697641220895,23.58143823846372,91.47727272727273,85.14095031952176,2713363083.0,2691390273.0,0.591023422169569,-0.18116220883061857,0.4576712577960046,21158215.0,0.5946506335964641,1.6138696010036764,0.0828182941903585,0.06953992596509795,0.05929336795932194,0.0,4.0,0.0049443757725586845,1.0,1220.38,1207.07,-0.009884178751886519,-0.027685590926665893,-0.08685357218506984,0.4789519992063768,0.05917081947821601,0.09779141103248612,0.13342537037394453,0.14611607329310639,1.0141077241629766,0.7951189591842307,40.45,39.25,-0.02966625463535233,0.021159000482777968,-0.0508252551181303,40.45,40.65,40.45,39.5,-0.023485784919653918,0.056951172817925944,-0.08043695773757986,40.45,41.1,0.01606922126081578,0.09360901629792395,-0.07753979503710817,-0.004552192,0.005,4
2025-04-22,40.45,40.65,37.65,40.65,32019500,0.0049443757725586845,0.054474708171206254,0.06135770234986948,0.05721716514954478,0.1681034482758621,0.05310880829015541,39.22,37.9225,38.26416666666667,38.52281779980723,38.234574711401144,0.2882430884060838,-0.1342930586956165,0.4225361471017003,0.007090850883298495,0.010394493163633464,61.816513258166104,37.9225,1.8137976298653202,41.55009525973064,34.29490474026936,0.1913162507604003,0.8759377500403014,1.5568212520059996,0.038298185781205404,23.34144617083539,25.712634735182423,21.25323652386621,93.74999999999996,89.63358070500927,2745382583.0,2691466403.0,0.5908456899324628,-0.20916462924304335,0.47055373836960723,22298755.0,0.4463007686399911,1.4359321854516094,0.07380073800738007,0.07192300085701109,0.06235163447089298,1.0,4.0,-0.020706455542021773,0.0,1201.38,1197.13,-0.008234816539222978,-0.02497169711432723,-0.10011876841662148,0.47751727769552443,0.013179192311781662,0.08218886226387201,0.1532275767067769,0.170275333376124,1.0096600449342783,0.7929383393300693,41.05,39.1,-0.04750304506699132,0.008760745280302684,-0.05626379034729401,41.05,40.2,41.05,39.75,-0.03166869671132755,0.04248755809649141,-0.07415625480781896,41.05,41.8,0.018270401948842885,0.08128161888701513,-0.06301121693817224,-0.0026933437,0.005,4
2025-04-23,41.05,41.2,40.15,40.2,13621800,-0.011070110701106861,-0.006180469715698411,0.04280155642023353,0.053735255570118046,0.21450151057401823,0.040103492884864256,39.63,38.0,38.333333333333336,38.78084583060612,38.38016176981588,0.40068406079024044,-0.027297634798445117,0.42798169558868554,0.009967265193787074,0.01064631083553944,59.21667936539205,38.0,1.8784792281327185,41.75695845626544,34.24304154373456,0.19773465559291772,0.7927900355580307,1.5206197340055714,0.03782636154242715,22.706013663721674,27.027969383749753,20.204984483172826,88.63636363636364,91.28787878787881,2731760783.0,2690583453.0,0.5930148531444104,-0.1549899663147345,0.39883493756701754,22701855.0,-0.4217839084032337,0.6000302618442414,0.02611940298507473,0.05789473684210544,0.04869565217391303,2.0,4.0,0.0,0.0,1215.65,1211.0,0.01158604328686108,0.0005783689994216523,-0.09078623340741188,0.4806688354875507,-0.022656153987967942,0.05315688657069639,0.13088972629227613,0.14395924380116298,0.9938540107417613,0.7811646730330846,40.2,39.5,-0.017412935323383172,0.020802120548576664,-0.038215055871959835,40.2,40.2,40.2,40.0,-0.004975124378109541,0.056372347256293365,-0.061347471634402906,40.2,41.55,0.033582089552238736,0.09691466767645163,-0.06333257812421289,0.0005899017,0.005,5
2025-04-24,40.2,40.45,39.5,40.2,13836900,0.0,-0.011070110701106861,-0.006180469715698411,0.04960835509138395,0.13559322033898313,0.041450777202072464,40.010000000000005,38.08,38.3975,38.9991772412821,38.51496460168137,0.48421263960072736,0.07500442008138938,0.40920821951933795,0.012045090537331526,0.010179308943267112,59.21667936539205,38.08,1.9384882878431402,41.95697657568628,34.20302342431372,0.2036227193112541,0.7734089255652435,1.4798611815766023,0.036812467203398064,21.58392590514576,25.78863639600447,22.415870656205914,88.63636363636364,90.34090909090911,2731760783.0,2690221113.0,0.5929190277602306,-0.16079031864499907,0.40272552816057683,22873090.0,-0.42149795389690486,0.6049423143090855,0.02363184079601997,0.05567226890756305,0.046943160362002745,3.0,4.0,-0.026119402985074758,0.0,1214.78,1223.35,0.010198183319570564,0.005011295953994521,-0.0774758877602576,0.48341830619646126,-0.010198183319570564,0.04459705913738943,0.11892666496233006,0.1289144244409992,0.9883350448943743,0.7793652181760177,40.2,38.85,-0.03358208955223885,0.012052218129665171,-0.04563430768190402,40.2,39.15,40.2,40.1,-0.0024875621890547706,0.054002738029270914,-0.056490300218325684,40.2,41.5,0.03233830845771135,0.0917973206427849,-0.059459012185073545,0.0007110026,0.005,5
2025-04-25,40.2,40.5,39.15,39.15,23650700,-0.026119402985074758,-0.026119402985074758,-0.03690036900369009,0.015564202334630295,0.034346103038308984,0.0235294117647058,40.13,38.125,38.43333333333333,39.02238074262331,38.56200426081608,0.4603764818072307,0.15207883242655765,0.30829764938067306,0.011759297108741525,0.00787478031623686,53.16578615751987,38.125,1.9530340768309484,42.0310681536619,34.2189318463381,0.2049084933068537,0.6312061079936703,1.4705853828925595,0.03756284502918415,20.264035345950226,24.09763538668786,22.646030441031655,76.70454545454541,84.65909090909092,2708110083.0,2688940583.0,0.6004482671274259,-0.10376652039333092,0.21661318032333676,23791280.0,-0.006683182602351816,0.9940911123739454,0.03448275862068969,0.02688524590163932,0.018647007805724147,4.0,4.0,0.0,0.0,1227.16,1229.23,0.00480647402623946,0.008292866986022718,-0.07144529804125965,0.4843058172671222,-0.030925877011314218,0.007271335348607577,0.09497470980596545,0.10228229915331966,0.9778211560001238,0.7614117317461699,39.25,38.85,-0.010191082802547768,0.01301952523697647,-0.02321060803952424,39.25,39.25,39.25,40.0,0.019108280254777066,0.06111156120878225,-0.042003280954005184,39.25,41.05,0.04585987261146496,0.08715061168273519,-0.04129073907127023,0.0007110026,0.005,5
2025-04-28,39.25,39.3,38.75,39.25,9043800,0.0025542784163474774,-0.023631840796019987,-0.023631840796019987,-0.02966625463535233,0.03835978835978837,0.02614379084967311,39.89,38.175,38.47083333333333,39.05739908991203,38.61296690816304,0.44443218174899357,0.21054950229104485,0.23388267945794872,0.011323112910802385,0.005958794381094235,53.65152880517533,38.175,1.9691368667514582,42.113273733502915,34.23672626649708,0.20632737307153468,0.6364811174569929,1.4048292841145193,0.03579182889463744,18.9103154317158,23.423750787706535,24.046540380409105,77.84090909090907,81.06060606060606,2717153883.0,2688112243.0,0.6004126492753644,-0.11503343214119842,0.2193294803018758,23918425.0,-0.7106059441846548,0.37811018074977765,0.014012738853503112,0.028159790438768928,0.020253438752301678,0.0,4.0,-0.0025510204081633514,0.0,1234.3,1226.8,-0.0019768472946478655,0.016345365223226604,-0.06881423344921289,0.484290178294399,0.004531125710995343,-0.046011619858578934,0.094958024298886,0.10197538204500356,0.9789583980694302,0.7619211860953478,39.2,39.5,0.007653061224489832,0.034671012426156,-0.027017951201666168,39.2,39.1,39.2,40.7,0.03826530612244894,0.07003463027093093,-0.03176932414848199,39.2,41.3,0.05357142857142838,0.09338765532695037,-0.03981622675552199,0.00049233,0.005,5
2025-04-29,39.2,39.4,38.9,39.1,4551800,-0.003821656050955413,-0.0012771392081736277,-0.027363184079602032,-0.038130381303812966,0.016905071521456483,0.02088772845953013,39.58,38.215,38.513333333333335,39.063953076079414,38.649043433484294,0.41490964259512,0.2514215303518599,0.1634881122432601,0.010611499810616879,0.00418128164305013,52.7674618687,38.215,1.9799056330515394,42.174811266103085,34.25518873389692,0.20723858516828894,0.6117477501485749,1.3401986209634822,0.03427617956428343,17.57076907375868,23.33251295778044,23.405736099496902,63.793103448275865,72.77951933124348,2712602083.0,2686663378.0,0.6007639107118421,-0.0924536173028296,0.20711280258492434,23753080.0,-0.9109460026203006,0.19162988547169463,0.01278772378516624,0.023158445636530134,0.015232819802665665,1.0,4.0,0.007653061224489832,1.0,1227.25,1226.3,-0.0004075643951744201,0.024366610142591005,-0.06164394043738419,0.48401735789604944,-0.003414091655780993,-0.06249699144640397,0.08253166889691432,0.08795346718961228,0.9768019050594936,0.760424842607465,39.2,39.75,0.014030612244897878,0.02701038112757992,-0.012979768882682041,39.2,39.5,39.2,39.8,0.015306122448979442,0.05463666053469707,-0.039330538085717626,39.2,40.7,0.03826530612244894,0.07992900961935856,-0.04166370349690962,0.00049233,0.005,5
2025-05-05,39.2,39.65,38.95,39.5,5167000,0.010230179028132946,0.006369426751592355,0.008939974457215838,-0.017412935323383172,0.035386631716906924,-0.005037783375314908,39.44,38.205,38.55,39.131037218221046,38.7120772532262,0.41895996499484767,0.28492921728045745,0.13403074771439022,0.010606581392274625,0.003393183486440259,54.901576874011674,38.205,1.9725017510497886,42.15000350209957,34.259996497900424,0.20651765486714171,0.664131666715985,1.294470148037519,0.03277139615284858,16.517619095569742,23.8107693615792,22.50166982438886,70.68965517241377,70.77455590386624,2717769083.0,2684871643.0,0.5876412416047616,-0.02824980839708576,0.48128826433154703,23410210.0,-0.8551458009743607,0.22071566209786242,0.017721518987341665,0.03389608689962054,0.024643320363164856,0.0,5.0,-0.013959390862944066,0.0,1233.97,1240.05,0.011212590720052207,0.0239884393063583,-0.05866411605292521,0.48509189859254737,-0.0009824116919192605,-0.04140137462974147,0.0536263326776103,0.056968329362684145,0.9704272694926785,0.7598425240132479,39.4,40.0,0.015228426395939021,0.031310777143775725,-0.016082350747836704,39.4,38.85,39.4,39.0,-0.01015228426395931,0.04178252832918106,-0.05193481259314037,39.4,41.8,0.060913705583756306,0.0739371534195934,-0.013023447835837088,0.00049233,0.005,5
2025-05-06,39.4,39.7,38.85,38.85,8137000,-0.016455696202531622,-0.006393861892583175,-0.010191082802547768,-0.03358208955223885,0.01436031331592691,-0.010191082802547768,39.17,38.185,38.57666666666667,39.087800723110114,38.72229375298722,0.3655069701228939,0.30104476784894474,0.06446220227394917,0.009408158819122108,0.0016592587457901972,50.87858110770554,38.185,1.9633550768759291,42.11171015375186,34.25828984624815,0.2056676786042611,0.5846764815789385,1.2627222803205533,0.03250250399795504,15.446645992303068,22.665898571995214,21.985414503135438,42.682926829268276,59.055228483319326,2709632083.0,2683080818.0,0.5892763123577163,-0.008651230180075917,0.4385134818700054,23409300.0,-0.7158621575869039,0.3475968952510327,0.021879021879021916,0.01741521539871682,0.007085457530458861,1.0,5.0,-0.0025673940949936247,0.0,1244.3,1241.95,0.0015321962824079716,0.01520415253198193,-0.05757950570255643,0.4852021537165267,-0.017987892484939594,-0.04878624208422078,0.047388422900008664,0.05028373553711374,0.9700563361485808,0.755555357706803,38.95,40.1,0.029525032092426073,0.04216420916928554,-0.012639177076859465,38.95,38.85,38.95,39.5,0.014120667522464547,0.05966481347192021,-0.04554414594945566,38.95,41.6,0.06803594351732989,0.08552896623962614,-0.017493022722296248,0.00030470398,0.005,5
2025-05-07,38.95,39.15,38.55,38.85,9004500,0.0,-0.016455696202531622,-0.006393861892583175,-0.007662835249042099,0.0077821011673153695,0.0629274965800275,39.11,38.3,38.60166666666667,39.05121599647779,38.73175347498817,0.3194625214896192,0.30472831857707966,0.014734202912539518,0.008222973526116324,0.0003792587622275294,50.87858110770554,38.3,1.929616814974235,42.15923362994847,34.44076637005153,0.20152656031062507,0.5712576709183771,1.2153849745833711,0.0312840405298165,14.51959536836121,21.86664922022624,22.973270300130427,42.682926829268276,52.01850294365013,2709632083.0,2685839513.0,0.530174165264224,0.15776658516319128,1.0526152000247637,19310005.0,-0.7145609265413578,0.4663126705560149,0.01544401544401548,0.01436031331592691,0.006433228271663705,2.0,5.0,0.016731016731016624,1.0,1241.1,1250.37,0.006779661016949046,0.017197757946031178,0.01669322838743259,0.42216158522994557,-0.006779661016949046,-0.024860593195073277,0.04623426819259491,0.045475141273367825,0.9672053182797368,0.7542764163094033,38.85,40.0,0.029601029601029616,0.0433269074513678,-0.013725877850338186,38.85,39.5,38.85,41.8,0.07593307593307586,0.05393757866394755,0.021995497269128306,38.85,41.0,0.05534105534105538,0.07201236318447601,-0.016671307843420635,0.00030470398,0.005,5
2025-05-08,38.85,39.6,38.75,39.5,9549200,0.016731016731016624,0.016731016731016624,0.0,0.006369426751592355,-0.023485784919653918,0.05614973262032086,39.160000000000004,38.404999999999994,38.63583333333333,39.120259689327355,38.78866062498904,0.3315990643383131,0.31010246772932637,0.02149659660898673,0.008394913021223116,0.0005442176356705501,54.72611037126938,38.404999999999994,1.93519344878238,42.27538689756476,34.53461310243523,0.20155640659105659,0.6414587260887247,1.189286047827416,0.030108507539934586,13.743325503612814,23.45303605236088,21.800461034149667,52.112676056338,45.82617657162487,2719181283.0,2687146618.0,0.5274619767881363,0.18442826376197707,1.1488378759118982,17858415.0,-0.6008422830433747,0.5347171067533149,0.021518987341772187,0.028511912511391957,0.02236697366434459,3.0,5.0,0.008883248730964466,1.0,1255.34,1269.8,0.015539400337500231,0.035050537985001684,0.048840724557476234,0.42023520271771087,0.0011916163935163926,-0.02868111123340933,0.007309008062844624,0.0069686539545157355,0.9679261505698562,0.7565324023994043,39.4,40.7,0.032994923857868175,0.030364848960376722,0.0026300748974914523,39.4,39.75,39.4,41.1,0.043147208121827374,0.030867006669281993,0.01228020145254538,39.4,41.35,0.04949238578680215,0.05303256178893667,-0.0035401760021345208,0.00030470398,0.005,5
2025-05-09,39.4,40.15,39.3,39.75,15287300,0.006329113924050667,0.02316602316602312,0.02316602316602312,0.01662404092071612,-0.022140221402213944,0.14224137931034497,39.290000000000006,38.652499999999996,38.6575,39.21714281404623,38.859870949063925,0.3572718649823017,0.31953634717992146,0.037735517802380214,0.00898797144609564,0.0009493212025756028,56.14877995006197,38.652499999999996,1.7583241872214856,42.16914837444297,35.135851625557024,0.1819622727866489,0.6560434657010377,1.165051330125458,0.029309467424539822,13.524073648485667,25.60284441878815,20.6643742492112,59.154929577464756,51.316844154357035,2734468583.0,2691736948.0,0.45197429478353834,0.8230527122708027,1.3845476422200775,16103920.0,-0.07088987569251864,0.9492906075042599,0.021383647798742175,0.02839402367246624,0.028261010153269206,4.0,5.0,0.005025125628140836,1.0,1274.5,1267.3,-0.001968813986454543,0.03343390687433745,0.11874222053513894,0.3386553668098782,0.00829792791050521,-0.016809865953621328,0.02349915877520603,0.021004980721980315,0.9846527952228287,0.7757924337672447,39.8,39.8,0.0,0.022365898878169865,-0.022365898878169865,39.8,40.0,39.8,41.8,0.05025125628140703,0.032633629764635685,0.017617626516771345,39.8,41.75,0.04899497487437188,0.04475536561606397,0.004239609258307908,0.00030470398,0.005,5
2025-05-12,39.8,40.05,39.75,40.0,17745900,0.0062893081761006275,0.012658227848101333,0.029601029601029616,0.012658227848101333,-0.004975124378109541,0.2084592145015105,39.39,38.997499999999995,38.6825,39.337582381116036,38.944324952836965,0.39325742827907106,0.33428056339975143,0.058976864879319635,0.009831435706976777,0.0014744216219829908,57.58416667197038,38.997499999999995,1.1997231040183451,41.39694620803669,36.5980537919633,0.12305641172058174,0.7089023701890537,1.1032619494022107,0.027581548735055268,13.320482640153315,25.105562353817206,20.26301170800702,66.19718309859151,59.15492957746477,2752214483.0,2698758948.0,0.4010330947382378,1.4464983115581809,1.7945379234748742,15446840.0,0.20910504291316612,1.148836914216759,0.007499999999999929,0.025706776075389515,0.03405932915401033,0.0,5.0,-0.006195786864931829,0.0,1272.92,1283.26,0.012593703148425783,0.03484536913834124,0.17267659691126758,0.30467803960901196,-0.006304394972325156,-0.02218714129023991,0.03578261759024293,0.030513628126024983,0.9810036646968826,0.7753339673609486,40.35,39.0,-0.03345724907063197,0.00273834848191834,-0.03619559755255031,40.35,40.1,40.35,41.55,0.029739776951672736,0.030756140011603206,-0.0010163630599304696,40.35,41.95,0.039653035935563796,0.013784567781860435,0.02586846815370336,0.00030470398,0.005,5
2025-05-13,40.35,40.4,39.6,40.1,13378200,0.0024999999999999467,0.008805031446540879,0.0151898734177216,0.03217503217503226,-0.0024875621890547706,0.13276836158192107,39.64,39.2325,38.70666666666667,39.45487739940587,39.02993051188608,0.4249468875197948,0.3524138282237601,0.07253305929603471,0.010597179239895132,0.0018088044712228106,58.173931625434264,39.2325,0.8740822254466056,40.980664450893215,37.48433554910679,0.08911817757691778,0.7481173895158307,1.0816003815877668,0.026972578094458025,13.457111693048486,26.09058090138906,19.192481036027292,69.01408450704226,64.78873239436619,2765592683.0,2706438303.0,0.3336468028165088,1.7064833918463587,4.0321113038862055,16104195.0,-0.2617401526713027,0.8307276458090578,0.019950124688279232,0.022111769578793128,0.03599724423010664,1.0,5.0,-0.004975124378109541,0.0,1292.75,1293.43,0.00792512818914326,0.041450944079874485,0.10706643614016476,0.20861068487264808,-0.005425128189143313,-0.009275911904842227,0.025701925441756313,0.02321624484558238,0.9791543431044984,0.7750389020128257,40.2,39.5,-0.017412935323383172,0.015324635219640337,-0.03273757054302351,40.2,40.0,40.2,41.5,0.03233830845771135,0.03436269590056362,-0.0020243874428522712,40.2,42.9,0.06716417910447747,0.01615841889909686,0.05100576020538061,0.00030470398,0.005,5
2025-05-14,40.2,40.3,39.7,40.0,11857000,-0.0024937655860349794,0.0,0.0062893081761006275,0.029601029601029616,0.02171136653895278,0.056803170409511106,39.87,39.339999999999996,38.726666666666674,39.538742414881895,39.101787511005625,0.4369549038762699,0.36932204335426205,0.06763286052200784,0.010923872596906747,0.001690821513050196,57.31569079543711,39.339999999999996,0.8259922262916912,40.99198445258338,37.68801554741661,0.08398497471191585,0.6997597492421588,1.0472003543314974,0.026180008858287435,13.583981527879715,25.022812209092862,18.407020165868303,66.19718309859151,67.13615023474178,2753735683.0,2711234628.0,0.23821265598480723,1.2122282493458303,4.47256262809692,14406865.0,-0.3292880894466002,0.823010418991224,0.014999999999999857,0.016776817488561413,0.03288001377173333,2.0,5.0,0.01243781094527363,1.0,1295.3,1309.73,0.012602150870166806,0.047473947711477615,0.07138883889861436,0.14506638566869126,-0.015095916456201786,-0.017872918110448,-0.014585668489103254,-0.013613795439662457,0.9696447840131871,0.7702927658973304,40.2,41.8,0.03980099502487544,0.006741795326398625,0.033059199698476815,40.2,40.7,40.2,41.05,0.021144278606965106,0.021062403457642986,8.187514932211926e-05,40.2,42.85,0.06592039800995031,0.0007685342302101716,0.06515186377974014,0.00030470398,0.005,5
2025-05-15,40.2,41.1,40.05,40.7,18297100,0.01750000000000007,0.014962593516209433,0.01750000000000007,0.0303797468354432,0.03694267515923566,0.07671957671957697,40.11,39.485,38.767500000000005,39.71739742797699,39.220173621301505,0.4972238066754855,0.39490239601850674,0.10232141065697875,0.012216801146817825,0.0025140395738815417,61.587714264142015,39.485,0.7953979474051875,41.075795894810376,37.89420410518962,0.08057722653211989,0.8818843146263059,1.0509717575935333,0.02582240190647502,14.423414405283264,28.58923308107253,17.030897677584736,81.13207547169816,72.11444769244399,2772032783.0,2717593333.0,0.24313639252858193,0.98713421456995,3.571933532064635,14674195.0,0.46549938698663434,1.2468895227302077,0.0257985257985259,0.030771178928707288,0.04984845553620931,3.0,5.0,-0.02211302211302224,0.0,1314.19,1313.2,0.0026494010215847297,0.034178610804851184,0.05780384070112121,0.13792545679108695,0.014850598978415341,-0.003798863969407984,0.018915736018455753,0.01788208294452609,0.9749439215550451,0.7737729978704835,40.7,41.1,0.009828009828009687,-0.0003119649990489526,0.01013997482705864,40.7,39.8,40.7,41.3,0.014742014742014531,0.02100817957009693,-0.006266164828082399,40.7,45.0,0.10565110565110558,0.0066501807114323075,0.09900092493967327,0.00049233,0.005,5
2025-05-16,40.7,40.75,39.8,39.8,8322100,-0.02211302211302224,-0.0050000000000001155,-0.007481296758104827,0.0012578616352201255,0.01790281329923271,0.03511053315994794,40.12,39.552499999999995,38.792500000000004,39.73010551598053,39.26312372342732,0.4669817925532129,0.409318275325448,0.057663517227764916,0.01173321086817118,0.0014488320911498723,54.091779559298125,39.552499999999995,0.7594102628803181,41.07132052576063,38.03367947423936,0.07680022884827198,0.5814776979248593,1.0437594891939954,0.02622511279381898,14.857650348895632,26.73058298644529,17.634529295350973,49.01960784313717,65.44962213780896,2763710683.0,2722693943.0,0.25422427763301797,0.9925369214939613,3.3486395242787044,14248310.0,-0.7510659105446208,0.5840762869421005,0.023869346733668414,0.006257505846659628,0.0259715151124571,4.0,5.0,-0.012658227848101222,0.0,1314.25,1301.39,-0.008993298812062123,0.026899708040716508,0.05994510461886815,0.13542043273362375,-0.013119723300960118,-0.025641846405496382,-0.024834571458920207,-0.023430054396873845,0.9823745499041875,0.7745225009030606,39.5,41.8,0.05822784810126569,0.016117686165073142,0.04211016193619255,39.5,39.0,39.5,40.7,0.0303797468354432,0.030140459643942075,0.0002392871915011252,39.5,44.9,0.13670886075949373,0.016913907591932675,0.11979495316756106,0.00030470398,0.005,5
2025-05-19,39.5,39.65,38.95,39.0,15035800,-0.02010050251256279,-0.04176904176904184,-0.025000000000000022,-0.025000000000000022,-0.012658227848101222,0.022280471821756187,39.92,39.595,38.79833333333333,39.61778159044506,39.243633077247516,0.3741485131975466,0.40228432289986776,-0.028135809702321157,0.009593551620449912,-0.0007214310180082348,48.44718890637192,39.595,0.6980989222615116,40.99119784452302,38.198802155476976,0.07052394719146474,0.28692131550909744,1.0299195256801381,0.026408192966157387,14.195891195082561,25.154801372171402,22.49001615297828,17.647058823529495,49.26624737945496,2748674883.0,2727538558.0,0.2639766211276246,0.8868349708723686,2.747616271391916,14504305.0,0.06792071428726486,1.0366439481243672,0.01794871794871784,-0.015027149892663183,0.005197817775677738,0.0,5.0,0.012820512820512775,1.0,1293.61,1296.29,-0.003918886728805471,0.01015382697193079,0.07104850037180865,0.12236140673139045,-0.01618161578375732,-0.03515382697193081,-0.04876802855005247,-0.04553297869622419,0.9851715571700694,0.7723809626095747,39.0,41.55,0.06538461538461537,0.02609693366804766,0.03928768171656771,39.0,39.5,39.0,41.8,0.07179487179487176,0.02901541636506444,0.04277945542980732,39.0,45.5,0.16666666666666674,0.030409203616146296,0.13625746305052044,0.00030470398,0.005,5
2025-05-20,39.0,39.65,39.0,39.5,10361100,0.012820512820512775,-0.007537688442211032,-0.029484029484029506,-0.014962593516209544,0.016731016731016624,0.031331592689295196,39.8,39.655,38.810833333333335,39.599661345761206,39.26262321967363,0.33703812608757744,0.3892350835374097,-0.05219695744983227,0.008532610787027276,-0.0013214419607552473,51.83047153218713,39.655,0.6290970973500455,40.91319419470009,38.39680580529991,0.06345702658933745,0.43840378510212885,1.0027824167029853,0.025386896625392032,13.58140055225614,23.990140451889925,21.44873411213297,37.254901960784366,34.640522875817034,2759035983.0,2732251503.0,0.26704985196797926,0.7873566751746192,2.3708624577150434,14372635.0,-0.5094677814098637,0.7208907761172534,0.01645569620253161,-0.003908712646576773,0.017757069546733062,1.0,5.0,0.05822784810126569,1.0,1298.62,1315.15,0.01454921352475158,0.016792559319019906,0.08042719244197993,0.12837980936057516,-0.0017287007042388058,-0.03175515283522945,-0.04909559975268474,-0.045440914571687974,0.9862115453718451,0.7741667783519466,39.5,41.5,0.05063291139240511,0.007504718648248199,0.04312819274415691,39.5,41.8,39.5,41.6,0.05316455696202538,0.013099418722693823,0.040065138239331555,39.5,46.0,0.16455696202531644,0.01343028808193547,0.15112667394338097,0.00030470398,0.005,5
2025-05-21,39.5,42.25,39.5,41.8,39103400,0.05822784810126569,0.07179487179487176,0.05025125628140703,0.04499999999999993,0.07593307593307586,0.08430609597924765,40.160000000000004,39.8175,38.861666666666665,39.93817498487487,39.45057705525336,0.48759792962150783,0.40890765275422936,0.07869027686727847,0.011665022239748992,0.0018825425087865665,63.648618005202735,39.8175,0.7388246355561996,41.2951492711124,38.339850728887605,0.07422109731210637,1.170829011578484,1.1275836726527722,0.026975685948630916,15.067791115269307,36.281094897414974,17.71229813600214,87.83783783783777,47.57993287405056,2798139383.0,2738197648.0,0.3341356877126178,1.1238106302042943,1.8294184777080438,15605835.0,2.441993683000831,2.5056909803288323,0.06578947368421054,0.04978966534815088,0.0756100699060771,2.0,5.0,-0.015568862275449069,0.0,1329.83,1323.05,0.006006919362810281,0.010170035045391046,0.08525001640527607,0.12826591557017947,0.05222092873845541,0.03482996495460888,-0.0009439204260284217,-0.0008697723213633157,1.0013465777933857,0.748748614601206,41.75,41.05,-0.016766467065868373,0.016591286165594576,-0.03335775323146295,41.75,41.1,41.75,41.0,-0.017964071856287456,0.019523170981158744,-0.0374872428374462,41.75,47.2,0.13053892215568874,0.020348947324560385,0.11018997483112836,0.00030470398,0.005,5
2025-05-22,41.75,42.0,41.0,41.1,9149500,-0.01674641148325351,0.040506329113924044,0.05384615384615388,0.009828009828009687,0.040506329113924044,0.01606922126081578,40.24,39.85,38.899166666666666,40.11691729489412,39.572756532642,0.544160762252119,0.4359582746538073,0.10820248759831164,0.013239921222679293,0.0026326639318324,58.911320917365586,39.85,0.7811934190033984,41.412386838006796,38.28761316199321,0.07841339212079271,0.900028971568488,1.1184705531775743,0.027213395454442197,16.448010923781535,33.96408550362779,16.58114260492691,68.91891891891898,64.67055290584706,2788989883.0,2741978988.0,0.296177976713881,1.3046322646489583,3.704860230836511,14355980.0,-0.6010108964847704,0.637330227542808,0.024330900243309,0.031367628607277265,0.0565779044109771,3.0,5.0,0.01703163017031617,1.0,1319.97,1313.84,-0.006961188163712606,0.00048735912275343907,0.08845385934535699,0.12439133851495865,-0.009785223319540903,0.009340650705256248,-0.07238463808454121,-0.06650225681415334,1.0055714941314187,0.7493429607659878,41.1,41.3,0.0048661800486617945,0.021256840166523183,-0.01639066011786139,41.1,41.8,41.1,41.35,0.006082725060827299,0.021431887543476247,-0.015349162482648948,41.1,47.15,0.14720194647201934,0.029004589285578364,0.11819735718644098,0.00049233,0.005,5
2025-05-23,41.1,41.8,40.8,41.8,10650200,0.01703163017031617,0.0,0.05822784810126569,0.05025125628140703,0.051572327044025146,0.02829028290282909,40.64,39.9075,38.939166666666665,40.375853095679645,39.73773753022408,0.6381155654555641,0.4763897328141587,0.16172583264140544,0.015265922618554167,0.003869039058406829,61.9603582668896,39.9075,0.8793351256246776,41.666170251249355,38.14882974875064,0.08813733013841288,1.0380485621609765,1.1100083708077475,0.02655522418200353,17.47533385968219,31.77851089788262,16.801144639209223,87.83783783783777,81.53153153153153,2799640083.0,2744691863.0,0.3013962342485665,1.1668200253604988,3.061132100046892,13287515.0,-0.3458632786320745,0.8015193209565521,0.023923444976076555,0.047422163753680247,0.07346930040447708,4.0,5.0,0.00120481927710836,1.0,1313.93,1314.46,0.00047189916580414604,0.010043107754016845,0.09800940582894091,0.11635684029394963,0.016559731004512024,0.040208148527390186,-0.06971912292611182,-0.06349592504034829,1.00358706021545,0.7463722090043474,41.5,40.7,-0.01927710843373487,0.011783642603334643,-0.03106075103706951,41.5,41.55,41.5,41.75,0.006024096385542244,0.0097260606796854,-0.0037019642941431563,41.5,46.6,0.12289156626506026,0.024501169253196453,0.0983903970118638,0.00049233,0.005,5
2025-05-26,41.5,41.75,40.3,41.55,10359000,-0.005980861244019087,0.010948905109488871,-0.005980861244019087,0.06538461538461537,0.03874999999999984,0.033582089552238736,41.15,39.975,38.9775,40.556491080959695,39.87197919465193,0.6845118863077673,0.5180141635128804,0.16649772279488684,0.016474413629549153,0.004007165410225917,60.24102691285395,39.975,0.9517988509296704,41.87859770185934,38.07140229814066,0.09523940972404452,0.9136903502409185,1.1378649157500513,0.027385437202167302,17.8071116654691,28.786204512286584,18.35783727204754,81.08108108108102,79.2792792792793,2789281083.0,2747567878.0,0.29909923623201623,1.1627669575530337,3.174388537210906,13124375.0,-0.36136238244566704,0.7892947283203962,0.03489771359807468,0.039399624765478425,0.06599961516259367,0.0,5.0,-0.001203369434416346,0.0,1317.08,1332.51,0.013731874686182977,0.02794127857192441,0.10033856317093304,0.11827192558097391,-0.019712735930202063,0.037443336812690964,-0.0667564736186943,-0.0606690302903834,0.9893770747481115,0.7388191461407048,41.55,41.8,0.006016847172081841,-0.0013377276565851304,0.007354574828666971,41.55,41.5,41.55,41.95,0.00962695547533099,-0.020566628552638466,0.030193584027969456,41.55,46.45,0.1179302045728039,0.01501393777698068,0.10291626679582322,0.00049233,0.005,5
2025-05-27,41.55,42.1,41.1,41.5,8067700,-0.001203369434416346,-0.0071770334928229484,0.009732360097323589,0.05063291139240511,0.034912718204488824,0.03233830845771135,41.55,40.04,39.02666666666667,40.70164629927359,39.99257332838142,0.7090729708921728,0.5562259249887389,0.1528470459034339,0.017086095684148744,0.0036830613470706965,59.88312436244566,40.04,1.0105496159591778,42.061099231918355,38.01890076808164,0.10095400758832948,0.8611895885523198,1.1280174217679049,0.02718114269320253,18.38104091626494,29.179675859689233,17.195378195125286,78.57142857142857,82.49678249678247,2781213383.0,2750040508.0,0.2992267826779523,1.1717323360415373,3.181387735556255,12835915.0,-0.6166316955583645,0.6285255083100815,0.024096385542168676,0.036463536463536395,0.06337546976426367,1.0,5.0,-0.01558752997601931,0.0,1338.09,1339.81,0.005478382901441536,0.01875071284644325,0.09519761311153796,0.11659938125387799,-0.006681752335857882,0.03188219854596186,-0.06285930465382661,-0.057395399607600206,0.9868414707329499,0.7411790150066525,41.7,41.6,-0.0023980815347721673,0.002358490566037874,-0.0047565721008100414,41.7,41.05,41.7,42.9,0.028776978417266008,-0.020720492827807857,0.049497471245073865,41.7,46.5,0.1151079136690647,0.016881435628831598,0.0982264780402331,0.00049233,0.005,5
2025-05-28,41.7,41.7,41.05,41.05,7824600,-0.010843373493976016,-0.012033694344163681,-0.01794258373205737,-0.01794258373205737,0.026249999999999885,0.048531289910600295,41.39999999999999,40.135000000000005,39.0725,40.75523917630842,40.070901229982795,0.684337946325627,0.5818483292561165,0.10248961706951043,0.016670839130953154,0.0024967019992572577,56.62258596341346,40.135000000000005,1.0117858104931239,42.15857162098625,38.11142837901376,0.10083825194898446,0.7260854003166046,1.093873320213055,0.026647340321877103,18.84836930440179,27.941168036269346,16.792028026986202,63.63636363636352,74.42962442962438,2773388783.0,2753304443.0,0.2849213682804035,1.4141937928299133,3.920995586796863,12044610.0,-0.5726757661157534,0.6496349819545838,0.015834348355663965,0.022798056559112823,0.05061104357284529,2.0,5.0,0.0036452004860267895,1.0,1344.08,1341.87,0.0015375314410250862,0.014224708060919689,0.09163460052227812,0.11709247650832949,-0.012380904935001102,-0.03216729179297706,-0.043103310611677825,-0.039485108470412755,0.9879564557491014,0.7409142815599927,41.15,41.0,-0.0036452004860266785,-0.0006980128909614969,-0.0029471875950651816,41.15,41.3,41.15,42.85,0.04131227217496969,-0.023376006178156716,0.0646882783531264,41.15,46.8,0.1373025516403401,0.014903317788932835,0.12239923385140727,0.00049233,0.005,5
2025-05-29,41.15,41.4,40.75,41.3,7364400,0.006090133982947554,-0.004819277108433773,-0.006016847172081841,0.0048661800486617945,0.014742014742014531,0.05222929936305731,41.44,40.2375,39.123333333333335,40.839048533799435,40.161945583317404,0.6771029504820305,0.6008992535012994,0.07620369698073115,0.016394744563729552,0.0018451258348845317,57.99106673578755,40.2375,1.021206072301123,42.27991214460224,38.19508785539775,0.10151784502527471,0.7601091074610015,1.0621680830549796,0.02571835552191234,18.880448407784307,26.71982789560303,18.075466394155686,71.2121212121211,71.13997113997108,2780753183.0,2756484408.0,0.28520285910072307,1.3776660659017625,3.823915357914396,11960640.0,-0.6199108040122151,0.615719560157316,0.015738498789346213,0.026405716060888373,0.055636022833773335,3.0,5.0,-0.01571946795646917,0.0,1346.68,1341.86,-7.452286734155322e-06,0.021326797783596252,0.09378871861754146,0.11586796021686316,0.00609758626968171,-0.016460617734934457,-0.04155941925448414,-0.037995838270312166,0.9877474185192776,0.7405114883103691,41.35,41.35,0.0,-0.000595730104476333,0.000595730104476333,41.35,40.7,41.35,45.0,0.08827085852478844,-0.014818786348844704,0.10308964487363315,41.35,46.8,0.13180169286577992,0.01696341472495888,0.11483827814082104,0.00030470398,0.005,5
2025-05-30,41.35,41.35,40.55,40.7,8819800,-0.014527845036319431,-0.008526187576126554,-0.01927710843373487,-0.02631578947368407,0.022613065326633208,0.04092071611253201,41.22,40.3175,39.15416666666667,40.81765645167645,40.20180146603463,0.6158549856418176,0.6038903999294031,0.011964585712414544,0.015131572128791586,0.00029397016492419025,53.61897305564657,40.3175,0.9895872345257158,42.29667446905143,38.33832553094857,0.09817942427240921,0.5966311980022972,1.0434417914081957,0.02563739045228982,18.64333899178796,25.25654808364572,18.454680297487734,53.030303030303074,62.62626262626259,2771933383.0,2759450973.0,0.29092423434130216,1.3494266294895008,3.504543632428767,12174040.0,-0.462686971970677,0.7244760161786884,0.01965601965601976,0.009487195386618685,0.03948068532510374,4.0,5.0,0.027027027027026973,1.0,1342.89,1332.6,-0.006900868943108818,0.013800343867443665,0.0866835195302944,0.12167568636555315,-0.007626976093210613,-0.040116133341127735,-0.0457628034177624,-0.04211235616929465,0.9894289662914212,0.7422207126560002,40.7,41.75,0.025798525798525818,-0.0006162123978927792,0.026414738196418597,40.7,41.8,40.7,44.9,0.10319410319410305,-0.011437503287718642,0.11463160648182169,40.7,46.35,0.13882063882063878,0.030607720690458473,0.1082129181301803,0.00030470398,0.005,5
2025-06-02,40.7,42.2,40.5,41.8,11981200,0.027027027027026973,0.012106537530266248,0.018270401948842885,0.006016847172081841,0.07179487179487176,0.05822784810126569,41.269999999999996,40.4325,39.1975,40.968786228341614,40.32018654262466,0.6485996857169525,0.612832257086913,0.035767428630039455,0.01551673889275006,0.0008556801107664942,59.62836845854287,40.4325,1.0226738688871733,42.47784773777435,38.38715226222565,0.10117344897171086,0.8342952337014459,1.0903388063076105,0.026084660437981112,19.17938660466334,28.012170465453153,16.399424214028915,86.36363636363626,70.20202020202017,2783914583.0,2762758248.0,0.30296145849694267,1.1729842708900253,2.3848283513158797,12514750.0,-0.07556835669986627,0.957366307756847,0.04066985645933022,0.033821801768379345,0.06639454046814208,0.0,6.0,-0.007159904534606132,0.0,1330.71,1336.3,0.0027765270898993943,0.0028442563282826683,0.07761783799040356,0.11887323543601303,0.02425049993712758,0.0031725908437991723,-0.01938998988913787,-0.017993382445577688,0.9917081875977307,0.7376543933729034,41.9,41.95,0.0011933174224345588,-0.022917893700934222,0.02411121112336878,41.9,41.6,41.9,45.5,0.08591885441527447,-0.002385727385913805,0.08830458180118828,41.9,46.7,0.11455847255369944,0.025914963729488427,0.08864350882421101,0.00030470398,0.005,5
2025-06-03,41.9,42.0,41.55,41.6,5967100,-0.004784688995215225,0.02211302211302213,0.007263922518159882,0.002409638554216942,0.05316455696202538,0.07078507078507079,41.29,40.57,39.244166666666665,41.06589603936598,40.414987539467276,0.6509084998987049,0.6204475056492714,0.030460994249433493,0.015646838939872714,0.0007322354386883051,58.15305286482723,40.57,0.9827994387673838,42.53559887753477,38.604401122465234,0.09689913125633555,0.7620066616266632,1.0446003201427814,0.02511058461881686,19.677145102333334,27.150222430237772,15.894805998265207,80.30303030303034,73.23232323232325,2777947483.0,2766174018.0,0.29576576924790815,1.2186170198454034,2.702279157001243,12406255.0,-0.9009033477169514,0.4809751210175835,0.01081730769230776,0.025388217894996234,0.060030153101310324,1.0,6.0,-0.016786570743405393,0.0,1341.31,1347.25,0.008194267754246809,0.005553026175353359,0.08478602198156127,0.11955919771866969,-0.012978956749462034,-0.0031433876211364176,-0.014000951196490474,-0.012906647866751775,0.9847027019224694,0.7338251126026124,41.7,42.9,0.028776978417266008,-0.025390220063382984,0.05416719848064899,41.7,41.0,41.7,46.0,0.10311750599520386,-0.0020954891449218582,0.10521299514012572,41.7,46.95,0.12589928057553945,0.02022924503154333,0.10567003554399612,0.00030470398,0.005,5
2025-06-04,41.7,41.75,41.0,41.0,7724000,-0.014423076923076983,-0.019138755980861122,0.0073710073710073765,-0.0012180267965894442,-0.019138755980861122,0.05534105534105538,41.28,40.6775,39.26916666666667,41.05575818715583,40.45832179580303,0.5974363913528009,0.6158452827899773,-0.01840889143717639,0.014571619301287827,-0.00044899735212625336,53.848651352618695,40.6775,0.8987527907866185,42.47500558157324,38.87999441842676,0.08837837042951215,0.5897076491183229,1.0235574401325827,0.02496481561298982,19.364450146785234,25.729221375884165,18.901050536901025,62.12121212121209,76.26262626262626,2770223483.0,2769203588.0,0.30244190400031234,1.2169070494395926,2.4425600610534013,12342230.0,-0.6427461212713546,0.6258188350079361,0.018292682926829267,0.00792821584413983,0.04407614116248948,2.0,6.0,0.008536585365853666,1.0,1350.52,1345.74,-0.0011208016329560255,0.002884034966129434,0.07627342306677232,0.12049970668855381,-0.013302275290120957,-0.004102061762718878,-0.02093236772571694,-0.01944893117036328,0.9823295637542083,0.7307643762082527,41.0,42.85,0.045121951219512235,-0.02312211716295398,0.06824406838246622,41.0,41.35,41.0,47.2,0.15121951219512209,0.0003713799737063983,0.1508481322214157,41.0,47.55,0.15975609756097553,0.02841799558800595,0.13133810197296958,0.00030470398,0.005,5
2025-06-05,41.0,41.9,41.0,41.35,10652000,0.008536585365853666,-0.006009615384615419,-0.010765550239234312,0.001210653753026758,0.006082725060827299,0.04683544303797471,41.29,40.77,39.295833333333334,41.10102615836263,40.524372033150954,0.5766541252116753,0.6080070512743169,-0.03135292606264162,0.013945686220354903,-0.000758232794743449,55.89928177555666,40.77,0.8657822748057254,42.50156454961145,39.038435450388555,0.08494307331917823,0.6674785962008019,1.014731908694541,0.024540070343277896,19.22314027083829,25.15508667316754,17.70362338978563,72.72727272727275,71.71717171717175,2780875483.0,2772288298.0,0.2988368654319812,1.3122781933913743,2.853037114487855,12397370.0,-0.24353546790197353,0.8592144946871796,0.021765417170495734,0.014226146676477702,0.052274414166048055,3.0,6.0,0.010895883777239712,1.0,1346.33,1342.09,-0.0027122623983830696,0.00017140387223713027,0.05693022523232005,0.11397356652356486,0.011248847764236736,0.0010392498807896278,-0.010094782194345342,-0.00955103937171109,0.980619061361504,0.7288207312465589,41.3,45.0,0.08958837772397099,-0.012052601315779676,0.10164097903975067,41.3,41.75,41.3,47.15,0.14164648910411626,0.009640587545645118,0.13200590155847114,41.3,46.65,0.12953995157385,0.03198345194267915,0.09755649963117086,0.00030470398,0.005,5
2025-06-06,41.3,42.45,41.1,41.75,15985000,0.0096735187424426,0.018292682926829285,0.0036057692307691624,0.025798525798525818,-0.0011961722488037507,0.05031446540880502,41.5,40.870000000000005,39.325,41.2008682878453,40.61515928995459,0.5857089978907126,0.603547440597596,-0.017838442706883395,0.014028958033310482,-0.00042726808878762625,58.18594354671665,40.870000000000005,0.8572293189470952,42.584458637894194,39.155541362105815,0.08389814719325614,0.7566407787710963,1.038679629502074,0.024878554000049676,19.615085741257726,26.60202210333139,16.0600606741051,79.71014492753616,71.51954325867368,2796860483.0,2775407893.0,0.2996463555025493,1.2749043666335742,2.729204533543028,12432255.0,0.49458489693358343,1.2857683501504755,0.0323353293413174,0.021531685833129366,0.061665607120152455,4.0,6.0,0.0,0.0,1339.13,1329.89,-0.009090299458307416,-0.0020336184901694754,0.04938846366290561,0.12053722375293734,0.018763818200750015,0.027832144288695293,0.0009260017458994074,0.0008824203600135139,0.9717925227067089,0.7232277446921085,41.95,44.9,0.07032181168057194,-0.010656859648331185,0.08097867132890313,41.95,41.95,41.95,46.6,0.11084624553039335,0.014808296857843128,0.09603794867255022,41.95,47.05,0.12157330154946355,0.04310124392701886,0.07847205762244469,0.00030470398,0.005,5
2025-06-09,41.95,42.2,41.6,41.95,7225300,0.004790419161676773,0.0145102781136639,0.023170731707317094,0.0035885167464115852,0.00962695547533099,0.04875000000000007,41.53,40.9675,39.35916666666667,41.31611932048449,40.71403637958758,0.6020829408969064,0.6032545406574581,-0.0011715997605517003,0.014352394300283823,-2.792848058526103e-05,59.32167084000368,40.9675,0.8639375891197622,42.69537517823952,39.23962482176048,0.0843534596077145,0.7843087314330889,1.007345370251926,0.02401300048276343,19.979035106647203,25.470248736183013,15.376791226574536,83.05084745762713,78.49608837081203,2804085783.0,2778001458.0,0.29945035151144594,1.2903123275373118,2.770742420840945,11906225.0,-0.6538647029817228,0.6068506180590405,0.014302741358760461,0.023982425093061588,0.06582541127649222,0.0,6.0,0.019002375296911955,1.0,1329.66,1310.57,-0.014527517313462135,-0.019254658385093215,0.021281735579695482,0.12842459557851307,0.019317936475138908,0.0228431751315048,0.02746826442030459,0.026895873551203042,0.9591966705054692,0.7176120548822045,42.1,45.5,0.08076009501187653,0.02322327068071628,0.05753682433116025,42.1,42.9,42.1,46.45,0.10332541567695963,0.03857035802223696,0.06475505765472267,42.1,47.55,0.12945368171021365,0.07212442840319944,0.057329253307014216,0.00052337657,0.005,5
2025-06-10,42.1,44.0,42.0,42.9,15151600,0.02264600715137055,0.02754491017964078,0.037484885126964906,0.03125,0.033734939759036076,0.06982543640897743,41.79,41.1075,39.41166666666666,41.55979327117918,40.87595961072925,0.6838336604499347,0.6193703646159534,0.06446329583398125,0.01594017856526654,0.0015026409285310315,64.28407323949624,41.1075,0.9395232553629161,42.98654651072584,39.228453489274166,0.0914211037268545,0.9769706310536167,1.0818207009482168,0.025217265756368692,21.671014103449536,33.90747933527662,13.295483695216367,70.27027027027025,77.6770875518112,2819237383.0,2780683693.0,0.30782813938310455,1.0795846499912984,1.8953663731097965,11994895.0,0.43910395740456204,1.2631707072050236,0.046620046620046623,0.04360518153621595,0.08851017042330955,1.0,6.0,-0.0069524913093858,0.0,1307.74,1316.23,0.0043187315442898555,-0.023024679903507095,0.017627548456429665,0.12650040439184,0.018327275607080695,0.054274679903507095,0.05219788795254776,0.0512937056703342,0.96344967283226,0.7168195838714828,43.15,46.0,0.06604866743916582,0.019378701581610702,0.04666996585755512,43.15,42.85,43.15,46.5,0.07763615295480886,0.03381061517166262,0.04382553778314624,43.15,47.65,0.104287369640788,0.07063922485193674,0.03364814478885125,0.00052337657,0.005,5
2025-06-11,43.15,43.3,42.6,42.85,6729600,-0.0011655011655010705,0.021454112038140627,0.026347305389221587,0.045121951219512235,0.0438489646772231,0.07125000000000004,42.160000000000004,41.25,39.475833333333334,41.75828661407469,41.0221848247493,0.7361017893253887,0.6427166495578405,0.09338513976754825,0.017178571512844545,0.00217934981954605,63.842634185618415,41.25,0.9780485403944491,43.2060970807889,39.2939029192111,0.09484107058370428,0.9089776565063724,1.0545477937376295,0.02461021689002636,23.24213745762313,32.299800691566304,12.665095780407256,68.91891891891898,74.08001221560546,2812507783.0,2783622298.0,0.3075178438361692,1.0723626885177828,1.8986392997341914,11738525.0,-0.6875734222682972,0.5732917892154252,0.016336056009334788,0.038787878787878816,0.08547423529163423,2.0,6.0,0.04166666666666652,1.0,1322.07,1315.2,-0.0007825380062754794,-0.02269383387578583,0.004176433310682404,0.1187700737768254,-0.0003829631592255911,0.06781578509529806,0.06707356668931763,0.0667946034823601,0.9590367389386946,0.7170275295488187,43.2,47.2,0.09259259259259256,0.019360454115420866,0.0732321384771717,43.2,45.0,43.2,46.8,0.08333333333333326,0.03443708609271523,0.04889624724061803,43.2,47.8,0.1064814814814814,0.08330747398297067,0.02317400749851073,0.0007110026,0.005,5
2025-06-12,43.2,45.75,43.2,45.0,20238200,0.05017502917152861,0.04895104895104896,0.07270560190703201,0.08827085852478844,0.08958837772397099,0.10565110565110558,42.89,41.464999999999996,39.57833333333334,42.25701175037089,41.3168378006938,0.9401739496770958,0.7022081095816916,0.23796584009540422,0.020892754437268794,0.005288129779897872,72.56638944559867,41.464999999999996,1.2775490514835937,44.02009810296718,38.90990189703281,0.12324119633267508,1.1917542609997787,1.1863658084706559,0.026363684632681243,25.845452145878106,41.411094124355344,10.45373389926586,86.23853211009175,75.142573766427,2832745983.0,2786657958.0,0.34647913144112163,1.0521362175230957,0.8830416665241879,11835580.0,1.13716518968304,1.7099457736756458,0.0566666666666666,0.08525262269383838,0.13698572451256985,3.0,6.0,0.004474272930648615,1.0,1321.25,1322.99,0.005923053527980615,-0.014231534397842083,0.00745507158087122,0.12021241745979165,0.04425197564354799,0.10250239292263053,0.09819603407023436,0.09746939277018862,0.9713582146439005,0.704933746659997,44.7,47.15,0.05480984340044737,0.029670697901118093,0.025139145499329274,44.7,44.9,44.7,46.8,0.0469798657718119,0.04005087275718178,0.006928993014630125,44.7,47.65,0.06599552572706924,0.10095348341304433,-0.034957957685975094,0.0007110026,0.005,5
2025-06-13,44.7,45.2,44.25,44.9,13819300,-0.0022222222222222365,0.04784130688448074,0.046620046620046596,0.07544910179640718,0.10319410319410305,0.12814070351758788,43.52,41.72,39.67916666666667,42.66362532723691,41.58225722286463,1.081368104372281,0.7780401085398094,0.3033279958324715,0.024083922146375968,0.006755634651057272,71.69988386172312,41.72,1.427861853851217,44.57572370770243,38.86427629229757,0.13689950660126707,1.0567765521963721,1.1694825364370378,0.026046381657840487,28.262815784972016,39.008289086814486,9.84717459419561,83.80952380952378,79.65565827951151,2818926683.0,2789418758.0,0.33255364872132115,1.1592995926982554,1.1717800266921483,12110440.0,0.23238167410317634,1.1411063512143242,0.021158129175946613,0.07622243528283801,0.13157618397563797,4.0,6.0,0.020179372197309364,1.0,1313.08,1315.49,-0.0056689770897738745,-0.01082796321500279,0.01083456919140291,0.11731183738046212,0.003446754867551638,0.08627706501140997,0.11730613432618497,0.11604879562045611,0.9750683767436045,0.7070137317590193,44.6,46.6,0.04484304932735417,0.027371707019948177,0.01747134230740599,44.6,45.5,44.6,46.35,0.039237668161435035,0.04419065022080093,-0.004952982059365896,44.6,47.65,0.06838565022421528,0.10991320237551383,-0.04152755215129855,0.0007110026,0.005,5
2025-06-16,44.6,45.5,44.55,45.5,8042500,0.013363028953229383,0.011111111111111072,0.061843640606767725,0.08462455303933236,0.08851674641148333,0.16666666666666674,44.23,42.045,39.7975,43.09999066150815,41.872460391541324,1.2275302699668273,0.867938140825213,0.3595921291416143,0.026978687252018182,0.007903123717398116,73.72701221512352,42.045,1.5133528478528855,45.071705695705774,39.01829430429423,0.14397458416961692,1.0707525520075971,1.1538052124058211,0.025358356316611454,30.61929350530789,38.57135753467805,9.26804639647818,95.23809523809524,88.42871705257028,2826969183.0,2793333473.0,0.3182926101674975,1.1787352904630342,1.3167126520606842,11760775.0,-0.5042757956760187,0.6838409883702392,0.02087912087912094,0.08217386133904148,0.14328789496827699,0.0,6.0,0.009879253567508295,1.0,1313.4,1338.11,0.01719511360785697,0.021013757372746245,0.03226129955488344,0.1298765054219736,-0.0038320846546275877,0.06361079566658612,0.1344053671117833,0.13020479133504237,0.9676524628046155,0.7074390828194227,45.55,46.45,0.01975850713501659,0.010776214928927663,0.008982292206088927,45.55,46.0,45.55,46.7,0.02524698133918779,0.024090198705068122,0.0011567826341196685,45.55,47.95,0.05268935236004402,0.09430676490288015,-0.04161741254283613,0.0007110026,0.005,5
2025-06-17,45.55,46.4,45.5,46.0,8798900,0.01098901098901095,0.024498886414253906,0.022222222222222143,0.07226107226107237,0.10576923076923084,0.16455696202531644,44.85,42.37,39.924166666666665,43.54614594435305,42.17820406624197,1.3679418781110826,0.967938888282387,0.40000298982869553,0.02973786691545832,0.008695717170189033,75.31390938809577,42.37,1.6313862364966507,45.632772472993295,39.1072275270067,0.15401333363197064,1.05627538083736,1.1356762686625481,0.02468861453614235,33.11589025574777,42.048566900984156,8.743422435344963,93.22033898305087,90.75598601022331,2835768083.0,2797170078.0,0.31798517971303514,1.1967516915064473,1.362162165255259,11682665.0,-0.38983818700677697,0.7531586328975453,0.019565217391304318,0.08567382582015592,0.1521843494959194,1.0,6.0,0.026086956521739202,1.0,1343.7,1347.69,0.0071593516228114495,0.023901597745074943,0.024742424818461783,0.12256283135479694,0.0038296593661995004,0.048359474515997425,0.13981453720685466,0.13643871261758633,0.9684808666108257,0.707931194920724,46.0,46.5,0.010869565217391353,0.01229474806876163,-0.001425182851370277,46.0,47.2,46.0,46.95,0.020652173913043637,0.02049371560618285,0.000158458306860787,46.0,47.7,0.036956521739130554,0.08182673292992737,-0.044870211190796816,0.00037965615,0.005,5
2025-06-18,46.0,47.8,45.7,47.2,12882100,0.026086956521739202,0.03736263736263745,0.051224944320712895,0.10151691948658104,0.15121951219512209,0.12918660287081352,45.72,42.64,40.0625,44.10827733752951,42.55018895022405,1.5580883873054603,1.0859687880870017,0.4721195992184586,0.033010347188675,0.010002533881747003,78.64731220289711,42.64,1.9481840397228056,46.53636807944561,38.74363192055439,0.18275647652183902,1.085160322000279,1.2045565351866514,0.025520265575988375,35.82104522972044,45.114188859757704,7.6546289026291925,91.78082191780828,93.41308537965148,2848650183.0,2799695618.0,0.26676754880860537,0.8444634580598304,0.9373927618472955,10371600.0,0.6854720626217776,1.2420552277372825,0.04449152542372869,0.10694183864915585,0.1781591263650546,2.0,6.0,-0.0010593220338983578,0.0,1350.17,1346.83,-0.0006381289465678952,0.024049574209245694,0.017973621556252484,0.12140723845782207,0.026725085468307097,0.07746734527733534,0.11121298131456103,0.10924937440377036,0.9677109850970591,0.7034714066462896,47.2,46.8,-0.008474576271186529,0.015167158126165203,-0.023641734397351732,47.2,47.15,47.2,47.55,0.00741525423728806,0.02841799558800595,-0.02100274135071789,47.2,47.8,0.012711864406779627,0.09592001960886276,-0.08320815520208313,0.00037965615,0.005,5
2025-06-19,47.2,47.45,46.7,47.15,8489700,-0.0010593220338983578,0.02499999999999991,0.036263736263736135,0.0477777777777777,0.14026602176541703,0.14720194647201934,46.15,42.9425,40.204166666666666,44.576234670217275,42.890915694651895,1.6853189755653801,1.2058388255826775,0.4794801499827026,0.035743774667346344,0.010169250264744488,78.17364937091881,42.9425,2.155181943717367,47.252863887434735,38.63213611256527,0.20075048669428805,0.9880678418202001,1.1720882112447477,0.02485871073689815,38.33297484840934,43.052201099048304,7.304766663965005,91.09589041095893,92.03235043727271,2840160483.0,2802254148.0,0.2543746530000858,0.9775031645743291,1.317426762900472,10338610.0,-0.5028352145111862,0.8211645472650578,0.015906680805938496,0.09797985678523591,0.17276401699657984,3.0,6.0,-0.014799154334038,0.0,1346.33,1352.04,0.0038683427010091087,0.021957837927724322,0.02907507763502415,0.11812601186456836,-0.0049276647349074665,0.025819939850053375,0.11812686883699519,0.11478935930356915,0.9655815164809388,0.7027701859722031,47.3,46.8,-0.010570824524312905,0.008105175353771088,-0.018675999878083993,47.3,46.6,47.3,46.65,-0.013742071881606699,0.020130066657316315,-0.03387213853892301,47.3,47.7,0.008456659619450413,0.09989001173700252,-0.0914333521175521,0.00037965615,0.005,5
2025-06-20,47.3,47.5,46.15,46.6,10921500,-0.01166489925768821,-0.012711864406779738,0.01304347826086949,0.03786191536748329,0.11616766467065864,0.11483253588516762,46.49,43.1825,40.3375,44.88758318249154,43.16566268023323,1.7219205022583068,1.3090551609178034,0.41286534134050346,0.036951083739448644,0.008859771273401361,72.96777264091696,43.1825,2.2846325859163,47.751765171832595,38.6132348281674,0.21162578228831577,0.8739660395578821,1.1847961961558373,0.02542481107630552,39.848575098071585,39.54825479815153,10.026064406992347,82.35294117647064,88.40988450174598,2829238983.0,2803734093.0,0.25971872522993017,1.1111059452874723,1.4603854752081074,10352175.0,0.1547633911243485,1.0549956893116663,0.028969957081545095,0.07914085567070006,0.155252556554075,4.0,6.0,0.00432432432432428,1.0,1354.69,1349.35,-0.001989586106919905,0.025739458300709117,0.02654321926874914,0.11872082576690395,-0.009675313150768305,0.012122457066774173,0.08828931661641848,0.08600642911002887,0.9702310050770797,0.7037379639645143,46.25,46.35,0.00216216216216214,0.01947607861794176,-0.01731391645577962,46.25,46.45,46.25,47.05,0.017297297297297343,0.031020487050637868,-0.013723189753340526,46.25,50.2,0.08540540540540542,0.11302072492640725,-0.027615319521001824,0.00037965615,0.005,5
2025-06-23,46.25,47.2,46.15,46.45,6599000,-0.0032188841201716833,-0.014846235418875864,-0.01588983050847459,0.020879120879121027,0.10727056019070313,0.1179302045728039,46.67999999999999,43.4275,40.467499999999994,45.12795500056976,43.40894692614188,1.719008074427883,1.3910457436198194,0.3279623308080637,0.03700770881437854,0.007060545334942167,71.56797430931458,43.4275,2.3617831688876723,48.15106633777535,38.70393366222466,0.21753802718440368,0.8199383457186192,1.1751678964304206,0.025299631785369658,41.25591818704366,37.02425876416271,9.386194280512125,80.14705882352948,84.5319634703197,2822639983.0,2805402038.0,0.2582697913442072,1.1133373735188765,1.5140180151775884,10164175.0,-0.9448734778408507,0.6492410844952985,0.022604951560818175,0.06959875654827008,0.14783468215234463,0.0,6.0,-0.007470651013874119,0.0,1345.24,1358.18,0.006543891503316468,0.014998766917518225,0.019264395764384545,0.11127598848634045,-0.009762775623488151,0.005880353961602802,0.09866580880841935,0.09680099610898907,0.9665589146926533,0.7013467348210087,46.85,46.7,-0.0032017075773745907,0.007600553566329049,-0.01080226114370364,46.85,46.5,46.85,47.55,0.014941302027748016,0.026631226705914113,-0.011689924678166097,46.85,49.5,0.056563500533617805,0.08739904370684415,-0.030835543173226343,0.00037965615,0.005,5
2025-06-24,46.85,47.2,46.15,46.5,10511600,0.0010764262648008671,-0.0021459227467811592,-0.01378579003181335,0.010869565217391353,0.08391608391608396,0.12048192771084332,46.779999999999994,43.6775,40.59916666666666,45.33903884663595,43.637913820501744,1.701125026134207,1.453061600122697,0.24806342601151,0.03658333389535929,0.00533469733358086,71.76243198957278,43.6775,2.411129621698206,48.49975924339641,38.85524075660359,0.22081205395896786,0.7926532831955398,1.1662273323996766,0.02508015768601455,42.562736769660596,34.64323121475815,8.78256876816034,80.8823529411765,81.12745098039223,2833151583.0,2807998948.0,0.2575858982383622,1.101976326777419,1.527336750692248,10286370.0,0.06020347575330817,1.0218959652433268,0.022580645161290415,0.0646213725602427,0.14534370574108668,1.0,6.0,0.006451612903225712,1.0,1365.69,1366.77,0.006324640327497022,0.014157558488969935,0.020122256140796102,0.11176939548560764,-0.005248214062696155,-0.003287993271578582,0.10035967157004722,0.09838004314278548,0.964349247769446,0.7000389705087307,46.5,46.95,0.00967741935483879,0.006420510573025062,0.0032569087818137277,46.5,46.8,46.5,47.65,0.02473118279569886,0.03389941930535789,-0.009168236509659033,46.5,49.5,0.06451612903225801,0.10261860414155799,-0.03810247510929998,0.00037965615,0.005,5
2025-06-25,46.5,47.35,46.45,46.8,6595600,0.006451612903225712,0.007534983853605848,0.0042918454935620964,-0.008474576271186529,0.09218203033838956,0.1400730816077953,46.7,43.964999999999996,40.74166666666667,45.56380210099965,43.8721424263905,1.6916596746091486,1.5007812150199875,0.19087845958916105,0.03614657424378523,0.0040785995638709625,72.95751962912101,43.964999999999996,2.4241167680749354,48.813233536149866,39.11676646385013,0.22054968889570659,0.7923745296984354,1.1472110943711282,0.024513057572032655,43.84057011354149,33.63588714525993,8.290424201833522,85.07462686567163,82.03467954345922,2839747183.0,2811316868.0,0.249942711695224,1.0923410307925576,1.7640019916461624,10224920.0,-0.9567363493297079,0.6450515016254406,0.0192307692307692,0.06448311156601849,0.1487011658825934,2.0,6.0,-0.004255319148936176,0.0,1369.05,1366.75,-1.4633039940870063e-05,0.014790285336679476,0.01854128939465083,0.1118098906968158,0.006466245943166582,-0.023264861607866005,0.12153179221314447,0.11931945565542512,0.9630005134028827,0.7003452665975103,47.0,47.55,0.011702127659574346,0.011587383925244499,0.00011474373432984741,47.0,46.8,47.0,47.8,0.017021276595744705,0.0457285220605963,-0.028707245464851594,47.0,48.7,0.036170212765957555,0.10490016292475501,-0.06872995015879746,0.00037965615,0.005,5
2025-06-26,47.0,47.2,46.2,46.8,9648600,0.0,0.006451612903225712,0.007534983853605848,-0.007423117709438043,0.040000000000000036,0.13317191283292984,46.629999999999995,44.239999999999995,40.884166666666665,45.75398639315355,44.08902076517639,1.6649656279771605,1.5336180976114222,0.13134753036573832,0.035576188631990614,0.0028065711616610755,72.95751962912102,44.239999999999995,2.417839400874244,49.07567880174848,39.40432119825151,0.21861115740273449,0.7646991358353202,1.1366960162017619,0.02428837641456756,44.5865149804817,31.522249608685588,9.340433273237368,83.87096774193547,83.27598251626124,2839747183.0,2814266568.0,0.2510695421073287,1.1374583981288242,1.776907767074636,10339130.0,-0.1847945368460914,0.9332119820526485,0.021367521367521368,0.05786618444846292,0.14469741750066234,3.0,6.0,-0.014877789585547196,0.0,1368.73,1365.67,-0.0007901957197731235,0.010081062690453058,0.017744026947669855,0.11193255356812513,0.0007901957197731235,-0.0175041803998911,0.11542788588525998,0.11341543927449149,0.9636168111661729,0.7003039952554972,47.05,46.65,-0.008501594048884176,0.00937091437628279,-0.017872508425166966,47.05,46.35,47.05,47.65,0.012752391073326264,0.055882202566593264,-0.043129811493267,47.05,49.0,0.04144527098831041,0.11093906349287486,-0.06949379250456444,0.00037965615,0.005,5
2025-06-27,47.05,47.1,46.35,46.35,5470600,-0.00961538461538447,-0.00961538461538447,-0.003225806451612856,-0.005364806866952843,0.03229398663697114,0.13882063882063878,46.58,44.522499999999994,41.01833333333334,45.84568079420686,44.25650070849666,1.589180085710197,1.5447304952311773,0.04444959047901964,0.03428651749105063,0.0009589987158364539,67.95429500094934,44.522499999999994,2.3101307208396773,49.14276144167935,39.90223855832064,0.2075472600001956,0.697770193642522,1.1090748721873502,0.023928260457116508,45.2791780712119,29.999636496018137,8.889264135362517,75.00000000000006,81.31519820253574,2834276583.0,2817383728.0,0.24620016086197483,1.23268048563987,1.9545452691627605,10171670.0,-1.2114006040590064,0.5378271218000584,0.016181229773462782,0.04104666180021366,0.1299825281378244,4.0,6.0,0.0021459227467810482,1.0,1369.13,1371.44,0.004225032401678375,0.016370845221773456,0.029146030316674176,0.10856024618596279,-0.013840417017062845,-0.0217356520887263,0.1096746085039646,0.1065685580793787,0.9636701389430667,0.6976191960416344,46.6,47.05,0.009656652360514828,0.008778820277838273,0.0008778320826765551,46.6,46.7,46.6,47.65,0.02253218884120156,0.06026620117826753,-0.03773401233706597,46.6,48.8,0.04721030042918439,0.11363008218779558,-0.06641978175861118,0.00019203011,0.005,5
2025-06-30,46.6,47.05,46.35,46.7,6019100,0.007551240560949246,-0.002136752136752018,-0.002136752136752018,0.005382131324004336,0.026373626373626502,0.11722488038277534,46.629999999999995,44.7675,41.135,45.977114518175036,44.43750065601542,1.5396138621596123,1.5437071686168644,-0.004093306457252144,0.03296817691990604,-8.765110186835425e-05,69.69503512517338,44.7675,2.2656052403854354,49.29871048077087,40.236289519229125,0.20243303650062539,0.713243239108067,1.079855238459682,0.02312323851091396,45.922365226889944,28.610578248784478,8.477668959510881,78.84615384615394,79.23904052936318,2840295683.0,2820202783.0,0.23421750720258774,1.4976326111431817,3.3568639299052707,9873565.0,-0.9727344968654325,0.6096177014077488,0.014989293361884277,0.04316747640587493,0.13528625258295857,0.0,6.0,0.003205128205128416,1.0,1374.9,1376.07,0.003376013533220368,0.013172039052260942,0.029761281149442542,0.1086774847168301,0.004175227027728878,-0.0077899077282566065,0.0874635992333328,0.08493580098069331,0.9545903865487098,0.7002833262178969,46.8,47.55,0.01602564102564097,0.01735672718301462,-0.001331086157373651,46.8,46.95,46.8,47.95,0.024572649572649707,0.0669598154033697,-0.04238716583072,46.8,49.1,0.04914529914529919,0.13008837999042178,-0.08094308084512258,0.00019203011,0.005,5
2025-07-01,46.8,46.95,46.45,46.95,6104200,0.005353319057815886,0.012944983818770295,0.003205128205128416,0.00967741935483879,0.020652173913043637,0.12860576923076916,46.72,45.035,41.26333333333333,46.12678920768657,44.6236117185328,1.5031774891537708,1.5356012327242459,-0.03242374357047506,0.03201655993937744,-0.0006906015669962739,70.91053922528684,45.035,2.1863873109956895,49.40777462199138,40.662225378008614,0.1941944985896029,0.7189685229109642,1.0384370071411333,0.022117934124411782,46.5196104428767,27.62659331854677,8.186102028316226,81.52173913043488,78.45596432552964,2846399883.0,2823625403.0,0.2309636795976791,1.4672718255615922,3.4719912453511657,9880420.0,-0.9546749599823647,0.617807745014888,0.010649627263045794,0.04252248251360058,0.13781403990629304,1.0,7.0,0.005285412262156397,1.0,1378.14,1377.84,0.0012862717739650087,0.008099387607278352,0.022705511226572606,0.10575206169083738,0.0040670472838508775,0.0015780317475604377,0.10590025800419656,0.10354912224652635,0.9542602725298329,0.7019697934948853,47.3,47.65,0.007399577167019,0.02773622990575486,-0.02033665273873586,47.3,47.55,47.3,47.7,0.008456659619450413,0.0605477542366728,-0.05209109461722239,47.3,48.0,0.014799154334038223,0.08433411265846691,-0.06953495832442869,0.00019203011,0.005,5
2025-07-02,47.3,48.1,47.0,47.55,9449300,0.012779552715654896,0.01820128479657379,0.025889967637540368,0.01602564102564097,0.00741525423728806,0.15975609756097553,46.87,45.3625,41.44666666666667,46.34574471419633,44.840381220863705,1.5053634933326236,1.5295536848459215,-0.02419019151329782,0.03165853824043373,-0.0005087316827191972,73.64288945688334,45.3625,2.0355314190386338,49.433562838077265,41.29143716192273,0.1794902325964075,0.768664484804801,1.046405792345338,0.022006430964150118,47.70168244351923,33.30790591205976,7.543492999975798,85.71428571428561,82.02739289695815,2855849183.0,2827906688.0,0.21865746760024102,1.6007235669949542,3.9704277899786606,9966685.0,-0.13182816256483074,0.9480885570277379,0.02313354363827553,0.0482226508680077,0.1472575197040371,2.0,7.0,-0.015822784810126556,0.0,1377.26,1384.59,0.0048989723044765565,0.013052862630327455,0.02886887511703584,0.10619981330962992,0.00788058041117834,0.0029727783953135134,0.1308872224439397,0.12721467779754825,0.9218541772126291,0.641300823733006,47.4,47.8,0.00843881856540074,0.03595726817405387,-0.02751844960865313,47.4,46.65,47.4,47.8,0.00843881856540074,0.06791204655337135,-0.05947322798797061,47.4,49.3,0.040084388185654074,0.09118873223126145,-0.051104344045607375,0.00019203011,0.005,5
2025-07-03,47.4,47.7,46.4,46.65,14989200,-0.018927444794952675,-0.006389776357827559,-0.0010706638115632883,-0.0032051282051281937,-0.010604453870625696,0.1281741233373639,46.84,45.6275,41.600833333333334,46.39255321970459,44.97442705635528,1.4181261633493065,1.5072681805465986,-0.08914201719729209,0.030399274669867235,-0.0019108685358476332,63.94100504434801,45.6275,1.8191579168160321,49.26581583363206,41.989184166367934,0.15947907878503373,0.6405183121470873,1.0645196643206714,0.022819285408803246,47.66426965024466,30.40248567304318,10.91144119176578,59.154929577464756,75.46365147406176,2840859983.0,2830905913.0,0.23786326474230263,1.2280117270146078,3.0118998941492987,10183545.0,1.1774939722805984,1.4719039391488917,0.02786709539121124,0.022409730973645292,0.12137176739248012,3.0,7.0,0.007494646680942019,1.0,1381.64,1381.96,-0.0018994792682309747,0.011928211061237315,0.029707396672354447,0.10581629013485543,-0.0170279655267217,-0.015133339266365509,0.09846672666500944,0.09562592925254165,0.968675480328196,0.6654194488250562,46.7,47.65,0.020342612419700146,0.043640222640937365,-0.02329761022123722,46.7,47.05,46.7,47.7,0.021413276231263323,0.07567192948259804,-0.05425865325133472,46.7,49.95,0.06959314775160608,0.08470318151300549,-0.01511003376139941,0.00019203011,0.005,5
2025-07-04,46.7,47.2,46.2,47.05,9440800,0.008574490889603492,-0.01051524710830709,0.0021299254526090383,0.015102481121898492,0.009656652360514828,0.12694610778443116,46.98,45.8925,41.80499999999999,46.493698878211575,45.128173200328966,1.3655256778826086,1.4789196800138007,-0.1133940021311921,0.029022862441713256,-0.0024100744342442533,66.0798773406024,45.8925,1.5970593865630485,49.0866187731261,42.6983812268739,0.13920003369291714,0.6811923854771292,1.0599111168691948,0.022527335108803292,47.274210115507294,28.353628853881155,11.523929127484655,59.61538461538447,68.1615333023783,2850300783.0,2833577928.0,0.23767945036060908,1.2425842387545907,3.0544411533292894,9856335.0,-0.10800743604644268,0.9578408201425783,0.021253985122210415,0.0252219861633165,0.12546346130845598,4.0,7.0,0.009554140127388422,1.0,1385.19,1386.97,0.0036252858259284704,0.011323863967800163,0.04292084307724697,0.09832092454592162,0.004949205063675022,0.0037786171540983293,0.08402526470718419,0.0805672503957815,0.9120208287602596,0.5763192181816754,47.1,47.65,0.011677282377919207,0.0462342285443611,-0.03455694616644189,47.1,47.55,47.1,50.2,0.06581740976645434,0.07459772919746799,-0.00878031943101365,47.1,49.4,0.04883227176220806,0.07311209037277333,-0.024279818610565274,0.00019203011,0.005,5
2025-07-07,47.1,48.5,47.1,47.55,8252600,0.010626992561105109,0.019292604501607746,0.0,0.01820128479657379,0.023681377825618855,0.1334922526817639,47.15,46.1725,42.045833333333334,46.6562067431021,45.30756777808237,1.348638965019731,1.452863537014987,-0.10422457199525592,0.02836254395414787,-0.0021918942585753085,68.5880681943127,46.1725,1.3396263226023502,48.8517526452047,43.4932473547953,0.11605404278324538,0.7570679555855687,1.0877746085213955,0.022876437613488867,47.70187025937439,34.19039723438599,10.42668913572582,66.07142857142844,61.613914254759244,2858553383.0,2836301308.0,0.2381559943267301,1.171938479915923,2.8866614022787145,9907700.0,-0.4336077160481246,0.8329481110651311,0.0294426919032597,0.029833775515728966,0.13090873055197694,0.0,7.0,-0.0010482180293501786,0.0,1393.34,1402.06,0.010879831575304477,0.018887120567994353,0.06980931960902503,0.08111580780308555,-0.0002528390141993686,-0.0006858357714205621,0.06368293307273887,0.05952736801359393,0.8287095931973009,0.5181196037479736,47.7,47.95,0.00524109014675056,0.04502263568976672,-0.03978154554301616,47.7,47.65,47.7,49.5,0.037735849056603765,0.05542012835182342,-0.01768427929521965,47.7,50.0,0.04821802935010466,0.08607958381601488,-0.03786155446591022,0.00019203011,0.005,5
2025-07-08,47.7,48.05,47.2,47.65,6020400,0.002103049421661396,0.012752391073326264,0.02143622722400851,0.014909478168263934,0.02473118279569886,0.11072261072261069,47.29,46.410000000000004,42.25,46.809098013394085,45.48108127600219,1.3280167373918914,1.427894177090368,-0.09987743969847651,0.02787023583193896,-0.002096063792203075,69.08050470022863,46.410000000000004,1.134228232856622,48.678456465713246,44.14154353428676,0.0977572275679053,0.7733135986390016,1.0707907079127241,0.022471998067423383,48.09898325010812,32.25178726043521,9.835491454832152,63.82978723404251,63.172200140285156,2864573783.0,2838568128.0,0.23060198101383467,1.443575919156659,4.1213463056654165,9451140.0,-0.9269412012878859,0.6370025203308807,0.01783840503672601,0.026718379659556035,0.12781065088757404,1.0,7.0,-0.004166666666666763,0.0,1407.07,1415.46,0.009557365590630917,0.027303605643616224,0.07538955957545412,0.08399007641041288,-0.007454316168969521,-0.01239412747535229,0.03533305114715657,0.03285604814789678,0.6864542324537076,0.3535303290458987,48.0,47.7,-0.006249999999999978,0.02781608871875707,-0.03406608871875705,48.0,47.8,48.0,49.5,0.03125,0.06221853186219328,-0.030968531862193283,48.0,51.7,0.07708333333333339,0.08868357351947775,-0.011600240186144362,0.00019203011,0.005,5
2025-07-09,48.0,48.1,47.35,47.8,9776500,0.0031479538300105414,0.00525762355415349,0.015940488841657885,0.00525762355415349,0.02136752136752129,0.11551925320886802,47.339999999999996,46.6575,42.41583333333333,46.961544472871914,45.65285303333536,1.3086914395365525,1.404053629579605,-0.09536219004305235,0.027378481998672648,-0.0019950248962981665,69.84416960013458,46.6575,0.8103402469259191,48.278180493851835,45.03681950614816,0.06947138161503878,0.8524753967034685,1.0478770859189581,0.02192211476817904,48.49598162816666,30.943779404553503,9.33266403831759,70.2127659574467,66.70466058763924,2874350283.0,2841660253.0,0.22948798056195613,1.4201426149788468,4.161693348195242,9603485.0,0.04745973159531717,1.018015855702383,0.015690376569037656,0.0244869527942988,0.12693766085777725,2.0,7.0,-0.005219206680584509,0.0,1421.12,1431.32,0.011204838003193274,0.03375006319560314,0.08829075425790744,0.0863376448467772,-0.008056884173182732,-0.02849243964144965,0.027228498950960578,0.025019507741318003,0.22379949775246838,0.10487755012378193,47.9,47.8,-0.0020876826722338038,0.02667817107707715,-0.028765853749310955,47.9,47.65,47.9,48.7,0.016701461377870652,0.05231259524190568,-0.03561113386403503,47.9,54.1,0.12943632567849694,0.0950366355166199,0.03439969016187705,0.00019203011,0.005,5
2025-07-10,47.9,47.9,47.25,47.65,8376100,-0.003138075313807498,0.0,0.002103049421661396,0.02143622722400851,0.018162393162393098,0.05888888888888877,47.54,46.79,42.58,47.067460707814696,45.80078984568089,1.2666708621338074,1.3765770760904454,-0.10990621395663802,0.02658280927877875,-0.0023065312477783427,68.03456078881297,46.79,0.7385262707785288,48.26705254155706,45.31294745844294,0.06313539395413796,0.7911203142081247,1.0194572940676039,0.02139469662261498,48.66816252583708,29.53452422465089,9.608284662152379,63.82978723404251,65.9574468085106,2865974183.0,2843321663.0,0.15940252240336933,-0.016790938382906878,0.8690260546768863,9010380.0,-0.2389468464544628,0.9296056326148286,0.013641133263378775,0.018379995725582354,0.11906998590887752,3.0,7.0,-0.003138075313807498,0.0,1437.13,1445.64,0.010004750859346823,0.04607948131639117,0.0927066720081029,0.08857138860820327,-0.01314282617315432,-0.02464325409238266,-0.03381778311921413,-0.03094863789663338,0.23631682008636443,0.10881988108179538,47.8,47.7,-0.0020920502092048876,0.026799988974034017,-0.028892039183238905,47.8,47.65,47.8,49.0,0.025104602510460206,0.04816968961905288,-0.023065087108592675,47.8,54.6,0.14225941422594146,0.09006146976128782,0.052197944464653645,0.00019203011,0.005,5
2025-07-11,47.8,48.5,47.35,47.65,10780900,0.0,-0.003138075313807498,0.0,0.012752391073326264,0.028047464940668787,0.061247216035634766,47.66,46.9275,42.733333333333334,47.157082137381664,45.937768375630455,1.2193137617512093,1.3451244132225983,-0.12581065147138903,0.025588956175261475,-0.002640307481036496,68.03456078881297,46.9275,0.6135477075762907,48.154595415152585,45.70040458484742,0.052297497848919405,0.7943943849346701,1.0287817730627749,0.02159038348505299,49.19158333112433,31.34216130594381,8.841113260931484,63.82978723404251,65.9574468085106,2865974183.0,2845674038.0,0.15864641877732077,-0.04760847846330957,0.9507501335641378,8858460.0,0.7868140668335661,1.217017404831088,0.024134312696747085,0.015396089712854888,0.11505460218408725,4.0,7.0,0.004188481675392763,1.0,1451.12,1457.76,0.008383829999169867,0.05103931591887356,0.10814981489787079,0.08098358976295295,-0.008383829999169867,-0.0382869248455473,-0.04690259886223602,-0.04232514253188646,0.29977027751801716,0.1354259979136382,47.75,50.2,0.0513089005235603,0.017588691042544458,0.03372020948101584,47.75,47.95,47.75,48.8,0.021989528795811397,0.04059399211635184,-0.018604463320540443,47.75,54.0,0.13089005235602102,0.07717140138643463,0.05371865096958639,0.00019203011,0.005,5
2025-07-14,47.75,48.1,47.2,47.95,8661400,0.006295907660021083,0.006295907660021083,0.00313807531380772,0.008412197686645806,0.02676659528907921,0.05384615384615388,47.739999999999995,47.05,42.89666666666666,47.27906950086141,46.0868225700282,1.192246930833214,1.3145489167447215,-0.12230198591150754,0.024864378119566505,-0.002550614930375548,69.84668896819892,47.05,0.5553566895518559,48.16071337910371,45.93928662089628,0.0472141712690208,0.9051450252297569,1.0195830749868622,0.021263463503375643,49.37505849270641,29.366007252154102,9.334522089216676,76.08695652173922,67.91551032994143,2874635583.0,2848057358.0,0.15446610231555113,0.0015952172048784867,1.3551543886566426,8889405.0,-0.09358455092387784,0.9743509267493157,0.018769551616266915,0.019128586609989506,0.11780247105447228,0.0,7.0,-0.010373443983402453,0.0,1471.4,1470.42,0.008684557128745496,0.04875682923697999,0.09887826860273075,0.0689492560450137,-0.002388649468724413,-0.04034463155033419,-0.04503211475657687,-0.04098007581298069,0.26230869896138487,0.11377186971424952,48.2,49.5,0.026970954356846377,0.007633328809879325,0.019337625546967052,48.2,47.7,48.2,49.1,0.018672199170124415,0.05673768489618691,-0.0380654857260625,48.2,53.7,0.11410788381742742,0.08349843940833224,0.030609444409095188,0.00019203011,0.005,5
2025-07-15,48.2,49.2,47.7,47.7,9831600,-0.005213764337851923,0.0010493179433368471,0.0010493179433368471,0.0010493179433368471,0.015974440894568787,0.036956521739130554,47.75,47.135000000000005,43.053333333333335,47.34382803919043,46.20631719447055,1.137510844719877,1.2791413023397527,-0.1416304576198757,0.02384718752033285,-0.0029691919836451926,66.4652146989846,47.135000000000005,0.514807066567542,48.16461413313509,46.10538586686492,0.04368788090103251,0.7743746330868744,1.0538985696306578,0.022094309635862844,50.1538576708486,33.8358728284212,8.385543320745356,50.0,63.305581251927265,2864803983.0,2849509153.0,0.15359821669993792,0.2126041038605466,1.4892559266257177,8941040.0,0.3641983532473706,1.0996036255290211,0.031446540880503145,0.011986846292563857,0.1079281511303809,1.0,7.0,0.0,0.0,1473.8,1460.65,-0.0066443601147970766,0.03192601698387798,0.08381749512128156,0.07916416308473402,0.0014305957769451538,-0.030876699040541133,-0.046860973382151005,-0.04323695972162467,0.28450727798256825,0.12498379343560874,47.8,49.5,0.03556485355648542,0.03402357744182716,0.0015412761146582632,47.8,47.8,47.8,48.0,0.004184100418409997,0.022974648427599886,-0.01879054800918989,47.8,54.0,0.12970711297071147,0.10161863727592202,0.02808847569478945,0.00019203011,0.005,5
2025-07-16,47.8,48.15,47.25,47.8,9529800,0.002096436058700135,-0.0031282586027112647,0.0031479538300105414,0.0,0.00525762355415349,0.012711864406779627,47.75,47.165,43.207499999999996,47.414008340853435,46.324367772657915,1.0896405681955201,1.2412411555109062,-0.15160058731538606,0.022795827786517158,-0.0031715604040875745,67.15028716912839,47.165,0.5358466001998774,48.236693200399756,46.09330679960024,0.04544442702850661,0.7962601609131857,1.0429058146570394,0.021818113277343922,50.050707023681554,31.75019718764347,10.950698327688688,53.333333333333144,59.80676328502415,2874333783.0,2850793333.0,0.12420562013503922,-0.8186849582148888,0.7664321909549395,8773425.0,0.33328245738674145,1.0862120551551988,0.01882845188284516,0.013463373264072986,0.10628941734652542,2.0,7.0,-0.007284079084287076,0.0,1459.87,1475.47,0.010146167802005834,0.03084565296369801,0.09551316795735176,0.07995529243908846,-0.0080497317433057,-0.03084565296369801,-0.08280130355057214,-0.07558220747356237,0.2776921311258859,0.12296919295534595,48.05,48.7,0.013527575442247697,0.020555386847521673,-0.007027811405273976,48.05,47.7,48.05,49.3,0.026014568158168494,0.017397172453352372,0.008617395704816122,48.05,53.9,0.12174817898022905,0.0875594695819415,0.03418870939828755,0.00019203011,0.005,5
2025-07-17,48.05,48.4,47.6,47.7,9050500,-0.0020920502092048876,0.0,-0.005213764337851923,0.0010493179433368471,0.022508038585209,0.01166489925768821,47.760000000000005,47.1925,43.32833333333334,47.45800705764521,46.42626645616473,1.0317406014804789,1.1993410447048207,-0.16760044322434187,0.021629782001687185,-0.003513636126296475,65.70477223485759,47.1925,0.5489883039675173,48.290476607935034,46.09452339206497,0.04653182636796233,0.7311069272024189,1.0255553993243935,0.021500113193383512,50.1065807006285,31.72232673183426,10.340537052572914,50.0,51.111111111111065,2865283283.0,2852049473.0,0.12444918862962616,-0.7938462235017163,0.7075609213482633,8801465.0,0.10974351078630842,1.0282947213901321,0.016771488469601616,0.010753827409016203,0.10089625726045304,3.0,7.0,0.04583333333333339,1.0,1481.85,1490.01,0.00985448704480607,0.030692288536565027,0.10204579746161357,0.08204135510533238,-0.011946537254010958,-0.02964297059322818,-0.09038089820392536,-0.08201192583112549,0.4917864201264514,0.22908641540796842,48.0,49.0,0.02083333333333326,0.01568582933230056,0.005147504001032699,48.0,50.2,48.0,49.95,0.04062500000000013,0.0033321536129493623,0.03729284638705077,48.0,55.4,0.15416666666666656,0.09559741708012526,0.058569249586541305,0.00019203011,0.005,5
2025-07-18,48.0,50.5,47.4,50.2,26073200,0.052410901467505155,0.05020920502092063,0.052410901467505155,0.05351521511017854,0.06695005313496294,0.07725321888412018,48.269999999999996,47.3725,43.4875,47.87985212569979,46.705802274226606,1.1740498514731854,1.1942828060584938,-0.020232954585308383,0.0233874472405017,-0.0004030469040898084,78.28813158122537,47.3725,0.8513881853206726,49.07527637064135,45.66972362935866,0.07188881189049956,1.3302616975284405,1.1737300136583655,0.02338107596929015,51.115279938810595,38.51756108434103,8.389755935356051,93.02325581395355,65.45219638242891,2891356483.0,2855155348.0,0.21530696562118018,2.3453098203202223,9.056409161337642,9559050.0,3.691803707194619,2.727593223175943,0.061752988047808786,0.05968652699350896,0.15435469962632964,4.0,7.0,-0.023668639053254448,0.0,1497.53,1497.28,0.004879161884819627,0.027110086708374448,0.10963056286360096,0.07792988110348077,0.04753173958268553,0.02640512840180409,-0.03237734397948078,-0.02917848972718018,0.5466598493651235,0.2283207624686758,50.7,48.8,-0.03747534516765294,0.014934376242874414,-0.052409721410527355,50.7,49.5,50.7,49.4,-0.025641025641025772,-0.008875778867824424,-0.016765246773201348,50.7,53.9,0.06311637080867838,0.08047196075831908,-0.017355589949640704,0.00019203011,0.005,5
2025-07-21,50.7,50.8,49.15,49.5,10525200,-0.01394422310756982,0.037735849056603765,0.03556485355648542,0.03232533889468181,0.04100946372239744,0.06566200215285245,48.58,47.525,43.6425,48.1291056448229,46.91277988354315,1.216325761279748,1.1986913971027446,0.01763436417700337,0.02457223760161107,0.00035624978135360345,70.48931166763967,47.525,0.9454183145423111,49.41583662908462,45.634163370915374,0.07957229370161492,1.0222555903616384,1.2077492983970537,0.024398975725193003,52.154718438886945,36.53311567042132,7.571049052129406,71.73913043478264,71.58746208291208,2880831283.0,2858064913.0,0.22317511874440038,2.122587342577574,7.939319833489707,9755360.0,0.17408079288747957,1.0789145659411852,0.033333333333333305,0.04155707522356655,0.13421550094517953,0.0,7.0,0.0060975609756097615,1.0,1508.6,1485.05,-0.008168144902756969,0.009949538227173038,0.09341177163557113,0.0910278594003091,-0.005776078204812851,0.02237580066750877,-0.027749769482718678,-0.025379065968175407,0.6480898358036685,0.27355243327731604,49.2,49.1,-0.002032520325203291,0.04858408628792277,-0.05061660661312606,49.2,49.5,49.2,50.0,0.016260162601625883,0.028904030270794356,-0.012643867669168474,49.2,52.8,0.07317073170731692,0.10173976273514396,-0.02856903102782704,0.00019203011,0.005,5
2025-07-22,49.2,49.5,48.7,49.5,9543900,0.0,-0.01394422310756982,0.037735849056603765,0.037735849056603765,0.03882476390346268,0.06451612903225801,48.94,47.675,43.7975,48.3400124686963,47.104425818095514,1.235586650600787,1.2060704478023532,0.02951620279843392,0.024961346476783577,0.0005962869252208873,70.48931166763967,47.675,1.0100156330204422,49.69503126604088,45.654968733959116,0.08474174162730494,0.9517256813496937,1.1786243485115497,0.023810592899223226,52.397842885113114,34.761892623506725,9.93113464122415,71.73913043478264,78.8338388945063,2880831283.0,2860448898.0,0.22334852394930815,2.1298834726005755,7.944021452131139,9706975.0,-0.03690400259223725,0.9832002245807783,0.016161616161616103,0.03828002097535399,0.1302014955191506,1.0,7.0,-0.02012072434607648,0.0,1485.26,1509.54,0.01649102723814022,0.03347139971930302,0.10445795561798987,0.10041372095044089,-0.01649102723814022,0.004264449337300746,-0.039941826585731866,-0.03616418930441112,0.612754991402772,0.26432031812483425,49.7,48.0,-0.03420523138832998,-0.01722186393608749,-0.016983367452242493,49.7,48.7,49.7,51.7,0.04024144869215296,0.018143171139393788,0.02209827755275917,49.7,53.2,0.07042253521126751,0.08859026836362682,-0.01816773315235931,0.00019203011,0.005,5
2025-07-23,49.7,49.7,48.5,48.7,15205900,-0.016161616161616155,-0.016161616161616155,-0.029880478087649376,0.01882845188284521,0.01882845188284521,0.040598290598290676,49.120000000000005,47.769999999999996,43.95666666666667,48.39539516581995,47.22261649823659,1.1727786675833585,1.1994120917585542,-0.026633424175195763,0.02408169748631126,-0.0005468875600656214,62.267697628164605,47.769999999999996,1.0127347031407927,49.79546940628158,45.74453059371841,0.08480089622280039,0.7295764125381994,1.180151180760725,0.02423308379385472,52.62360129946598,32.23713914710895,9.20983712783589,54.34782608695659,65.9420289855073,2865625383.0,2861742808.0,0.23321882768892382,1.9928575464534934,7.047802781838985,10137490.0,1.1217928708358826,1.4999669543447145,0.024640657084188968,0.01946828553485469,0.10790930461818449,2.0,7.0,0.004098360655737654,1.0,1519.58,1512.31,0.0018349960915244878,0.024968315180925238,0.10650082312054132,0.0993983477332998,-0.017996612253140643,-0.006139863298080028,-0.06590253252225065,-0.05955940668565707,0.6371450684160352,0.279332139029577,48.8,49.3,0.010245901639344357,-0.00830126623910532,0.018547167878449677,48.8,49.0,48.8,54.1,0.10860655737704938,0.03516526887025173,0.07344128850679765,48.8,54.1,0.10860655737704938,0.0947936194704817,0.01381293790656768,0.00019203011,0.005,5
2025-07-24,48.8,49.5,48.5,49.0,10168300,0.006160164271047153,-0.010101010101010055,-0.010101010101010055,0.027253668763102645,0.02833158447009443,0.047008547008547064,49.38,47.88,44.119166666666665,48.48841129415534,47.35427453540425,1.1341367587510902,1.1863570251570614,-0.052220266405971216,0.02314564813777735,-0.0010657197225708412,63.96505626595905,47.88,1.021273714534102,49.9225474290682,45.8374525709318,0.08531944148154555,0.7741674401438344,1.167283239277816,0.02382210692403706,52.83323411279365,30.264479282955765,8.646267390007619,51.35135135135137,59.14610262436355,2875793683.0,2863545133.0,0.23351071881728533,1.916991225698982,6.7934101429607425,10163475.0,0.0010682653554020915,1.000474739200913,0.02040816326530612,0.023391812865497075,0.11062841168804183,3.0,7.0,-0.013144590495450026,0.0,1520.25,1521.02,0.0057594011809747325,0.020811940859457367,0.11375368866563651,0.09694672084965537,0.00040076309007242017,0.006441727903645278,-0.06674514165708945,-0.059928099306279625,0.6422183708426378,0.2802798012835187,49.45,49.95,0.010111223458038499,-0.012513473014537646,0.022624696472576145,49.45,48.8,49.45,54.6,0.10414560161779574,0.03959751833644409,0.06454808328135164,49.45,57.8,0.1688574317492415,0.10938773364178878,0.05946969810745273,0.00019203011,0.005,5
2025-07-25,49.45,49.5,48.8,48.8,7947800,-0.004081632653061273,0.002053388090349051,-0.014141414141414232,-0.02788844621513953,0.02413431269674704,0.052858683926644945,49.1,48.002500000000005,44.280833333333334,48.53634801813144,47.46136531055949,1.074982707571948,1.1640821616400387,-0.08909945406809072,0.022028334171556314,-0.0018258084850018591,61.96384878129961,48.002500000000005,0.9739332896199003,49.950366579239805,46.054633420760204,0.08115688054746316,0.7047111461584897,1.1339058650436866,0.023235775923026367,53.02789315374076,28.929955835465268,8.26500702014109,44.44444444444436,50.04787396091746,2867845883.0,2865223598.0,0.2305413294103983,1.9564293475885854,7.1179718890811365,10287335.0,-0.5300258349714687,0.772581042612105,0.014344262295082027,0.01661371803551881,0.10205694713664681,4.0,7.0,0.006147540983606703,1.0,1521.56,1531.13,0.006646855399666141,0.02260766189356711,0.11643965466954453,0.09693227328298867,-0.010728488052727414,-0.05049610810870664,-0.06358097074289959,-0.05694976031796273,0.6249899033465336,0.2723570326452419,48.8,49.4,0.012295081967213184,-0.030230506803647583,0.04252558877086077,48.8,49.1,48.8,54.0,0.10655737704918034,0.02797343399359198,0.07858394305558836,48.8,55.5,0.13729508196721318,0.06722574619605415,0.07006933577115904,0.00019203011,0.005,5
2025-07-28,48.8,49.3,48.35,49.1,15097200,0.006147540983606703,0.0020408163265306367,0.008213552361396204,-0.008080808080808022,0.023983315954118734,0.051391862955032064,49.02,48.122499999999995,44.44083333333333,48.623063707649685,47.58274565792546,1.0403180497242275,1.1393293392568766,-0.09901128953264915,0.021187740320249032,-0.0020165232084042597,63.79367449489284,48.122499999999995,0.9526244911038517,50.0277489822077,46.21725101779229,0.07918329189912005,0.7565281517346176,1.1207697318262801,0.02282626745063707,52.36586358278917,27.178388060005148,10.63252808789952,52.77777777777782,49.52452452452454,2882943083.0,2867355968.0,0.23020130593937008,1.9798255572741092,7.227546372414091,10741240.0,0.9857907289900459,1.4055360461175805,0.01934826883910378,0.020312743519143917,0.1048397682311688,0.0,7.0,-0.022403258655804503,0.0,1541.82,1557.42,0.017170325184667545,0.048732365913605635,0.13178835379014164,0.10488836530289061,-0.011022784201060842,-0.05681317399441366,-0.08039649083510958,-0.07103491617127633,0.5938186138207453,0.2645887637621072,49.1,50.0,0.018329938900203624,-0.022020990656597905,0.04035092955680153,49.1,48.0,49.1,53.7,0.09368635437881867,0.021924996800204877,0.0717613575786138,49.1,53.0,0.07942973523421593,0.03291309356201211,0.04651664167220382,0.00019203011,0.005,5
2025-07-29,49.1,50.8,48.0,48.0,24137000,-0.022403258655804503,-0.016393442622950727,-0.020408163265306145,-0.030303030303030276,0.0062893081761006275,0.022364217252396124,48.720000000000006,48.175,44.593333333333334,48.52720775262666,47.61365338696802,0.9135543656586407,1.0941743445372296,-0.18061997887858894,0.01903238261788835,-0.0037629162266372695,53.60979165969592,48.175,0.9127027532486715,50.00040550649734,46.34959449350266,0.07578227323289424,0.4520654453552641,1.2407147509815457,0.0258482239787822,52.61083428974177,31.432877738723572,8.918592136144618,22.22222222222218,39.8148148148148,2858806083.0,2867976278.0,0.2463288006916798,1.6696480563852083,5.832237988197654,11642880.0,2.405276807966652,2.073112494503078,0.05833333333333327,-0.0036325895173844325,0.07639407983256086,1.0,7.0,0.00921187308085969,1.0,1562.6,1493.41,-0.04110002439932714,-0.010685374352451649,0.08387766358938631,0.19798227294679302,0.018696765743522636,-0.019617655950578627,-0.061513446336990185,-0.05675312667047805,0.5832179519390596,0.3316965603530235,48.85,51.7,0.05834186284544529,0.03127520446864818,0.027066658376797115,48.85,49.3,48.85,54.0,0.10542476970317294,0.07198229604793926,0.03344247365523367,48.85,55.0,0.12589559877175027,0.11158289062343774,0.014312708148312536,0.00019203011,0.005,5
2025-07-30,48.85,50.3,48.1,49.3,17249500,0.027083333333333348,0.004073319755600657,0.010245901639344357,0.012320328542094305,0.03138075313807542,0.03680336487907465,48.839999999999996,48.2625,44.767500000000005,48.64609886760717,47.73856795089631,0.9075309167108614,1.056845658971956,-0.14931474226109454,0.018408335024561084,-0.003028696597588125,61.44351996915337,48.2625,0.9332843815474043,50.129068763094814,46.39593123690519,0.07735068689333587,0.7779163619667022,1.3163779830542923,0.02670137896661851,52.838307089054894,27.510013000907044,7.805540035326367,58.333333333333265,44.444444444444436,2876055583.0,2868986598.0,0.2600810994716569,1.4824770259189362,4.097161905048703,12032890.0,0.9819353514688144,1.4335292685298378,0.044624746450304176,0.021497021497021374,0.1012453230580217,2.0,7.0,0.0010020040080160886,1.0,1500.23,1507.63,0.00952183258448791,-0.0030946036196281,0.08886385139283126,0.19890435453442193,0.017561500748845438,0.015414932161722406,-0.05206048651375661,-0.04781175024514117,0.6123177819208813,0.3434322757906883,49.9,54.1,0.08416833667334678,0.034002207679571184,0.050166128993775594,49.9,49.95,49.9,53.9,0.08016032064128265,0.0588977371284396,0.021262583512843047,49.9,55.6,0.11422845691382766,0.09909590265184365,0.01513255426198401,0.00019203011,0.005,5
2025-07-31,49.9,50.7,49.25,49.95,18161500,0.013184584178498993,0.04062500000000013,0.01731160896130346,0.019387755102040938,0.04716981132075482,0.07073954983922848,49.029999999999994,48.427499999999995,44.94166666666667,48.84669904182145,47.9023777323114,0.9443213095100518,1.034340789079575,-0.09001947956952328,0.018905331521722756,-0.001802191783173639,64.65716736638578,48.427499999999995,0.9248719683788267,50.27724393675765,46.57775606324234,0.07639229515286376,0.9115434492702649,1.3259224128361289,0.02654499324997255,53.24554069220863,27.515964714630247,7.195827940256633,76.38888888888901,52.31481481481484,2894217083.0,2871654453.0,0.25072855680372713,1.4704431752247353,4.276772640140042,12191505.0,1.0952023428947282,1.4896848256224313,0.029029029029029083,0.03143874864488172,0.11144075653625074,3.0,7.0,-0.017892644135188873,0.0,1521.96,1502.52,-0.003389425787494349,-0.012162890691772676,0.0872384150047758,0.19959353640416191,0.01657400996599334,0.031550645793813614,-0.016498865165547327,-0.0151750204351222,0.5826138783145224,0.3237547589267086,50.3,54.6,0.08548707753479134,0.04972526014015699,0.035761817394634354,50.3,49.4,50.3,55.4,0.10139165009940365,0.08879937354002965,0.012592276559374005,50.3,54.8,0.08946322067594425,0.11545710341898485,-0.025993882743040597,0.00019203011,0.005,5
2025-08-01,50.3,50.8,49.1,49.4,13980500,-0.011011011011011096,0.0020283975659229903,0.029166666666666563,0.012295081967213184,-0.015936254980079778,0.04994686503719459,49.15,48.545,45.1025,48.931822266156615,48.01331271510315,0.918509551053468,1.0111745414743536,-0.0926649904208856,0.018593310750070202,-0.0018758095226899922,60.09302748700694,48.545,0.8892486479567484,50.3234972959135,46.766502704086506,0.07327211024465943,0.7403714647091549,1.3526422404906908,0.02738142187228119,53.346731360687656,25.045818369381966,7.341948960642408,60.56338028169015,65.0952008346375,2880236583.0,2873151243.0,0.2551125378634879,1.5541096458584696,4.238399049381304,12418490.0,0.2879318901052582,1.1257809926971798,0.03441295546558696,0.017612524461839474,0.09528296657613211,4.0,8.0,0.02249488752556239,1.0,1506.88,1495.21,-0.004865159864760549,-0.023459797665776327,0.07804062092186559,0.20221385331883251,-0.006145851146250547,0.03575487963298951,-0.028093755884671,-0.026060016050830415,0.6039205284142442,0.3345559259016521,48.9,54.0,0.10429447852760743,0.06132438712442334,0.042970091403184085,48.9,50.0,48.9,53.9,0.10224948875255624,0.09149105713922201,0.01075843161333423,48.9,55.6,0.13701431492842553,0.12645225228844836,0.010562062639977166,0.00019203011,0.005,5
2025-08-04,48.9,50.0,48.5,50.0,10261900,0.012145748987854255,0.0010010010010008674,0.014198782961460488,0.018329938900203624,0.010101010101010166,0.051524710830704645,49.33,48.667500000000004,45.26916666666667,49.09615730213252,48.160474736206616,0.9356825659259016,0.9960761463646632,-0.06039358043876164,0.018713651318518033,-0.0012078716087752328,63.149099741673616,48.667500000000004,0.9133908773000691,50.494281754600145,46.84071824539986,0.07507193731340796,0.8647124229932062,1.3631677947413559,0.027263355894827118,52.38776435090176,23.077256208561703,9.9088207064189,77.46478873239442,71.47235263432455,2890498483.0,2874748498.0,0.2558054784515014,1.53077826401202,4.123147440632909,12518955.0,-0.4209384694861911,0.8197089932825863,0.03,0.027379668156367165,0.10450453767280887,0.0,8.0,0.025793650793650924,1.0,1493.37,1528.19,0.02205710234682745,-0.018768219234374772,0.08996048671240886,0.21107120791260062,-0.009911353358973196,0.037098158134578396,-0.038435775881704215,-0.03526345803381925,0.5982941635348018,0.3398176826564283,50.4,53.7,0.06547619047619047,0.032103361578086576,0.03337282889810389,50.4,51.7,50.4,52.8,0.04761904761904767,0.05763997957587619,-0.010020931956828516,50.4,56.3,0.11706349206349209,0.08667972259386358,0.030383769469628508,0.00019203011,0.005,5
2025-08-05,50.4,53.5,49.65,51.7,34970000,0.03400000000000003,0.04655870445344146,0.03503503503503502,0.07708333333333339,0.04444444444444451,0.08499475341028351,50.07,48.87,45.4625,49.496748486419825,48.422661792783906,1.0740866936359197,1.0116782558189146,0.062408437817005114,0.02077537125021121,0.0012071264568086094,70.12897050153438,48.87,1.1048219670813413,51.07964393416268,46.66035606583731,0.0904294632356327,1.1403746676661723,1.5407986665455449,0.0298026821382117,53.104449821351544,35.18380520010974,8.140305615232812,70.49180327868858,69.5066574309244,2925468483.0,2877793233.0,0.2789346176378966,1.2098252423149027,2.003438339305855,13966435.0,2.9453827286811585,2.5038601475609203,0.074468085106383,0.05790873746674863,0.1372009898267803,1.0,8.0,0.028517110266159662,1.0,1547.19,1547.15,0.012406834228728236,0.035984759710997016,0.09303689260028536,0.21223353291156122,0.021593165771271794,0.041098573622336376,-0.008042139190001851,-0.007357610017050709,0.6457899646338474,0.359286978497381,52.6,54.0,0.026615969581748944,0.031862745098039325,-0.005246775516290381,52.6,54.1,52.6,53.2,0.011406844106463865,0.06136433631044058,-0.04995749220397672,52.6,56.4,0.0722433460076044,0.08837003387742537,-0.016126687869820966,0.00019203011,0.005,5
2025-08-06,52.6,54.1,52.2,54.1,12203200,0.046421663442939964,0.08200000000000007,0.09514170040485825,0.0973630831643002,0.11088295687885008,0.13179916317991647,51.03,49.185,45.6975,50.20494102697062,48.8432053636888,1.36173566328182,1.0816897373114958,0.2800459259703243,0.025170714663249907,0.005176449648249987,76.80765521324804,49.185,1.5797318226765629,52.34446364535313,46.025536354646874,0.12847265000927632,1.2778218950594473,1.6021701903637202,0.029614975792305362,53.94352783061746,34.094161173737405,7.269311403129453,99.99999999999999,82.65219733702769,2937671683.0,2880959303.0,0.3164740719229286,1.0193744743286728,0.6107699331405426,14087770.0,-0.26631740841056994,0.86622652130181,0.03512014787430681,0.09992884009352432,0.18387220307456653,2.0,8.0,-0.0036496350364962904,0.0,1558.56,1573.71,0.017167049090262676,0.04383038278622742,0.0994815974065899,0.21574158714563915,0.02925461435267729,0.053532700378072784,0.03231756577332656,0.029393457652729937,0.7546873634708732,0.4046745999527573,54.8,53.9,-0.01642335766423353,0.01496372430471582,-0.03138708196894935,54.8,54.6,54.8,54.1,-0.012773722627737127,0.048191253526803646,-0.06096497615454077,54.8,56.0,0.021897810218978186,0.04983499596936736,-0.02793718575038917,0.00037965615,0.005,5
2025-08-07,54.8,55.2,52.9,54.6,14247000,0.009242144177449063,0.05609284332688591,0.09200000000000008,0.0930930930930931,0.11428571428571432,0.14585519412381953,51.96,49.5325,45.92916666666667,50.88110394589822,49.26963459600815,1.611469349890065,1.1876456598272096,0.42382369006285536,0.029514090657327196,0.007762338645839841,77.9154826318268,49.5325,1.9462024425445665,53.424904885089134,45.640095114910864,0.15716569464852917,1.1509471842731949,1.652015176766312,0.030256688219163223,55.00693183583466,35.45974138599611,6.546410044216969,91.66666666666664,87.38615664845175,2951918683.0,2885256528.0,0.3145732826582509,0.9404884653763851,0.5549465615129259,14381315.0,-0.019332576910788102,0.9906604507306876,0.042124542124542204,0.10230656639580071,0.18878708155674495,3.0,8.0,-0.007352941176470562,0.0,1587.84,1581.81,0.005147072840612221,0.05277134414184159,0.09419357516394111,0.21488720350971072,0.004095071336836842,0.04032174895125151,0.05166161895987842,0.0472143322100369,0.7567939305454593,0.4074313261466488,54.4,55.4,0.018382352941176405,0.03215314737226205,-0.013770794431085642,54.4,54.0,54.4,57.8,0.0625,0.06191572616666052,0.000584273833339477,54.4,54.0,-0.007352941176470562,0.021986939946400996,-0.02933988112287156,0.00037965615,0.005,5
2025-08-08,54.4,54.4,52.5,54.0,15418000,-0.010989010989011061,-0.001848428835489857,0.044487427466150864,0.09311740890688269,0.10655737704918034,0.1332633788037776,52.88000000000001,49.85,46.16583333333333,51.360934108067724,49.620032033340884,1.74090207472684,1.2982969428071358,0.4426051319197042,0.0322389273097563,0.008196391331846374,73.38543023797716,49.85,2.132023995124689,54.11404799024938,45.58595200975062,0.17107514504511057,0.9866267933064805,1.6840140927115756,0.031185446161325476,55.48237520185672,32.30123978501787,7.6599288435109285,83.3333333333333,91.66666666666667,2936500683.0,2888782853.0,0.3201913255991183,0.943549308238964,0.44076109569341143,14613170.0,0.11667039378355501,1.0550756612015053,0.03518518518518516,0.08324974924774309,0.16969620390259754,4.0,8.0,0.001865671641791078,1.0,1589.58,1584.95,0.0019850677388562055,0.06001832518509098,0.08725030183294913,0.21459267626587467,-0.012974078727867266,0.03309908372179171,0.04601307697082846,0.04232059250133746,0.7184076280689623,0.3864636796567622,53.6,53.9,0.005597014925373012,0.024525763994519112,-0.0189287490691461,53.6,53.7,53.6,55.5,0.035447761194029814,0.03424933060126456,0.0011984305927652539,53.6,54.2,0.011194029850746245,0.029126701781291953,-0.017932671930545707,0.00037965615,0.005,5
2025-08-11,53.6,53.8,52.7,53.7,11099300,-0.005555555555555536,-0.016483516483516425,-0.007393715341959317,0.07400000000000007,0.09368635437881867,0.11991657977059433,53.620000000000005,50.1375,46.41083333333333,51.72079039913423,49.92225188272304,1.7985385164111918,1.3983452575279471,0.40019325888324464,0.033492337363336906,0.007452388433579974,71.15773257868227,50.1375,2.246920407087754,54.63134081417551,45.6436591858245,0.17926066573624555,0.8963758561231567,1.6565845146607487,0.03084887364358936,55.92385832744863,30.490646476535524,7.230564026562181,79.16666666666667,84.72222222222223,2925401383.0,2891321143.0,0.3230251940412864,1.003978522959988,0.449199649902273,14735065.0,-0.5339980641558567,0.7532576205127022,0.02048417132216004,0.07105459985041129,0.15705743989370324,0.0,8.0,0.00746268656716409,1.0,1590.98,1596.86,0.007514432631944068,0.04493551194550416,0.08598903714584938,0.21431409545288696,-0.013069988187499604,0.029064488054495907,0.033927542624744955,0.031241146516461926,0.6790269574280725,0.3694135601286677,53.6,52.8,-0.014925373134328401,0.020498908637355706,-0.03542428177168411,53.6,54.0,53.6,53.0,-0.011194029850746245,0.00656688493919555,-0.017760914789941795,53.6,53.9,0.005597014925373012,0.024795759276582396,-0.019198744351209385,0.00037965615,0.005,5
2025-08-12,53.6,54.8,53.0,54.0,7085300,0.005586592178770999,0.0,-0.010989010989011061,0.044487427466150864,0.125,0.13207547169811318,54.08,50.4525,46.652499999999996,52.07143803003666,50.22430729881763,1.847130731219032,1.4881023522661643,0.35902837895286766,0.034206124652204295,0.006648673684312364,72.0707729966845,50.4525,2.3273813497934324,55.10726269958687,45.79773730041313,0.18452059658438605,0.8810613160059542,1.6668284778992666,0.030867194035171602,56.63394950604875,32.4240374702892,6.672831807201539,83.3333333333333,81.94444444444444,2932486683.0,2894705278.0,0.3203732668095271,0.9495940141279784,0.4448817278737069,14597750.0,-1.0826239087897227,0.48536932061447824,0.03333333333333328,0.07031366136465,0.15749423932265172,1.0,8.0,-0.009191176470588203,0.0,1603.5,1608.22,0.007113961148754511,0.039472578612287146,0.10103036319446823,0.21059511977252537,-0.0015273689699835113,0.005014848853863718,0.031045108503644947,0.028196414505384126,0.6776594237177801,0.3653360722172222,54.4,53.2,-0.022058823529411686,0.023911065444394364,-0.04596988897380605,54.4,53.9,54.4,55.0,0.011029411764705843,0.032223920969069786,-0.021194509204363943,54.4,55.4,0.018382352941176405,0.026108432318005415,-0.007726079376829009,0.00037965615,0.005,5
2025-08-13,54.4,54.4,52.9,53.9,8805500,-0.0018518518518518823,0.003724394785847185,-0.0018518518518518823,-0.003696857670979714,0.09330628803245444,0.12761506276150625,54.04,50.75750000000001,46.854166666666664,52.352755256184864,50.49658083223854,1.856174423946321,1.5617167666021956,0.2944576573441253,0.0344373733570746,0.005463036314362251,71.26097666935482,50.75750000000001,2.3609361992311304,55.47937239846227,46.03562760153775,0.18605614533664028,0.8327599450827375,1.654912158049319,0.03070337955564599,57.15510510336647,30.32482996989309,6.672432661682927,81.9444444444444,81.48148148148148,2923681183.0,2897172648.0,0.3213836327304537,0.9697601767476702,0.44281500650236,14561535.0,-0.8259743834310114,0.6047095996404225,0.027829313543599257,0.061912032704526165,0.15037794575366825,2.0,8.0,0.0202578268876612,1.0,1615.57,1611.6,0.0021017025033887027,0.024076862954419687,0.09226212664439126,0.20987629626004212,-0.003953554355240585,-0.0277737206253994,0.035352936117114986,0.03236671422978388,0.6523879726440934,0.3835118608988216,54.3,54.1,-0.0036832412523019054,0.02536995280868415,-0.029053194060986054,54.3,55.4,54.3,55.6,0.023941068139963217,0.030557301100309298,-0.00661623296034608,54.3,55.4,0.0202578268876612,0.02715656920366194,-0.006898742316000739,0.00037965615,0.005,5
2025-08-14,54.3,56.3,53.7,55.4,16179400,0.027829313543599188,0.025925925925925908,0.03165735567970196,0.0146520146520146,0.10910910910910898,0.16142557651991596,54.2,51.1425,47.0925,52.82156213984873,50.85979706688754,1.9617650729611924,1.6417264278739951,0.32003864508719726,0.03541092189460636,0.005776870849949409,75.67595316684277,51.1425,2.4617748731989213,56.06604974639784,46.21895025360216,0.19254239610491622,0.9323608188497402,1.7224184324743672,0.03109058542372504,58.13552881312652,34.93443834638779,5.952998845614801,89.15662650602411,84.81146809460063,2939860583.0,2900901513.0,0.32859554504450866,0.7363027895987393,-0.11742649534996678,14917980.0,0.18405687000221313,1.0845570244765042,0.046931407942238164,0.08324778804321253,0.1764081329298719,3.0,8.0,-0.035778175313059046,0.0,1623.18,1640.69,0.018050384710846412,0.03722318103944233,0.10112683807491218,0.21460927661996826,0.009778928832752776,-0.022571166387427732,0.060298738445003774,0.05476093794101278,0.6608590636319938,0.39134118499854553,55.9,57.8,0.03398926654740597,0.01794673871092245,0.016042527836483522,55.9,53.9,55.9,54.8,-0.019677996422182487,0.013640968737938852,-0.03331896516012134,55.9,56.0,0.0017889087656530744,0.016077286761868148,-0.014288377996215074,0.00037965615,0.005,5
2025-08-15,55.9,56.0,53.0,53.9,13248000,-0.027075812274368283,0.0,-0.0018518518518518823,-0.0018518518518518823,0.09109311740890691,0.07370517928286846,54.17999999999999,51.3275,47.29416666666667,52.98747565679508,51.08499728415513,1.9024783726399477,1.6938768168271858,0.20860155581276185,0.03529644476140905,0.0038701587349306466,64.93336378316639,51.3275,2.525422059566503,56.378344119133004,46.276655880867,0.19680849911384748,0.7546604032240039,1.8136742587261983,0.033648873074697556,58.17897105881368,30.806932517704098,8.006486329547641,71.0843373493976,80.72846943328872,2926612583.0,2902664318.0,0.3055055407737374,0.5367115597794562,-0.09718101606843305,14276720.0,-0.16238326358583355,0.9279442336895309,0.055658627087198514,0.05011933174224348,0.1396754356597889,4.0,8.0,-0.020408163265306145,0.0,1658.24,1630.0,-0.006515551383869056,0.02842360957758916,0.08864073519982907,0.21841318905240778,-0.020560260890499227,-0.030275461429441042,-0.014935555916960608,-0.01371945347444592,0.7181021289497942,0.41710087905129184,53.9,55.5,0.029684601113172615,0.0043335754438864615,0.025351025669286154,53.9,52.8,53.9,55.6,0.03153988868274582,0.02675830245915156,0.0047815862235942586,53.9,56.1,0.04081632653061229,0.025958727271617743,0.014857599258994547,0.00037965615,0.005,5
2025-08-18,53.9,53.9,52.2,52.8,12871600,-0.020408163265306145,-0.04693140794223827,-0.020408163265306145,-0.016759776536312998,0.05600000000000005,0.06666666666666665,54.0,51.49249999999999,47.48166666666666,52.958633248057374,51.21203452236586,1.7465987256915128,1.7044211986000513,0.0421775270914615,0.03307952131991502,0.0007988168009746496,58.3876341413446,51.49249999999999,2.507476976857695,56.507453953715384,46.4775460462846,0.19478385992971373,0.6303601201593613,1.8055546688171837,0.034196111151840604,57.30776745728541,28.735080653937597,10.632864582737207,57.31707317073168,72.51934567538449,2913740983.0,2904309803.0,0.311274295655986,0.4960622882958875,-0.1888596477855456,14394040.0,-0.24229090332970432,0.8942312234786064,0.03219696969696962,0.025392047385541572,0.11200814349398014,0.0,8.0,0.009487666034155628,1.0,1638.37,1636.37,0.003907975460122559,0.024742306777050027,0.10189555907208514,0.21338448535981083,-0.024316138725428704,-0.041502083313363025,-0.03522889240541849,-0.03197117196396093,0.750869545734935,0.425064326508811,52.7,53.0,0.005692599620493288,-0.019857535843763152,0.02555013546425644,52.7,53.2,52.7,56.3,0.06831119544592013,0.020993119697825247,0.04731807574809488,52.7,56.2,0.06641366223908918,0.014720081616294012,0.051693580622795166,0.00019203011,0.005,5
2025-08-19,52.7,53.9,52.3,53.2,10619300,0.007575757575757791,-0.01298701298701288,-0.03971119133573997,-0.014814814814814725,0.029013539651837617,0.07474747474747478,53.839999999999996,51.677499999999995,47.67666666666666,52.99576659451009,51.359291224412836,1.6364753700972514,1.6908320328994915,-0.05435666280224005,0.030760815227391942,-0.0010217417819969935,59.96797129745163,51.677499999999995,2.489159390975577,56.65581878195115,46.69918121804884,0.1926687158609125,0.6529130683153334,1.7908721924730993,0.03366301113671239,56.498792684437724,26.901332142237372,9.954321173079764,60.25641025641031,62.88594025884655,2924360283.0,2906486253.0,0.3113341126903569,0.432255754390819,-0.2356771877575876,14447810.0,-0.6131196405993193,0.7350110501176302,0.030075187969924838,0.029461564510667282,0.11584982171572422,1.0,8.0,0.013108614232209881,1.0,1646.73,1654.2,0.010896068737510589,0.028590615711780787,0.09583051790611719,0.2102725876516298,-0.003320311161752798,-0.04340543052659551,-0.0210830431586424,-0.019239328357935626,0.7503857954741048,0.4270967276205501,53.4,55.0,0.029962546816479474,0.0033210798322615975,0.026641466984217876,53.4,54.1,53.4,56.4,0.05617977528089879,0.020564222584546155,0.03561555269635264,53.4,57.0,0.0674157303370786,0.0018470498342468833,0.06556868050283171,0.00019203011,0.005,5
2025-08-20,53.4,54.4,51.7,54.1,25005100,0.016917293233082775,0.024621212121212155,0.0037105751391466324,0.0037105751391466324,0.0,0.11088295687885008,53.88000000000001,51.947500000000005,47.89416666666667,53.165648656893154,51.562306689271146,1.6033419676220078,1.6733340198439948,-0.06999205222198701,0.029636635261035264,-0.0012937532758223107,63.34139206055495,51.947500000000005,2.4416061904966044,56.83071238099321,47.0642876190068,0.18800567422852713,0.7203979503715743,1.8558098930107347,0.03430332519428345,55.06611565011794,24.1057257196495,11.229210564553679,71.79487179487184,63.12278507400463,2949365383.0,2910673253.0,0.3052991062417738,0.25489143272067055,-0.203952084417503,14937770.0,1.5078930542607243,1.6739513327625208,0.049907578558225425,0.04143606525819332,0.12957388686861648,2.0,8.0,0.054744525547445244,1.0,1662.11,1664.36,0.0061419417240962115,0.03273765202283441,0.10054155563343481,0.2100579307276458,0.010775351508986564,-0.029027076883687775,0.010341401245415272,0.009396647670848912,0.7500366572338737,0.42807449677180115,54.8,55.6,0.014598540145985384,-0.0011822589505362524,0.015780799096521636,54.8,57.8,54.8,56.0,0.021897810218978186,-0.004651412739735794,0.02654922295871398,54.8,55.2,0.007299270072992803,-0.009637201748310287,0.01693647182130309,0.00019203011,0.005,5
2025-08-21,54.8,57.8,54.7,57.8,26950700,0.06839186691312382,0.08646616541353369,0.09469696969696972,0.04332129963898912,0.05860805860805862,0.1795918367346938,54.36,52.3875,48.16916666666667,53.8786257866019,52.02435804562143,1.8542677409804682,1.7095207640712895,0.1447469769091787,0.03208075676436797,0.0025042729569062063,73.3019949029322,52.3875,2.6651688501852173,57.71783770037044,47.05716229962957,0.20349654785475296,1.00770704449212,1.987537757795682,0.034386466397849175,55.03019761014928,33.119348366692996,9.736046511052042,100.0,77.35042735042741,2976316083.0,2915699373.0,0.3783962708055768,0.7730263254504023,0.7476125203490157,15776890.0,1.5765704491450514,1.7082390762691506,0.05363321799307949,0.10331663087568588,0.19993771949552785,3.0,8.0,-0.0331010452961672,0.0,1674.76,1688.0,0.014203657862481789,0.028835428996336843,0.10978159393038878,0.2126462904280121,0.05418820905064203,0.014485870642652277,0.06981024280430503,0.06290448786149527,0.8610215381248466,0.44385549732416935,57.4,54.8,-0.04529616724738683,0.00026183930207923645,-0.04555800654946607,57.4,55.5,57.4,54.0,-0.059233449477351874,-0.033259542257292884,-0.02597390722005899,57.4,54.8,-0.04529616724738683,-0.027356256174051685,-0.017939911073335146,0.00037965615,0.005,5
2025-08-22,57.4,59.1,54.6,55.5,21576300,-0.03979238754325254,0.025878003696857554,0.043233082706766846,0.029684601113172615,0.02777777777777768,0.13729508196721318,54.67999999999999,52.722500000000004,48.41583333333334,54.12806797327853,52.28181300520503,1.8462549680735023,1.7368676048717322,0.10938736320177012,0.03326585528060365,0.001970943481112975,62.020740409082315,52.722500000000004,2.611033017993104,57.94456603598621,47.500433964013794,0.19809629801265907,0.7659388047623046,2.166999346524562,0.03904503327071283,55.33784043860208,32.49184907897155,8.291909702045341,61.9047619047619,77.89987789987792,2954739783.0,2920044068.0,0.4137930623325755,0.4533071664807716,0.4243779869152069,16458315.0,0.7365203286125263,1.3109665236082795,0.08108108108108109,0.05268149272132394,0.14631921375583046,4.0,8.0,-0.05693950177935947,0.0,1680.42,1645.47,-0.025195497630331687,0.009490797546012342,0.07467687263654943,0.2384601481270845,-0.014596889912920852,0.020193803567160273,0.06261820933066375,0.058267011159400806,0.9395873869039782,0.49613650782746166,56.2,55.6,-0.01067615658362997,0.013562692052780712,-0.02423884863641068,56.2,53.0,56.2,54.2,-0.03558718861209964,-0.013484364644212876,-0.022102823967886764,56.2,55.4,-0.014234875444839923,-0.014725552810748943,0.0004906773659090202,0.00037965615,0.005,5
2025-08-25,56.2,56.5,51.7,53.0,22715200,-0.04504504504504503,-0.08304498269896188,-0.020332717190388205,0.0037878787878788955,-0.013035381750465591,0.07942973523421593,54.71999999999999,52.917500000000004,48.6025,53.954519054312605,52.33501204185651,1.619507012456097,1.7133954863886054,-0.09388847393250832,0.0305567360840773,-0.0017714806402360061,52.55319156262076,52.917500000000004,2.4679671476952003,57.85343429539041,47.9815657046096,0.18655205916342998,0.5083570804494948,2.3550708217728076,0.04443529852401524,53.32973379513618,27.761603840326934,15.880363127645573,17.567567567567533,59.824109824109826,2932024583.0,2922498143.0,0.45287214481870086,0.2952886301244052,0.07416819102653793,16839215.0,0.8301845631593119,1.3489464918643772,0.09056603773584901,0.0015590305664476833,0.09047888483102717,0.0,8.0,0.04761904761904767,1.0,1659.7,1614.03,-0.019107002862404077,-0.013652169130453307,0.03634857649189027,0.24596390431927656,-0.025938042182640952,0.017440047918332202,0.043081158742325654,0.04157014321200525,1.0400774067483025,0.5472134349387622,52.5,56.3,0.07238095238095243,0.043242471813900396,0.02913848056705204,52.5,55.0,52.5,53.9,0.026666666666666616,0.019638746346820835,0.007027920319845782,52.5,57.0,0.08571428571428563,0.028449811058506747,0.057264474655778885,0.00019203011,0.005,5
2025-08-26,52.5,55.0,52.4,55.0,12289300,0.037735849056603765,-0.009009009009009028,-0.04844290657439443,0.03383458646616533,0.0185185185185186,0.14583333333333326,55.08,53.267500000000005,48.825833333333335,54.11536227672605,52.532418557274546,1.5829437194515066,1.6873051330011857,-0.1043614135496791,0.028780794899118303,-0.0018974802463578018,58.06789253571268,53.267500000000005,2.217530335637182,57.70256067127437,48.83243932872564,0.16652032369735256,0.695318635799201,2.37256576307475,0.043137559328631815,51.46506334048927,25.588544400740453,14.63731632108957,44.59459459459457,41.35564135564135,2944313883.0,2926773533.0,0.4562946016896252,0.07784773102768124,-0.0830127920597731,16246830.0,-0.5711359084914279,0.7564121739440863,0.0472727272727273,0.03252452245740822,0.12645286818794688,1.0,8.0,0.005424954792043524,1.0,1611.61,1667.63,0.03320880033208806,0.008118728086083937,0.11665918937197417,0.21286079759676002,0.004527048724515703,0.02571585838008139,0.02917414396135909,0.02612627401362011,1.0582353738270787,0.5800220236606213,55.3,56.4,0.019891500904159143,0.010574666078854156,0.009316834825304987,55.3,55.6,55.3,55.4,0.001808318264014508,-0.012385763818556605,0.014194082082571113,55.3,56.9,0.02893309222423146,-0.007417160151083735,0.036350252375315195,0.00019203011,0.005,5
2025-08-27,55.3,56.4,54.1,55.6,15918500,0.01090909090909098,0.049056603773584895,0.0018018018018017834,0.02772643253234741,0.03153988868274582,0.12778904665314417,55.379999999999995,53.5825,49.06916666666667,54.34376808030666,52.759646812291244,1.5841212680154158,1.6666683600040317,-0.08254709198861598,0.028491389712507476,-0.0014846599278528054,59.58549548114652,53.5825,2.0666063587685692,57.715712717537144,49.44928728246286,0.1542747246782864,0.7440595413151354,2.3673824942836963,0.04257882183963482,50.26067587753098,28.03688881470318,13.621552297809615,52.702702702702695,38.288288288288285,2960232383.0,2930982373.0,0.4505313086870591,0.1559617591151747,0.0952158327131433,16180280.0,-0.0377995446012021,0.9838210463601371,0.041366906474820095,0.03765221854150136,0.13309444151962357,2.0,8.0,-0.019677996422182487,0.0,1678.54,1672.78,0.0030882150117230722,0.0050590016582952035,0.109542792329683,0.21252046443343423,0.007820875897367907,0.022667430874052208,0.018246254323461164,0.01644484056820361,1.0484081438983643,0.5778278302853903,55.9,56.0,0.0017889087656530744,-0.007360078126395608,0.009148986892048683,55.9,54.8,55.9,55.4,-0.008944543828264706,-0.0071873902091905695,-0.0017571536190741366,55.9,56.5,0.01073345259391778,-0.011093709991484624,0.021827162585402404,0.00019203011,0.005,5
2025-08-28,55.9,56.2,54.4,54.8,8394200,-0.014388489208633115,-0.0036363636363636598,0.03396226415094339,-0.05190311418685123,-0.010830324909747335,0.09709709709709702,54.779999999999994,53.825,49.29333333333333,54.41395760641333,52.91078408545486,1.5031735209584696,1.6339693921949194,-0.13079587123644987,0.02743017374011806,-0.0023867859714680633,56.6419349468706,53.825,1.8953891421017968,57.6157782842036,50.034221715796406,0.14085567242744437,0.6286015597460393,2.3268551732634326,0.04246086082597505,49.14231609049828,26.487697920046415,12.868887302405737,41.891891891891824,46.396396396396376,2951838183.0,2933863428.0,0.45563506169342977,0.2879968732779118,0.004129090815609785,15691915.0,-1.0249506813566105,0.5349378963625536,0.03284671532846723,0.018114259173246605,0.11171219908033536,3.0,8.0,0.007246376811594235,1.0,1679.33,1680.86,0.004830282523702989,-0.004229857819905258,0.11869392753507446,0.21005360549525362,-0.019218771732336104,-0.04767325636694597,-0.021596830437977443,-0.01930539704060419,1.0543867197144714,0.5751943831649426,55.2,54.0,-0.021739130434782705,-0.038802208140298555,0.01706307770551585,55.2,55.6,55.2,56.0,0.014492753623188248,-0.003082639591505787,0.017575393214694035,55.2,56.6,0.0253623188405796,-0.013981338492760731,0.03934365733334033,0.00019203011,0.005,5
2025-08-29,55.2,55.8,54.3,55.6,13870300,0.014598540145985384,0.0,0.01090909090909098,0.0018018018018017834,0.03153988868274582,0.1255060728744939,54.8,54.135000000000005,49.52416666666667,54.596425666965125,53.109985264310055,1.4864404026550702,1.6044635942869496,-0.11802319163187946,0.026734539616098382,-0.0021227192739546666,58.832095062246474,54.135000000000005,1.6206804938528847,57.37636098770577,50.89363901229424,0.11975102937861892,0.7259853199869789,2.267794089458902,0.040787663479476655,48.023751432550185,25.23627582335692,12.575860857618581,52.702702702702695,49.099099099099085,2965708483.0,2938137023.0,0.45273460790515696,0.15641778289031108,0.038180642575952294,15686405.0,-0.25501716020508425,0.8842242693593593,0.02697841726618705,0.027061974692897284,0.12268421141193686,4.0,8.0,0.005357142857142838,1.0,1690.11,1682.21,0.0008031602869960075,0.022327967085391975,0.12506604423458922,0.2072142540760948,0.013795379858989376,-0.020526165283590192,0.000440028639904666,0.0003911136080940736,1.0820745247455992,0.583044341289787,56.0,54.2,-0.03214285714285714,-0.026627271700423893,-0.005515585442433246,56.0,56.3,56.0,56.1,0.0017857142857142794,-0.000719334645177705,0.0025050489308919843,56.0,56.9,0.016071428571428514,-0.012133570337254929,0.028204998908683443,0.00019203011,0.005,5
2025-09-03,56.0,56.3,55.2,56.3,7512300,0.012589928057553879,0.027372262773722733,0.012589928057553879,0.0622641509433961,0.0662878787878789,0.1259999999999999,55.46,54.45,49.76333333333333,54.85851402589357,53.34628265213894,1.5122313737546307,1.5860171501804858,-0.07378577642585515,0.026860237544487225,-0.0013105821745267347,60.70261508065823,54.45,1.3670944987155562,57.184188997431114,51.71581100256889,0.10042934793135395,0.8383087273297766,2.1843802259261227,0.03879893829353682,47.18904428183545,25.963520242304774,12.123511334687123,62.1621621621621,52.25225225225222,2973220783.0,2942273138.0,0.4528132533749688,0.15386416628451177,0.03514214891905054,15548925.0,-1.107433198913969,0.48313950964455743,0.019538188277086935,0.03397612488521573,0.13135508071538626,2.0,9.0,-0.005291005291005346,0.0,1682.11,1681.3,-0.0005409550531741969,0.04167828355111114,0.10019042134813083,0.19935162652152502,0.013130883110728075,0.020585867392284962,0.02580957865186906,0.02345919229167892,1.1275043529313984,0.5929536843906786,56.7,53.9,-0.049382716049382824,-0.0262682286574345,-0.023114487391948324,56.7,56.4,56.7,56.2,-0.00881834215167554,-0.009848363642827929,0.0010300214911523886,56.7,59.8,0.05467372134038784,-0.013356324699719702,0.06803004604010754,0.00019203011,0.005,5
2025-09-04,56.7,56.8,55.7,56.4,7720900,0.001776198934280604,0.014388489208633004,0.029197080291970767,0.025454545454545396,0.06015037593984962,0.09090909090909083,55.739999999999995,54.68499999999999,49.98833333333334,55.09566571421764,53.572483937165686,1.5231817770519527,1.5734500755547793,-0.05026829850282666,0.027006769096665828,-0.0008912818883479904,60.97540520269862,54.68499999999999,1.2700082884095003,57.22501657681899,52.14498342318099,0.0928962814965347,0.8375962219403698,2.106924495502828,0.03735681729614943,46.614890323462674,26.690379557157442,11.671401348353257,63.513513513513466,59.459459459459445,2980941683.0,2945046798.0,0.4409938090334552,0.30210851846419035,0.42187965251642945,14186470.0,-1.1074768824283516,0.5442439169152016,0.01950354609929068,0.03136143366553923,0.12826326142766642,3.0,9.0,-0.01581722319859402,0.0,1687.59,1696.29,0.008915719978588088,0.017186066453589666,0.09639660020036822,0.1979792623389485,-0.007139521044307484,0.00826847900095573,-0.005487509291277393,-0.005005040411721895,1.1216527365495848,0.5944441513842299,56.9,55.4,-0.026362038664323406,-0.027786737668095696,0.0014246990037722895,56.9,56.0,56.9,57.0,0.0017574692442883233,-0.023429298645851082,0.025186767890139405,56.9,58.7,0.03163444639718804,-0.030742524030425877,0.06237697042761392,0.00019203011,0.005,5
2025-09-05,56.9,57.1,54.8,56.0,11299600,-0.007092198581560294,-0.005328596802841923,0.007194244604316502,0.007194244604316502,0.03512014787430684,0.03512014787430684,55.82000000000001,54.779999999999994,50.207499999999996,55.234794065876464,53.75229994182008,1.4824941240563874,1.555258885255101,-0.07276476119871367,0.026473109358149775,-0.0012993707356913156,59.20501831720416,54.779999999999994,1.2947667946888406,57.369533589377674,52.190466410622314,0.09454302991521288,0.7355636561356977,2.120715602966912,0.037869921481552,45.29756397300802,24.622752920200572,13.798573381713538,58.108108108108084,61.26126126126123,2969642083.0,2946645318.0,0.4139647602609777,0.4639833095513444,1.2413590822133171,14141290.0,-0.485118146628358,0.7990501573760244,0.04107142857142865,0.022270901788974173,0.11537120948065538,4.0,9.0,-0.03052064631956919,0.0,1705.13,1666.97,-0.01728478031468672,-0.0034732600820190918,0.05926123618709922,0.2067480229260354,0.010192581733126427,0.010667504686335594,-0.02414108831279238,-0.022790495383074982,1.0856335190306035,0.5919755583172864,55.7,55.4,-0.0053859964093357915,0.003823205351283221,-0.009209201760619012,55.7,54.0,55.7,55.2,-0.008976660682226245,-0.0013787622447936076,-0.0075978984374326375,55.7,57.0,0.02333931777378817,-0.009085380905648144,0.032424698679436315,0.00019203011,0.005,5
2025-09-08,55.7,56.2,53.9,54.0,11396400,-0.0357142857142857,-0.04255319148936165,-0.04085257548845467,-0.014598540145985384,-0.06574394463667821,-0.010989010989011061,55.65999999999999,54.75,50.357499999999995,55.04482574804931,53.77064809427785,1.27417765377146,1.4990426389583729,-0.2248649851869129,0.02359588247724926,-0.004164166392350239,51.20038562258214,54.75,1.306058755830476,57.362117511660955,52.137882488339045,0.09541981777756912,0.35643831170460993,2.1335216313264187,0.039509659839378125,43.357373030913365,22.72674844957286,15.749180717175818,31.08108108108105,50.900900900900886,2958245683.0,2946961668.0,0.4338811615514562,0.5224736354297409,0.84161957475469,13998760.0,-0.441855801469662,0.8141006774885775,0.042592592592592675,-0.013698630136986356,0.07233282033460764,0.0,9.0,0.005565862708719838,1.0,1660.91,1624.53,-0.025459366395316096,-0.03351260664183808,0.027007036243291038,0.2297277507509072,-0.010254919318969602,0.0189140664958527,-0.0379960472323021,-0.036996871385894914,1.102429389747571,0.6423521474546381,53.9,56.0,0.038961038961039085,0.033947397488923725,0.00501364147211536,53.9,54.2,53.9,54.8,0.016697588126159513,0.002988500104321501,0.013709088021838012,53.9,59.8,0.10946196660482377,0.040452141042477185,0.06900982556234658,0.00019203011,0.005,5
2025-09-09,53.9,54.3,53.1,54.2,6237400,0.0037037037037037646,-0.03214285714285714,-0.03900709219858145,-0.025179856115107868,-0.023423423423423406,0.0037037037037037646,55.379999999999995,54.760000000000005,50.5125,54.91485255604172,53.80245193914616,1.1124006168955631,1.421714234545811,-0.3093136176502478,0.020523996621689355,-0.005706893314580217,51.900721116219955,54.760000000000005,1.3007690033196664,57.361538006639336,52.158461993360675,0.09501599732064757,0.39237135906320836,2.066841514803103,0.03813360728419009,40.96730822592343,21.784244152068,17.86078719849983,33.78378378378379,40.990990990990994,2964483083.0,2948360788.0,0.43216663053806637,0.4425563150159379,0.8447964228767267,13539730.0,-1.191985664028298,0.4606738834526242,0.02214022140221394,-0.010226442658875179,0.07300173224449402,1.0,9.0,-0.011009174311926606,0.0,1629.58,1637.32,0.007873046358023439,-0.02668513443624765,0.03304205179974118,0.2308633780674886,-0.004169342654319674,0.0015052783211397802,-0.029338348096037414,-0.028399955301843582,1.1055680973985442,0.641904352771,54.5,56.1,0.029357798165137616,0.020948609398630857,0.008409188766506759,54.5,53.9,54.5,55.4,0.016513761467889854,-0.006772310663808012,0.023286072131697866,54.5,58.5,0.07339449541284404,0.023621090736815065,0.049773404676028976,0.00019203011,0.005,5
2025-09-10,54.5,54.9,53.4,53.9,7469300,-0.005535055350553542,-0.0018518518518518823,-0.03749999999999998,-0.04262877442273527,0.016981132075471583,0.003724394785847185,54.9,54.77,50.6525,54.758721393573765,53.809677721431626,0.9490436721421389,1.3271801220650765,-0.3781364499229376,0.017607489279074934,-0.007015518551445967,50.72477924259479,54.77,1.2929362747342008,57.3558725494684,52.184127450531605,0.09442660396086901,0.3317782521457102,2.02635283517431,0.03759467226668479,39.09114679623427,22.747397307177962,16.91640291455393,29.729729729729677,31.531531531531527,2957013783.0,2949941408.0,0.4321628050807619,0.44244915191411927,0.8448669025155396,13358230.0,-0.9415175124693749,0.5591534207750578,0.027829313543599257,-0.015884608362242147,0.06411332115887647,2.0,9.0,0.022140221402213944,1.0,1646.41,1643.26,0.0036278797058608703,-0.02262534943198713,0.029057024410405585,0.2299817323592325,-0.009162935056414412,-0.020003424990748142,-0.0253326296245584,-0.024617323455979112,1.1138433057459267,0.6396763523897903,54.2,56.2,0.03690036900368998,0.01966132723112124,0.01723904177256874,54.2,55.4,54.2,57.0,0.05166051660516602,0.011417238749046543,0.040243277856119475,54.2,59.9,0.10516605166051662,0.036051868802440934,0.06911418285807569,0.00019203011,0.005,5
2025-09-11,54.2,55.7,52.6,55.4,12854900,0.027829313543599188,0.022140221402213944,0.025925925925925908,-0.01773049645390068,0.0072727272727273196,0.025925925925925908,54.7,54.839999999999996,50.80916666666667,54.85737964071626,53.92747937169595,0.9299002690203082,1.247724151456123,-0.31782388243581483,0.01678520341191892,-0.005736893184762001,56.082771437970486,54.839999999999996,1.2869384314383558,57.413876862876705,52.26612313712329,0.09386859456151384,0.6087853129411395,2.103041918376145,0.037961045458053164,37.78232030679437,23.06948409913417,15.135280580115591,49.99999999999995,37.837837837837824,2969868683.0,2951810508.0,0.4426947082621567,0.3330871307435433,0.42979275168177467,13646710.0,-0.13021457464266598,0.9419779565917353,0.055956678700361036,0.010211524434719177,0.09035443079496797,3.0,9.0,-0.008944543828264706,0.0,1638.75,1657.75,0.008817837712839172,-0.022720171668759503,0.030798025145813313,0.230608811968867,0.019011475830760016,0.004989675214858824,-0.004872099219887405,-0.004726531387366784,1.124647811135985,0.6392524593846488,55.9,57.0,0.019677996422182487,0.0019013008267048104,0.017776695595477676,55.9,55.4,55.9,56.9,0.017889087656529412,0.0024488273305975916,0.01544026032593182,55.9,60.0,0.07334525939177095,0.03276133861205044,0.040583920779720506,0.00019203011,0.005,5
2025-09-12,55.9,55.9,55.1,55.4,6397200,0.0,0.027829313543599188,0.022140221402213944,-0.010714285714285787,-0.003597122302158362,0.027829313543599188,54.58,54.915,50.94583333333333,54.94085969599068,54.03655497379255,0.904304722198134,1.1790402656045254,-0.2747355434063914,0.01632318993137426,-0.004959125332245332,56.082771437970486,54.915,1.2729059170580614,57.46081183411612,52.36918816588388,0.09271826765423373,0.5952544868989476,2.0099674956349918,0.03628100172626339,36.67331217392024,23.124368167943604,14.704988459529147,49.99999999999995,43.24324324324321,2969868683.0,2954119883.0,0.44254932815861125,0.3224478915796264,0.42961097525180536,13526295.0,-1.1490545497231845,0.47294547398234327,0.014440433212996338,0.008831831011563374,0.08742945939314639,4.0,9.0,0.014492753623188248,1.0,1662.02,1667.26,0.005736691298446672,0.00017396833776239795,0.03453710598163329,0.23107040653984978,-0.005736691298446672,-0.010888254052048185,-0.006707792438034099,-0.006483858722176383,1.1378893329574373,0.653181678862975,55.2,55.2,0.0,-0.008352315869400218,0.008352315869400218,55.2,56.0,55.2,56.5,0.023550724637681153,-0.007108735553841616,0.03065946019152277,55.2,60.4,0.09420289855072461,0.04481672137224302,0.049386177178481594,0.00019203011,0.005,5
2025-09-15,55.2,56.0,54.5,56.0,8931100,0.010830324909747224,0.010830324909747224,0.038961038961039085,0.03703703703703698,0.021897810218978186,0.010830324909747224,54.98,54.94500000000001,51.093333333333334,55.103804358145965,54.18199534610421,0.9218090120417557,1.1275940148919714,-0.20578500285021573,0.01646087521503135,-0.0036747321937538524,58.191716162071366,54.94500000000001,1.291867273611646,57.5287345472233,52.36126545277671,0.09404803156695946,0.7041618402969816,1.973541245946778,0.03524180796333532,35.14378346710768,21.86895438815801,16.07824570128871,79.6296296296296,59.87654320987652,2978799783.0,2956066843.0,0.43327449659410605,0.39852722579555044,0.7744302465582618,13163880.0,-0.6769533796821466,0.6784549843966976,0.026785714285714284,0.01920101920101902,0.09603340292275564,0.0,9.0,-0.005319148936170137,0.0,1672.59,1684.9,0.010580233436896513,0.03716151748505725,0.026945980044981166,0.22555827011191878,0.00025009147285071087,-0.00012448044802026992,-0.01611565513523394,-0.01569279733148965,1.1379986290263604,0.654579158129517,56.4,54.8,-0.028368794326241176,-0.036785375426520495,0.008416581100279319,56.4,56.1,56.4,56.6,0.0035460992907800915,-0.01790944503703873,0.02145554432781882,56.4,61.0,0.08156028368794321,0.04022111299038822,0.041339170697554994,0.00019203011,0.005,5
2025-09-16,56.4,56.9,55.9,56.1,6628000,0.0017857142857142794,0.012635379061371799,0.012635379061371799,0.035055350553505615,0.008992805755395628,0.04081632653061229,55.36,55.05499999999999,51.251666666666665,55.25706522612351,54.32406976491131,0.9329954612122009,1.0886743041560174,-0.1556788429438165,0.016630935137472387,-0.002775023938392451,58.548988047364524,55.05499999999999,1.2918672736116392,57.63873454722327,52.47126545277671,0.09386012341198002,0.7022266569766353,1.9040025855220082,0.03393944002713027,34.23570186357931,24.424887502426596,15.475071036373137,78.72340425531917,69.45101129498293,2985427783.0,2959007603.0,0.4204900036382269,0.3230315294102524,1.122275681263659,12832880.0,-0.9663475537860097,0.5164857771599205,0.017825311942959002,0.018981018981019115,0.09459854964066206,1.0,9.0,-0.001776198934280493,0.0,1696.87,1680.9,-0.002374028132233419,0.026616666259497324,0.031226993865030694,0.22409853082416253,0.004159742417947698,0.008438684294008292,0.009589332665581596,0.009298954277409788,1.1277633457473049,0.6518371422494347,56.3,55.4,-0.01598579040852577,-0.025523064913085647,0.009537274504559878,56.3,56.2,56.3,56.9,0.010657193605683846,-0.009767056594103929,0.020424250199787775,56.3,60.6,0.07637655417406752,0.0494431168769256,0.026933437297141927,0.00019203011,0.005,5
2025-09-17,56.3,56.6,55.5,56.2,8281600,0.0017825311942958333,0.0035714285714285587,0.014440433212996373,0.04267161410018572,-0.001776198934280493,0.06439393939393945,55.82000000000001,55.225,51.41416666666667,55.4021321144122,54.463027560103065,0.9391045543091323,1.0587603541866404,-0.11965579987750807,0.01671004545034043,-0.0021291067593862643,58.92697591818571,55.225,1.1999451741849683,57.62489034836994,52.825109651630065,0.08691318599800585,0.7031342808354234,1.8465738294132934,0.03285718557674899,33.05207831702224,23.385612346896075,16.363876234642483,80.00000000000003,79.45101129498296,2993709383.0,2963006023.0,0.4118614933134027,0.2405031569695878,1.416827084516343,12603380.0,-0.664783519840523,0.6570935733112864,0.019572953736654828,0.017655047532820323,0.093083942493152,2.0,9.0,0.008849557522123908,1.0,1678.09,1670.97,-0.005907549527039091,0.01686282146464957,0.021144362216369172,0.22548145492538008,0.007690080721334924,0.02580879263553615,0.043249577177570275,0.04235402826266221,1.120428113668969,0.6514895998891321,56.5,57.0,0.008849557522123908,-0.010973535817644708,0.019823093339768616,56.5,57.0,56.5,59.8,0.05840707964601766,-0.006444490855386786,0.06485157050140444,56.5,60.0,0.06194690265486735,0.048990064743264616,0.012956837911602737,0.00019203011,0.005,5
2025-09-18,56.5,57.3,55.8,57.0,8193300,0.014234875444839812,0.016042780748663166,0.017857142857142794,0.028880866425992746,0.010638297872340496,0.0714285714285714,56.14,55.415,51.589166666666664,55.64795794296417,54.65095144453988,0.997006498424291,1.0464095830341706,-0.04940308460987963,0.01749134207761914,-0.0008667207826294673,61.91874870253479,55.415,1.1626987662545114,57.74039753250902,53.08960246749098,0.08392664558365144,0.8408019441497044,1.8218185558837725,0.0319617290505925,32.35494544296748,24.75479297636233,15.401501332899771,93.6170212765958,84.11347517730502,3001902683.0,2966883143.0,0.4134230909227849,0.19909735322090966,1.3305305053032488,12482080.0,-0.653543732340802,0.6564050222398831,0.02631578947368421,0.02860236398087168,0.10488313114833536,3.0,9.0,-0.03832752613240409,0.0,1675.85,1665.18,-0.0034650532325535277,0.0044819785854322,0.0066376496191513645,0.22299107000123514,0.01769992867739334,0.024398887840560546,0.06479092180942003,0.06436369813302023,1.1066586906215117,0.6435782166677683,57.4,56.9,-0.008710801393728262,-0.003081544242598322,-0.0056292571511299405,57.4,55.2,57.4,58.7,0.022648083623693527,-0.011087575692300344,0.03373565931599387,57.4,59.5,0.03658536585365857,0.05720901845336401,-0.020623652599705444,0.00019203011,0.005,5
2025-09-19,57.4,57.5,55.2,55.2,14993400,-0.03157894736842104,-0.017793594306049876,-0.016042780748663055,-0.0036101083032490378,-0.014285714285714235,0.020332717190388205,56.1,55.470000000000006,51.729166666666664,55.579041336354294,54.691621707907295,0.8874196284469988,1.0146115921167362,-0.1271919636697374,0.01607644254432969,-0.0023042022403937934,52.62972211801015,55.470000000000006,1.122544102988839,57.715088205977686,53.224911794022326,0.08094783508122157,0.43986873226603923,1.8559743733206457,0.033622724154359525,31.184986095297354,22.56356722207544,16.347348249431064,53.061224489795954,75.55941525546395,2986909283.0,2968760338.0,0.4285404939588802,0.3409085121437497,0.9721260923248937,11981495.0,0.5099905369490977,1.2513797318281232,0.041666666666666616,-0.004867495943753464,0.06709625453080958,4.0,9.0,-0.012612612612612706,0.0,1671.24,1658.62,-0.003939514046529591,-0.005182155152765655,-0.0034487731019731127,0.22243356432918007,-0.02763943332189145,0.0015720468495166173,0.023781490292361318,0.023863791093194697,1.1334201100009251,0.6448173563791514,55.5,56.5,0.018018018018018056,0.002438641604191494,0.015579376413826562,55.5,54.8,55.5,57.0,0.027027027027026973,-0.006543285888474526,0.0335703129155015,55.5,59.0,0.06306306306306309,0.04498810860405866,0.018074954459004422,0.00052337657,0.005,5
2025-09-22,55.5,55.7,53.6,54.8,8456900,-0.007246376811594346,-0.038596491228070184,-0.024911032028469893,-0.021428571428571463,0.014814814814814836,-0.05190311418685123,55.86,55.31999999999999,51.8625,55.45918882306902,54.69964972954379,0.7595390935252269,0.9635970923984344,-0.20405799887320752,0.013860202436591732,-0.003723686110824955,50.80568968822879,55.31999999999999,0.9870743586330425,57.294148717266076,53.34585128273391,0.07137197097852793,0.36829766282245374,1.873404775226314,0.03418621852602763,29.02260273187278,20.756944794254178,21.138875051252302,44.89795918367339,63.85873498335507,2978452383.0,2968867153.0,0.34817016264847295,-0.45718827500300324,-0.12537991958544906,11056805.0,-0.5440276637054433,0.7648592880131285,0.03832116788321171,-0.009399855386840184,0.05664015425403712,0.0,9.0,0.0036231884057971175,1.0,1656.66,1634.45,-0.014572355331540554,-0.02994242981779338,-0.03172393364928905,0.22137673287445267,0.007325978519946208,0.008513858389221918,-0.02017918053756218,-0.020840317383465368,1.1131953559689562,0.6436417222633564,55.2,56.6,0.0253623188405796,0.019179020500024624,0.006183298340554977,55.2,55.4,55.2,59.8,0.08333333333333326,0.036926953373452864,0.046406379959880395,55.2,54.9,-0.005434782608695676,0.0008011644405303553,-0.006235947049226032,0.00052337657,0.005,5
2025-09-23,55.2,55.7,54.5,55.4,5215300,0.010948905109489093,0.0036231884057971175,-0.028070175438596467,-0.012477718360071388,0.022140221402213944,-0.0018018018018017834,55.720000000000006,55.315,52.01333333333333,55.45008285028917,54.751527527355364,0.6985553229338066,0.9105887385055089,-0.2120334155717023,0.01260930185801095,-0.003827317970608345,53.413849770420946,55.315,0.9863676052206539,57.287735210441305,53.34226478955869,0.07132731484918403,0.5215436921159292,1.8253044341387206,0.03294773346820795,27.01467532297853,19.782221529808773,20.146216762621897,57.1428571428571,51.70068027210883,2983667683.0,2970313548.0,0.32152065260985113,-0.6164650229557898,0.5844041356944346,10238755.0,-1.1805649094468647,0.5093685706904795,0.021660649819494636,0.001536653710566771,0.06511150986926428,1.0,9.0,0.028880866425992746,1.0,1635.12,1635.26,0.0004955795527548101,-0.027152120887619757,-0.006204914097491909,0.20294883446596967,0.010453325556734283,0.01467440252754837,0.004403112295690126,0.004430603811742095,1.1119140591003465,0.6443257047788151,55.4,56.9,0.02707581227436817,0.016106545347813306,0.010969266926554866,55.4,57.0,55.4,58.5,0.05595667870036114,0.03053761862831439,0.02541906007204675,55.4,55.6,0.0036101083032491488,0.01716441639761279,-0.013554308094363643,0.00052337657,0.005,5
2025-09-24,55.4,57.0,54.5,57.0,6866400,0.028880866425992746,0.04014598540145986,0.032608695652173836,0.014234875444839812,0.0575139146567718,0.07547169811320753,55.88000000000001,55.515,52.184999999999995,55.68853164255238,54.91808104384756,0.7704505987048194,0.882561110545371,-0.11211051184055165,0.013516677170259988,-0.0019668510849219587,59.56959792396222,55.515,0.8934115571915494,57.3018231143831,53.728176885616904,0.06437262413340887,0.9155419716832737,1.8734969745573835,0.03286836797469094,25.88961152815002,22.853042996269394,18.22599017220481,89.79591836734694,63.945578231292494,2990534083.0,2973239023.0,0.28929949920382814,-0.4125351856758491,0.5511753496897799,9446315.0,-0.8219895800829162,0.7268866219261162,0.043859649122807015,0.02674952715482304,0.0922678930727221,2.0,9.0,-0.005244755244755317,0.0,1635.36,1657.46,0.0135758228049363,-0.008085124209291639,0.026907802209376497,0.19566500682732607,0.015305043621056447,0.02231999965413145,0.048563895903831034,0.04729138857387838,1.128762883586535,0.6501908664649512,57.2,59.8,0.045454545454545414,0.0023900113179378124,0.0430645341366076,57.2,56.9,57.2,59.9,0.047202797202797075,0.02212416018494001,0.025078637017857064,57.2,55.4,-0.03146853146853157,0.010487152936643707,-0.041955684405175275,0.00052337657,0.005,5
2025-09-25,57.2,57.2,56.0,56.9,6594300,-0.0017543859649122862,0.02707581227436817,0.038321167883211604,-0.0017543859649122862,0.02707581227436817,0.034545454545454435,55.86,55.60999999999999,52.350833333333334,55.87491138985201,55.06488985541441,0.8100215344376025,0.8680531953238174,-0.05803166088621492,0.014235879339852417,-0.001019888592024867,59.04446659960743,55.60999999999999,0.9357800011345679,57.48156000226913,53.73843999773086,0.06731019608952113,0.8446322849483778,1.825390047803285,0.03208066867844086,24.9691291070309,22.562551203082634,17.3701578908104,87.7551020408163,78.2312925170068,2983939783.0,2975220318.0,0.2603794169034035,-0.6825977904504077,0.8462403158579219,9161565.0,-0.8214119780498591,0.7197787714216949,0.02108963093145875,0.02319726667865507,0.08689769344645892,3.0,9.0,-0.007029876977152849,0.0,1661.08,1666.09,0.005206762154139399,0.0005464874668204001,-0.0009234662365154023,0.1566451545707944,-0.0069611481190516855,-0.002300873431732686,0.03546892078196984,0.03550170540825315,1.127924741217633,0.6494180347539119,56.9,58.7,0.03163444639718804,-0.008381932944536485,0.04001637934172453,56.9,56.5,56.9,60.0,0.054481546572934914,0.029873761009911792,0.02460778556302312,56.9,55.6,-0.02284710017574687,0.012227902176782601,-0.03507500235252947,0.00052337657,0.005,5
2025-09-26,56.9,56.9,55.9,56.5,6010100,-0.007029876977152849,-0.00877192982456143,0.019855595667870096,0.023550724637681153,0.019855595667870096,0.01618705035971213,56.120000000000005,55.654999999999994,52.5,55.97107886833631,55.17119431056889,0.7998845577674203,0.8544194678125381,-0.05453491004511779,0.014157248810042837,-0.000965219646816244,56.88433305346046,55.654999999999994,0.9566801148254056,57.56836022965081,53.74163977034918,0.06875789164139118,0.7208157112563738,1.7664336158173362,0.03126431178437763,24.030105726267177,21.650198321100998,17.072133756402156,79.59183673469387,85.71428571428572,2977929683.0,2976105183.0,0.25986713819430707,-0.5230584866379611,0.7139273074082497,8666145.0,-0.9615707922794096,0.6935148211805826,0.017699115044247787,0.015182822747282554,0.07619047619047614,4.0,9.0,0.001769911504424737,1.0,1666.68,1660.7,-0.003235119351295501,0.0012540545754906596,-0.007221511495833277,0.1566000409917327,-0.003794757625857348,0.022296670062190493,0.023408561855545407,0.02357883669580252,1.1286842402295443,0.6511097971611507,56.5,57.0,0.008849557522123908,-0.008088040307610789,0.016937597829734696,56.5,56.6,56.5,60.4,0.0690265486725663,0.05322316241170655,0.015803386260859753,56.5,54.5,-0.03539823008849563,0.014428292471251991,-0.04982652255974762,0.00052337657,0.005,5
2025-09-29,56.5,56.6,55.4,56.6,5361700,0.001769911504424737,-0.005272407732864637,-0.007017543859649145,0.03284671532846728,0.010714285714285676,0.03284671532846728,56.48,55.745000000000005,52.66583333333333,56.06783596551534,55.27703176904527,0.79080419647007,0.8416964135440446,-0.05089221707397451,0.013971805591343993,-0.0008991557786921291,57.304870261856756,55.745000000000005,0.9566801148253973,57.658360229650796,53.83163977034921,0.06864688239844978,0.7234289149398813,1.7259740718303838,0.030494241551773563,22.73293741026716,20.57501920053761,18.293532649517733,81.63265306122452,82.99319727891158,2983291383.0,2977677843.0,0.2534845208243667,-0.6807292339642218,1.2466419889142515,8514520.0,-1.1026053180540314,0.6297125381113674,0.021201413427561887,0.01533769844829136,0.07470054905932066,0.0,9.0,0.005300353356890497,1.0,1659.24,1666.48,0.0034804600469682256,0.019596806265104405,-0.008555144390371527,0.15608417964752877,-0.0017105485425434885,0.013249909063362875,0.04140185971883881,0.04175911497708196,1.1188954126797623,0.6507116348340861,56.6,59.8,0.05653710247349819,0.016572134351804158,0.03996496812169403,56.6,56.9,56.6,61.0,0.07773851590105996,0.05831424699914867,0.01942426890191129,56.6,54.6,-0.035335689045936425,-0.009185423236962253,-0.02615026580897417,0.00052337657,0.005,5
2025-09-30,56.6,57.1,56.0,56.9,8892800,0.005300353356890497,0.0070796460176991705,0.0,0.02707581227436817,0.01426024955436711,0.02338129496402863,56.779999999999994,55.80999999999999,52.830000000000005,56.195861201589906,55.39725163800488,0.7986095635850248,0.8330790435522407,-0.034469479967215944,0.014035317461951226,-0.0006057905090899111,58.609175780088286,55.80999999999999,0.9898963263085511,57.78979265261709,53.83020734738289,0.07094759550679448,0.7752813529636886,1.6812616381282137,0.02954765620611975,21.892996547805076,21.737729319906123,17.438609797955547,87.7551020408163,82.99319727891158,2992184183.0,2979001628.0,0.2493431073280592,-0.6479325823633152,1.4383686625855243,8265645.0,0.2439543214361561,1.0758749014747186,0.0193321616871705,0.01953055008063087,0.07703956085557429,1.0,9.0,0.04728546409807355,1.0,1667.86,1661.7,-0.0028683212519802215,0.016168682655969047,-0.012192294660000824,0.1562580180689167,0.008168674608870719,0.010907129618399125,0.035573589624029456,0.036012666667532445,1.112619327775233,0.6487108826987954,57.1,58.5,0.024518388791593626,0.012222589266944972,0.012295799524648654,57.1,59.8,57.1,60.6,0.06129597197898429,0.05772545722093758,0.0035705147580467056,57.1,56.8,-0.005253940455341555,0.009339619808402588,-0.014593560263744143,0.00052337657,0.005,5
2025-10-01,57.1,59.8,56.7,59.8,18440100,0.05096660808435849,0.05653710247349819,0.05840707964601766,0.04912280701754379,0.06405693950177915,0.06216696269982247,57.339999999999996,55.985,53.03416666666667,56.750344093653,55.72338114630082,1.0269629473521817,0.871855824312229,0.15510712303995278,0.017173293433982974,0.0025937645993303142,68.59634865880898,55.985,1.331510815813603,58.6480216316272,53.3219783683728,0.09513339757532206,1.216291590479664,1.7826000925476266,0.02980936609611416,22.637516499532545,29.856409441605834,15.272444502999797,100.0,89.79591836734694,3010624283.0,2980871803.0,0.30372409996433014,0.3184922504295244,1.759264170869031,8812035.0,2.8132009143268433,2.092604035276755,0.051839464882943054,0.06814325265696164,0.12757499096494374,2.0,10.0,-0.021666666666666612,0.0,1664.95,1665.05,0.0020160077029547363,0.004579296031276714,-0.00966514007018382,0.15652700774088107,0.04895060038140375,0.044543510986267076,0.07183210277000629,0.07253314578373726,1.1086634965699071,0.6180081514026736,60.0,59.9,-0.0016666666666667052,0.017859283950025118,-0.019525950616691823,60.0,58.7,60.0,60.0,0.0,0.053901585093882654,-0.053901585093882654,60.0,57.2,-0.046666666666666634,0.010665211865422908,-0.05733187853208954,0.0007110026,0.005,5
2025-10-02,60.0,60.3,58.0,58.7,8412100,-0.018394648829431315,0.03163444639718804,0.03710247349823326,0.03163444639718804,0.029824561403508865,0.04078014184397172,57.7,56.1,53.218333333333334,57.05029115616792,55.943871431760016,1.1064197244079068,0.9187686043313645,0.18765112007654228,0.01884871762194049,0.003196782284097824,62.44183782397458,56.1,1.4621541426399314,59.024308285279865,53.17569171472014,0.10425341480498622,0.9445495731567807,1.8195572287942245,0.030997567781843687,23.549449648905625,29.123509723702433,13.89351318148982,76.11940298507469,87.95816834196368,3002212183.0,2981935328.0,0.31326159418796634,0.38425727471206,1.3218458759313352,8846595.0,-0.1272558845937502,0.9508856232256592,0.03918228279386707,0.04634581105169344,0.10300335097554103,3.0,10.0,-0.027303754266211677,0.0,1668.04,1652.71,-0.007411188853187589,-0.008030778649412595,-0.025691361736495444,0.15429840579309473,-0.010983459976243726,0.03966522504660064,0.06647150358046716,0.068224278190675,1.1289464835489544,0.6258822418663992,58.6,60.0,0.023890784982935065,0.03940922495594612,-0.015518439973011056,58.6,57.0,58.6,59.5,0.015358361774743923,0.06991685791969182,-0.0545584961449479,58.6,56.9,-0.029010238907849928,0.011008907647496846,-0.040019146555346774,0.0007110026,0.005,5
2025-10-03,58.6,58.6,57.0,57.0,9437900,-0.028960817717206155,-0.04682274247491636,0.0017574692442883233,0.008849557522123908,0.032608695652173836,0.017857142857142794,57.8,56.15,53.37166666666667,57.042554055219014,56.02210317755557,1.0204508776634427,0.9391050589977802,0.08134581866566248,0.017902646976551626,0.0014271196257133769,54.32912388423863,56.15,1.4755908718373227,59.101181743674644,53.19881825632535,0.10511778249954214,0.6440101074462512,1.8110174267374946,0.03177223555679815,23.530790442592846,27.17078076122851,16.906067121919474,50.74626865671643,75.62189054726373,2992774283.0,2983091938.0,0.330968102959072,0.31101459541260906,0.7769845971725309,8753510.0,0.20314203138439213,1.0781846367914127,0.028070175438596516,0.015138023152270641,0.0679823876588701,4.0,10.0,0.03103448275862064,1.0,1651.39,1645.82,-0.004168910456159969,-0.008960077075931938,-0.012687690840267107,0.14282378943930982,-0.024791907261046187,0.017809634598055846,0.0305448336974099,0.03093735732253311,1.1585607072938628,0.6294710346443012,58.0,60.4,0.04137931034482767,0.04446078079801086,-0.0030814704531831882,58.0,59.8,58.0,59.0,0.01724137931034475,0.0346828755169859,-0.01744149620664115,58.0,55.5,-0.0431034482758621,-0.02002797102488707,-0.02307547725097503,0.00052337657,0.005,5
2025-10-06,58.0,59.8,57.1,59.8,10349900,0.04912280701754379,0.01873935264054505,0.0,0.05653710247349819,0.09124087591240881,0.1074074074074074,58.44,56.44000000000001,53.57416666666667,57.46677650826224,56.30194738662553,1.1648291216367141,0.984249871525567,0.18057925011114717,0.019478747853456758,0.0030197199015242005,62.88290699599433,56.44000000000001,1.5958498808165542,59.63169976163312,53.2483002383669,0.11310062939876363,1.0263652992035754,1.8816590391133876,0.03146587021928742,24.081420473272345,28.838071356373256,15.109135077324893,92.53731343283582,73.134328358209,3003124183.0,2985335863.0,0.34263571197086745,0.5507592649973279,0.5241827004954904,8701185.0,0.4945517022082021,1.1894816625551576,0.04515050167224073,0.05953224663359302,0.1162096159529622,0.0,10.0,-0.025000000000000022,0.0,1673.16,1695.5,0.03018556099694991,0.017413950362440644,0.0436864816285325,0.1507259004271215,0.01893724602059388,0.039123152111057546,0.06372092577887489,0.0610537042498116,1.2110718989229317,0.6619136890467423,60.0,61.0,0.016666666666666607,0.03592933857620739,-0.019262671909540785,60.0,58.5,60.0,54.9,-0.08500000000000008,-0.03959739421327546,-0.045402605786724615,60.0,52.3,-0.1283333333333334,-0.05100064557779216,-0.07733268775554125,0.0007110026,0.005,5
2025-10-07,60.0,60.4,58.5,58.5,7496400,-0.021739130434782594,0.026315789473684292,-0.0034071550255536653,0.02811950790861162,0.05595667870036114,0.0793357933579335,58.760000000000005,56.65500000000001,53.755,57.62573396852959,56.46476609872734,1.1609678698022492,1.0195934711809034,0.14137439862134582,0.01984560461200426,0.002416656386689672,57.49841462571912,56.65500000000001,1.5675911792492543,59.79018235849852,53.5198176415015,0.11067628129903842,0.794241257609588,1.8829691077481456,0.03218750611535292,24.85235223118691,29.035618957486765,14.020149885617716,72.05882352941178,71.78080187298804,2995627783.0,2986893098.0,0.3558864504589051,0.5779127601943739,0.24108820952429905,8764135.0,-0.3845742717524939,0.8553496722722779,0.03247863247863245,0.03256552819698166,0.08827085852478844,1.0,10.0,0.022184300341296925,1.0,1703.9,1685.3,-0.006015924506045489,0.014202322922308497,0.029303984560134833,0.15183024277025553,-0.015723205928737105,0.013917184986303122,0.05003180879779867,0.04860741777773203,1.2318099206788398,0.6678938719985643,58.6,60.6,0.03412969283276457,0.03527212444005512,-0.0011424316072905505,58.6,59.9,58.6,55.6,-0.05119453924914674,-0.02212150071132113,-0.029073038537825613,58.6,53.9,-0.08020477815699667,-0.028852597791964918,-0.05135218036503175,0.0007110026,0.005,5
2025-10-08,58.6,60.0,58.5,59.9,10390300,0.023931623931623847,0.0016722408026756952,0.050877192982456076,0.0016722408026756952,0.050877192982456076,0.11131725417439697,58.779999999999994,56.955,53.954166666666666,57.975621050294265,56.71922786919198,1.2563931811022826,1.0669534131651792,0.18943976793710338,0.020974844425747624,0.0031626004663957157,61.3378513014776,56.955,1.586613407626449,60.128226815252894,53.7817731847471,0.11142926223344381,0.9640386854548393,1.855614171480421,0.03097853374758633,25.56821743496472,27.359107093204926,13.21062873655376,92.64705882352942,85.74773192859236,3006018083.0,2989343313.0,0.3606870521131067,0.38219946524486575,-0.0733369542101553,8910185.0,0.4484135743995019,1.1661149572090814,0.025041736227045076,0.05170748836800976,0.11020155996602043,2.0,10.0,-0.00497512437810943,0.0,1701.06,1697.83,0.0074348780632527145,0.019687096483589128,0.03320837846719327,0.1531375523142961,0.016496745868371132,-0.018014855680913433,0.0781088757072037,0.07559837621824306,1.242692538313648,0.6691074303498942,60.3,60.0,-0.00497512437810943,0.03241208391082706,-0.03738720828893649,60.3,60.0,60.3,55.4,-0.08126036484245436,-0.014247457069698655,-0.0670129077727557,60.3,53.5,-0.11276948590381419,-0.02811318095327575,-0.08465630495053844,0.0007110026,0.005,5
2025-10-09,60.3,61.0,59.7,60.0,9593000,0.0016694490818029983,0.02564102564102555,0.0033444816053511683,0.022146507666098714,0.054481546572934914,0.08303249097472931,59.04,57.185,54.159166666666664,58.28706396563361,56.96224802702962,1.3248159386039902,1.1185259182529415,0.2062900203510487,0.022080265643399835,0.003438167005850812,61.60465851130425,57.185,1.6799984335822813,60.54499686716456,53.82500313283544,0.11751322434780313,0.9188992001018625,1.8159274449461051,0.03026545741576842,26.664207689978756,29.893552310093064,12.535105469786208,86.48648648648648,83.73078961314258,3015611083.0,2991630433.0,0.3510648531065718,0.5516537209929717,0.380387801321365,8747090.0,0.2665330612695576,1.096707590753039,0.02166666666666662,0.049226195680685425,0.10784570171254493,3.0,10.0,0.0033222591362125353,1.0,1702.76,1716.47,0.010978719895395894,0.038579061057293806,0.035421505052028346,0.15465822879646457,-0.009309270813592896,-0.016432553391195093,0.047610985922700966,0.04598222626282866,1.23349168706086,0.6644063630363886,60.2,59.5,-0.011627906976744207,0.024100575562086002,-0.03572848253883021,60.2,60.4,60.2,55.6,-0.07641196013289042,-0.022147258110324808,-0.054264702022565614,60.2,51.9,-0.137873754152824,-0.04789395283057141,-0.08997980132225258,0.0007110026,0.005,5
2025-10-10,60.2,60.4,59.2,60.4,8202400,0.006666666666666599,0.008347245409014992,0.03247863247863236,0.05964912280701751,0.0690265486725663,0.09025270758122739,59.720000000000006,57.435,54.369166666666665,58.612131047843825,57.216896321323716,1.3952347265201084,1.173867679906375,0.2213670466137334,0.023099912690730272,0.003665017328041944,62.71309939047796,57.435,1.7700059470601635,60.97501189412033,53.894988105879676,0.12327019740995303,0.918783903653632,1.7719326274499545,0.029336632904800573,27.203356533853878,28.44750157202987,13.94429615855755,90.76923076923075,89.96759202641557,3023813483.0,2994327673.0,0.35079794503382816,0.5031170120359848,0.35287161235555686,8837350.0,-0.20294007883742182,0.9281515386399769,0.019867549668874104,0.05162357447549404,0.11092377726346125,4.0,10.0,0.01836393989983298,1.0,1725.27,1747.55,0.018106928754944684,0.06181113365981705,0.048156856159207395,0.16475258051988084,-0.011440262088278086,-0.002162010852799545,0.04209585142201999,0.04016178606728116,1.2157445569428464,0.6611252664982844,59.9,59.0,-0.015025041736226985,-0.004050096937689429,-0.010974944798537556,59.9,61.0,59.9,54.5,-0.09015025041736224,-0.03167014721872252,-0.05848010319863972,59.9,48.35,-0.19282136894824708,-0.08004119132680954,-0.11278017762143755,0.0007110026,0.005,5
2025-10-13,59.9,61.0,59.3,61.0,7743200,0.009933774834437026,0.016666666666666607,0.01836393989983298,0.02006688963210701,0.07773851590105996,0.08928571428571419,59.959999999999994,57.685,54.59083333333333,58.9794955020217,57.497126223447886,1.4823692785738132,1.2355679996398627,0.24680127893395043,0.024301135714324806,0.004045922605474597,64.37448737135202,57.685,1.9046411459205543,61.49428229184111,53.875717708158895,0.1320718485513082,0.9351213359929,1.7667945826321008,0.028963845616919684,27.97601330270733,28.91805701592993,12.985930099053313,100.0,92.41857241857242,3031556683.0,2996965518.0,0.35059975485029193,0.5102404184737707,0.3665468115740648,8777955.0,-0.32973472122316383,0.8821188989918495,0.02786885245901644,0.05746727918869721,0.11740371552000495,0.0,10.0,-0.008183306055646433,0.0,1738.23,1765.12,0.010054075705988375,0.04106163373636096,0.047611134191940074,0.16441654763329852,-0.00012030087155134872,-0.02099474410425395,0.041674580093774116,0.039780581490210354,1.2243209050726556,0.6659756599321496,61.1,54.9,-0.1014729950900164,-0.08218870760584862,-0.019284287484167772,61.1,60.6,61.1,54.6,-0.1063829787234043,-0.07315322187137197,-0.03322975685203233,61.1,48.5,-0.20621931260229132,-0.11353528101987143,-0.09268403158241989,0.0007110026,0.005,5
2025-10-14,61.1,61.3,60.1,60.6,7039200,-0.006557377049180357,0.0033112582781458233,0.010000000000000009,0.03589743589743599,0.06502636203866441,0.0802139037433156,60.379999999999995,57.910000000000004,54.76416666666667,59.228803886326055,57.72696872541471,1.501835160911348,1.2888214318941598,0.2130137290171883,0.02478275843088033,0.0035150780365872654,62.379010560344156,57.910000000000004,1.972148174212402,61.85429634842481,53.9657036515752,0.1362215972517633,0.8409987184500317,1.7263092553012362,0.02848695140761116,28.82730180708805,28.723518605458576,12.341155867925316,88.13559322033905,92.96827466318996,3024517483.0,2998920003.0,0.3527054706103688,0.5566197897327495,0.3272798708028604,8798515.0,-0.5630466115764705,0.8000440983506876,0.019801980198019733,0.046451390088067646,0.10656298978955214,1.0,10.0,-0.0033222591362126463,0.0,1782.97,1761.06,-0.002300126903553301,0.04495342075594855,0.047688738175976964,0.16438842042205312,-0.004257250145627056,-0.009055984858512556,0.03252516556733864,0.031044683771217052,1.2167136378609418,0.6871522502463321,60.2,55.6,-0.07641196013289042,-0.05814440694856515,-0.01826755318432527,60.2,60.0,60.2,56.8,-0.056478405315614655,-0.04847915203949893,-0.007999253276115725,60.2,49.65,-0.17524916943521596,-0.09767739451452906,-0.0775717749206869,0.0007110026,0.005,5
2025-10-15,60.2,60.8,60.0,60.0,3805800,-0.00990099009900991,-0.016393442622950838,-0.0066225165562913135,0.0016694490818029983,0.0033444816053511683,0.06761565836298922,60.4,58.1,54.939166666666665,59.347449442275895,57.895341412421025,1.4521080298548696,1.3214787514863018,0.13062927836856786,0.02420180049758116,0.002177154639476131,59.40441733468793,58.1,1.9817589210217466,62.063517842043495,54.13648215795651,0.13643779146449206,0.7396860662320628,1.6601443084940049,0.027669071808233414,29.510520052193343,27.734843156032824,12.346623348975427,77.9661016949153,88.70056497175146,3020711683.0,3000270118.0,0.3561439531371743,0.6133277362755293,0.26437651712998694,8574725.0,-1.437328510119466,0.4438393067999265,0.013333333333333286,0.03270223752151469,0.09211703854263043,2.0,10.0,-0.009983361064891838,0.0,1766.12,1757.95,-0.0017659818518391823,0.03540990558536494,0.052053597610968394,0.16226189336584404,-0.008135008247170727,-0.033740456503561944,0.015562060752020823,0.014792079783158885,1.2158442674498011,0.6844657153234005,60.1,55.4,-0.07820299500831951,-0.048744410629579904,-0.029458584378739605,60.1,59.5,60.1,57.2,-0.048252911813643884,-0.04459028285473021,-0.003662628958913672,60.1,50.6,-0.1580698835274542,-0.07517667794458527,-0.08289320558286895,0.0007110026,0.005,5
2025-10-16,60.1,60.4,58.5,59.5,10235300,-0.008333333333333304,-0.018151815181518205,-0.024590163934426257,-0.008333333333333304,0.013628620102214661,0.04385964912280693,60.3,58.225,55.10583333333333,59.37091875884884,58.01420501150095,1.3567137473478894,1.3285257506586194,0.028187996689269967,0.022801911720132594,0.0004737478435171423,56.96653713237713,58.225,1.987559995783455,62.200119991566915,54.24988000843309,0.13654340889882055,0.6603725173963138,1.67727685788729,0.0281895270233158,28.68412251325872,25.49072083918412,17.735520538483765,69.49152542372885,78.53107344632774,3010476383.0,3000698803.0,0.3561424304130683,0.7661486744457437,0.4358553903745073,8676825.0,0.4670402580977301,1.1796135107023595,0.031932773109243674,0.021897810218978186,0.07974049934217509,3.0,10.0,0.0,0.0,1764.51,1766.85,0.005062715094285908,0.029350935349874874,0.061056462364428965,0.16085894927367875,-0.013396048427619212,-0.03768426868320818,-0.017196813241622033,-0.016207255552924238,1.2420515431105843,0.6909385830099612,59.0,55.6,-0.057627118644067776,-0.047724950751011797,-0.00990216789305598,59.0,59.0,59.0,56.9,-0.035593220338983045,-0.05759732672540796,0.022004106386424915,59.0,48.7,-0.1745762711864406,-0.07912012237456312,-0.09545614881187747,0.00052337657,0.005,5
2025-10-17,59.0,59.3,58.1,59.0,6674400,-0.008403361344537785,-0.01666666666666672,-0.02640264026402639,-0.023178807947019875,0.03508771929824572,0.06884057971014479,60.02,58.415,55.277499999999996,59.31385433441056,58.08722686250088,1.22662747190968,1.3081460949088315,-0.08151862299915158,0.020790296134062372,-0.0013816715762568065,54.55543117578313,58.415,1.8607511216814283,62.136502243362855,54.69349775663714,0.12741598025722353,0.5785972924029972,1.6574713680381978,0.02809273505149488,27.573787904593782,23.952792562971712,18.389281939247525,56.60377358490569,68.0204669011833,3003801983.0,3001543438.0,0.33574598257327654,0.9660191045910146,0.7316790043751135,8260875.0,-0.5269551625694106,0.8079531526623995,0.020338983050847387,0.01001455105709148,0.06734204694495949,4.0,10.0,-0.06313993174061439,0.0,1771.61,1731.19,-0.02018281121770371,-0.009361677777459776,0.0437532406458383,0.17943523127515354,0.011779449873165926,-0.013817130169560099,0.02508733906430649,0.024035699327537685,1.202446408930083,0.6901609979057938,58.6,54.5,-0.06996587030716728,-0.023445250900736125,-0.04652061940643115,58.6,54.9,58.6,55.5,-0.05290102389078499,-0.04870067707517445,-0.004200346815610545,58.6,48.05,-0.18003412969283283,-0.051131649638255006,-0.12890248005457783,0.00052337657,0.005,5
2025-10-20,58.6,58.8,54.9,54.9,13295700,-0.06949152542372883,-0.07731092436974796,-0.08500000000000008,-0.09999999999999998,-0.08193979933110362,0.0018248175182482562,58.8,58.42,55.375833333333325,58.634799821424316,57.85113598379711,0.7836638376272091,1.203249643452507,-0.4195858058252979,0.014274386842025668,-0.00764272870355734,39.71243617710127,58.42,1.8506328931637805,62.12126578632756,54.71873421367244,0.126712282996493,0.02448699942019181,1.8319376988926124,0.03336862839512955,26.764165961669832,20.12365230471836,27.92656604000153,0.0,42.031766336211525,2990506283.0,3002146133.0,0.42350812844040464,-0.3239090006686167,1.9042561922468733,8502815.0,1.4909108666188358,1.563682145266009,0.0710382513661202,-0.06025333789798015,-0.008592797700561206,0.0,10.0,0.0018018018018017834,1.0,1723.59,1636.43,-0.054736915069980796,-0.07290722443799846,0.0012114166845116348,0.2653240945431465,-0.014754610353748032,-0.027092775562001514,0.0006134008337366215,0.0006126586488275354,1.2216367035649265,0.7447078192780398,55.5,54.6,-0.01621621621621616,0.007155046318868763,-0.023371262535084925,55.5,55.6,55.5,52.3,-0.057657657657657735,-0.014505119453924853,-0.04315253820373288,55.5,48.9,-0.11891891891891893,0.008300828863968768,-0.1272197477828877,0.0021653813,0.005,5
2025-10-21,55.5,55.6,53.0,55.6,11955700,0.012750455373406355,-0.057627118644067776,-0.06554621848739495,-0.08250825082508251,-0.04957264957264951,0.0036101083032491488,57.8,58.42999999999999,55.48916666666666,58.16790754120519,57.68438517018251,0.4835223710226799,1.0593041889665418,-0.5757818179438619,0.008696445521990646,-0.0103557880925155,42.58461009252134,58.42999999999999,1.8339201612642033,62.0978403225284,54.76215967747159,0.12554647689640275,0.1142143944192824,1.8867992918288545,0.03393523906167004,26.864306979096543,18.14291713594959,32.37063507435509,31.3253012048193,29.309691596575018,3002461983.0,3003085848.0,0.42414932610388706,-0.3315151138364163,1.8783735385128852,8839835.0,0.9721126320419511,1.3524799953845292,0.046762589928057575,-0.04843402361800431,0.00199738687731843,1.0,10.0,-0.0053859964093357915,0.0,1640.8,1663.43,0.016499330860470618,-0.05543820199198202,0.017226618397074622,0.2715719625669383,-0.0037488754870642627,-0.02707004883310049,-0.013616510093825474,-0.013385916026540934,1.2175356228169605,0.7472127851942252,55.7,56.8,0.019748653500897495,0.0010007028746381597,0.018747950626259335,55.7,55.4,55.7,53.9,-0.032315978456014416,-0.015987419735290165,-0.01632855872072425,55.7,49.5,-0.11131059245960506,-0.011257907339679019,-0.10005268511992604,8.656782e-05,0.005,5
2025-10-22,55.7,55.7,53.5,55.4,5680600,-0.003597122302158362,0.00910746812386165,-0.06101694915254241,-0.07666666666666666,-0.07512520868113526,-0.028070175438596467,56.879999999999995,58.35,55.594166666666666,57.742075611789005,57.515171453872696,0.2269041579163087,0.8928241827564952,-0.6659200248401865,0.004095742922677052,-0.012020217054877014,41.96938750875262,58.35,1.9318657466693936,62.21373149333879,54.48626850666121,0.1324329560698814,0.11824469362248548,1.9091707709839365,0.03446156626324795,26.883999582835525,17.02371703408428,29.70622487049924,28.915662650602403,20.080321285140588,2996781383.0,3003398213.0,0.4108053709591769,-0.23262141747012385,2.408602519699274,8780545.0,-0.9525779983685416,0.6469530080422115,0.03971119133574012,-0.050556983718937465,-0.003492572661999982,2.0,10.0,0.0036101083032491488,1.0,1678.82,1678.5,0.009059593731025606,-0.045194686993373034,0.012694122331760704,0.26926056375981766,-0.012656716033183968,-0.031471979673293626,-0.04076429777035717,-0.04025331723709036,1.2272799784550434,0.7474966515738412,55.4,57.2,0.032490974729241895,0.0030343957685052825,0.029456578960736612,55.4,55.6,55.4,53.5,-0.03429602888086636,-0.015374271893760394,-0.018921756987105964,55.4,49.5,-0.10649819494584833,-0.01887870151660287,-0.08761949342924547,8.656782e-05,0.005,5
