date,open,high,low,close,volume,return_1d,return_2d,return_3d,return_5d,return_10d,return_20d,sma_5,sma_20,sma_60,ema_12,ema_26,macd,macd_signal,macd_hist,macd_pct,macd_hist_pct,rsi_14,bb_mid_20,bb_std_20,bb_upper_20,bb_lower_20,bb_width_20,bb_position_20,atr_14,atr_pct_14,adx_14,plus_di_14,minus_di_14,stoch_k_14,stoch_d_3,obv,obv_sma_20,volatility_20d,return_skew_20d,return_kurtosis_20d,volume_sma_20,volume_z_20,volume_ratio_20,range_pct,close_vs_sma20,close_vs_sma60,day_of_week,month_of_year,next_return,target_next_up,market_open,market_close,market_return_1d,market_return_5d,market_return_20d,market_volatility_20d,excess_return_1d,excess_return_5d,excess_return_20d,relative_strength_20d,beta_60d,corr_60d,target_entry_open_5d,target_exit_close_5d,target_return_5d,target_market_return_5d,target_excess_return_5d,swing_execution_open,swing_execution_close,target_entry_open_10d,target_exit_close_10d,target_return_10d,target_market_return_10d,target_excess_return_10d,target_entry_open_20d,target_exit_close_20d,target_return_20d,target_market_return_20d,target_excess_return_20d,predicted_excess_return_5d,entry_margin,fold
2023-07-19,8.76,8.78,8.5,8.5,18871316,-0.025229357798165264,-0.020737327188940058,-0.025229357798165264,-0.024110218140068973,0.02781136638452253,0.06649937264742789,8.686,8.3355,8.034833333333333,8.517416727152625,8.342668137926541,0.17474858922608405,0.14928381236020247,0.025464776865881583,0.02055865755600989,0.0029958561018684216,55.454869532598096,8.3355,0.30041155980514866,8.936323119610297,7.734676880389703,0.14416006708902812,0.6368955310064446,0.2458653872282053,0.02892533967390651,33.07304263852371,29.449412014370257,15.182502535077617,50.0,67.13077557755777,1146062778.0,1125202889.95,0.3486170803015277,1.66377788973864,3.2637773731863695,16600148.25,0.23752258910540214,1.1368161124705618,0.03294117647058816,0.019734868934077276,0.05789375427824672,2.0,7.0,-0.00235017626321965,0.0,1177.5,1172.98,-0.0009454130432929864,0.0162710102235315,0.04874559662392941,0.08598566346697013,-0.024283944754872278,-0.040381228363600474,0.01775377602349848,0.016928582184898344,0.8747851160444927,0.24980390769299748,8.51,8.64,0.015276145710928501,0.024756150636184415,-0.009480004925255914,8.51,8.49,8.51,9.1,0.06933019976498245,0.04147359258595551,0.027856607179026938,8.51,9.2,0.08108108108108092,0.06095594070812327,0.02012514037295765,-0.007915352,0.005,1
2023-07-20,8.51,8.58,8.4,8.49,9681997,-0.0011764705882352233,-0.026376146788990917,-0.02188940092165892,-0.036322360953461974,0.041717791411042926,0.05074257425742568,8.622000000000002,8.356,8.049666666666667,8.513198769129144,8.353581609191242,0.15961715993790193,0.15135048187574238,0.008266678062159555,0.01880060776653733,0.0009736958848244469,55.0945155021265,8.356,0.2960156468149936,8.948031293629986,7.7639687063700125,0.14170208081138988,0.61316969342819,0.24116071671190492,0.028405266986090097,32.37646786968076,27.879358224142297,17.334934810701473,48.97959183673471,57.415639523136036,1136380781.0,1126970287.6,0.346766267589273,1.798106317118445,3.7016078813738806,16575250.85,-0.7195365756432693,0.5841237087521967,0.021201413427561804,0.01603638104356153,0.05470205805623429,3.0,7.0,0.01406799531066838,1.0,1171.83,1172.81,-0.0001449300073318449,0.00634106159152914,0.04221985248378202,0.08526290776435129,-0.0010315405809033784,-0.042663422544991114,0.00852272177364366,0.00817747018859083,0.8079232242066999,0.2382436226030869,8.53,8.54,0.0011723329425556983,0.0205589792108829,-0.0193866462683272,8.53,8.65,8.53,8.9,0.04337631887456039,0.03216815403891893,0.011208164835641465,8.53,9.1,0.06682297772567414,0.05137187715754221,0.015451100568131926,-0.00644025,0.005,1
2023-07-21,8.53,8.7,8.52,8.65,12013793,0.018845700824499323,0.01764705882352935,-0.008027522935779796,-0.008027522935779796,0.05616605616605619,0.07587064676616939,8.608,8.3865,8.065666666666667,8.534245112340045,8.375538527028928,0.15870658531111737,0.15282170256281738,0.0058848827482999855,0.01834758211689218,0.0006803332656994202,59.616212063864566,8.3865,0.293154800137247,8.972809600274493,7.800190399725506,0.1398222381862502,0.7247106305922995,0.2389349512324831,0.027622537714737928,32.15712485494432,29.71647950554754,16.24667199766698,65.30612244897962,54.76190476190481,1148394574.0,1129886186.8,0.35007601200220867,1.5929557773759566,3.002701190354863,16628128.6,-0.483158511313577,0.7224982010302711,0.02080924855491326,0.031419543313658815,0.07244699756168127,4.0,7.0,0.005720823798626817,1.0,1173.21,1185.9,0.011161228161424397,0.01497774734679913,0.05004515752005534,0.09106873983085204,0.007684472663074926,-0.023005270282578927,0.025825489246114053,0.02459464629798158,0.9313127382991246,0.2742291811702872,8.74,8.8,0.006864988558352492,0.014218049280279477,-0.007353060721926985,8.74,8.79,8.74,9.15,0.04691075514874132,0.029595041738750716,0.017315713409990607,8.74,8.47,-0.03089244851258577,-0.010707627189814772,-0.020184821322770996,-0.004771606,0.005,1
2023-07-24,8.74,8.85,8.66,8.79,15806424,0.016184971098265777,0.0353356890459362,0.034117647058823364,0.012672811059907696,0.07195121951219519,0.10566037735849054,8.629999999999999,8.428500000000001,8.085666666666667,8.573592018133883,8.406239376878636,0.1673526412552473,0.15572789030130338,0.011624750953943913,0.019038980802644746,0.0013224972643849733,63.11593411364133,8.428500000000001,0.28744381602293084,9.003387632045863,7.85361236795414,0.13641517044453016,0.8144092687413731,0.2361538832873057,0.026866198326200876,32.433544151756976,32.45582652211982,15.263858117913765,79.59183673469379,64.62585034013607,1164200998.0,1134183642.5,0.3479141342113511,1.4437321538407812,2.6800394143326676,16827214.5,-0.10760749434785866,0.9393369294721952,0.021615472127417466,0.0428901939846944,0.08710887578843218,0.0,7.0,-0.017006802721088454,0.0,1190.74,1190.72,0.0040644236444893345,0.014994075677887242,0.05184491577078343,0.0912442672088868,0.012120547453776442,-0.002321264617979546,0.053815461587707114,0.051162924097295726,0.9790663595032713,0.2879022655071201,8.82,8.88,0.006802721088435382,0.02381849386747037,-0.017015772779034988,8.82,8.67,8.82,9.18,0.04081632653061207,0.039323538030055616,0.0014927885005564523,8.82,8.57,-0.028344671201814053,-0.012298547448616581,-0.016046123753197472,-0.0066809785,0.005,1
2023-07-25,8.82,8.87,8.6,8.67,12695291,-0.013651877133105672,0.0023121387283235872,0.021201413427561766,-0.005733944954128489,-0.010273972602739656,0.08782936010037634,8.620000000000001,8.4635,8.105166666666667,8.588424015344055,8.425777200813553,0.16264681453050223,0.15711167514714316,0.005535139383359061,0.018759724859342818,0.0006384243810102723,58.44093482458295,8.4635,0.27081310316066387,9.005126206321327,7.921873793678672,0.1279910690190412,0.6906296238899965,0.2385714630524981,0.02751689308563992,32.30794057725841,29.832152302229687,15.826360524088543,67.3469387755102,70.7482993197279,1151505707.0,1137512803.15,0.35427912887285656,1.452638569292001,2.531397944625141,17128448.55,-0.47982138583105255,0.741181605732762,0.031141868512110676,0.024398889348378416,0.06968805905697995,1.0,7.0,-0.002309468822170868,0.0,1194.45,1195.9,0.004350309056705193,0.01857608871551597,0.05427873722814369,0.09144185013425593,-0.018002186189810865,-0.02431003366964446,0.03355062287223265,0.03182329462552014,0.9372193487826066,0.2746572132682892,8.66,8.9,0.02771362586605086,0.01845253032204086,0.00926109554401,8.66,8.64,8.66,9.81,0.13279445727482675,0.039088247595148395,0.09370620967967835,8.66,8.99,0.038106235565819935,-0.0125554161438729,0.050661651709692834,-0.008753795,0.005,1
2023-07-26,8.66,8.7,8.56,8.64,11127615,-0.0034602076124566894,-0.017064846416382062,-0.0011560693641617936,0.016470588235294237,-0.008036739380023028,0.08679245283018866,8.648,8.498000000000001,8.122166666666667,8.5963587822142,8.441645556308845,0.15471322590535408,0.15663198529878536,-0.0019187593934312797,0.01790662336867524,-0.0002220786334989907,57.29829611024415,8.498000000000001,0.24463936938692907,8.98727873877386,8.008721261226142,0.11515150359469489,0.6451115578370051,0.23153064426303388,0.026797528271184475,31.934893580676018,28.54367697330786,16.376830553138362,62.76595744680853,69.90157765233754,1140378092.0,1140715068.95,0.3545428012659968,1.4556666622151269,2.5290877318659017,17255343.4,-0.6709767924470252,0.6448793711054166,0.016203703703703564,0.01670981407389971,0.06375556604354338,2.0,7.0,-0.012716763005780507,0.0,1195.5,1200.84,0.004130780165565451,0.02375147061330951,0.05489524311503491,0.09154058375260272,-0.00759098777802214,-0.007280882378015274,0.03189720971515375,0.030237324438930457,0.9015294214496768,0.26194911852111663,8.65,9.1,0.052023121387283044,0.01559470412502395,0.036428417262259094,8.65,8.54,8.65,9.55,0.10404624277456653,0.026878812339288904,0.07716743043527763,8.65,8.8,0.01734104046242768,-0.024240860787724028,0.04158190125015171,-0.0065034083,0.005,1
2023-07-27,8.65,8.73,8.46,8.54,15240604,-0.011574074074074292,-0.014994232987312617,-0.028441410693970437,0.005889281507655886,-0.030646992054483735,0.028915662650602192,8.658,8.510000000000002,8.138833333333334,8.587688200335093,8.448931070656338,0.13875712967875486,0.15305701417477927,-0.014299884496024401,0.016247907456528675,-0.0016744595428600003,53.54046427182017,8.510000000000002,0.24026301378047413,8.99052602756095,8.029473972439053,0.1129320863833016,0.5312157909034309,0.23427845538710287,0.027433074401300106,30.96334576420157,26.193972226188205,18.07757097621298,44.44444444444435,58.18578022225438,1125137488.0,1141233697.0,0.32590235833960235,1.8804351071157268,5.091050020836439,16095766.05,-0.11171319087419704,0.9468703727835308,0.03161592505854796,0.003525264394829364,0.04929043884258566,3.0,7.0,0.030444964871194635,1.0,1201.69,1197.33,-0.0029229539322473963,0.020907052293210215,0.06392450617119372,0.07824487557823138,-0.008651120141826896,-0.01501777078555433,-0.035008843520591526,-0.032905383152212475,0.9090849212110585,0.2577964481143351,8.54,8.9,0.042154566744730726,0.011383757057428445,0.03077080968730228,8.54,8.8,8.54,9.21,0.0784543325526934,0.019451775632245427,0.05900255692044798,8.54,9.29,0.08782201405152223,-0.0066231249791198765,0.09444513903064211,-0.008120462,0.005,1
2023-07-28,8.54,8.8,8.54,8.8,14060786,0.030444964871194635,0.0185185185185186,0.014994232987312728,0.01734104046242768,0.00917431192660545,0.07975460122699385,8.687999999999999,8.5425,8.160333333333332,8.620351554129694,8.474936176533646,0.1454153775960485,0.15152868685903312,-0.0061133092629846175,0.016524474726823692,-0.0006946942344300701,60.74840174627218,8.5425,0.23285131917922988,9.00820263835846,8.07679736164154,0.1090319317198618,0.7764639694845339,0.2361157085737385,0.02683133051974301,30.349089247772287,26.2513191764659,16.655698962031316,73.97260273972611,60.39433487699302,1139198274.0,1143051177.9,0.33245426507556103,1.5845887208229945,3.615561618619187,16202991.8,-0.2815642714962981,0.8677894905803754,0.029545454545454722,0.03014340064383969,0.07838732077938015,4.0,7.0,0.00452488687782826,1.0,1197.32,1207.67,0.008635881503010978,0.018357365713803864,0.07810351907729118,0.07492996915005277,0.021809083368183657,-0.0010163252513761822,0.001651082149702665,0.0015314690291667876,0.9835125172866734,0.27663899964383654,8.84,9.15,0.03506787330316752,0.005181771969237303,0.029886101333930215,8.84,8.88,8.84,9.27,0.04864253393665163,0.010289752881950776,0.03835278105470086,8.84,8.92,0.009049773755656076,-0.029754193791712624,0.0388039675473687,-0.0038898094,0.005,1
2023-07-31,8.84,9.15,8.83,8.88,34067150,0.009090909090909038,0.039812646370023685,0.0277777777777779,0.010238907849829504,0.023041474654378113,0.0869033047735619,8.706,8.578,8.177833333333334,8.660297468878973,8.50494090419782,0.15535656468115278,0.15229426242345706,0.003062302257695715,0.01749510863526495,0.0003448538578486165,62.66761487112375,8.578,0.22712389385376597,9.032247787707531,8.123752212292468,0.10590995283458422,0.8324176893894358,0.24425030081847146,0.02750566450658462,30.942996157767706,33.79979307561828,14.950921229289655,64.00000000000006,60.80568239472353,1173265424.0,1146002494.1,0.33286676712478647,1.5267868611771336,3.4589461577112157,17336827.1,1.9701944985916342,1.9650164244875001,0.036036036036036063,0.03520634180461668,0.08586218843621984,0.0,7.0,0.0022522522522521182,1.0,1219.66,1222.9,0.012611060968642063,0.027025665143778577,0.08653931585961794,0.08121497129455228,-0.0035201518777330243,-0.016786757293949073,0.0003639889139439578,0.00033499838305983687,0.7851416862212102,0.22927534192646695,8.88,9.18,0.03378378378378377,0.009022043045711747,0.024761740738072024,8.88,8.9,8.88,9.2,0.03603603603603589,0.005299434293517091,0.0307366017425188,8.88,9.04,0.018018018018017834,-0.023245984784446283,0.04126400280246412,-0.0025857466,0.005,1
2023-08-01,8.88,8.96,8.77,8.9,26045843,0.0022522522522521182,0.011363636363636243,0.042154566744730726,0.026528258362168433,0.020642201834862428,0.06078665077473189,8.751999999999999,8.6035,8.1965,8.69717478135913,8.534204540923907,0.16297024043522335,0.15442945802581032,0.008540782409413028,0.018311262970249813,0.000959638472967756,63.152676035123925,8.6035,0.23344727794589762,9.070394555891795,8.136605444108206,0.10853595766648334,0.8175235138838451,0.24037527933143787,0.02700845835184695,31.124898723181104,31.891479214348323,15.889728537839531,66.66666666666667,68.21308980213098,1199311267.0,1148989966.25,0.3220453183116473,1.8085473515991004,4.850802925521766,17372983.05,1.0168718096688354,1.4992153578368914,0.021348314606741716,0.03446271866101003,0.08582931739156963,1.0,8.0,0.022471910112359383,1.0,1230.32,1217.56,-0.004366669392427913,0.0181118822644033,0.07558303886925799,0.08637289018648832,0.006618921644680031,0.008416376097765133,-0.014796388094526103,-0.013756620883573323,0.7559062462395769,0.2238617187959448,8.9,9.81,0.10224719101123592,0.020588742739305,0.08165844827193092,8.9,9.1,8.9,9.2,0.033707865168539186,0.013868235332780143,0.019839629835759043,8.9,8.9,0.0,-0.010466902733389793,0.010466902733389793,-0.003766398,0.005,1
2023-08-02,8.9,9.2,8.79,9.1,24302145,0.022471910112359383,0.024774774774774633,0.03409090909090895,0.0532407407407407,0.07058823529411762,0.10036275695284158,8.844,8.645,8.214,8.759147891919264,8.576115315670284,0.18303257624897995,0.16015008167044426,0.022882494578535695,0.020113469917470324,0.0025145598437951314,67.67566062726391,8.645,0.24455114630542257,9.134102292610844,8.155897707389155,0.11315264143686404,0.9651378728682649,0.25249133080776376,0.02774630008876525,31.951689853653956,34.98196538418678,14.046726449221206,87.50000000000003,72.72222222222229,1223613412.0,1153883724.55,0.32207486109433375,1.5928272604014486,4.086664619700554,17896911.4,0.7429976788839063,1.357896033390432,0.045054945054945075,0.05263157894736836,0.10786462137813468,2.0,8.0,-0.0294438386041439,0.0,1217.17,1220.43,0.002357173363119802,0.0163135804936545,0.07562884489961408,0.08636417829274468,0.02011473674923958,0.0369271602470862,0.024733912053227503,0.022994838945152862,0.7224610506451784,0.2172750000153145,9.17,9.55,0.0414394765539805,0.011691111967402579,0.029748364586577924,9.17,8.9,9.17,9.2,0.0032715376226826187,0.019291154599788474,-0.016019616977105855,9.17,8.9,-0.0294438386041439,-0.005386437982176306,-0.024057400621967595,-0.0062916107,0.005,1
2023-08-03,9.17,9.17,8.9,8.9,15966514,-0.0219780219780219,0.0,0.0022522522522521182,0.042154566744730726,0.04829210836277986,0.09202453987730053,8.916,8.6825,8.229833333333334,8.780817447008609,8.60010677376878,0.1807106732398278,0.16426219998432098,0.01644847325550683,0.020304570026946946,0.0018481430624164975,59.774035591827555,8.6825,0.22102333766115045,9.1245466753223,8.240453324677699,0.10182474525132179,0.7460147447567835,0.2537419500357806,0.028510331464694446,32.71942447480732,32.32315319543739,12.97910182936207,62.500000000000085,72.22222222222229,1207646898.0,1158810134.0,0.3290845271807339,1.4732094018513273,3.73605750066898,17864260.25,-0.21997433010678685,0.8937685510935165,0.030337078651685345,0.02505038871292853,0.08143137771117281,3.0,8.0,0.028089887640449396,1.0,1219.73,1210.95,-0.0077677539883483915,0.011375310064894562,0.07523396849638608,0.08699103756385218,-0.014210267989673508,0.030779256679836164,0.016790571380914443,0.015615737479345526,0.7923970437930538,0.24209499936726891,8.9,9.21,0.03483146067415732,0.0035682866468793595,0.03126317402727796,8.9,9.15,8.9,9.1,0.022471910112359383,0.014149818708017126,0.008322091404342258,8.9,9.18,0.03146067415730336,0.006396606016756179,0.02506406814054718,-0.004848806,0.005,1
2023-08-04,8.9,9.15,8.87,9.15,23101875,0.028089887640449396,0.005494505494505475,0.028089887640449396,0.03977272727272729,0.05780346820809257,0.11721611721611724,8.986,8.7305,8.248166666666666,8.837614762853438,8.640839605341464,0.19677515751197383,0.17076479148985158,0.026010366022122255,0.021505481695297684,0.002842662953237405,65.23773366393121,8.7305,0.21251563410310087,9.1555312682062,8.305468731793798,0.09736699346113074,0.9934931043667163,0.25561752503322493,0.027936341533685783,33.231721631985586,29.794128380629708,12.80189832073866,93.75000000000013,81.2500000000001,1230748773.0,1164467880.5,0.33948558726751227,1.2384431117573056,2.6336904546428874,18595597.3,0.5360502312963095,1.2423303552610272,0.030601092896174985,0.04804993986598727,0.10933742851946904,4.0,8.0,-0.007567567567567601,0.0,1216.27,1225.98,0.012411742846525353,0.015161426548643275,0.07724480919451349,0.08920226490986304,0.015678144793924043,0.024611300724084018,0.03997130802160376,0.03710512938232813,0.8700484392250897,0.2659095037939719,9.25,9.27,0.00216216216216214,-0.0007217581704646037,0.0028839203326267437,9.25,9.18,9.25,8.47,-0.08432432432432424,-0.044692239072256834,-0.039632085252067406,9.25,9.2,-0.005405405405405461,0.00152461276457716,-0.006930018169982621,-0.0030448805,0.005,1
2023-08-07,9.25,9.45,9.01,9.18,15873444,0.003278688524590123,0.03146067415730336,0.00879120879120876,0.03378378378378377,0.04436860068259385,0.11951219512195133,9.046000000000001,8.7795,8.273666666666665,8.890289414722139,8.680777412353207,0.20951200236893186,0.17851423366566765,0.030997768703264206,0.022822658210123296,0.003376663257436188,65.8373829066851,8.7795,0.19610617425350998,9.17171234850702,8.387287651492981,0.08934730873216458,1.01056526078861,0.26878770181656597,0.029279706080235945,34.45825920115949,34.28269033023053,11.305009240340096,74.2857142857143,76.8452380952382,1246622217.0,1170345614.75,0.33919833086223034,1.2260136809405837,2.6251325945634383,18815585.05,-0.3559039607810673,0.8436327628303005,0.04793028322440082,0.04561763198359814,0.10954433745618641,0.0,8.0,0.06168831168831179,1.0,1233.1,1241.42,0.012594006427511184,0.015144329053888184,0.08041635480670495,0.09236853922882977,-0.009315317902921061,0.018639454729895588,0.03909584031524638,0.03618590198242688,0.7388818123154777,0.24863197510460106,9.24,9.2,-0.0043290043290044045,-0.006035279463173504,0.0017062751341690996,9.24,9.81,9.24,8.57,-0.07251082251082253,-0.05190661791296658,-0.020604204597855946,9.24,9.14,-0.010822510822510734,0.0009241772813115556,-0.01174668810382229,-0.0052684783,0.005,1
2023-08-08,9.24,9.82,9.17,9.81,47121538,0.06862745098039214,0.0721311475409836,0.10224719101123592,0.10224719101123592,0.13148788927335642,0.11986301369863028,9.228,8.832,8.307166666666667,9.031783350918733,8.764423529956673,0.26735982096206,0.19628335112494613,0.07107646983711388,0.02725380437941488,0.007245307832529448,75.4246193532848,8.832,0.30236958911645373,9.436739178232909,8.227260821767093,0.13694274869404616,1.3086130642782128,0.2960171516868113,0.030175040946667817,36.26494492408819,37.83370350668519,9.531884183143701,99.29577464788733,89.1104963112006,1293743755.0,1176396883.85,0.34001649427631564,1.2379918407076376,2.6739063034743173,18989119.9,3.18509618629218,2.481501946806919,0.06625891946992868,0.11073369565217384,0.1809080512810224,1.0,8.0,-0.017489711934156382,0.0,1244.35,1242.23,0.0006524786132009464,0.020261835145701346,0.07853998628198333,0.0929477536434207,0.06797497236719119,0.08198535586553457,0.04132302741664695,0.03831385756878469,0.6959845431635145,0.2113240285566874,9.72,9.2,-0.053497942386831365,-0.005343843698616957,-0.04815409868821441,9.72,9.55,9.72,8.99,-0.07510288065843629,-0.04851371828352202,-0.026589162374914266,9.72,9.23,-0.05041152263374482,0.0019827836347809935,-0.052394306268525814,-0.019028107,0.005,1
2023-08-09,9.72,9.91,9.48,9.55,25259118,-0.02650356778797147,0.04030501089324634,0.04371584699453557,0.0494505494505495,0.10532407407407418,0.09644087256027545,9.318000000000001,8.874,8.338,9.111508989238928,8.822614379589512,0.28889460964941627,0.21480560282984018,0.07408900681957609,0.03025074446590746,0.007758011185295925,67.06039121906423,8.874,0.340470263020723,9.554940526041447,8.193059473958554,0.15346867839563816,0.99637227786238,0.30558735513775337,0.0319986759306548,38.077853024363975,36.13475220013416,8.573843841243484,75.17241379310347,82.9179675755684,1268484637.0,1181897138.7,0.3570124676793262,1.0569645429626073,2.102290211577401,19540134.15,0.6451728025774248,1.292678842739675,0.04502617801047117,0.07617759747577191,0.14535859918445682,2.0,8.0,-0.03560209424083771,0.0,1240.68,1233.99,-0.006633232171176062,0.011110837983333788,0.06913013342574947,0.0999765337036386,-0.01987033561679541,0.03833971146721571,0.027310739134525974,0.025544822169604187,0.7624139575873994,0.22955234580384792,9.55,9.2,-0.03664921465968596,0.005458912584613174,-0.04210812724429913,9.55,9.21,9.55,8.8,-0.07853403141361259,-0.05171814219052018,-0.026815889223092415,9.55,9.19,-0.037696335078534204,0.004019377117855827,-0.04171571219639003,-0.01153482,0.005,1
2023-08-10,9.55,9.59,9.21,9.21,22523952,-0.03560209424083771,-0.06116207951070329,0.0032679738562093608,0.03483146067415732,0.0784543325526934,0.04540295119182747,9.38,8.894,8.364166666666666,9.12666145243294,8.851309610731029,0.2753518417019105,0.22691485060425426,0.04843699109765626,0.029897051216276928,0.00525917384339373,58.00209217292921,8.894,0.34817418508455644,9.590348370169114,8.197651629830887,0.15658834498968147,0.7268979246144123,0.3109025440564852,0.03375706232969437,38.23766799188067,32.9800645476504,14.028456041892714,51.724137931034505,75.39744212400846,1245960685.0,1185384198.55,0.3835466662103467,0.9026268365530193,1.619280588215177,19779334.35,0.30915968522702686,1.138761881539254,0.04125950054288805,0.03552957049696426,0.10112583441267331,3.0,8.0,-0.00855614973262031,0.0,1236.51,1220.61,-0.010842875550045039,0.0079772079772078,0.047356317893977984,0.1088912362304573,-0.024759218690792673,0.02685425269694952,-0.0019533667021505163,-0.0018650450365147453,0.9762287717727902,0.29548672985339064,9.35,9.1,-0.0267379679144385,0.0037105751391466324,-0.03044854305358513,9.35,9.27,9.35,9.29,-0.0064171122994652885,-0.03216645509878591,0.025749342799320618,9.35,8.9,-0.048128342245989275,-0.00430459265045724,-0.043823749595532036,-0.009258507,0.005,1
2023-08-11,9.35,9.35,9.0,9.27,19520821,0.006514657980455807,-0.02931937172774879,-0.05504587155963314,0.013114754098360493,0.05340909090909074,0.06307339449541272,9.404,8.9215,8.390333333333334,9.148713536674025,8.882323713639842,0.26638982303418324,0.23480984509024005,0.03157997794394318,0.02873676623885472,0.003406685862345543,59.053224270484854,8.9215,0.35535415988668057,9.632208319773362,8.210791680226638,0.15932484890956944,0.7451779374913838,0.31369521948102197,0.03383982950172837,37.388546318765826,30.351712049785384,17.692166954842147,55.86206896551718,60.91954022988508,1265481506.0,1190786725.5,0.3807801866089616,0.8151258730957099,1.614715240595834,19815949.35,-0.03325435540911173,0.9851065248105308,0.03775620280474646,0.039062937846774615,0.1048428747368002,4.0,8.0,-0.010752688172043112,0.0,1228.92,1232.21,0.009503444998812283,0.005081648966541064,0.0546131461828141,0.11182827208047598,-0.0029887870183564758,0.008033105131819429,0.008460248312598617,0.008022134318371288,0.9765082791482352,0.29831720712121557,9.3,8.47,-0.08924731182795698,-0.04781188871105946,-0.04143542311689752,9.3,9.2,9.3,8.92,-0.04086021505376347,-0.04346314887563263,0.0026029338218691578,9.3,8.97,-0.03548387096774197,0.006709022422684452,-0.04219289339042642,-0.010254342,0.005,1
2023-08-14,9.3,9.33,9.18,9.2,20273817,-0.007551240560949357,-0.0010857763300762269,-0.03664921465968596,0.002178649237472685,0.03603603603603589,0.05990783410138234,9.408000000000001,8.9475,8.414,9.156603761801097,8.905855290407262,0.2507484713938357,0.2379975703509592,0.012750901042876517,0.027255268629764753,0.001385967504660491,57.25286837709942,8.9475,0.3557775029148799,9.65905500582976,8.23594499417024,0.15905113290410963,0.6774283069694335,0.30200270380380617,0.03282638084823981,36.600076193730615,29.274910714157627,17.06449399274122,51.034482758620605,52.87356321839079,1245207689.0,1195813952.45,0.3817419704791129,0.8261912667370894,1.58999863810205,20191249.35,0.009470430292073189,1.004089278903388,0.016304347826086998,0.028220173232746504,0.0934157356786307,0.0,8.0,-0.016042780748663166,0.0,1237.14,1236.84,0.0037574764041843345,-0.0036893235166182148,0.0543077067332689,0.1117860363806788,-0.011308716965133692,0.0058679727540909,0.005600127368113439,0.00531166312486242,0.9665483285675266,0.29494995426174675,9.35,8.57,-0.08342245989304808,-0.04813541817947109,-0.035287041713576994,9.35,9.2,9.35,9.04,-0.03315508021390379,-0.03041745332494239,-0.0027376268889613975,9.35,8.77,-0.06203208556149731,-0.0008310338706813969,-0.06120105169081591,-0.009526933,0.005,1
2023-08-15,9.35,9.43,9.17,9.2,15132339,0.0,-0.007551240560949357,-0.0010857763300762269,-0.062181447502548504,0.033707865168539186,0.05504587155963292,9.286,8.9715,8.436833333333333,9.163280106139391,8.927643787414132,0.23563631872525903,0.23752532002581916,-0.0018890013005601336,0.02561264333970207,-0.00020532622832175368,57.252868377099425,8.9715,0.3558130052966615,9.683126010593323,8.259873989406678,0.15864147814597837,0.6605478134571594,0.29900251067496286,0.03250027289945249,36.142020773498544,29.84550391967171,16.00459643342517,51.034482758620605,52.6436781609195,1245207689.0,1199827632.2,0.3818644000832795,0.857178746420328,1.6232594075109108,19934319.1,-0.5462128681018237,0.759109901075076,0.02826086956521737,0.025469542439948478,0.0904565298986586,1.0,8.0,-0.005405405405405461,0.0,1239.42,1234.05,-0.0022557485204229843,-0.006584931936919891,0.0510693388070762,0.11298796200533114,0.0022557485204229843,-0.05559651556562861,0.003976532752556716,0.0037833210481337254,0.9955189375172826,0.3020249216708041,9.25,8.99,-0.028108108108108043,-0.04795354651397232,0.01984543840586428,9.25,9.2,9.25,8.9,-0.037837837837837784,-0.028646316383725168,-0.009191521454112617,9.25,8.5,-0.08108108108108103,-0.01301665389733464,-0.06806442718374639,-0.009658298,0.005,1
2023-08-16,9.25,9.3,9.16,9.2,10478659,0.0,0.0,-0.007551240560949357,-0.03664921465968596,0.01098901098901095,0.08235294117647052,9.216,9.006499999999999,8.461333333333334,9.168929320579485,8.947818321679751,0.22111099889973396,0.23424245580060213,-0.013131456900868171,0.024033804228231953,-0.001427332271833497,57.252868377099425,9.006499999999999,0.3411169733025375,9.688733946605074,8.324266053394924,0.1514981283750792,0.6418135237647531,0.28764518848389414,0.031265781356945015,35.664797371292714,28.8079234172138,15.696517604181535,48.1751824817518,50.08138266633103,1245207689.0,1204784877.75,0.3673952621920688,0.886098814268055,2.063872239289368,19514686.25,-0.9993882204228521,0.536962719551794,0.01521739130434789,0.02148448342863496,0.08729908603844927,2.0,8.0,-0.016216216216216273,0.0,1239.95,1243.26,0.007463230825331291,0.007512216468528843,0.05991577008985649,0.11351104572835512,-0.007463230825331291,-0.0441614311282148,0.022437171086614027,0.02116882465548353,0.9497161181106967,0.288503324128187,9.25,8.8,-0.048648648648648596,-0.05635049654750601,0.007701847898857417,9.25,9.1,9.25,8.9,-0.037837837837837784,-0.023676543964975982,-0.014161293872861802,9.25,8.51,-0.08000000000000007,-0.012248708332662672,-0.0677512916673374,-0.009673669,0.005,1
2023-08-17,9.25,9.29,9.1,9.1,14764424,-0.010869565217391242,-0.010869565217391242,-0.010869565217391242,-0.011943539630836164,0.022471910112359383,0.07184923439340385,9.193999999999999,9.036999999999999,8.485166666666666,9.158324809721103,8.959091038592362,0.19923377112874086,0.2272407188662299,-0.028006947737489046,0.021893821003158336,-0.0030776865645592358,54.29918414702988,9.036999999999999,0.31906277224549207,9.675125544490983,8.398874455509015,0.14122508453933483,0.5493633271257414,0.280670532163616,0.030842915622375382,34.899868931513275,27.41495682419794,16.464490142746644,28.947368421052623,42.71901122047503,1230443265.0,1209488001.95,0.37087658442384497,0.9155161896212491,1.9590852348983703,19768807.6,-0.5674322879571744,0.7468545548493273,0.020879120879120826,0.006971340046475705,0.07245978275814657,3.0,8.0,-0.06305309734513254,0.0,1242.58,1233.48,-0.007866415713527308,0.01054390837368202,0.051730459324187184,0.11944635012349746,-0.0030031495038639333,-0.022487448004518185,0.020118775069216666,0.01912921213876828,0.9688601945628853,0.30116397535910755,9.04,9.29,0.02765486725663724,-0.03066779677592857,0.05832266403256581,9.04,8.47,9.04,9.18,0.015486725663716783,-0.002420498443383212,0.017907224107099995,9.04,8.44,-0.0663716814159292,-0.012395885967628972,-0.05397579544830022,-0.011337599,0.005,1
2023-08-18,9.04,9.06,8.47,8.47,40025779,-0.0692307692307691,-0.07934782608695634,-0.07934782608695634,-0.08629989212513478,-0.07431693989071031,-0.020809248554913284,9.034,9.028,8.496833333333333,9.052428685148625,8.922862072770705,0.12956661237791955,0.20770589756856783,-0.07813928519064828,0.015297120705775625,-0.009225417377880551,40.22104154451873,9.028,0.3327967611199456,9.693593522239892,8.362406477760109,0.14745093536550546,0.08082524742564519,0.30562263700907194,0.03608295596329066,33.144821841949934,23.378367554626635,28.764292213575615,0.0,25.707516967601503,1190417486.0,1211589147.55,0.447190416815501,0.02275058756318114,2.122155347974951,21169406.9,1.9433588426615465,1.890736910536686,0.06965761511216055,-0.06180770934869295,-0.0031580392695316206,4.0,8.0,-0.025028441410693825,0.0,1227.02,1177.99,-0.04498654214093456,-0.04400223987794294,-0.0066700396323468025,0.20289684856618417,-0.024244227089834536,-0.04229765224719184,-0.014139208922566482,-0.014234151275708262,1.2511458613749389,0.4962463262052494,8.79,8.92,0.014789533560864765,0.005403522484940471,0.009386011075924294,8.79,8.57,8.79,9.2,0.04664391353811159,0.049251917995599026,-0.002608004457487434,8.79,8.3,-0.05574516496018189,0.029303064544906166,-0.08504822950508806,-0.01328633,0.005,1
2023-08-21,8.79,8.79,8.43,8.57,12836217,0.011806375442739103,-0.058241758241758146,-0.0684782608695651,-0.0684782608695651,-0.06644880174291934,-0.025028441410693825,8.908,9.017,8.505500000000001,8.978208887433452,8.896724141454357,0.08148474597909505,0.18246166725067328,-0.10097692127157823,0.009508138387292305,-0.011782604582447868,42.75798676302487,9.017,0.34450727591633623,9.706014551832672,8.327985448167327,0.15282567413389647,0.1756236868938049,0.30950673436556675,0.036115138199015955,31.636461699346146,21.436057562356126,27.29763933584329,9.459459459459495,12.802275960170734,1203253703.0,1213541782.8,0.4452670932010758,0.041518706495158285,2.215111687967574,21020896.55,-0.8341918292942326,0.6106407959083934,0.042007001166861076,-0.049573028723522095,0.007583328434542125,0.0,8.0,0.03690888119953861,1.0,1177.01,1179.76,0.0015025594444775248,-0.04614986578700553,-0.009204514915345352,0.2023765251615928,0.010303815998261578,-0.02232839508255957,-0.015823926495348473,-0.015970931169510205,1.2033333200878615,0.48237451239516493,8.67,9.04,0.042675893886966465,0.015034799648624864,0.0276410942383416,8.67,8.99,8.67,9.14,0.05420991926182239,0.05201364957091692,0.0021962696909054724,8.67,8.5,-0.019607843137254943,0.035635853773903436,-0.05524369691115838,-0.016014358,0.005,1
2023-08-22,8.67,8.99,8.21,8.99,19221862,0.04900816802800456,0.06139315230224307,-0.012087912087912045,-0.022826086956521663,-0.08358817533129459,0.03690888119953861,8.866,9.033,8.522166666666667,8.980022904751381,8.90363346430959,0.07638944044179219,0.16124722188889706,-0.08485778144710487,0.008497156890076995,-0.0094391303055734,51.9763155865409,9.033,0.3348385313948544,9.702677062789709,8.36332293721029,0.14827345572671527,0.46789497327198887,0.34311339619659764,0.0381661174857172,30.869734345143392,17.955299746264693,27.444996141804015,45.88235294117646,18.447270800212014,1222475565.0,1217090275.7,0.4759470382580872,-0.041540178968969194,1.352088816790085,21347225.1,-0.22077511180159692,0.900438436843953,0.08676307007786423,-0.004760323259160759,0.05489605538497644,1.0,8.0,-0.027624309392265234,0.0,1183.92,1180.49,0.0006187699193056506,-0.04340180705806085,-0.012885692783677682,0.20165099494396604,0.04838939810869891,0.020575720101539186,0.049794573983216295,0.05044458743956182,1.1959947136468794,0.4615848439787279,9.05,8.9,-0.016574585635359185,0.00961473980686689,-0.026189325442226075,9.05,8.8,9.05,9.23,0.019889502762430844,0.04206343884120178,-0.02217393607877094,9.05,8.46,-0.06519337016574589,0.01658060622317592,-0.08177397638892181,-0.025372602,0.005,1
2023-08-23,9.05,9.08,8.75,8.8,11139222,-0.021134593993325845,0.02683780630105015,0.03896103896103886,-0.04347826086956508,-0.07853403141361259,0.0185185185185186,8.786,9.041,8.5325,8.952327073251169,8.895956911397768,0.05637016185340116,0.14027180988179788,-0.08390164802839672,0.006405700210613767,-0.009534278185045082,48.19511827699288,9.041,0.3267688705159073,9.694537741031816,8.387462258968185,0.14457200332525505,0.3156189116029434,0.3421767250396978,0.03888371875451111,29.79030099565997,18.59714666727896,25.554400672095742,34.70588235294118,30.015898251192407,1211336343.0,1220638188.25,0.4828399879418302,0.030930966893869552,1.101301399191622,21347805.45,-1.0605025152479746,0.5217970543196983,0.037500000000000006,-0.02665634332485345,0.03135071784353949,2.0,8.0,0.055681818181817944,1.0,1192.96,1172.56,-0.00671754949216008,-0.056866624841143465,-0.023550181539588988,0.20197324888544066,-0.014417044501165766,0.013388363971578388,0.04206870005810759,0.043083320067013986,1.2457397725627,0.48314900870560107,8.8,8.9,0.011363636363636243,0.03230088495575223,-0.020937248592115987,8.8,9.29,8.8,9.19,0.0443181818181817,0.05639891082368953,-0.012080729005507829,8.8,8.07,-0.0829545454545455,0.015188904016337545,-0.09814344947088305,-0.016002383,0.005,1
2023-08-24,8.8,9.35,8.7,9.29,24863469,0.055681818181817944,0.03337041156840925,0.08401400233372214,0.020879120879120805,0.008686210640607817,0.08782201405152223,8.824,9.0785,8.552,9.004276754289451,8.925145288331267,0.07913146595818432,0.12804374109707517,-0.04891227513889085,0.008517918832958484,-0.0052650457630668305,56.902758642758926,9.0785,0.3087883792491132,9.696076758498226,8.460923241501774,0.13605259866678981,0.671233775469715,0.3641641018225766,0.03919958038994366,27.78865169708784,21.522016172074313,22.296379601428043,63.529411764705806,48.03921568627451,1236199812.0,1226191304.45,0.5167774298991474,-0.04496502649924341,0.49053810730499825,21828948.7,0.3179172278528724,1.139013579705742,0.06996770721205602,0.023296800132180273,0.0862956033676332,3.0,8.0,-0.030434782608695587,0.0,1175.2,1189.39,0.014353210070273681,-0.035744397963485386,-0.006631421579681329,0.20910338269259654,0.04132860811154426,0.05662351884260619,0.09445343563120356,0.09508397757195608,1.3539992658633517,0.5109369367587907,9.2,9.18,-0.0021739130434782483,0.029487211835255156,-0.031661124878733404,9.2,8.92,9.2,8.9,-0.032608695652173836,0.029133970849208213,-0.06174266650138205,9.2,7.51,-0.18369565217391304,-0.03010117831100345,-0.1535944738629096,-0.024768677,0.005,1
2023-08-25,9.2,9.24,8.9,8.92,16712905,-0.03982777179763175,0.013636363636363447,-0.007786429365962189,0.05312868949232574,-0.03775620280474645,0.013636363636363447,8.914,9.084500000000002,8.566833333333333,8.991311099783381,8.924764155862285,0.06654694392109661,0.11574438166187946,-0.04919743774078285,0.0074604197220960325,-0.005515407818473413,50.0602807106588,9.084500000000002,0.30422420748923323,9.692948414978469,8.476051585021535,0.1339530882224595,0.36482009324831277,0.3660095231209639,0.041032457748986985,25.929977348413722,19.88396622745288,20.599392521808284,41.76470588235291,46.66666666666666,1219486907.0,1230205736.1,0.5304030432783554,0.14501625104993635,0.279128717758305,21961554.65,-0.5554512504658529,0.7610073724903624,0.038116591928251106,-0.018107765975012624,0.04122487889340665,4.0,8.0,0.008928571428571175,1.0,1188.99,1183.37,-0.0050614180378179,0.00456710158829865,-0.020121390777282033,0.2070266664202853,-0.03476635375981385,0.04856158790402709,0.03375775441364548,0.034450955552977724,1.4613740199948524,0.535015979445833,8.96,9.2,0.02678571428571419,0.0382956542209294,-0.011509939935215208,8.96,9.04,8.96,8.97,0.0011160714285713969,0.04708978250086182,-0.045973711072290424,8.96,7.51,-0.1618303571428572,-0.04327282816138822,-0.11855752898146898,-0.0036432426,0.005,1
2023-08-28,8.96,9.04,8.87,9.04,9797189,0.013452914798206095,-0.026910656620021567,0.027272727272727115,0.05484247374562412,-0.017391304347826098,0.018018018018017834,9.008,9.0925,8.582333333333334,8.998801699816706,8.93330014431693,0.06550155549977532,0.10569581642945863,-0.04019426092968331,0.007245747289798155,-0.004446267801956119,52.07318381097201,9.0925,0.3006462337966937,9.693792467593386,8.491207532406612,0.13226119716104198,0.45634403985623984,0.3520088428980379,0.03893903129403074,24.311668782999266,19.198051182405862,20.497549153212514,48.823529411764625,51.37254901960781,1229284096.0,1233006669.7,0.5314879587528545,0.12451386019141028,0.24476053651228108,20748056.6,-1.1685948640267751,0.4721979117793615,0.01880530973451327,-0.005773989551828507,0.053326601157416054,0.0,8.0,-0.016574585635359185,0.0,1189.43,1201.72,0.01550656176850862,0.018613955380755387,-0.017319486466595868,0.20977608645606705,-0.002053646970302525,0.036228518364868734,0.0353375044846137,0.03596031873833683,1.4335229904309683,0.5341641518536303,9.05,9.14,0.009944751381215422,0.03382444490558201,-0.023879693524366585,9.05,8.9,9.05,8.77,-0.030939226519337115,0.027922805561319874,-0.05886203208065699,9.05,7.85,-0.13259668508287303,-0.04224942934218723,-0.0903472557406858,-0.00599944,0.005,1
2023-08-29,9.05,9.18,8.9,8.9,17388768,-0.015486725663716672,-0.0022421524663677195,-0.041980624327233484,-0.010011123470522798,-0.032608695652173836,0.0,8.989999999999998,9.092500000000001,8.594166666666666,8.983601438306444,8.930833466960122,0.05276797134632183,0.09511024741283128,-0.04234227606650945,0.0059289855445305425,-0.004757559108596567,49.5632183564976,9.092500000000001,0.3006462337966937,9.693792467593388,8.491207532406614,0.13226119716104195,0.3399281461395461,0.3468653541196066,0.03897363529433782,22.869132943210776,20.974068789916657,19.315675615843055,49.99999999999999,46.862745098039206,1211895328.0,1233635872.75,0.5348408437904298,0.20256338869583768,0.17598931101793508,20315202.85,-0.3142263825211477,0.8559485292070317,0.031460674157303296,-0.021171295023371006,0.035586153398623255,1.0,8.0,-0.005586592178770777,0.0,1204.75,1204.43,0.002255101021868766,0.020279714355903034,-0.010783862807582256,0.2095949568471909,-0.017741826685585438,-0.03029083782642583,0.010783862807582256,0.010901422249528725,1.4366850980681902,0.5298203212567083,8.95,9.23,0.03128491620111751,0.03071055468037498,0.0005743615207425279,8.95,8.9,8.95,8.5,-0.05027932960893844,0.014683691236215823,-0.06496302084515426,8.95,7.8,-0.12849162011173176,-0.04449879777796195,-0.08399282233376981,-0.0093970485,0.005,1
2023-08-30,8.95,9.02,8.81,8.9,9824002,0.0,-0.015486725663716672,-0.0022421524663677195,0.011363636363636243,-0.032608695652173836,-0.0219780219780219,9.01,9.0825,8.605666666666666,8.970739678566991,8.928549506444558,0.04219017212243337,0.0845262323547517,-0.04233606023231834,0.0047404687778015014,-0.0047568607002604875,49.5632183564976,9.0825,0.30369435812884993,9.6898887162577,8.475111283742299,0.1337492356196423,0.3497667184826588,0.33708925739677753,0.03787519746031208,21.292634410323753,20.040752094278297,20.363237947987766,56.55737704918033,51.79363548698168,1211895328.0,1233049968.55,0.5285285721395379,0.30572268457859986,0.38466893468315444,19591295.7,-1.0231079226139363,0.5014472830400901,0.023595505617977422,-0.020093586567574873,0.034202269822210196,2.0,8.0,0.030303030303030276,1.0,1206.1,1213.16,0.007248241906960162,0.034625093811830654,-0.005956916824397918,0.21117928168248545,-0.007248241906960162,-0.02326145744819441,-0.016021105153623982,-0.01611711345794231,1.4245532489131272,0.5271985151446246,8.91,9.19,0.03142536475869795,0.020953947368421044,0.010471417390276905,8.91,9.18,8.91,8.51,-0.04489337822671158,0.009342105263157707,-0.054235483489869285,8.91,7.72,-0.13355780022446695,-0.05086348684210518,-0.08269431338236177,-0.008137139,0.005,1
2023-08-31,8.91,9.38,8.89,9.18,35865009,0.03146067415730336,0.03146067415730336,0.015486725663716783,-0.011840688912809427,0.00879120879120876,0.03146067415730336,8.988,9.0965,8.622333333333334,9.002933574172069,8.947175468930146,0.055758105241922706,0.0787726069321859,-0.0230145016902632,0.00607386767341206,-0.0025070263279153814,54.635140150485014,9.0965,0.3012827837611586,9.699065567522318,8.493934432477683,0.132482947841987,0.5692870655913361,0.3480114532970077,0.03790974436786577,20.9312759026206,25.414144924924308,18.315278544849065,79.50819672131145,62.02185792349729,1247760337.0,1235055640.5,0.5338545122198778,0.09689450879267124,0.18807204946348716,20586220.45,1.5029531856658815,1.742185219822612,0.05337690631808281,0.009179354696861264,0.06467700158503109,3.0,8.0,0.0,0.0,1216.0,1224.05,0.008976557090573323,0.029140988237667864,0.010817952846938317,0.21159849676522693,0.022484117066730036,-0.04098167715047729,0.020642721310365042,0.020421799249039196,1.4688808078665723,0.5353850803916613,9.2,8.9,-0.032608695652173836,-0.006334099380395086,-0.02627459627177875,9.2,9.2,9.2,8.44,-0.08260869565217388,-0.015932696133763247,-0.06667599951841063,9.2,7.9,-0.1413043478260868,-0.06186303728185938,-0.07944131054422743,-0.013521987,0.005,1
2023-09-05,9.2,9.26,9.15,9.2,14692153,0.002178649237472685,0.033707865168539186,0.033707865168539186,0.03139013452914785,0.08618654073199505,0.005464480874316724,9.044,9.099,8.640666666666668,9.033251485837905,8.965903211972357,0.06734827386554798,0.07648774031885833,-0.009139466453310346,0.007320464550603042,-0.0009934202666641682,54.983361100003066,9.099,0.3019567762747533,9.702913552549507,8.495086447450493,0.13274284043290624,0.5836212398062713,0.3310106352043643,0.0359794168700396,20.595728716896247,24.81089371172997,17.88053190927225,81.1475409836065,72.40437158469946,1262452490.0,1236640826.35,0.524963563647276,0.2041266783327686,0.4463168344265968,20165734.35,-0.5350500863374753,0.7285701946182782,0.011956521739130374,0.011100120892405752,0.06473265951701235,1.0,9.0,-0.011891891891891881,0.0,1231.43,1234.98,0.008929373800089957,0.043612733126579206,0.00734106592277195,0.20937486699816626,-0.006750724562617272,-0.012222598597431356,-0.001876585048455226,-0.0018629093084140402,1.46725756037893,0.5379727235999074,9.25,8.97,-0.030270270270270183,0.006765987373390514,-0.0370362576436607,9.25,9.14,9.25,8.3,-0.10270270270270265,-0.020669808499114817,-0.08203289420358784,9.25,7.65,-0.17297297297297298,-0.09617079065857226,-0.07680218231440072,-0.011458304,0.005,1
2023-09-06,9.25,9.25,9.09,9.14,22904366,-0.006521739130434634,-0.004357298474945481,0.026966292134831482,0.01106194690265494,0.06651108518086346,-0.004357298474945481,9.064,9.097,8.658666666666667,9.049674334170534,8.978799270344775,0.07087506382575981,0.07536520502023863,-0.004490141194478825,0.007754383350739585,-0.0004912627127438539,53.652803500123824,9.097,0.3015241982107945,9.700048396421588,8.493951603578411,0.1325818173950947,0.535652196619009,0.318795589832624,0.03487916737774879,20.021563312776337,23.921442665245692,18.583874425971384,79.48717948717947,80.04763906403251,1239548124.0,1236287121.7,0.5254997718381481,0.25219375098585145,0.4468859881575282,20517280.45,0.2341308527028658,1.116345124580095,0.017505470459518613,0.004726833021875487,0.05558977517708663,2.0,9.0,0.003260869565217428,1.0,1237.07,1245.5,0.008518356572576158,0.03643111540125821,0.003286558940567952,0.2067225315586409,-0.015040095703010792,-0.025369168498603267,-0.007643857415513433,-0.007618817722012561,1.4603766225417012,0.5358576468521884,9.2,8.77,-0.046739130434782616,-0.008423345156976847,-0.03831578527780577,9.2,9.23,9.2,8.5,-0.07608695652173902,-0.018255919161508927,-0.0578310373602301,9.2,7.72,-0.16086956521739126,-0.096275952630694,-0.06459361258669727,-0.0081545785,0.005,1
2023-09-07,9.2,9.39,9.18,9.23,23673966,0.009846827133479286,0.003260869565217428,0.005446623093682046,0.03707865168539337,0.026696329254727535,-0.059123343527013206,9.129999999999999,9.068,8.677333333333333,9.077416744298144,8.997406731800718,0.08001001249742679,0.07629416651567626,0.0037158459817505235,0.00866847372669846,0.00040258352998380535,55.39640873896506,9.068,0.253389652099041,9.574779304198081,8.561220695801918,0.111773115173816,0.6598328884565903,0.3138816191302937,0.034006675962111994,19.948254857692035,25.746434464908784,17.526613088454134,86.44067796610167,82.35846614562925,1263222090.0,1234761038.45,0.46167825482783587,-0.046312275345884425,0.8442129823730942,19344901.85,0.5337843162419221,1.2237832057028502,0.0227518959913327,0.01786501985002209,0.06369084204056552,3.0,9.0,-0.011827956989247435,0.0,1248.91,1243.14,-0.0018948213568846795,0.032139684332007645,0.0007325535528848182,0.20685381922110943,0.011741648490363965,0.004938967353385726,-0.059855897079898024,-0.05981208152706996,1.4519614002367867,0.5323451282538776,9.3,8.5,-0.08602150537634412,-0.014867823679041825,-0.0711536816973023,9.3,9.19,9.3,8.46,-0.0903225806451613,-0.02377885822841863,-0.06654372241674267,9.3,8.1,-0.12903225806451624,-0.10335029139968432,-0.025681966664831912,-0.008752323,0.005,1
2023-09-08,9.3,9.42,9.18,9.19,26076869,-0.004333694474539684,0.00547045951859948,-0.0010869565217390686,0.03258426966292127,0.0443181818181817,-0.037696335078534204,9.187999999999999,9.05,8.696833333333332,9.094737245175352,9.01167289981548,0.0830643453598725,0.07764820228451551,0.005416143075356997,0.009038557710541078,0.0005893518036297059,54.41656242196774,9.05,0.22895644265444537,9.507912885308892,8.59208711469111,0.1011962177478213,0.6528675043786548,0.30860436062098706,0.03358045273351328,19.97684573021802,25.01059997045377,16.553016267693376,80.99173553719002,82.30653099682377,1237145221.0,1233194067.65,0.45310627587031155,-0.14434462298387687,1.1654266351529332,19385789.4,0.8216450371059975,1.3451538372742253,0.0261153427638738,0.015469613259668336,0.056706464038634774,4.0,9.0,-0.030501089324618702,0.0,1242.28,1241.48,-0.001335328281609538,0.023343994196973084,0.006069741245877225,0.20541002770813918,-0.0029983661929301464,0.009240275465948189,-0.04376607632441143,-0.04350203025708066,1.4474653190869324,0.5300755983591106,9.18,8.51,-0.07298474945533773,-0.018488900262299324,-0.054495849193038404,9.18,8.9,9.18,8.07,-0.12091503267973847,-0.04592636427611807,-0.0749886684036204,9.18,8.2,-0.10675381263616568,-0.09751455441110612,-0.009239258225059555,-0.008657425,0.005,1
2023-09-11,9.18,9.29,8.9,8.9,23739468,-0.03155603917301408,-0.03575297941495126,-0.026258205689277947,-0.030501089324618702,-0.041980624327233484,-0.03365906623235615,9.132000000000001,9.0345,8.708666666666666,9.064777668994529,9.00340083316248,0.061376835832048116,0.07439392899402203,-0.013017093161973914,0.00689627368899417,-0.0014625947373004397,47.81344420811342,9.0345,0.22804604798461073,9.490592095969221,8.578407904030778,0.10096675985814862,0.35255170919572837,0.31441833486234505,0.035327902793521916,18.76744869244881,22.794686395869093,21.44738816171154,57.02479338842975,74.81906896390718,1213405753.0,1231566321.05,0.4492824906475369,-0.1396856216709115,1.2719374792215352,19446565.2,0.5252765425512316,1.2207537812384472,0.043820224719100985,-0.014887376169129385,0.021970450891831916,0.0,9.0,0.00786516853932584,1.0,1250.48,1223.63,-0.014378000451074402,-0.00034312323842966563,0.0024741727496908617,0.2083350513643442,-0.01717803872193968,-0.030157966086189036,-0.03613323898204701,-0.03604405975162128,1.4908016649635814,0.5544622968398348,8.9,8.44,-0.051685393258427026,-0.012508556341471522,-0.039176836916955504,8.9,8.97,8.9,7.51,-0.15617977528089888,-0.06026923954496566,-0.09591053573593322,8.9,8.45,-0.05056179775280911,-0.07317709182176746,0.022615294068958347,-0.01096415,0.005,1
2023-09-12,8.9,8.97,8.73,8.97,14314208,0.00786516853932584,-0.02393906420021752,-0.028169014084507005,-0.0249999999999998,0.005605381165919354,-0.032362459546925404,9.086,9.019499999999999,8.724333333333332,9.050196489149217,9.000926697372668,0.049269791776549,0.06936910155052743,-0.020099309773978433,0.005492730409871683,-0.002240725727310862,49.40922782755492,9.019499999999999,0.22151333570721243,9.462526671414423,8.576473328585575,0.09823752345793542,0.4441342889786266,0.3091027395150347,0.03445961421572293,17.841869208917974,21.530491671766345,24.186335750045377,62.80991735537192,66.9421487603306,1227719961.0,1229678243.8,0.4496206143846483,-0.14655951323909472,1.2595382761135423,19186234.55,-0.5903557243060379,0.7460665594750586,0.026755852842809385,-0.005488109096956406,0.028158789592328093,1.0,9.0,-0.02663706992230852,0.0,1227.16,1245.44,0.017824015429500628,0.008469772789842844,0.010736806226211426,0.2152387144792688,-0.009958846890174788,-0.033469772789842644,-0.04309926577313683,-0.04264143297012857,1.4241532433805097,0.5461225502452085,9.01,8.3,-0.07880133185349603,-0.02997742085288324,-0.048823911000612785,9.01,8.77,9.01,7.51,-0.16648168701442845,-0.088859352731116,-0.07762233428331244,9.01,8.43,-0.06437291897891229,-0.08427146219994552,0.019898543221033238,-0.0058298754,0.005,1
2023-09-13,9.01,9.01,8.72,8.77,16250288,-0.022296544035674604,-0.014606741573033766,-0.04570184983677905,-0.040481400437636816,-0.02986725663716805,-0.046739130434782616,9.012,8.998000000000001,8.738833333333334,9.007089336972415,8.983821016085804,0.02326832088661135,0.060148945417744216,-0.03688062453113287,0.0026531722789750684,-0.0042053163661497,45.16021531109864,8.998000000000001,0.22392667973275582,9.445853359465513,8.55014664053449,0.0995450899012029,0.24545239509634706,0.3077382581211036,0.03508988119966974,16.821345837911903,21.00967742097318,22.558320201484875,9.722222222222253,43.18564432200801,1211469673.0,1227991343.0,0.45536662160946406,-0.07783466392538704,1.0272730185799819,18985058.1,-0.3305336308729877,0.8559514495244025,0.03306727480045601,-0.025338964214269954,0.0035664562393911137,2.0,9.0,-0.02857142857142858,0.0,1248.94,1238.39,-0.005660650051387384,-0.005708550782818067,0.0012531936224573492,0.2160144160860461,-0.01663589398428722,-0.03477284965481875,-0.047992324057239966,-0.0479322556601367,1.4379647145011953,0.5463280666679985,8.75,8.5,-0.02857142857142858,-0.009756176354194568,-0.018815252217234013,8.75,8.5,8.75,7.85,-0.10285714285714287,-0.06811555577092376,-0.034741587086219106,8.75,8.4,-0.039999999999999925,-0.07057075246933031,0.030570752469330387,-0.012647944,0.005,1
2023-09-14,8.75,8.77,8.48,8.5,20146608,-0.030786773090079822,-0.05239687848383512,-0.0449438202247191,-0.07908992416034677,-0.0449438202247191,-0.07608695652173902,8.866,8.963,8.747833333333334,8.929075592822812,8.94798242230167,-0.018906829478858356,0.0443377904384237,-0.06324461991728206,-0.002224332879865689,-0.007440543519680242,40.1415058365381,8.963,0.24445643245744297,9.451912864914885,8.474087135085114,0.1090958083041137,0.026500494029132845,0.3064712396838819,0.03605543996280963,16.707487668995302,19.58964054798009,26.62723781242962,2.1276595744680407,24.886599717354105,1191323065.0,1225297111.8,0.46655096485741016,0.04740271197393358,0.661062540486105,19235771.55,0.11071642972110693,1.0473511783830682,0.034117647058823426,-0.05165681133549027,-0.028330824775658847,3.0,9.0,-0.0011737089201877549,0.0,1238.19,1223.81,-0.011773350883001465,-0.01554933474910325,-0.008297880961063209,0.22002605861597696,-0.019013422207078357,-0.06354058941124352,-0.06778907556067582,-0.06835628790061532,1.4711358401150805,0.5600508913967615,8.52,8.46,-0.00704225352112664,-0.013125879873379542,0.006083626352252902,8.52,8.51,8.52,7.8,-0.08450704225352113,-0.062203487757044984,-0.02230355449647614,8.52,8.22,-0.035211267605633645,-0.062870767453026,0.027659499847392355,-0.0095223645,0.005,1
2023-09-15,8.52,8.61,8.48,8.51,7913712,0.0011764705882353343,-0.029646522234891615,-0.05128205128205132,-0.07399347116430899,-0.043820224719101186,-0.07499999999999996,8.73,8.9285,8.756833333333335,8.864602424696226,8.915539279908954,-0.050936855212727394,0.025282861308193485,-0.07621971652092088,-0.005985529402200634,-0.008956488427840291,40.405662740326115,8.9285,0.2575854482677429,9.443670896535485,8.413329103464514,0.11539920401758086,0.09382410495778723,0.2938661511350331,0.034531862648064994,16.601762226429887,18.970638310445086,25.78585842392573,3.1914893617020614,5.013790386130818,1199236777.0,1222998566.2,0.46668793490496013,0.04083050652718783,0.6557296368091764,19107524.2,-1.3343684775426046,0.4141673153029423,0.015276145710928203,-0.046872374978999765,-0.028187510705925067,4.0,9.0,-0.008225616921269108,0.0,1228.87,1227.36,0.002900777081409567,-0.011373521925443941,-0.012788958061869637,0.21847496212297543,-0.0017243064931742325,-0.06261994923886505,-0.06221104193813032,-0.06301696323816963,1.4762521028060964,0.5610358845882578,8.51,8.07,-0.051703877790834296,-0.02655842036553524,-0.025145457425299056,8.51,8.44,8.51,7.72,-0.09283196239717983,-0.058297976501305304,-0.03453398589587453,8.51,8.32,-0.02232667450058745,-0.057824738903394124,0.03549806440280667,-0.007751186,0.005,1
2023-09-18,8.51,8.55,8.41,8.44,6948911,-0.008225616921269108,-0.007058823529411784,-0.03762827822120862,-0.051685393258427026,-0.08061002178649235,-0.07252747252747249,8.638,8.8955,8.762833333333333,8.799278974742961,8.880314148063846,-0.08103517332088472,0.0040192543823778445,-0.08505442770326258,-0.009601323853185394,-0.01007753882740078,39.10474927963009,8.8955,0.2760715963607789,9.447643192721557,8.343356807278443,0.12413988931966882,0.08751642146052227,0.2828757117682451,0.03351607959339397,16.741738889523724,18.300003203886785,26.64185773983421,2.9702970297029077,2.7631486552910367,1192287866.0,1221090796.25,0.4662266958446626,0.026632902144514924,0.6713549085129508,18716748.55,-1.3410707525409926,0.37126699551669723,0.01658767772511855,-0.051205665786071664,-0.03684120432888904,0.0,9.0,-0.017751479289940697,0.0,1225.6,1211.81,-0.012669469430321989,-0.009659782777473702,-0.017568181081168754,0.22125525790854894,0.004443852509052881,-0.042025610480953324,-0.05495929144630374,-0.05594209225306501,1.4418681873590893,0.5576343848546819,8.45,7.51,-0.1112426035502958,-0.051613539919076246,-0.05962906363121956,8.45,8.3,8.45,7.9,-0.06508875739644959,-0.04992762919832894,-0.015161128198120655,8.45,8.33,-0.014201183431952535,-0.06130135859732222,0.047100175165369684,-0.007644291,0.005,1
2023-09-19,8.45,8.52,8.29,8.3,10157248,-0.016587677725118377,-0.024676850763807212,-0.0235294117647058,-0.0746934225195095,-0.09782608695652162,-0.02007083825265643,8.504,8.887,8.767166666666668,8.722466824782506,8.837327914873931,-0.11486109009142531,-0.019756814512382787,-0.09510427557904252,-0.013838685553183771,-0.011458346455306327,36.568849155543305,8.887,0.2920183844272559,9.471036768854512,8.302963231145489,0.13143620318544205,-0.00253685324581514,0.2790988752133705,0.033626370507635,17.265495511247284,17.22281179797983,28.144748763502744,0.8849557522125271,2.348914047872532,1182130618.0,1220676452.85,0.4003530755483391,0.7269954868422417,0.3806931212614954,17223322.0,-0.9561894252382748,0.5897380307933626,0.027710843373494026,-0.06605153595138968,-0.053285934262304546,1.0,9.0,0.011904761904761862,1.0,1215.96,1211.5,-0.00025581568067600813,-0.027251413155190196,0.028446761008158017,0.1473974479819247,-0.01633186204444237,-0.047442009364319304,-0.04851759926081445,-0.0471756060695393,1.4501766971813068,0.5585883518074652,8.4,7.51,-0.10595238095238102,-0.0616310711635194,-0.04432130978886162,8.4,8.5,8.4,7.65,-0.0892857142857143,-0.07800775129875492,-0.011277962986959378,8.4,8.03,-0.04404761904761911,-0.07508039910942521,0.031032780061806098,-0.01218893,0.005,1
2023-09-20,8.4,8.5,8.35,8.5,6139054,0.02409638554216853,0.007109004739336511,-0.001175088131609825,-0.030786773090079822,-0.07002188183807445,-0.008168028004667427,8.45,8.8835,8.776333333333334,8.688241159431351,8.812340661920306,-0.12409950248895463,-0.04062535210769715,-0.08347415038125747,-0.01459994146928878,-0.009820488280147937,42.32312894399147,8.8835,0.29640432911344067,9.47630865822688,8.290691341773119,0.13346285995989887,0.17653981206426145,0.2734489555552726,0.03217046535944384,17.751840945704878,16.323045448377385,26.67439083632705,18.58407079646024,7.479774526125258,1188269672.0,1219927251.3,0.4077591162237437,0.6542634760265694,0.08031888077793381,16888463.85,-1.3883806112583867,0.36350576668937234,0.017647058823529453,-0.04316992176507006,-0.03148619393064689,2.0,9.0,-0.010526315789473717,0.0,1212.7,1226.11,0.012059430458109643,-0.009916100743707745,0.03928765172577475,0.15213988787748983,0.012036955084058887,-0.020870672346372077,-0.04745567973044218,-0.04566173729827383,1.4670462070999368,0.5681088530847798,8.55,7.85,-0.08187134502923987,-0.05945597861084628,-0.02241536641839359,8.55,8.46,8.55,7.72,-0.09707602339181298,-0.07998108885791366,-0.01709493453389932,8.55,7.7,-0.09941520467836262,-0.10057956129410894,0.0011643566157463203,-0.013246675,0.005,1
2023-09-21,8.55,8.59,8.46,8.46,6249233,-0.004705882352941115,0.01927710843373487,0.0023696682464455776,-0.004705882352941115,-0.08342361863488623,-0.05895439377085643,8.442000000000002,8.857000000000001,8.7845,8.653127134903452,8.786241353629913,-0.13311421872646179,-0.05912312543145008,-0.0739910932950117,-0.01573454122062196,-0.00874599211524961,41.51202414128767,8.857000000000001,0.30977241221551743,9.476544824431036,8.237455175568966,0.13989947486305404,0.17960348925149272,0.2632026015870388,0.031111418627309546,17.710629158054815,18.18961516914938,25.733325776338663,15.04424778761076,11.504424778761207,1182020439.0,1217904495.0,0.3642123463543945,0.736277806509689,0.9440103667021954,16239832.4,-1.2375355999857556,0.38480895898901024,0.015366430260047163,-0.04482330360167097,-0.03694006488701673,3.0,9.0,-0.033532934131736414,0.0,1226.79,1212.74,-0.010904404988133165,-0.00904552177217044,0.027319164075934488,0.15884998467150094,0.00619852263519205,0.004339639419229324,-0.08627355784679092,-0.08397931321021668,1.441873038608919,0.5654586896474658,8.35,7.8,-0.06586826347305386,-0.037628706711538285,-0.028239556761515572,8.35,8.07,8.35,8.1,-0.029940119760479056,-0.06981269154648462,0.03987257178600556,8.35,7.98,-0.04431137724550893,-0.09155817585115544,0.04724679860564651,-0.0115590105,0.005,1
2023-09-22,8.35,8.4,8.03,8.07,15686135,-0.046099290780141855,-0.0505882352941176,-0.027710843373494054,-0.051703877790834296,-0.12187159956474425,-0.0829545454545455,8.354,8.8205,8.7865,8.563415267995229,8.733186438546216,-0.16977117055098745,-0.08125273445535756,-0.08851843609562988,-0.021037319770878245,-0.010968827273312253,34.557987860026714,8.8205,0.3563480705291114,9.533196141058221,8.107803858941777,0.16159994128637203,-0.026521722767885954,0.275116701473679,0.034091288906279923,18.98848603678109,16.158909529158954,34.02452670647759,2.877697841726684,12.168672141932594,1166334304.0,1215654393.05,0.3907105896744231,0.4711081304386828,0.6134667878445086,16467178.05,-0.09780977398527434,0.9525697088093366,0.045848822800495785,-0.08508587948528978,-0.08154555283673814,4.0,9.0,-0.06939281288723675,0.0,1197.49,1193.05,-0.016235961541633093,-0.027954308434363195,0.017474585522275987,0.16859260723826597,-0.029863329238508762,-0.0237495693564711,-0.10042913097682149,-0.0987043140004038,1.5086772696757595,0.5893062239027311,8.07,7.72,-0.04337050805452303,-0.030598531808026186,-0.012771976246496841,8.07,7.51,8.07,8.2,0.016109045848822667,-0.052109056090308914,0.06821810193913158,8.07,8.15,0.00991325898389106,-0.0693359539048195,0.07924921288871056,-0.011898819,0.005,1
2023-09-25,8.07,8.18,7.51,7.51,11980429,-0.06939281288723675,-0.11229314420803793,-0.1164705882352941,-0.11018957345971558,-0.15617977528089888,-0.19160387513455324,8.168000000000001,8.7315,8.773333333333333,8.401351380611347,8.64258003569094,-0.24122865507959368,-0.11324791858020479,-0.1279807364993889,-0.03212099268702979,-0.0170413763647655,27.447831073308024,8.7315,0.44433599188633166,9.620171983772664,7.842828016227337,0.20355539913477952,-0.1872614543413352,0.30332265136841624,0.040389167958510816,21.208399436049053,13.609415654356537,40.901590023827794,0.0,5.973981876445848,1154353875.0,1211562096.2,0.3894142692600171,-0.6046866833625533,0.46979110778105904,15823026.05,-0.49329866788323873,0.7571515689946046,0.0892143808255659,-0.1398957796483995,-0.14399696048632227,0.0,9.0,0.0013333333333334085,1.0,1190.58,1153.2,-0.033401785340094636,-0.048365667885229446,-0.03042736192502038,0.20035396225079583,-0.03599102754714212,-0.06182390557448614,-0.16117651320953286,-0.16623459334572177,1.7017960630727935,0.6945317090440716,7.5,7.9,0.053333333333333455,0.0037447651484872058,0.04958856818484625,7.5,7.51,7.5,8.45,0.12666666666666648,-0.011799051210315215,0.1384657178769817,7.5,8.71,0.16133333333333355,-0.04988096686186949,0.21121430019520304,-0.0065091513,0.005,1
2023-09-26,7.5,7.76,7.44,7.51,10953243,0.0,-0.06939281288723675,-0.11229314420803793,-0.09518072289156632,-0.16276477146042367,-0.15807174887892383,8.010000000000002,8.661,8.762666666666666,8.264220398978832,8.558685218232352,-0.29446481925351975,-0.1494912987148678,-0.14497352053865195,-0.03920969630539544,-0.01930406398650492,27.447831073308024,8.661,0.5185191464782738,9.698038292956547,7.623961707043452,0.23947310771424718,-0.05494575649591132,0.30451389055638645,0.04054778835637636,23.38223529178339,12.58787815652518,39.47343354313551,3.5353535353535057,2.137683792360096,1154353875.0,1208305444.6,0.3747279950351859,-0.8410625308660716,1.2535384306285207,15535042.95,-0.5828442889480272,0.7050667986727388,0.042609853528628415,-0.13289458492090978,-0.14295496043822276,1.0,9.0,0.027486910994764413,1.0,1150.94,1137.96,-0.013215400624349671,-0.06070160957490711,-0.03837345885057075,0.2043447350326546,0.013215400624349671,-0.034479113316659205,-0.11969829002835308,-0.12447481938807359,1.6497658566984397,0.6832504455245109,7.64,7.65,0.0013089005235602524,-0.01900400084228271,0.02031290136584296,7.64,7.85,7.64,8.43,0.10340314136125661,0.003448094335649632,0.09995504702560698,7.64,8.72,0.14136125654450282,-0.029708008703586586,0.1710692652480894,-0.007670797,0.005,1
2023-09-27,7.64,7.85,7.52,7.85,6283940,0.045272969374167804,0.045272969374167804,-0.02726146220570025,-0.07647058823529418,-0.10490307867730897,-0.13163716814159288,7.88,8.6015,8.757333333333333,8.200494183751319,8.506190016881806,-0.3056958331304873,-0.18073220559799172,-0.1249636275324956,-0.03894214434783278,-0.015918933443630014,36.62869659851586,8.6015,0.5405482110066153,9.68259642201323,7.5204035779867695,0.25137392827140154,0.15243618205647738,0.3070486126595017,0.03911447295025499,24.947580605209257,13.68591773913117,36.351320335713886,20.707070707070677,8.080808080808094,1160637815.0,1204873130.55,0.41416925262471777,-0.35416366311284553,0.9975361981725671,15359380.5,-1.1297087378474968,0.4091271780134622,0.042038216560509566,-0.08736848224146954,-0.10360840438489649,2.0,9.0,-0.006369426751592355,0.0,1139.76,1153.85,0.01396358395725672,-0.058934353361443925,-0.039834570449023166,0.2026705114105203,0.031309385416911084,-0.017536234873850254,-0.09180259769256971,-0.09561122996846638,1.695729008494931,0.6931280146065487,7.85,7.72,-0.016560509554140124,-0.021729332431916992,0.0051688228777768686,7.85,7.8,7.85,8.4,0.07006369426751591,-0.002539566973495,0.07260326124101091,7.85,8.79,0.11974522292993628,-0.04514015289406614,0.16488537582400242,-0.01908337,0.005,1
2023-09-28,7.85,7.87,7.63,7.8,5423686,-0.006369426751592355,0.038615179760319585,0.038615179760319585,-0.07801418439716323,-0.08235294117647063,-0.12359550561797761,7.748,8.546499999999998,8.7475,8.138879693943423,8.453879645260931,-0.3149999513175086,-0.20758575474189508,-0.10741419657561349,-0.04038460914327033,-0.01377105084302737,35.90906033901287,8.546499999999998,0.5640294411887694,9.674558882377537,7.418441117622459,0.26398148537472405,0.16912188199491549,0.30225942604096584,0.03875120846679049,26.29822206933418,13.382342128552077,34.28962949076098,19.459459459459442,14.567294567294574,1155214129.0,1202039070.6,0.41286759152565344,-0.4137045683966691,1.0873807007515952,14761126.4,-1.122971347845149,0.3674303608700214,0.0307692307692308,-0.08734569706897544,-0.10831666190340106,3.0,9.0,-0.014048531289910682,0.0,1153.74,1152.43,-0.0012306625644580294,-0.04973036264986719,-0.0431739495030844,0.2020875592203203,-0.005138764187134326,-0.028283821747296045,-0.08042155611489321,-0.08405034130616251,1.682903264932371,0.6923911903416633,7.83,8.1,0.0344827586206895,-0.0378921365395245,0.072374895160214,7.83,7.72,7.83,8.22,0.04980842911877392,-0.005311981757877393,0.055120410876651316,7.83,8.69,0.10983397190293731,-0.08836891929242674,0.19820289119536405,-0.009367716,0.005,1
2023-09-29,7.83,7.87,7.7,7.72,6621707,-0.01025641025641022,-0.016560509554140124,0.02796271637816239,-0.04337050805452303,-0.09283196239717983,-0.13258426966292136,7.678,8.4875,8.738333333333333,8.074436664105974,8.399518190056417,-0.32508152595044315,-0.2310849089836047,-0.09399661696683845,-0.04210900595212994,-0.012175727586378037,34.73323851349234,8.4875,0.586379390390798,9.660258780781596,7.314741219218405,0.27634963906488264,0.17278010935527016,0.29281232418089687,0.037929057536385605,27.552389143164465,12.827379596976883,32.86764674617342,17.834394904458566,19.333641690329596,1148592422.0,1198873925.3,0.4124136049327065,-0.3502939442694757,1.0702102131543958,14601011.65,-0.9448742013345444,0.4535101511270967,0.022020725388601028,-0.09042709867452148,-0.11653633415983222,4.0,9.0,0.007653061224489832,1.0,1157.76,1154.15,0.0014924984597763924,-0.032605506894094805,-0.048641564179498165,0.1995631179585489,-0.011748908716186612,-0.010765001160428223,-0.0839427054834232,-0.08823457313544136,1.685638112860796,0.6941411404942274,7.84,8.2,0.04591836734693877,-0.022968304951215046,0.06888667229815382,7.84,7.9,7.84,8.32,0.061224489795918435,-0.0002943544547082677,0.0615188442506267,7.84,8.75,0.1160714285714286,-0.08176993602119353,0.19784136459262214,-0.00654319,0.005,1
2023-10-02,7.84,7.92,7.73,7.9,6091699,0.023316062176165886,0.012820512820512997,0.006369426751592355,0.051930758988016024,-0.06398104265402837,-0.13943355119825707,7.756,8.4235,8.734166666666665,8.047600254243516,8.362516842644832,-0.3149165884013154,-0.24785124486714685,-0.06706534353416857,-0.03986285929130575,-0.008489283991666907,39.530987827334975,8.4235,0.5765895648701851,9.57667912974037,7.2703208702596305,0.27380047005172903,0.2730187849836208,0.28618287245368995,0.036225680057429106,28.42985374388996,13.435014064040187,31.22695523087108,29.299363057324854,22.197739140414324,1154684121.0,1194220114.5,0.4033149867280828,-0.42320088173459436,1.2366534177947222,13112346.15,-1.0029942279813386,0.464577347967587,0.024050632911392342,-0.06214756336439731,-0.09550615399293938,0.0,10.0,-0.01797175866495504,0.0,1155.07,1155.25,0.0009530823549797063,0.0017776621574747686,-0.056206854295167696,0.195479336056512,0.02236297982118618,0.050153096830541255,-0.08322669690308937,-0.08818319700863586,1.68640982927462,0.6886200552415734,7.79,8.45,0.08472400513478817,-0.00740934677313787,0.09213335190792604,7.79,7.65,7.79,8.33,0.06931964056482665,-0.0038661255836277553,0.0731857661484544,7.79,8.33,0.06931964056482665,-0.09028232316620832,0.15960196373103497,-0.009299491,0.005,1
2023-10-03,7.79,7.8,7.51,7.65,9391259,-0.03164556962025311,-0.009067357512953289,-0.019230769230769162,0.018641810918775148,-0.07831325301204828,-0.16847826086956508,7.784000000000001,8.346,8.725166666666667,7.986430984359898,8.309737817263732,-0.32330683290383444,-0.2629423624744844,-0.06036447042935006,-0.04226233109854045,-0.007890780448281053,35.61508699734179,8.346,0.5708663775823829,9.487732755164766,7.2042672448352345,0.2735999892558748,0.19520012592633437,0.2935983815641407,0.03837887340707721,29.74709944795645,12.16027574949015,33.61639217133097,15.789473684210533,20.974410548664682,1145292862.0,1188362133.1,0.41072055879512487,-0.23477695555929554,0.8469976931682054,12847301.45,-0.49112574969430245,0.7309907871742202,0.03790849673202615,-0.08339324227174694,-0.12322591736547528,1.0,10.0,0.02933333333333321,1.0,1145.85,1118.1,-0.032157541657649946,-0.017452283032795668,-0.09464120876451454,0.21605986251935907,0.0005119720373968351,0.036094093951570816,-0.07383705210505054,-0.0815555698136976,1.6100226394283859,0.6910739992311281,7.5,8.43,0.12399999999999989,0.03350773985414923,0.09049226014585066,7.5,7.72,7.5,8.03,0.07066666666666666,0.013591057373419924,0.05707560929324673,7.5,8.03,0.07066666666666666,-0.07086507441646095,0.1415317410831276,-0.0107603455,0.005,1
2023-10-04,7.5,7.76,7.48,7.72,6530337,0.009150326797385588,-0.0227848101265824,0.0,-0.016560509554140124,-0.09176470588235297,-0.15536105032822767,7.758,8.275,8.717166666666666,7.945441602150683,8.266053534503456,-0.3206119323527732,-0.27447627645014216,-0.04613565590263102,-0.04153004305087736,-0.005976121230910754,37.48249146976924,8.275,0.5550011853959179,9.385002370791836,7.164997629208164,0.2682785186203833,0.2500005339609845,0.2926270685952735,0.037905060698869626,31.03431626635741,11.32916495663942,32.051116165458744,23.931623931623896,23.006820224386463,1151823199.0,1183975886.85,0.41564197453708046,-0.30733480528296503,0.6971580537595399,12028600.0,-0.8143085218058043,0.5429008363400561,0.03626943005181339,-0.0670694864048339,-0.11439114391143901,2.0,10.0,0.046511627906976605,1.0,1106.61,1128.67,0.0094535372506932,-0.021822593924686773,-0.0938016860698514,0.21685250535062287,-0.00030321045330761187,0.005262084370546649,-0.06155936425837627,-0.0679314486819067,1.6200169827945194,0.6944947392460091,7.74,8.4,0.0852713178294573,0.017254638510019626,0.06801667931943767,7.74,8.1,7.74,7.7,-0.0051679586563307955,-0.024653271928506304,0.01948531327217551,7.74,8.16,0.054263565891472965,-0.08099603107956399,0.13525959697103696,-0.009794265,0.005,1
2023-10-05,7.74,8.21,7.59,8.1,17618364,0.04922279792746109,0.05882352941176472,0.025316455696202445,0.03846153846153855,-0.042553191489361875,-0.12242686890574217,7.8180000000000005,8.2185,8.706166666666666,7.969219817204424,8.253753272688385,-0.28453345548396136,-0.27648771225690605,-0.008045743227055313,-0.03512758709678535,-0.0009933016329697919,46.546149584271475,8.2185,0.5082091881782236,9.234918376356447,7.202081623643553,0.24734887786249235,0.441707075178635,0.3160108494098969,0.03901368511233295,29.968103006112287,19.912938447282453,27.55947742681329,57.39130434782605,32.37080065455353,1169441563.0,1179286860.5,0.45936382207164833,-0.014691677477966661,0.36703176494074424,11725819.9,0.9316842552588916,1.5025272561111056,0.07654320987654334,-0.014418689541887297,-0.06962497846354121,3.0,10.0,0.011097410604192337,1.0,1131.29,1113.89,-0.013095058786004699,-0.03344237827894103,-0.10397059060121949,0.21848469528721262,0.06231785671346579,0.07190391674047958,-0.018456278304522677,-0.020597848810460895,1.4906667803303015,0.6621809603416278,8.11,8.22,0.01356350184956856,0.03262107367986866,-0.019057571830300102,8.11,8.2,8.11,7.98,-0.01602959309494434,-0.024550989481990304,0.008521396387045965,8.11,8.32,0.02589395807644901,-0.035651838634183086,0.061545796710632095,-0.016331557,0.005,1
2023-10-06,8.11,8.35,8.11,8.2,9807654,0.012345679012345734,0.06217616580310881,0.07189542483660127,0.06217616580310881,0.016109045848822667,-0.10772578890097939,7.914,8.169,8.697666666666667,8.004724460711435,8.249771548785542,-0.24504708807410758,-0.2701995874203464,0.02515249934623881,-0.029883791228549707,0.0030673779690535137,48.65572458116801,8.169,0.45391745134217953,9.076834902684359,7.261165097315642,0.2222634111113621,0.5170735889908702,0.31129578873776137,0.03796290106558066,28.422572507690386,21.983033311251962,25.978558110576138,66.08695652173907,49.13662826706303,1179249217.0,1176392060.3,0.46401011789522356,-0.09468469435560967,0.23102598074129016,10912359.15,-0.20635812204603424,0.8987656899104168,0.02926829268292686,0.0037948341290241494,-0.05721841106810266,4.0,10.0,0.033007334963325086,1.0,1115.23,1128.54,0.013152106581439726,-0.02218949010094018,-0.09097206559912363,0.22789418818658058,-0.0008064275690939926,0.08436565590404899,-0.01675372330185576,-0.018430372343725465,1.4819911074199645,0.6641237323289615,8.18,8.32,0.017114914425427896,0.02165892501658928,-0.004544010591161385,8.18,8.45,8.18,8.15,-0.003667481662591565,-0.019659367396593685,0.01599188573400212,8.18,8.2,0.0024449877750609694,-0.047308117673081185,0.049753105448142154,-0.0070533697,0.005,1
2023-10-09,8.18,8.5,8.09,8.45,11442439,0.030487804878048808,0.043209876543209846,0.09455958549222787,0.06962025316455689,0.12516644474034622,-0.05056179775280911,8.024,8.1465,8.691666666666666,8.073228389832753,8.26460328591254,-0.19137489607978608,-0.25443464915223435,0.06305975307244827,-0.022647916695832673,0.0074626926712956536,53.58721605596671,8.1465,0.42607480193447994,8.998649603868959,7.29435039613104,0.2092063104078953,0.6780790594879342,0.318346089542207,0.037674093436947574,26.432332356902343,23.32635038908028,23.588704252232166,87.82608695652168,70.43478260869563,1190691656.0,1175256355.45,0.4696308800298914,-0.2979092531112131,0.22662249433518336,10297507.7,0.2585122501470355,1.1111852822406727,0.04852071005917162,0.03725526299637871,-0.027804410354746012,0.0,10.0,-0.002366863905325367,0.0,1130.25,1137.36,0.00781540751767773,-0.01548582557887912,-0.07050333842746603,0.22895450187186991,0.022672397360371077,0.08510607874343601,0.01994154067465692,0.021454128346108936,1.50359911401101,0.6660479091705604,8.45,8.33,-0.014201183431952535,-0.0019062609303951428,-0.012294922501557393,8.45,8.43,8.45,8.71,0.030769230769230882,-0.04378279118572925,0.07455202195496013,8.45,8.3,-0.017751479289940697,-0.047166841552990446,0.02941536226304975,-0.001768168,0.005,1
2023-10-10,8.45,8.58,8.33,8.43,11615147,-0.002366863905325367,0.028048780487804903,0.040740740740740744,0.10196078431372535,0.12250332889480697,-0.06020066889632114,8.18,8.1195,8.686833333333334,8.128116329858484,8.276854894363462,-0.1487385645049777,-0.23329543222278304,0.08455686771780535,-0.017643957829771968,0.010030470666406329,53.14742825151434,8.1195,0.3864068622052354,8.89231372441047,7.34668627558953,0.19035992965341966,0.7008892894836072,0.31346422600347795,0.037184368446438666,24.788610163575928,23.82046291403959,22.244924558397727,86.08695652173911,79.99999999999999,1179076509.0,1172824182.85,0.46813261852963217,-0.24524978518738821,0.2505933549686556,10162554.65,0.3346735627784125,1.1429357479519187,0.02965599051008304,0.03824127101422503,-0.02956581800042224,1.0,10.0,-0.004739336492890933,0.0,1143.6,1143.69,0.005565520151930903,0.022887040515159773,-0.08169803442959922,0.21763171016856764,-0.00793238405725627,0.07907374379856558,0.02149736553327808,0.023409909092294123,1.5008516228790678,0.666591638385676,8.44,8.03,-0.048578199052132676,-0.021418600593264614,-0.02715959845886806,8.44,8.4,8.44,8.72,0.0331753554502372,-0.035159658000348926,0.06833501345058612,8.44,8.38,-0.007109004739336289,-0.057503053568312756,0.05039404882897647,0.001888407,0.005,1
2023-10-11,8.44,8.46,8.32,8.4,5574573,-0.003558718861209842,-0.005917159763313529,0.024390243902439046,0.08808290155440424,0.07006369426751591,-0.04218928164196112,8.315999999999999,8.101,8.682166666666667,8.169944586803332,8.285976754040242,-0.11603216723690934,-0.20984277922560832,0.09381061198869897,-0.013813353242489208,0.011167929998654638,52.45205111887521,8.101,0.36169047540874116,8.824380950817483,7.377619049182519,0.17859053223490487,0.706668422538708,0.30107392414608675,0.03584213382691509,23.22315281059543,23.029279719360744,21.743317936091472,84.2105263157895,86.04118993135012,1173501936.0,1170925796.0,0.4624103921612642,-0.3438679328191089,0.4729768637411477,9628768.9,-0.9637609199634759,0.5789497139141017,0.016666666666666732,0.036909023577336164,-0.0324995680801643,2.0,10.0,-0.030660377358490587,0.0,1146.2,1150.81,0.006225463193697545,0.01961600822206666,-0.07072085530406425,0.22061558042857574,-0.009784182054907387,0.06846689333233758,0.028531573662103127,0.030702909696137315,1.4963705155090519,0.6655820929040601,8.48,7.7,-0.09198113207547176,-0.04477456887596076,-0.047206563199511,8.48,8.22,8.48,8.79,0.03655660377358472,-0.04628090587990841,0.08283750965349312,8.48,8.63,0.017688679245283057,-0.03609148833021658,0.05378016757549964,0.0017714777,0.005,1
2023-10-12,8.48,8.5,8.15,8.22,8761939,-0.021428571428571352,-0.02491103202846967,-0.0272189349112425,0.014814814814814836,0.05384615384615388,-0.03294117647058814,8.34,8.087,8.673833333333334,8.17764541960282,8.281089587074298,-0.10344416747147811,-0.18856305687478228,0.08511888940330417,-0.012584448597503418,0.010355096034465227,48.36330577269061,8.087,0.3506850438804045,8.788370087760809,7.385629912239191,0.17345618591834033,0.5948144227426465,0.3045686438499377,0.03705214645376371,22.00899783670882,21.138960395262217,23.94545784585147,68.42105263157899,79.57284515636923,1164739997.0,1169596642.6,0.45576075702417307,-0.37179147909049615,0.6803941152957717,9059535.45,-0.0874832491520111,0.9671510253872897,0.04257907542579071,0.016446148138988592,-0.05232211824837163,3.0,10.0,0.01587301587301604,1.0,1155.12,1151.61,0.0006951625376907522,0.033863307867024295,-0.05899608599374084,0.21889764251168317,-0.022123733966262105,-0.01904849305220946,0.026054909523152703,0.027688417800756815,1.4934567690236902,0.661085467466791,8.19,7.98,-0.02564102564102555,-0.049937556221234414,0.024296530580208864,8.19,8.32,8.19,8.69,0.061050061050061055,-0.07823375806747412,0.13928381911753518,8.19,8.5,0.03785103785103794,-0.02719579399666372,0.06504683184770166,0.003124603,0.005,1
2023-10-13,8.19,8.42,8.09,8.32,9089527,0.012165450121654375,-0.00952380952380949,-0.013048635824436494,0.014634146341463428,0.07772020725388606,-0.02232667450058745,8.363999999999999,8.0775,8.670833333333333,8.199546124279308,8.283971839883609,-0.08442571560430068,-0.16773558862068597,0.08330987301638529,-0.010147321587055369,0.010013205891392462,50.66422675573445,8.0775,0.3410645100291164,8.759629020058233,7.3953709799417675,0.168896074294827,0.6777522967570696,0.3063851692892279,0.03682514053957066,21.099388216038815,19.51265617111484,23.502038143235378,77.19298245614036,76.60818713450298,1173829524.0,1168326279.95,0.45820847557645067,-0.4234520937418414,0.6311910228369513,9118326.2,-0.008492703087892267,0.9968416133215328,0.03966346153846154,0.030021665119158047,-0.04046131667467556,4.0,10.0,0.0012019230769231282,1.0,1145.03,1154.73,0.0027092505275223555,0.02320697538412464,-0.05917579194368394,0.21883085550380907,0.00945619959413202,-0.008572829042661212,0.03684911744309649,0.03916684660912839,1.4942104177819775,0.6652999510625117,8.32,8.15,-0.02043269230769229,-0.03874415497661998,0.01831146266892769,8.32,8.33,8.32,8.75,0.05168269230769229,-0.07987403378184954,0.13155672608954183,8.32,8.7,0.04567307692307687,-0.04425300818086386,0.08992608510394073,0.0017128019,0.005,1
2023-10-16,8.32,8.41,8.3,8.33,5385891,0.0012019230769231282,0.01338199513381988,-0.008333333333333415,-0.014201183431952535,0.05443037974683551,-0.013033175355450122,8.34,8.072,8.668166666666668,8.21961595131326,8.287381333225564,-0.06776538191230408,-0.1477415472790096,0.07997616536670552,-0.00813509986942426,0.0096009802360991,50.89984602837704,8.072,0.3357568042204784,8.743513608440956,7.400486391559042,0.16638097335008853,0.692103329520749,0.29235765719714013,0.0350969576467155,20.254750711130956,18.988251479516915,22.870418390581175,77.27272727272727,74.29558745348224,1179215415.0,1167672657.4,0.45738400731721424,-0.479237477110329,0.6975491693957402,9040175.2,-1.055855315448563,0.5957728562605734,0.013205282112845069,0.031962338949454994,-0.039012478609471546,0.0,10.0,-0.03717026378896893,0.0,1152.69,1141.42,-0.011526504031245333,0.003569670113244827,-0.05808666375091798,0.21819451221190816,0.01272842710816846,-0.017770853545197363,0.045053488395467856,0.047831882893686783,1.470889819358249,0.6597490654859648,8.34,8.71,0.04436450839328554,-0.045235475928545155,0.0895999843218307,8.34,8.03,8.34,8.33,-0.0011990407673860837,-0.08987724169242306,0.08867820092503698,8.34,9.0,0.07913669064748197,-0.039525381109539515,0.11866207175702148,0.011038944,0.005,1
2023-10-17,8.34,8.42,8.03,8.03,5554566,-0.03601440576230497,-0.034855769230769384,-0.02311435523114369,-0.04744958481613293,0.04967320261437891,-0.03253012048192783,8.26,8.058499999999999,8.657833333333334,8.190444266495836,8.26831604928293,-0.07787178278709384,-0.13376759438062644,0.0558958115935326,-0.009697606822801226,0.006960873174786128,44.0960063964809,8.058499999999999,0.3315081169147275,8.721516233829453,7.3954837661705435,0.16455078087223549,0.4785073135876415,0.2993321102544873,0.037276726059089334,20.41069138934203,17.22112254162066,27.184913468187133,49.99999999999992,68.15523657628921,1173660849.0,1167249168.95,0.47156182447704614,-0.42053807301975266,0.2788502758248544,8810041.1,-0.9209223228186385,0.6304812811826723,0.04856787048567878,-0.0035366383321957517,-0.07251621845342382,1.0,10.0,-0.05055487053020957,0.0,1145.34,1121.65,-0.017320530567188186,-0.01927095629060316,-0.0741642591828311,0.2237911880840197,-0.018693875195116783,-0.02817862852552977,0.04163413870090327,0.044969249798193944,1.4892367047320085,0.6664643891087381,8.11,8.72,0.07521578298397058,-0.01586680074395086,0.09108258372792144,8.11,7.7,8.11,8.03,-0.009864364981504337,-0.08502042305536028,0.07515605807385595,8.11,8.9,0.09741060419235525,-0.012458508716506667,0.10986911290886192,0.0026004747,0.005,1
2023-10-18,8.11,8.13,7.6,7.7,10254275,-0.041095890410958846,-0.07563025210084029,-0.07451923076923073,-0.08333333333333337,-0.002590673575129432,-0.09411764705882353,8.120000000000001,8.0185,8.639666666666667,8.114991302419554,8.22621856415086,-0.11122726173130637,-0.12925952785076242,0.018032266119456047,-0.014445098926143684,0.0023418527427864996,38.067984126412505,8.0185,0.32360266409893423,8.665705328197868,7.371294671802131,0.16142802973071485,0.25394207516271783,0.3158083880934526,0.04101407637577306,21.659425864723538,15.156761616458729,33.65176329137801,19.999999999999982,49.09090909090909,1163406574.0,1166006014.05,0.4817941759241214,-0.20138028961649537,-0.057320289112488716,9015802.15,0.3547763650068467,1.1373669063933485,0.06883116883116898,-0.039720646006110805,-0.10876191211080677,2.0,10.0,0.036363636363636376,1.0,1123.73,1103.4,-0.016270672669727593,-0.04119706988990346,-0.1000807431633376,0.21980537684181362,-0.024825217741231254,-0.04213626344342991,0.005963096104514065,0.0066262568104999975,1.5124618627648676,0.6750533859470405,7.7,8.79,0.14155844155844144,-0.0011514783349804159,0.14270991989342185,7.7,7.98,7.7,8.16,0.05974025974025965,-0.05736538130253055,0.1171056410427902,7.7,8.98,0.1662337662337663,0.01774364646895088,0.1484901197648154,-0.009622914,0.005,1
2023-10-19,7.7,8.06,7.64,7.98,7542646,0.036363636363636376,-0.0062266500622664145,-0.04201680672268904,-0.02919708029197088,-0.014814814814814725,-0.05673758865248235,8.072,7.9944999999999995,8.628166666666665,8.094223409739623,8.207980151991537,-0.11375674225191368,-0.12615897073099266,0.012402228479078986,-0.014255230858635799,0.0015541639698093968,44.945015544051905,7.9944999999999995,0.30648216227192576,8.607464324543852,7.381535675456148,0.15334650685942877,0.4881722317112093,0.32325064608677745,0.0405075997602478,22.818965020434938,13.750104417166709,30.528636049521474,45.45454545454547,38.48484848484849,1170949220.0,1165452453.1,0.503131532939851,-0.2678861166560519,-0.3608950698849768,9080472.8,-0.4459239612786879,0.8306446333939792,0.05263157894736852,-0.0018137469510287607,-0.07512217736483207,3.0,10.0,0.020025031289111483,1.0,1102.93,1087.85,-0.014092804060177766,-0.05536596590859755,-0.10298167785345591,0.2211962327635203,0.05045644042381414,0.02616888561662667,0.04624408920097356,0.05155311553760966,1.4458634380882487,0.6409802973895833,7.99,8.69,0.08760951188986232,-0.027978597017949247,0.11558810890781157,7.99,8.15,7.99,8.32,0.041301627033792254,-0.00954108838400114,0.050842715417793394,7.99,9.0,0.12640801001251556,0.0365618927456417,0.08984611726687386,-0.016640313,0.005,1
2023-10-20,7.99,8.15,7.8,8.15,5015916,0.02130325814536338,0.05844155844155852,0.014943960149439661,-0.02043269230769229,-0.0060975609756096505,0.00991325898389106,8.038,7.9985,8.620000000000001,8.102804423625836,8.203685325918089,-0.10088090229225344,-0.12110335704324483,0.020222454750991395,-0.01237802482113539,0.002481282791532686,48.67166499200072,7.9985,0.30803750626272647,8.614575012525453,7.382424987474547,0.15404763706331262,0.6229558064520115,0.32516131422343625,0.039897093769746775,23.441252508731793,14.669969479043173,28.18144446229105,60.90909090909093,42.12121212121216,1175965136.0,1165933994.7,0.48199105104510015,-0.474416736961666,0.11102126025981883,8546961.85,-1.1074402585965701,0.586865378368338,0.042944785276073684,0.018941051447146418,-0.054524361948955935,4.0,10.0,0.06871165644171784,1.0,1085.83,1108.03,0.018550351610975735,-0.04044235448979416,-0.07126272997778804,0.23261070604500902,0.0027529065343876447,0.020009662182101873,0.0811759889616791,0.08740468546044,1.437926348405802,0.6467983697770663,8.15,8.75,0.07361963190184051,-0.041516049739733996,0.1151356816415745,8.15,8.71,8.15,8.2,0.006134969325153339,-0.02691223250433772,0.03304720182949106,8.15,9.12,0.11901840490797522,-0.004852877385772003,0.12387128229374722,-0.009067542,0.005,1
2023-10-23,8.15,8.72,8.11,8.71,32721086,0.06871165644171784,0.0914786967418546,0.13116883116883127,0.04561824729891972,0.030769230769230882,0.15978695073235705,8.114,8.0585,8.622833333333334,8.196219127683399,8.241190116590824,-0.04497098890742457,-0.10587688341608079,0.060905894508656216,-0.00516314453586964,0.006992640012474881,58.61050711942997,8.0585,0.32431750200484766,8.707135004009697,7.409864995990305,0.16098157324804757,1.002208480865659,0.34550693463604804,0.039667845538007805,21.770306222290085,24.6038859943307,24.627519283562417,99.1935483870968,68.51906158357777,1208686222.0,1168650612.05,0.4636743279123894,0.21056337952998297,-0.3214490363978705,9583994.7,3.6967967139883235,3.4141385741793036,0.07003444316877167,0.08084631134826581,0.010108819606857722,0.0,10.0,0.0011481056257174327,1.0,1106.56,1093.53,-0.013086288277393221,-0.0419565103117171,-0.05174297606659739,0.20794427867961823,0.08179794471911106,0.08757475761063682,0.21152992679895444,0.22307235428799776,1.3322095283940039,0.5761011240143781,8.71,8.33,-0.04362801377726755,-0.04840152635518791,0.004773512577920358,8.71,8.72,8.71,8.3,-0.04707233065442018,-0.005258257106863118,-0.04181407354755706,8.71,9.4,0.07921928817451196,0.007522228916762463,0.0716970592577495,0.028165055,0.005,1
2023-10-24,8.71,8.88,8.64,8.72,7571152,0.0011481056257174327,0.0699386503067485,0.09273182957393478,0.08592777085927783,0.03440094899169632,0.16111850865512656,8.252,8.119,8.621500000000001,8.276800800347491,8.276657515361874,0.00014328498561688718,-0.08467284973574125,0.08481613472135814,1.6431764405606327e-05,0.00972662095428419,58.764057605639316,8.119,0.3294317276148362,8.777863455229673,7.460136544770327,0.1623016271042426,0.9560884316997811,0.3379707250191875,0.03875811066733802,20.694046157317686,26.737432442935827,23.37833995053852,87.59689922480621,82.56651284033136,1216257374.0,1171745787.0,0.4634346933747152,0.20476394975838344,-0.3169861284681146,9414890.15,-0.29427159210706594,0.804167853195823,0.027522935779816536,0.07402389456829672,0.011424926056950557,1.0,10.0,-0.00227014755959154,0.0,1095.42,1105.9,0.01131198961162494,-0.014041813399901959,-0.028173222257372843,0.2095122983621568,-0.010163883985907507,0.09996958425917979,0.1892917309124994,0.1947792911738746,1.2936802450776266,0.5661449097867896,8.81,8.03,-0.08853575482406373,-0.07069711951265811,-0.017838635311405615,8.81,8.79,8.81,8.38,-0.0488081725312145,-0.023607884961271197,-0.025200287569943303,8.81,9.26,0.05107832009080582,0.003660487522708644,0.047417832568097174,0.014633815,0.005,1
2023-10-25,8.81,8.95,8.72,8.79,12238484,0.008027522935779574,0.00918484500574035,0.07852760736196296,0.14155844155844144,0.046428571428571264,0.11974522292993628,8.47,8.166,8.62,8.355754523370955,8.314682884594328,0.041071638776626784,-0.05952395203326765,0.10059559080989444,0.004672541385281773,0.011444322048907218,59.885922663499024,8.166,0.35508931419296774,8.876178628385937,7.455821371614065,0.17393549556354046,0.9393260899854163,0.3302585303749597,0.03757207399032534,19.899991020698973,26.921355568935493,22.215394280905745,88.14814814814812,91.64619858668374,1228495858.0,1175138689.15,0.44195535211680925,0.3179231041160853,0.19015216175346997,9712617.35,0.4041206349319457,1.2600603482026398,0.026166097838452636,0.07641440117560605,0.019721577726218076,2.0,10.0,0.014002333722286986,1.0,1106.41,1101.66,-0.003833981372637685,-0.0015769439912995953,-0.045231182562724626,0.2016418611597367,0.011861504308417259,0.14313538554974103,0.1649764054926609,0.17279199161057557,1.305119030240632,0.5654965725996558,8.57,8.16,-0.04784130688448074,-0.039841152567417715,-0.008000154317063024,8.57,8.69,8.57,8.63,0.007001166861143604,0.02828777244181757,-0.021286605580673967,8.57,9.36,0.09218203033838956,0.02864794975988172,0.06353408057850785,0.008071343,0.005,1
2023-10-26,8.57,8.69,8.26,8.69,18086284,-0.011376564277588153,-0.0034403669724771824,-0.0022962112514353095,0.08897243107769404,0.05717761557177603,0.11410256410256414,8.612,8.2105,8.6165,8.407176904390807,8.342484152402156,0.06469275198865176,-0.034680611228883766,0.09937336321753554,0.00744450540720964,0.011435369760360822,57.480072117818224,8.2105,0.36249827585990013,8.9354965517198,7.485503448280199,0.17660229016985568,0.8306912280220883,0.3445257782053197,0.039646234546066715,19.195612689972695,23.963186200622626,29.311243373908507,80.74074074074075,85.49526270456506,1210409574.0,1177898461.4,0.4441712012968289,0.3340182210407788,0.13843884285788485,10345747.25,1.2035043131690362,1.7481853715303164,0.04948216340621401,0.05840082820778281,0.008530145650786247,3.0,10.0,-0.005681818181818232,0.0,1082.8,1055.45,-0.04194579089737305,-0.029783517948246407,-0.08415261664482876,0.24589140693711015,0.030569226619784895,0.11875594902594044,0.1982551807473929,0.21647185366309918,1.1597851973581663,0.5423034808481239,8.8,8.32,-0.054545454545454564,0.01515938116498794,-0.0697048357104425,8.8,8.75,8.8,8.5,-0.03409090909090917,0.051424849680482554,-0.08551575877139173,8.8,9.8,0.11363636363636354,0.027449240615059267,0.08618712302130427,0.030938484,0.005,1
2023-10-27,8.8,8.89,8.58,8.75,12057638,0.0069044879171462625,-0.00455062571103515,0.0034403669724769603,0.07361963190184051,0.05168269230769229,0.13341968911917101,8.732,8.262,8.610666666666667,8.459918919099914,8.372670511483477,0.08724840761643726,-0.01029480745981956,0.09754321507625682,0.009971246584735687,0.011147796008715065,58.55589939838159,8.262,0.3623112938974031,8.986622587794807,7.537377412205195,0.17541093870607752,0.8367270136341566,0.34205965119065407,0.03909253156464618,17.933683040077547,26.58833657050027,27.4138121146273,85.18518518518523,84.6913580246914,1222467212.0,1181592200.9,0.4401095159213955,0.25148479774382937,0.2216467523764016,10617543.8,0.2256965967408432,1.1356334597837967,0.03542857142857148,0.05906560154926166,0.016181480334468867,4.0,10.0,-0.061936936936937026,0.0,1059.41,1060.62,0.004898384575299453,-0.042787650153876755,-0.08103799332842365,0.24724356998908953,0.00200610334184681,0.11640728205571726,0.21445768244759467,0.23336947652966322,1.1517994029321907,0.541759579198427,8.88,8.2,-0.07657657657657668,0.021583825887308672,-0.09816040246388535,8.88,8.33,8.88,8.7,-0.020270270270270396,0.04520744191341808,-0.06547771218368847,8.88,10.4,0.1711711711711712,0.03944859254480426,0.13172257862636694,0.036412183,0.005,1
2023-10-30,8.88,8.95,8.33,8.33,8907785,-0.04800000000000004,-0.0414269275028768,-0.0523321956769055,-0.04362801377726755,0.0,0.05443037974683551,8.656,8.2835,8.601166666666668,8.439931393084542,8.369509732855072,0.07042166022947072,0.005848486078038495,0.06457317415143222,0.008453980819864431,0.0077518816508322,49.176221709941615,8.2835,0.3523197560848887,8.988139512169777,7.578860487830223,0.17013086549641504,0.5329955950503072,0.36191253324846445,0.0434468827429129,17.42510620686619,23.33483366988311,28.993403818159646,54.07407407407412,73.3333333333334,1213559427.0,1184535966.2,0.47564549737924317,0.23311222922492827,0.029826595737662786,10758348.1,-0.2934527173524193,0.827988174132421,0.07442977190876342,0.005613569143477992,-0.03152673086984337,0.0,10.0,-0.04404761904761911,0.0,1054.03,1042.4,-0.01717863136655895,-0.04675683337448433,-0.09768448387794837,0.2506818784515604,-0.030821368633441093,0.003128819597216781,0.15211486362478388,0.1685827860730349,1.184415136635577,0.5520846211930178,8.4,8.3,-0.011904761904761862,0.042138485080336796,-0.05404324698509866,8.4,8.03,8.4,9.0,0.0714285714285714,0.052094491201224224,0.019334080227347172,8.4,10.6,0.26190476190476186,0.040608263198163685,0.22129649870659818,0.005229369,0.005,1
2023-10-31,8.4,8.43,8.02,8.03,8496100,-0.03601440576230497,-0.0822857142857144,-0.07594936708860767,-0.07912844036697264,0.0,0.04967320261437891,8.518,8.3025,8.582500000000001,8.37686502491769,8.344360863754696,0.03250416116299348,0.011179621095029494,0.02132454006796399,0.004047840742589476,0.0026556089748398497,43.7815497943297,8.3025,0.325590556570235,8.95368111314047,7.6513188868595305,0.15686386344847217,0.29076481603880705,0.3653473523021456,0.04549780227922112,17.665288327431476,21.46434722060483,32.730103058743516,31.85185185185184,57.0370370370371,1205063327.0,1187524489.45,0.4801074206820755,0.21296511937668366,-0.017720724782987484,10713590.15,-0.35089382572190825,0.793020815716009,0.05105853051058533,-0.03282143932550452,-0.0643751820565106,1.0,10.0,0.007407407407407529,1.0,1045.6,1028.19,-0.013632003069838916,-0.07026855954426259,-0.08041320096592419,0.2319984357782675,-0.022382402692466052,-0.008859880822710053,0.1300864035803031,0.14146179970933082,1.1903930150879776,0.550437100373271,8.1,8.38,0.0345679012345681,0.049844509232264356,-0.015276607997696257,8.1,8.16,8.1,8.9,0.09876543209876543,0.07845481049562686,0.020310621603138568,8.1,10.7,0.3209876543209875,0.06455782312925185,0.2564298311917357,-0.019181639,0.005,1
2023-11-01,8.1,8.19,7.95,8.16,5883215,0.016189290161892966,-0.020408163265306145,-0.0674285714285714,-0.0716723549488053,0.05974025974025965,0.05699481865284972,8.392,8.3245,8.565500000000002,8.343501174930353,8.330704503476571,0.012796671453781272,0.01150303116677985,0.0012936402870014213,0.0015682195409045677,0.000158534348897233,46.51941948025961,8.3245,0.29784268189649066,8.920185363792982,7.728814636207019,0.143116190472216,0.361923752035337,0.35639396999484946,0.043675731617015864,18.038112477976554,20.431893618562043,32.55869869685738,41.48148148148153,42.4691358024692,1210946542.0,1190480656.6,0.4819773397267985,0.17628384682335346,-0.08070512289627825,10681234.05,-0.7563435377474852,0.5507991841073832,0.02941176470588227,-0.019760946603399665,-0.0473410775786588,2.0,11.0,-0.003592814371257358,0.0,1029.0,1039.66,0.01115552572968026,-0.05627870667901169,-0.07886273224237372,0.233389781455782,0.005033764432212706,-0.015393648269793614,0.13585755089522344,0.14748893096676974,1.2104563664795334,0.5571000178191966,8.35,8.63,0.03353293413173675,0.06180503900364309,-0.028272104871906345,8.35,8.32,8.35,8.98,0.07544910179640718,0.07045450210753201,0.004994599688875168,8.35,11.25,0.34730538922155696,0.05166790639125707,0.2956374828302999,-0.011157161,0.005,1
2023-11-02,8.35,8.44,8.2,8.32,7907954,0.019607843137254832,0.03611457036114585,-0.0012004801920768582,-0.04257767548906777,0.04260651629072676,0.02716049382716057,8.318,8.3355,8.540666666666668,8.339885609556452,8.329911577293121,0.009974032263331267,0.011197231386090134,-0.0012231991227588668,0.0011988019547273156,-0.00014701912533159457,49.762258042118404,8.3355,0.2931404369766699,8.92178087395334,7.749219126046659,0.14067083533161545,0.4867810799493751,0.3509372578523602,0.042179958876485596,17.57311383433159,24.355889667799946,30.70317050950516,53.33333333333339,42.222222222222285,1218854496.0,1192951303.25,0.4551999918756305,0.15087784513880995,0.35309876318520833,10195713.55,-0.37177773112403284,0.7756155526750749,0.028846153846153872,-0.0018595165257032642,-0.02583717118101647,3.0,11.0,-0.044289044289044344,0.0,1048.62,1075.47,0.03444395283073298,0.01896821261073467,-0.03449173616784429,0.2673405332114373,-0.01483610969347815,-0.06154588809980244,0.06165222999500486,0.06385468908396885,1.1245274527950961,0.5732406204753671,8.58,8.5,-0.009324009324009341,0.03009201461136568,-0.03941602393537502,8.58,8.2,8.58,9.0,0.04895104895104896,0.040856336986174746,0.008094711964874213,8.58,11.15,0.29953379953379966,0.011818560133167066,0.2877152394006326,-0.01166154,0.005,1
2023-11-03,8.58,8.59,8.15,8.2,8033791,-0.014423076923077094,0.004901960784313708,0.021170610211706187,-0.06285714285714294,0.006134969325153339,0.0,8.208000000000002,8.3355,8.518166666666666,8.318364746547767,8.32028849749363,-0.0019237509458633895,0.00857303491969943,-0.010496785865562819,-0.00023460377388577922,-0.0012800958372637585,47.43893248246044,8.3355,0.2931404369766699,8.92178087395334,7.749219126046659,0.14067083533161545,0.384441053750984,0.35729888229147727,0.043573034425789914,16.692422155865092,25.212197281569996,28.00247136022992,44.44444444444443,46.41975308641981,1210820705.0,1194529877.65,0.4568346177018758,0.2911353531910036,0.3526063543850236,10107020.4,-0.3358973656700343,0.7948723443755985,0.0536585365853658,-0.01625577349889029,-0.037351542781114855,4.0,11.0,0.009732360097323589,1.0,1081.35,1076.78,0.0012180720987102767,0.015236371179121688,-0.04586456838038522,0.2618963339099679,-0.01564114902178737,-0.07809351403626463,0.04586456838038522,0.048069243485205915,1.1133142670757508,0.5699626641069623,8.22,8.7,0.058394160583941535,0.017990962936953014,0.04040319764698852,8.22,8.3,8.22,9.12,0.10948905109489027,0.017538185749531143,0.09195086534535912,8.22,11.8,0.43552311435523117,0.018434499773611446,0.4170886145816197,-0.011816048,0.005,1
2023-11-06,8.22,8.35,8.19,8.3,7041822,0.012195121951219745,-0.0024038461538461453,0.0171568627450982,-0.0036014405762304635,-0.04707233065442018,-0.017751479289940697,8.202,8.328,8.503,8.315539400925033,8.318785645827436,-0.003246244902403106,0.006209178955278923,-0.009455423857682029,-0.00039111384366302476,-0.0011392076936966298,49.552672607622796,8.328,0.29197332250401054,8.91194664500802,7.744053354991978,0.1402369464476516,0.476025206892306,0.3432061049849432,0.041350133130716046,15.874637025860489,24.37264520682966,27.07000471855711,51.85185185185195,49.87654320987662,1217862527.0,1195888421.2,0.44532046125664226,0.3551709396339668,0.7260174546347541,9886989.55,-0.458862998594931,0.712231156348294,0.019277108433734955,-0.003362151777137168,-0.023873926849347193,0.0,11.0,0.009638554216867545,1.0,1082.21,1089.66,0.011961589182562848,0.04533768227168067,-0.04193922768516545,0.26440396616019,0.00023353276865689665,-0.04893912284791113,0.02418774839522475,0.02524657004459452,1.094737709506705,0.5687289117803067,8.3,9.0,0.0843373493975903,0.01232193470018772,0.07201541469740258,8.3,8.38,8.3,9.4,0.13253012048192758,0.01562557514631724,0.11690454533561034,8.3,12.2,0.469879518072289,0.03111311517650095,0.43876640289578805,-0.006604381,0.005,1
2023-11-07,8.3,8.56,8.24,8.38,7393460,0.009638554216867545,0.021951219512195363,0.007211538461538547,0.04358655043586568,-0.03899082568807333,-0.005931198102016477,8.272000000000002,8.3255,8.488166666666666,8.325456416167336,8.323320042432812,0.002136373734524355,0.00539461791112801,-0.003258244176603655,0.00025493719982390867,-0.0003888119542486461,51.241977983104114,8.3255,0.29126719511261107,8.908034390225222,7.742965609774778,0.13993979706329274,0.5467783541319594,0.3415485260574473,0.040757580675113037,14.996351979696973,27.133339207138267,25.258423295156323,56.48854961832071,50.92828197153906,1225255987.0,1198197395.1,0.446698062713027,0.2835470512132103,0.6412368536602706,9675905.2,-0.3675200547168926,0.76411042142083,0.03818615751789979,0.006546153384181297,-0.01274323077225148,1.0,11.0,0.029832935560859086,1.0,1086.68,1080.29,-0.008599012536020467,0.05067156848442389,-0.05543460203376793,0.26380291212919266,0.018237566752888013,-0.0070850180485582115,0.049503403931751455,0.052408656974242795,1.0893227049194343,0.563625035557605,8.38,8.9,0.06205250596658707,0.028346646403617726,0.03370585956296934,8.38,8.63,8.38,9.26,0.1050119331742243,0.0290231109957928,0.0759888221784315,8.38,11.9,0.4200477326968972,0.03412902867097878,0.38591870402591844,-0.008286794,0.005,1
2023-11-08,8.38,8.63,8.25,8.63,13648999,0.029832935560859086,0.03975903614457832,0.05243902439024417,0.05759803921568629,-0.018202502844140933,0.027380952380952506,8.366,8.337,8.478666666666665,8.372309275218516,8.346037076326677,0.026272198891838627,0.009570134107270135,0.016702064784568493,0.003044287241232749,0.0019353493377252018,56.18024583915119,8.337,0.2988063974537594,8.934612794907519,7.739387205092481,0.14336399062193095,0.7451420070794693,0.3442950599104868,0.03989514019820241,14.381992687496417,26.446497084078125,23.267149370597288,72.17391304347838,60.17143817121704,1238904986.0,1201467547.6,0.4586584734466788,0.13308811330167747,0.23767511768222133,10079626.5,0.5764333227994846,1.354117536001954,0.04403244495944389,0.03514453640398241,0.01784871835194246,2.0,11.0,-0.020737327188940058,0.0,1079.14,1113.43,0.03067694785659425,0.070955889425389,-0.03248146957360454,0.28796630234412895,-0.0008440122957351637,-0.013357850209702704,0.059862421954557044,0.061872119315559804,1.083471418822781,0.5775300620575806,8.68,8.98,0.03456221198156695,0.005445979111803778,0.02911623286976317,8.68,8.5,8.68,9.36,0.07834101382488479,-0.0023288726464951726,0.08066988647137996,8.68,12.6,0.4516129032258065,0.008966159689005826,0.44264674353680067,-0.015392066,0.005,1
2023-11-09,8.68,8.78,8.5,8.5,10877133,-0.015063731170336103,0.014319809069212264,0.02409638554216853,0.02163461538461542,-0.021864211737629424,0.03406326034063256,8.402000000000001,8.350999999999999,8.467,8.391954002107974,8.357441737339515,0.03451226476845903,0.014558560239507915,0.019953704528951118,0.004060266443348122,0.0023474946504648373,53.16487068207915,8.350999999999999,0.29959446274366003,8.95018892548732,7.751811074512679,0.14350111974310154,0.6243347412327582,0.3397025556311663,0.03996500654484309,14.233774957020138,28.043478386556224,21.897295126941863,55.000000000000036,61.220820887266406,1228027853.0,1204631940.4,0.4549342781263416,0.11848981525898558,0.333016502292371,10185386.2,0.11181481793171734,1.0679156181628147,0.03294117647058816,0.017842174589869586,0.0038974843510097834,3.0,11.0,0.028368794326240954,1.0,1116.42,1113.89,0.0004131377814502457,0.035723916055306226,-0.0327541441981225,0.2879396148199123,-0.015476868951786349,-0.014089300670690807,0.06681740453875507,0.0690800628795265,1.081083572642462,0.5751151377924362,8.46,9.0,0.06382978723404253,0.017888311101062593,0.04594147613297994,8.46,8.7,8.46,9.8,0.15839243498817956,-0.01560931494460771,0.17400174993278728,8.46,12.4,0.4657210401891252,0.01423468234230163,0.45148635784682356,-0.010500352,0.005,1
2023-11-10,8.46,9.09,8.39,8.7,46229971,0.0235294117647058,0.00811123986094997,0.038186157517899666,0.060975609756097615,-0.005714285714285783,0.04567307692307687,8.501999999999999,8.370000000000001,8.458666666666668,8.439345694091363,8.382816423462515,0.056529270628848494,0.02295270231737603,0.03357656831147246,0.006497617313660747,0.0038593756679853406,56.98961472396359,8.370000000000001,0.3094137070439222,8.988827414087845,7.7511725859121565,0.14786796035551839,0.7666333071931052,0.3654380873717972,0.04200437785882727,14.868083207867182,30.265774920556154,18.901261614887126,65.78947368421046,64.32112890922966,1274257824.0,1209653355.4,0.46004027141914167,0.07050900661156292,0.17462278034898954,12042408.4,3.369261185158303,3.838930674365769,0.08045977011494246,0.039426523297490856,0.028530895334173856,4.0,11.0,0.023890784982935287,1.0,1105.75,1101.68,-0.010961585075725644,0.023124500826538386,-0.045941475496436346,0.2893699405963813,0.03449099684043144,0.03785110892955923,0.09161455241951322,0.09602613473548072,1.0641300329791592,0.562665484397877,8.79,9.12,0.03754266211604107,-0.0022380080821992054,0.039780670198240276,8.79,9.0,8.79,10.4,0.18316268486916965,-0.007293912980447015,0.19045659784961666,8.79,12.15,0.3822525597269626,0.018828262327166057,0.36342429739979654,-0.013272336,0.005,1
2023-11-13,8.79,9.2,8.77,9.0,20661189,0.034482758620689724,0.05882352941176472,0.0428736964078793,0.0843373493975903,0.08043217286914772,0.08043217286914772,8.642,8.403500000000001,8.457,8.525600202692692,8.428533725428254,0.09706647726443762,0.03777545730678835,0.05929101995764927,0.010785164140493068,0.006587891106405475,62.00223338359916,8.403500000000001,0.33964803764350354,9.082796075287009,7.724203924712994,0.16166979836663464,0.9390574461570186,0.375049652559526,0.04167218361772511,15.704082458874778,29.478662480514977,17.101379777728514,84.00000000000004,68.26315789473688,1294919013.0,1215438535.3,0.4736342017830397,-0.05036002920603973,-0.1516889120093609,12806173.3,0.7705323438389232,1.613377276410901,0.047777777777777745,0.07098232879157473,0.06420716566158213,0.0,11.0,-0.01220865704772467,0.0,1103.66,1100.07,-0.00146140440055198,0.009553438687296856,-0.03622680520754862,0.28726104162159344,0.035944163021241704,0.07478391071029344,0.11665897807669634,0.1210440160683437,1.0631824123688567,0.5552551867666069,9.01,9.4,0.04328523862375144,-0.004886933314098063,0.048172171937849506,9.01,8.9,9.01,10.6,0.17647058823529416,-0.01895264543585673,0.1954232336711509,9.01,13.0,0.4428412874583796,0.014805063656363915,0.42803622380201567,-0.010359367,0.005,1
2023-11-14,9.01,9.15,8.8,8.9,14962441,-0.011111111111111072,0.02298850574712663,0.04705882352941182,0.06205250596658707,0.10834371108343732,0.10834371108343732,8.745999999999999,8.447000000000001,8.464166666666667,8.583200171509201,8.463457153174309,0.11974301833489243,0.05416896951240917,0.06557404882248326,0.01345427172302162,0.007367870654211602,59.512444345218654,8.447000000000001,0.3449652919251111,9.136930583850223,7.757069416149779,0.1633551755298264,0.8282938969540897,0.373260391662417,0.04193936984970977,16.480367477667546,27.504259145806486,15.955974307463984,76.00000000000007,75.26315789473689,1279956572.0,1220753321.45,0.4533364279469332,-0.04756558952903469,0.21086506330357818,13276567.05,0.16761197797739402,1.126981164908891,0.03932584269662917,0.05362850716230616,0.051491582160086535,1.0,11.0,-0.01318681318681314,0.0,1109.08,1109.73,0.008781259374403438,0.027251941608271935,-0.010627200998528985,0.28333612438429445,-0.01989237048551451,0.034800564358315134,0.1189709120819663,0.1202488204669041,0.9562083200505379,0.4889682580611593,9.1,9.26,0.01758241758241752,-0.012538237177207034,0.030120654759624554,9.1,8.98,9.1,10.7,0.17582417582417587,-0.025903464466102144,0.201727640290278,9.1,13.1,0.43956043956043955,0.0027299566052501056,0.43683048295518945,-0.0045464756,0.005,1
2023-11-15,9.1,9.2,8.96,8.98,23339613,0.008988764044943753,-0.0022222222222221255,0.03218390804597715,0.04055619930475074,0.10049019607843146,0.1662337662337663,8.815999999999999,8.511,8.471,8.644246298969325,8.501719586272507,0.14252671269681727,0.0718405181492908,0.07068619454752648,0.015871571569801478,0.007871513869435019,60.86632541756611,8.511,0.3166585409875201,9.14431708197504,7.877682918024959,0.14882318927859006,0.8702726591057631,0.36802750654367283,0.040983018546066015,17.322676405853844,26.87323532170696,15.026930339063304,82.40000000000008,80.8000000000001,1303296185.0,1227747802.0,0.4185196787267921,-0.054209482755761644,0.8668895728785109,13930833.95,0.9157394241153655,1.6753923766351404,0.02672605790645862,0.05510515803078375,0.060087356864596986,2.0,11.0,0.00222717149220486,1.0,1124.56,1122.5,0.01150730357834795,0.008145999299461915,0.01731013231828893,0.2798117184286282,-0.002518539533404196,0.032410200005288825,0.14892363391547736,0.1463896103896105,0.9504583627322372,0.4893314069278139,8.98,9.36,0.04231625835189301,-0.005500098216039695,0.047816356567932705,8.98,9.0,8.98,11.25,0.2527839643652561,-0.01533955963499356,0.26812352400024964,8.98,13.55,0.5089086859688197,-0.005160806442972121,0.5140694924117918,-0.0031437448,0.005,1
2023-11-16,8.98,9.0,8.85,9.0,8442608,0.00222717149220486,0.011235955056179803,0.0,0.05882352941176472,0.08173076923076916,0.1278195488721805,8.916,8.562000000000001,8.471166666666667,8.698977637589428,8.538629246548618,0.16034839104080945,0.08954209272759453,0.07080629831321492,0.017816487893423272,0.007867366479246102,61.215499382693345,8.562000000000001,0.30867458593379066,9.179349171867582,7.94465082813242,0.14420676754673695,0.8547425184640473,0.3524541132191248,0.03916156813545831,17.628214314898738,26.056313315394622,16.79939216380164,84.00000000000004,80.80000000000011,1311738793.0,1234787280.65,0.40521611432711857,0.0829828070036504,1.3560016604374505,13975832.05,-0.5399848108738525,0.6040862518807959,0.016666666666666705,0.05115627189908878,0.06242744997737426,3.0,11.0,0.00219780219780219,1.0,1119.98,1125.53,0.002699331848552422,0.010449864887915217,0.03463712828055354,0.27408360745519106,-0.0004721603563475618,0.0483736645238495,0.09318242059162696,0.09006290035858777,0.9446951887721512,0.4996890934111013,9.1,9.8,0.0769230769230771,-0.03514634708458175,0.11206942400765885,9.1,9.12,9.1,11.15,0.22527472527472536,-0.030146967574946393,0.25542169284967176,9.1,13.45,0.4780219780219781,-0.015964330668179483,0.4939863086901576,-0.0051647965,0.005,1
2023-11-17,9.1,9.35,9.0,9.12,34637564,0.013333333333333197,0.015590200445434244,0.024719101123595433,0.048275862068965614,0.11219512195121961,0.11901840490797522,9.0,8.6105,8.4765,8.763750308729517,8.581693746804277,0.1820565619252399,0.10804498656712361,0.07401157535811628,0.019962342316364026,0.008115304315582926,63.32967895065034,8.6105,0.31663485528340674,9.243769710566813,7.977230289433186,0.14709243611098385,0.9022772536712418,0.35227881941775874,0.03862706353264899,18.759087857241425,31.303839039962618,15.607197853654963,83.57142857142853,83.32380952380959,1346376357.0,1243307841.7,0.40228970020648364,0.1264180069762767,1.4994266887029921,15456914.45,1.7441605650510605,2.240910636598626,0.03837719298245611,0.05917194123453906,0.07591576712086345,4.0,11.0,0.04444444444444451,1.0,1128.14,1101.19,-0.021625367604595103,-0.000444775252341878,-0.006173118056370219,0.2786704761440856,0.0349587009379283,0.04872063732130749,0.12519152296434544,0.12596914537017567,0.8822242511294651,0.4761495995611049,9.0,10.4,0.15555555555555567,0.009406670351943758,0.1461488852036119,9.0,9.4,9.0,11.8,0.3111111111111111,0.01544131195872489,0.2956697991523862,9.0,13.05,0.4500000000000002,0.015570296664823902,0.4344297033351763,-0.008091714,0.005,1
2023-11-20,9.0,9.4,8.9,9.4,29067845,0.03070175438596512,0.04444444444444451,0.04677060133630295,0.04444444444444451,0.13253012048192758,0.07921928817451196,9.08,8.645,8.478333333333333,8.861634876617284,8.642309024818775,0.2193258517985086,0.1303011596134006,0.089024692185108,0.023332537425373254,0.009470711934585957,67.7475035778376,8.645,0.3623388934210717,9.369677786842143,7.920322213157856,0.16765246659158894,1.0209211691791946,0.36283033231649026,0.03859897152303088,19.38518972828971,28.22252485024369,16.03959221809317,100.00000000000001,89.19047619047622,1375444202.0,1251645740.7,0.3416898940794571,-0.8598870037246664,0.6045820121015899,15274252.4,1.286461570595651,1.9030617171155295,0.05319148936170213,0.08733371891266639,0.10870847257715743,0.0,11.0,-0.02833158447009443,0.0,1085.4,1103.66,0.0022430279969851696,0.003263428690901682,0.009263577588177752,0.27452324521794697,0.02845872638897995,0.04118101575354283,0.06995571058633421,0.06931361850341045,0.8368453260939879,0.4591649320969734,9.53,10.6,0.11227701993704087,-0.02206523399933491,0.13434225393637578,9.53,9.26,9.53,12.2,0.28016789087093397,0.007082445780641988,0.273085445090292,9.53,13.3,0.3955928646379854,-0.018631865613287446,0.4142247302512728,-0.012399434,0.005,1
2023-11-21,9.53,9.53,9.25,9.26,10098658,-0.014893617021276673,0.015350877192982448,0.028888888888888964,0.04044943820224711,0.1050119331742243,0.06192660550458706,9.152000000000001,8.672,8.484,8.922921818676164,8.688063911869236,0.23485790680692809,0.15121250905210612,0.08364539775482197,0.02536262492515422,0.009032980319095245,63.62040469282628,8.672,0.38746952342131796,9.446939046842637,7.897060953157364,0.17872210489913196,0.8793846770244125,0.3569138800081695,0.038543615551638176,20.270024320801685,29.242717540867584,15.140798805086872,80.43478260869567,88.00207039337477,1365345544.0,1259100149.2,0.3481743761092198,-0.7282658690986253,0.20188861193653368,15400627.7,-0.4982521916252804,0.6557302855908919,0.03023758099352045,0.06780442804428044,0.09146628948609137,1.0,11.0,0.0010695187165774556,1.0,1112.61,1110.46,0.00616131779714757,0.0006578176673606162,0.0041233384573649,0.27245957201657633,-0.021054934818424242,0.039791620534886496,0.05780326704722216,0.057565903344130254,0.8116150855888361,0.4539863732586979,9.35,10.7,0.14438502673796783,-0.01432492014216935,0.15870994688013718,9.35,9.36,9.35,11.9,0.2727272727272727,0.004157106222162366,0.26857016650511034,9.35,12.4,0.3262032085561499,-0.013542088450983036,0.33974529700713296,0.001681274,0.005,1
2023-11-22,9.35,9.48,9.29,9.36,15153574,0.010799136069114423,-0.004255319148936287,0.026315789473684292,0.04231625835189301,0.08458864426419455,0.06484641638225264,9.228,8.7005,8.489333333333333,8.990164615802907,8.737836955434478,0.25232766036842946,0.1714355393153708,0.08089212105305865,0.02695808337269546,0.00864232062532678,65.24886515053086,8.7005,0.4164824505070326,9.533464901014066,7.867535098985934,0.19147517982048518,0.8958750237837831,0.34713431715044313,0.03708699969556017,21.091656442419946,27.918940559463017,14.455395989488732,87.68115942028986,89.37198067632853,1380499118.0,1266700312.2,0.34881837095705753,-0.7434857613549298,0.19802826680926147,15546382.2,-0.0370033460571268,0.9747331440236945,0.02029914529914544,0.07580024136543861,0.10256007538872303,2.0,11.0,0.042553191489361764,1.0,1111.35,1113.82,0.0030257731030383095,-0.007732739420935442,0.011037888277689811,0.2721516155390895,0.007773362966076114,0.05004899777282845,0.053808528104562825,0.053221079772021174,0.8151616852065467,0.4514369679288833,9.4,11.25,0.19680851063829774,-0.013339775075824734,0.21014828571412247,9.4,9.8,9.4,12.6,0.34042553191489344,0.007801665906183253,0.3326238660087102,9.4,12.5,0.32978723404255317,-0.015164935448372163,0.34495216949092533,-0.0014251722,0.005,1
2023-11-23,9.4,10.0,9.36,9.8,52957519,0.047008547008547064,0.05831533477321815,0.042553191489361764,0.08888888888888902,0.15294117647058836,0.12773302646720386,9.388,8.756,8.504333333333333,9.114754674910152,8.81651569947637,0.2982389754337831,0.19679622653905327,0.10144274889472982,0.030432548513651334,0.010351300907625491,71.32999737398566,8.756,0.4835657033693342,9.723131406738668,7.7888685932613315,0.22090712808101148,1.0397405113336908,0.3680532944968401,0.03755645862212654,22.89649769653177,34.54295758407137,12.659954643745522,88.95027624309397,85.68873942402654,1433456637.0,1277852665.35,0.3765306312405905,-0.6254767036906752,0.2850028062898168,17289943.95,2.6379810765644542,3.062908656797583,0.06530612244897964,0.11923252626770231,0.15235370203425713,3.0,11.0,0.060142711518858194,1.0,1117.71,1088.49,-0.022741556086261605,-0.032908940676836695,0.031304183049883916,0.23873511623704227,0.06975010309480867,0.12179782956572571,0.09642884341731994,0.09350184455972066,0.7115294527226996,0.3923540764921215,9.81,11.15,0.13659531090723753,0.002896504945140599,0.13369880596209693,9.81,10.4,9.81,12.4,0.2640163098878694,0.027975104723319655,0.23604120516454974,9.81,13.35,0.36085626911314983,0.010504413503579446,0.3503518556095704,-0.008048859,0.005,1
2023-11-24,9.81,10.45,9.68,10.4,34286697,0.061224489795918435,0.11111111111111116,0.12311015118790514,0.14035087719298267,0.1954022988505748,0.1885714285714286,9.644,8.8385,8.529333333333334,9.312484724923975,8.93381083284849,0.37867389207548463,0.23317175964633954,0.1455021324291451,0.036410951161104294,0.013990589656648565,77.19135475871836,8.8385,0.6073867665762234,10.053273533152446,7.623726466847553,0.2748822839061937,1.1427123893404922,0.3967637734613515,0.038150362832822256,25.208992481090863,37.85581811993836,10.905012403602148,97.73755656108601,91.45633074148998,1467743334.0,1290116471.45,0.42406307601281584,-0.2695978998157371,0.17919051202749434,18401396.9,1.136768381841163,1.8632659893336687,0.0740384615384615,0.17667024947672116,0.21932155697983435,4.0,11.0,0.019230769230769162,1.0,1090.97,1095.61,0.006541171714944394,-0.0050672454344846685,0.03299013784390259,0.23910258359809305,0.05468331808097404,0.14541812262746734,0.15558129072752602,0.15061256156061797,0.752889940464925,0.3983226576415124,10.4,11.8,0.13461538461538458,0.005996768864265034,0.12861861575111955,10.4,10.6,10.4,12.15,0.16826923076923084,0.026332843490721958,0.14193638727850888,10.4,13.5,0.29807692307692313,0.006818244051150613,0.2912586790257725,-0.008320787,0.005,1
2023-11-27,10.4,10.9,10.3,10.6,36450926,0.019230769230769162,0.08163265306122436,0.13247863247863245,0.12765957446808507,0.1777777777777778,0.2725090036014406,9.884,8.952,8.552999999999999,9.510563998012595,9.05723225263749,0.45333174537510423,0.2772037567920925,0.1761279885830117,0.042767145790104176,0.01661584797952941,78.75082125282675,8.952,0.7106749941920091,10.373349988384017,7.530650011615982,0.31754914843253307,1.079730542606775,0.41128064678554066,0.038800061017503835,27.84119285277717,41.726395356157276,9.768665050297697,88.67924528301884,91.7890260290663,1504194260.0,1304648213.1,0.36756726758671787,-0.023490025686875374,0.23852489695631673,19778553.95,1.1625176403767756,1.8429520222837121,0.05660377358490563,0.18409294012511168,0.23933122880860536,0.0,11.0,0.00943396226415083,1.0,1095.59,1088.06,-0.00689113827000476,-0.014134787887574163,0.043802762854949995,0.23096142212534496,0.026121907500773922,0.14179436235565923,0.2287062407464906,0.21910867539854584,0.7262833066382108,0.3852909315845843,10.6,12.2,0.15094339622641506,0.029294506705860757,0.1216488895205543,10.6,10.7,10.6,13.0,0.2264150943396226,0.03389674811684751,0.19251834622277508,10.6,13.75,0.2971698113207548,0.026694837405842442,0.2704749739149124,0.018972358,0.005,1
2023-11-28,10.6,10.75,10.4,10.7,20232179,0.00943396226415083,0.028846153846153744,0.09183673469387732,0.1555075593952484,0.20224719101123578,0.33250311332503113,10.172,9.0855,8.578,9.693554152164504,9.17891875244212,0.5146353997223834,0.3246900853781507,0.18994531434423267,0.04809676632919471,0.017751898536844175,79.50534323141247,9.0855,0.7761271938632354,10.63775438772647,7.533245612273529,0.34169927636926334,1.0200500680705749,0.4069034577294306,0.038028360535460805,30.28537891220017,39.16274084772699,9.168481833324806,92.03187250996012,92.81622478468836,1524426439.0,1320616368.7,0.320617303338651,0.39193372116064723,0.28408253697822383,20365357.9,-0.009449581030912141,0.9934605175782352,0.032710280373831745,0.1777007319355015,0.24737701095826536,1.0,11.0,0.027397260273972712,1.0,1088.6,1095.43,0.006773523518923685,-0.013534931469841305,0.06539647341444677,0.22359614218141155,0.002660438745227145,0.1690424908650897,0.26710663991058436,0.25071102315041927,0.7340685442563145,0.3885564982991349,10.95,11.9,0.08675799086757996,0.017033027121609923,0.06972496374597004,10.95,11.25,10.95,13.1,0.19634703196347036,0.02765930300379127,0.1686877289596791,10.95,13.65,0.24657534246575352,0.022756270049577143,0.22381907241617638,0.01816517,0.005,1
2023-11-29,10.95,11.35,10.85,11.25,38118967,0.05140186915887868,0.061320754716981174,0.08173076923076916,0.2019230769230771,0.2527839643652561,0.3786764705882353,10.55,9.239999999999998,8.613166666666666,9.933007359523812,9.332332178187148,0.6006751813366638,0.3798871045698533,0.22078807676681045,0.05339334945214789,0.019625606823716484,83.06672193975336,9.239999999999998,0.8824666387022447,11.004933277404488,7.475066722595509,0.3820201899143918,1.0694266252818085,0.42426749646304274,0.03771266635227047,33.070094454774924,44.97851555471516,8.165153703692416,96.62162162162163,92.44424647153356,1562545406.0,1338196311.9,0.34620726464912854,0.321488897737545,-0.3262384839066302,21977145.5,1.1372945154898924,1.7344821692152879,0.044444444444444446,0.2175324675324677,0.3061398246870102,2.0,11.0,-0.017621145374449254,0.0,1097.28,1102.8,0.006727951580657754,-0.009893878723671645,0.06073139295538921,0.22207126297818716,0.04467391757822092,0.21181695564674874,0.3179450776328461,0.29974136689496267,0.7788830944948062,0.4015949892852012,11.35,12.6,0.11013215859030834,0.022400726117540293,0.08773143247276805,11.35,11.15,11.35,13.55,0.1938325991189429,0.01130020422055833,0.18253239489838458,11.35,13.85,0.22026431718061668,0.018370773769003756,0.20189354341161292,0.025782956,0.005,1
2023-11-30,11.35,11.35,10.9,11.15,26070560,-0.008888888888888835,0.0420560747663552,0.051886792452830344,0.1377551020408163,0.23888888888888893,0.34014423076923084,10.82,9.381499999999999,8.645166666666666,10.120236996520148,9.466974239062173,0.6532627574579752,0.4345622351474777,0.21870052231049752,0.05858858811282289,0.019614396619775563,80.33337039877686,9.381499999999999,0.9513827886438238,11.284265577287647,7.478734422712352,0.4056420779806316,0.9647183082113986,0.42610553242996824,0.03821574281883123,35.65590174430863,41.58560490244477,7.549223261413097,92.2480620155039,93.63385204902859,1536474846.0,1354077329.4,0.35731232541672003,0.42056234423554006,-0.493697610280048,22885275.8,0.23045371817811508,1.139184872746869,0.04035874439461877,0.18850930021851542,0.2897380038942763,3.0,11.0,0.058295964125560484,1.0,1101.75,1094.13,-0.007861806311207697,0.005181489953973051,0.017350553711400707,0.19138995345922188,-0.0010270825776811376,0.13257361208684326,0.32279367705783013,0.31728854511382054,0.7827160214061506,0.4036154140005662,11.15,12.4,0.11210762331838575,0.02029694863443643,0.09181067468394932,11.15,11.8,11.15,13.45,0.20627802690582953,0.009961971651594848,0.19631605525423468,11.15,13.7,0.22869955156950672,0.027065630742917346,0.20163392082658937,0.02943296,0.005,1
2023-12-01,11.15,11.8,11.0,11.8,27286666,0.058295964125560484,0.04888888888888898,0.10280373831775713,0.13461538461538458,0.29385964912280715,0.4390243902439026,11.1,9.5615,8.688666666666668,10.378662073978587,9.639790962094605,0.7388711118839826,0.4954240104947787,0.2434471013892039,0.0626161959223714,0.02063111028722067,84.01526876965252,9.5615,1.0513814221005722,11.664262844201145,7.458737155798856,0.4398395323330324,1.0322759069509864,0.452812280113542,0.038373922043520504,38.3684144328228,43.436185089748655,6.596545506608623,100.0,96.28989454570855,1563761512.0,1371724369.75,0.37091696419547854,0.3419298409063201,-0.7078853337489042,23847919.55,0.25668191319819356,1.1441948192918991,0.06779661016949158,0.23411598598546246,0.35809099976981495,4.0,12.0,0.016666666666666607,1.0,1099.18,1102.16,0.007339164450293811,0.005978404724308994,0.02357027433644765,0.19274095450397405,0.05095679967526667,0.1286369798910756,0.41545411590745496,0.40588724225777506,0.818816729844749,0.41100682464739013,12.0,12.15,0.012499999999999956,0.015075739794536691,-0.0025757397945367355,12.0,12.2,12.0,13.05,0.08750000000000013,-0.004910899669597568,0.0924108996695977,12.0,13.2,0.09999999999999987,0.020031776409626945,0.07996822359037292,0.0188541,0.005,1
2023-12-04,12.0,12.2,11.7,12.2,29771629,0.03389830508474567,0.09417040358744377,0.08444444444444432,0.15094339622641506,0.2978723404255319,0.469879518072289,11.42,9.756499999999999,8.743666666666666,10.658867908751112,9.829436076013522,0.8294318327375905,0.562225574943341,0.26720625779424945,0.06798621579816316,0.02190215227821717,85.77961759166736,9.756499999999999,1.1610443347994064,12.078588669598812,7.434411330401186,0.47600854191540265,1.0261426990258222,0.4561828315340033,0.03739203537163962,41.1123933207032,46.29874466507899,6.080105836667324,100.0,97.41602067183466,1593533141.0,1390507900.45,0.373920387067237,0.1972262224874955,-0.8477516272417013,24984409.9,0.3725725769491086,1.1916082516721758,0.04098360655737705,0.2504484190027161,0.39529564256032934,0.0,12.0,-0.024590163934426146,0.0,1107.74,1120.49,0.016630979168178683,0.029805341617190395,0.02829322908063059,0.1968561657063077,0.01726732591656699,0.12113805460922467,0.4415862889916584,0.4294361535244853,0.8121874501994645,0.41271161979284426,12.2,13.0,0.06557377049180335,0.0028691592116050213,0.06270461128019833,12.2,11.9,12.2,13.3,0.09016393442622972,-0.027087714295897514,0.11725164872212723,12.2,13.6,0.11475409836065587,0.00841144812346295,0.10634265023719291,0.013537667,0.005,1
2023-12-05,12.2,12.25,11.85,11.9,12552578,-0.024590163934426146,0.008474576271186418,0.06726457399103136,0.11214953271028039,0.28509719222462215,0.4200477326968972,11.66,9.932500000000001,8.792499999999999,10.849811307404787,9.982811181494002,0.8670001259107849,0.6231804851368299,0.24381964077395502,0.07285715343788109,0.020489045443189496,78.75825879598045,9.932500000000001,1.2072756411381713,12.347051282276343,7.517948717723659,0.4861920528117477,0.9074255979655812,0.4521697721387174,0.037997459843589695,43.68664334490194,44.16309014214463,5.695919806722419,89.70588235294119,96.56862745098043,1580980563.0,1408294129.25,0.40461992539093156,0.07653160029045387,-0.9309578191593411,25242365.8,-1.0131524481353809,0.49728215253104363,0.03361344537815129,0.1980870878429397,0.3534262155245951,1.0,12.0,0.05882352941176472,1.0,1122.28,1115.97,-0.004033949432837414,0.01875062760742363,0.03302816836219913,0.19441131248486973,-0.020556214501588732,0.09339890510285676,0.3870195643346981,0.37464570298048416,0.8393081956771469,0.4162541806770608,11.9,13.1,0.10084033613445365,0.008559469080371418,0.09228086705408223,11.9,12.6,11.9,12.4,0.04201680672268915,-0.01946228288285068,0.06147908960553983,11.9,13.7,0.15126050420168058,0.02335295064665588,0.1279075535550247,0.022548957,0.005,1
2023-12-06,11.9,12.7,11.9,12.6,34478441,0.05882352941176472,0.032786885245901676,0.06779661016949134,0.11999999999999988,0.34615384615384626,0.46002317497103107,11.93,10.131,8.856333333333334,11.119071106265588,10.176677019901854,0.9423940863637341,0.6870232053822107,0.2553708809815234,0.07479318145743921,0.02026753023662884,82.38198588648693,10.131,1.3043203513511308,12.739640702702262,7.522359297297738,0.5149818779394456,0.9732349682043966,0.4770147884145232,0.03785831654083518,46.294245053067876,45.6110128902038,5.013590579793152,97.36842105263159,95.69143446852429,1615459004.0,1427121830.15,0.42826719270549785,0.08305975777534899,-1.1305183550196256,26283837.9,0.6621678784448858,1.3117734606025706,0.0634920634920634,0.24370743263251393,0.4227106778576535,2.0,12.0,-0.027450980392156876,0.0,1118.06,1126.43,0.00937301181931427,0.021427276024664543,0.01167563295402485,0.16473457237427638,0.04945051759245045,0.09857272397533534,0.4483475420170062,0.4431732142325713,0.8706428616289755,0.4249696433477234,12.75,13.55,0.06274509803921569,-0.012820399230953239,0.07556549727016892,12.75,12.4,12.75,12.5,-0.019607843137254943,-0.024728219940283735,0.005120376803028792,12.75,13.3,0.04313725490196085,0.019536268351245223,0.02360098655071563,0.019087903,0.005,1
2023-12-07,12.75,12.8,11.75,12.4,38366712,-0.015873015873015817,0.04201680672268915,0.016393442622950838,0.11210762331838575,0.26530612244897944,0.45882352941176485,12.18,10.326,8.921333333333333,11.316137089917037,10.341367611020235,0.9747694788968015,0.7445724600851289,0.23019701881167265,0.07861044184651625,0.01856427571061876,78.27336550794539,10.326,1.3387244518182606,13.00344890363652,7.648551096363479,0.5185839441480768,0.8873089785547515,0.5179423035277716,0.041769540607078354,48.128649116069774,39.00636611108265,6.356229080660074,89.74358974358974,92.27263104972087,1577092292.0,1444575052.1,0.4291407445311196,0.07878414948550072,-1.1308753461540382,27658316.85,0.8851626940593966,1.3871672744250885,0.08467741935483876,0.20085221770288597,0.3899267672993574,3.0,12.0,-0.012195121951219523,0.0,1128.67,1121.49,-0.004385536606802076,0.025006169285185287,0.006822935837470512,0.1656969618556221,-0.01148747926621374,0.08710145403320046,0.45200059357429434,0.4489375216689142,0.8511497563924892,0.4174393048013225,12.3,13.45,0.09349593495934938,-0.010658681567431993,0.10415461652678137,12.3,12.15,12.3,13.35,0.08536585365853644,-0.017520876222049786,0.10288672988058623,12.3,13.1,0.06504065040650397,0.02904401607714191,0.035996634329362065,0.026209213,0.005,1
2023-12-08,12.3,12.4,11.95,12.15,9957010,-0.020161290322580627,-0.0357142857142857,0.021008403361344463,0.029661016949152463,0.16826923076923084,0.39655172413793127,12.25,10.4985,8.982000000000001,11.444423691468263,10.475340380574291,0.9690833108939714,0.7894746302468975,0.17960868064707392,0.07975994328345443,0.01478260746066452,73.34897479542585,10.4985,1.3404526925833653,13.179405385166731,7.817594614833269,0.510721605022952,0.8080116159894412,0.5130892818472166,0.042229570522404655,49.832024317428676,36.5627834873009,5.958038413781618,81.69014084507042,89.60071721376396,1567135282.0,1459218925.0,0.45103122932707707,0.16662026398059304,-1.2793694435679737,25844668.8,-1.3368956502027216,0.38526359447871894,0.037037037037037125,0.15730818688384063,0.3527054108216432,4.0,12.0,0.08333333333333326,1.0,1122.09,1124.44,0.00263042916120515,0.020214850838353726,0.020659356618981883,0.16028014900411947,-0.022791719483785777,0.009446166110798737,0.3758923675189494,0.36828385991985013,0.8443660201837482,0.4112721219667244,12.0,13.05,0.08750000000000013,-0.022714376906163625,0.11021437690616376,12.0,13.0,12.0,13.5,0.125,-0.0220405702532096,0.1470405702532096,12.0,12.85,0.0708333333333333,0.028610185119511966,0.04222314821382134,0.018126942,0.005,1
2023-12-11,12.0,13.0,12.0,13.0,26123869,0.06995884773662553,0.048387096774193505,0.031746031746031855,0.06557377049180335,0.2264150943396226,0.4444444444444444,12.41,10.6985,9.058,11.683743123550068,10.662352204235455,1.0213909193146122,0.8358578880604405,0.18553303125417175,0.07856853225497017,0.014271771634936288,78.33879324200612,10.6985,1.4020934536017695,13.502686907203538,7.894313092796461,0.5242205743241648,0.9103685089763079,0.5478686188581297,0.042143739912163816,51.76325267158613,39.6184191564023,5.1812569779330815,100.00000000000001,90.4779101962201,1593259151.0,1474135931.9,0.4853197310861775,0.22983712011187712,-1.3145652242180736,26117802.8,0.000513162848838957,1.0002322630294154,0.07692307692307693,0.21512361546011127,0.4351954073746964,0.0,12.0,0.007692307692307665,1.0,1127.92,1125.5,0.0009426914730887859,0.004471258110291032,0.023116710754770287,0.1600031596219574,0.06901615626353674,0.06110251238151232,0.42132773368967413,0.411808085295424,0.8502037797461741,0.3976068702264443,13.0,13.3,0.023076923076923217,-0.031634960755620445,0.05471188383254366,13.0,13.1,13.0,13.75,0.05769230769230771,-0.008771229657221324,0.06646353734952903,13.0,13.35,0.026923076923076827,0.02752871269566759,-0.0006056357725907624,0.0061646136,0.005,1
2023-12-12,13.0,13.5,12.9,13.1,21409421,0.007692307692307665,0.07818930041152261,0.056451612903225756,0.10084033613445365,0.22429906542056077,0.4719101123595504,12.65,10.9085,9.138,11.901628796850057,10.842918707625422,1.0587100892246344,0.8804283282932793,0.17828176093135506,0.0808175640629492,0.013609294727584357,78.84071674714612,10.9085,1.4327385444816718,13.773977088963344,8.043022911036656,0.5253659236308097,0.8823970550036448,0.5515922889396918,0.04210628159844976,53.78036494724044,43.01494292846197,4.778688133271214,90.33816425120771,90.67610169875941,1614668572.0,1490871531.9,0.4743163515284211,0.19791761583317835,-1.212701436344521,26440151.8,-0.43418644622335256,0.8097313949612044,0.045801526717557224,0.20089838199569132,0.4335740862333115,1.0,12.0,0.0037037037037037646,1.0,1127.55,1127.63,0.0018924922256775556,0.010448309542371303,0.01613004965171716,0.15751860409741836,0.005799815466630109,0.09039202659208234,0.4557800627078332,0.44854500943462283,0.8513236437024819,0.4004747827734703,13.5,12.4,-0.08148148148148149,-0.029771492291626234,-0.051709989189855254,13.5,13.55,13.5,13.65,0.011111111111111072,-0.006805671097580457,0.01791678220869153,13.5,13.25,-0.01851851851851849,0.027966086694868775,-0.046484605213387264,0.027474226,0.005,1
2023-12-13,13.5,13.8,13.2,13.55,27667140,0.03435114503816794,0.04230769230769238,0.11522633744855959,0.07539682539682557,0.20444444444444443,0.5089086859688197,12.84,11.137,9.222166666666668,12.155224366565433,11.043443247801317,1.1117811187641156,0.9266988863874467,0.18508223237666888,0.08205026706746239,0.013659205341451576,80.97687730792778,11.137,1.4728457953375347,14.08269159067507,8.19130840932493,0.5289919351126999,0.9095812351229561,0.5621928397297139,0.04149024647451763,55.768368276802626,43.00090859182804,4.353683775730065,93.93203883495146,94.75673436205311,1642335712.0,1507823508.25,0.4750995883119065,0.06501200449987081,-1.2538034188254281,26656528.15,0.08737775604804938,1.0379123584404222,0.044280442804428145,0.21666517015354225,0.4692859595539731,2.0,12.0,-0.0073800738007381295,0.0,1129.94,1114.2,-0.011909934996408467,-0.010857310263398534,-0.007394209354120274,0.15842952994453036,0.04626108003457641,0.08625413566022411,0.5163028953229399,0.5201489858194221,0.8146658808811172,0.38065203746274073,13.55,12.5,-0.07749077490774914,-0.0168450009824761,-0.06064577392527304,13.55,13.45,13.55,13.85,0.022140221402213944,0.002116789625051352,0.020023431777162592,13.55,14.1,0.040590405904058935,0.038048623640163814,0.0025417822638951204,0.0051919846,0.005,1
2023-12-14,13.55,13.85,13.25,13.45,13954319,-0.0073800738007381295,0.026717557251908275,0.03461538461538449,0.08467741935483852,0.20627802690582953,0.49444444444444446,13.05,11.3595,9.305333333333332,12.354420617863058,11.221706710927146,1.132713906935912,0.9679018904971398,0.1648120164387722,0.0842166473558299,0.012253681519611316,79.06659245473986,11.3595,1.4691439505268933,14.297787901053788,8.421212098946214,0.5173269776053149,0.8557343715791537,0.5648933511775914,0.04199950566376145,57.633075889668966,40.37076040143631,4.023379927858029,88.73239436619718,91.00086581745215,1628381393.0,1523655638.25,0.4813703211220982,0.08067905553430914,-1.3204084153666675,26932113.7,-1.162052202733567,0.5181293661328928,0.04460966542750927,0.1840309872793695,0.4454076515260068,3.0,12.0,-0.04744525547445244,0.0,1119.62,1110.13,-0.0036528450906478938,-0.010129381447895103,-0.013682442937993589,0.15842662161701326,-0.0037272287100902357,0.09480680080273363,0.508126887382438,0.5151757501874155,0.813067820733781,0.3782797078820477,13.7,13.35,-0.025547445255474477,-0.006381195302430753,-0.019166249953043724,13.7,13.05,13.7,13.7,0.0,0.017503222143108177,-0.017503222143108177,13.7,13.8,0.007299270072992803,0.040729691485430486,-0.03343042141243768,-0.008141128,0.005,1
2023-12-15,13.7,13.7,12.8,13.05,33883568,-0.029739776951672736,-0.03690036900368998,-0.003816793893129722,0.07407407407407418,0.10593220338983045,0.4309210526315792,13.23,11.556000000000001,9.388333333333334,12.461432830499511,11.357135843451061,1.1042969870484498,0.9951809098074018,0.10911607724104799,0.08462045877765899,0.008361385229199079,71.77297883066139,11.556000000000001,1.4156917594928915,14.387383518985784,8.724616481014218,0.4900283002744518,0.7638286177026203,0.588829540379192,0.045121037576949574,57.78891691592572,35.96326554818477,9.04289688326959,76.81159420289859,86.49200913468245,1594497825.0,1536061711.65,0.5133536558012384,0.06740321600337033,-1.4101803727030413,26894413.9,0.6272880225721887,1.2598738208606213,0.0689655172413792,0.12928348909657328,0.39002307828865623,4.0,12.0,-0.0037453183520598232,0.0,1109.51,1102.3,-0.007053228000324374,-0.01968980114545915,0.001008000435891887,0.1402254446844647,-0.022686548951348362,0.09376387521953333,0.4299130521956873,0.4294801360313607,0.7751253190416755,0.36278800984877857,13.35,13.5,0.011235955056179803,-0.00033531805370534684,0.01157127310988515,13.35,13.3,13.35,13.2,-0.011235955056179803,0.024016022765376954,-0.03525197782155676,13.35,13.3,-0.0037453183520598232,0.04593857335762097,-0.049683891709680794,0.017447287,0.005,1
2023-12-18,13.35,13.7,12.95,13.3,24022737,0.019157088122605304,-0.011152416356877248,-0.01845018450184499,0.023076923076923217,0.09016393442622972,0.4148936170212767,13.290000000000001,11.751,9.484833333333334,12.590443164268818,11.501051706899132,1.0893914573696861,1.0140230193198587,0.0753684380498274,0.0819091321330591,0.005666799853370481,73.42311043835073,11.751,1.3709808244661812,14.492961648932361,9.009038351067638,0.46667715920898,0.782462010473986,0.6003417160663925,0.045138474892209964,57.93362644030699,32.75408740855199,8.23595495087305,81.6666666666667,82.40355174525418,1618520562.0,1548215529.65,0.5113653014657163,0.12480264642831973,-1.3699232099102487,26642158.5,-0.23498531214258822,0.9016813333649374,0.05639097744360902,0.1318185686324569,0.40223866172310174,0.0,12.0,-0.057034220532319435,0.0,1103.43,1091.88,-0.009452961988569264,-0.029871168369613454,-0.010673577007411672,0.1439377478578141,0.028610050111174568,0.05294809144653667,0.42556719402868837,0.4301585241617232,0.5986921805903566,0.2850156170308954,13.15,13.75,0.04562737642585546,0.0241922181698222,0.02143515825603326,13.15,12.4,13.15,13.6,0.034220532319391594,0.03707640708905302,-0.002855874769661426,13.15,13.5,0.026615969581748944,0.0658504847607353,-0.03923451517898635,0.007705557,0.005,1
2023-12-19,13.15,13.2,12.4,12.4,22285558,-0.06766917293233088,-0.04980842911877392,-0.07806691449814118,-0.05343511450381677,0.04201680672268915,0.3390928725701945,13.15,11.908,9.566333333333331,12.56114421591977,11.567640469351048,0.993503746568722,1.0099191647696315,-0.016415418200909526,0.08012126988457435,-0.0013238240484604456,59.856991939325844,11.908,1.2446796248120993,14.397359249624198,9.4186407503758,0.41809863110920376,0.5988206101779554,0.6217458792045074,0.050140796710040916,56.39332191974662,29.36746278382665,13.703007158888614,50.84745762711866,69.77523949889468,1596235004.0,1559760002.65,0.5853377691625202,-0.36944843337362315,-0.390386126125311,27251503.5,-0.47249114675014026,0.8177735221104406,0.06451612903225798,0.04131676184077948,0.2962124115822855,1.0,12.0,0.05932203389830493,1.0,1091.26,1096.3,0.0040480638898046095,-0.027783936220214245,-0.012751472362804717,0.14283237775469024,-0.07171723682213549,-0.025651178283602527,0.3518443449329992,0.3563888272136262,0.5603871117378038,0.24992037449886165,11.8,13.65,0.15677966101694918,0.02199253255623357,0.1347871284607156,11.8,12.5,11.8,13.7,0.16101694915254217,0.04195428467352724,0.11906266447901492,11.8,13.5,0.14406779661016933,0.058674073399508364,0.08539372321066097,0.06504157,0.005,1
2023-12-20,11.8,12.6,11.8,12.5,27779769,0.008064516129032251,-0.06015037593984962,-0.04214559386973182,-0.07749077490774914,-0.007936507936507908,0.3354700854700856,12.940000000000001,12.065000000000001,9.643833333333333,12.551737413470574,11.636704138288007,0.9150332751825676,0.9909419868522188,-0.07590871166965119,0.0732026620146054,-0.0060726969335720945,60.725307912925444,12.065000000000001,1.0954571264046833,14.255914252809369,9.874085747190634,0.36318512272016035,0.5992736250271334,0.6344783164041854,0.05075826531233483,53.53102845875206,26.722548549381262,19.22358243253599,52.631578947368425,61.71523441371797,1624014773.0,1571935785.4,0.5857000509833311,-0.35675064715042126,-0.4047223417969099,27882813.25,-0.010185195555394025,0.996304381158526,0.06399999999999992,0.03605470368835473,0.29616507958453586,2.0,12.0,0.08536585365853644,1.0,1098.1,1100.76,0.004068229499224696,-0.012062466343564893,-0.011725413442028265,0.14323101033991162,0.003996286629807555,-0.06542830856418425,0.3471954989121139,0.35131481031132195,0.5184554985447807,0.23210201113070703,12.3,13.85,0.1260162601626016,0.0235080549524731,0.10250820521012849,12.3,13.35,12.3,13.3,0.08130081300813008,0.04971629782342957,0.03158451518470051,12.3,13.4,0.08943089430894302,0.06644651621024966,0.02298437809869336,0.059353586,0.005,1
2023-12-21,12.3,13.35,12.2,13.35,25707681,0.06800000000000006,0.0766129032258065,0.003759398496240518,-0.0074349442379182396,0.0766129032258065,0.36224489795918347,12.919999999999998,12.2425,9.736333333333333,12.67454704216741,11.763614942859265,0.9109320993081447,0.9749400093434041,-0.06400791003525941,0.06823461418038537,-0.004794600002641154,67.2165292362402,12.2425,0.9918450377698615,14.226190075539723,10.258809924460277,0.3240661752974839,0.7791514696918245,0.6713012938038865,0.05028474110890536,51.86064086108512,31.43291690163075,16.871315276037624,76.74418604651163,60.074407540332935,1649722454.0,1582749076.25,0.6052287153018057,-0.2938084980172332,-0.5258563703540327,26520321.35,-0.09886879655415377,0.9693578241652792,0.08614232209737831,0.09046354911170096,0.3711527268992434,3.0,12.0,0.018867924528301883,1.0,1096.22,1102.43,0.001517133616773858,-0.006936124598020066,0.012806732262124587,0.11683486607773258,0.0664828663832262,-0.0004988196398981737,0.3494381656970589,0.34501959215514066,0.5300226438357233,0.23011186094295952,13.25,13.7,0.03396226415094339,0.02343438372556861,0.01052788042537478,13.25,13.5,13.25,13.1,-0.01132075471698113,0.0467781121949451,-0.05809886691192623,13.25,13.7,0.03396226415094339,0.07109185190557366,-0.03712958775463027,0.038789574,0.005,1
2023-12-22,13.25,13.7,13.25,13.5,21607813,0.011235955056179803,0.08000000000000007,0.08870967741935476,0.0344827586206895,0.11111111111111116,0.29807692307692313,13.010000000000002,12.397499999999999,9.832666666666666,12.801539804910885,11.892236058203023,0.9093037467078613,0.9618127568162955,-0.05250901010843423,0.06735583308947121,-0.0038895563043284615,68.21490528744442,12.397499999999999,0.9289885558194096,14.255477111638818,10.53952288836118,0.2997341579574623,0.7966936441503164,0.6554940585321802,0.04855511544682817,50.69208147237016,33.70548706921291,16.044012160668263,83.33333333333334,70.90303277573783,1671330267.0,1592928422.9,0.5815203623652916,-0.21171194135331964,-0.2772441181158631,25886377.15,-0.5297509692300661,0.8347175379077717,0.03333333333333328,0.08892921960072608,0.37297443894501314,4.0,12.0,-0.0072202166064981865,0.0,1103.08,1103.06,0.0005714648549113299,0.0006894674770934195,0.006799864915435272,0.1147538762985353,0.010664490201268473,0.03379329114359608,0.29127705816148786,0.2893097906662445,0.5345388268373655,0.23287684545489712,13.85,13.2,-0.04693140794223827,0.02323707064395486,-0.07016847858619313,13.85,13.75,13.85,12.85,-0.07220216606498198,0.05063978918199363,-0.12284195524697561,13.85,14.0,0.010830324909747224,0.07116918869479383,-0.060338863785046604,0.034923986,0.005,1
2023-12-25,13.85,14.05,13.55,13.75,22420690,0.0185185185185186,0.029962546816479474,0.10000000000000009,0.03383458646616533,0.05769230769230771,0.2971698113207548,13.1,12.555,9.930166666666667,12.947456758001518,12.029848202039837,0.9176085559616816,0.9529719166453727,-0.03536336068369117,0.06673516770630411,-0.0025718807769957216,69.8622463935767,12.555,0.8735740260268117,14.302148052053623,10.807851947946377,0.2783190843574071,0.8419859005638876,0.6479587686370246,0.0471242740826927,49.958341988252215,35.52019492108977,15.071264343602108,86.95652173913041,82.34468037299183,1693750957.0,1602406257.75,0.5814370146768685,-0.20862857464002313,-0.2763987878980315,25184865.35,-0.35843794429258824,0.8902445849288608,0.03636363636363636,0.0951812027080845,0.38466960943925077,0.0,12.0,-0.010869565217391353,0.0,1104.27,1117.66,0.013235907384911094,0.02361065318533173,0.027204382111280845,0.11999734073433045,0.0052826111336075066,0.010223933280833597,0.269965429209474,0.26281569073390854,0.5345032503049437,0.23521450581890638,13.8,13.6,-0.01449275362318847,0.010365053432252358,-0.024857807055440828,13.8,13.65,13.8,13.35,-0.03260869565217395,0.034353768826276054,-0.06696246447845,13.8,14.65,0.061594202898550776,0.05123603931756704,0.010358163580983737,0.034573533,0.005,1
2023-12-26,13.8,13.9,13.3,13.65,17497032,-0.0072727272727272085,0.011111111111111072,0.022471910112359605,0.10080645161290325,0.041984732824427606,0.27570093457943945,13.35,12.7025,10.030166666666666,13.055540333693592,12.149859446333183,0.9056808873604094,0.9435137107883801,-0.037832823427970674,0.06635024815827174,-0.0027716354159685475,68.33658563369752,12.7025,0.7888157346042334,14.280131469208467,11.124868530791534,0.2483970036147949,0.8002919308130252,0.6445331423058086,0.04721854522386876,48.721218274392825,33.15833954372203,16.83968070870187,82.6086956521739,84.29951690821258,1676253925.0,1609997632.05,0.5860786075839065,-0.13894676268710685,-0.3907428031054797,25048108.0,-0.9646780694988858,0.6985370711432576,0.04395604395604393,0.07459161582365681,0.36089463451920056,1.0,12.0,0.0036231884057971175,1.0,1120.11,1122.25,0.004106794552905191,0.023670528140107727,0.02448353614562304,0.1187717626785039,-0.0113795218256324,0.07713592347279552,0.2512173984338164,0.2452136999477439,0.4430069061196911,0.18785991784616324,13.8,13.7,-0.007246376811594346,0.01859732212805354,-0.025843698939647886,13.8,13.85,13.8,13.25,-0.03985507246376818,0.034060964318780806,-0.07391603678254899,13.8,14.3,0.03623188405797095,0.044236521615269586,-0.008004637557298633,0.037946574,0.005,1
2023-12-27,13.8,14.05,13.65,13.85,19870707,0.0146520146520146,0.0072727272727273196,0.025925925925925908,0.10799999999999987,0.022140221402213944,0.23111111111111104,13.62,12.832500000000001,10.132333333333332,13.177764897740731,12.275795783641836,0.901969114098895,0.9352047914504831,-0.033235677351588055,0.06512412376165307,-0.0023996878954215205,69.75900039854253,12.832500000000001,0.750135952591089,14.33277190518218,11.332228094817824,0.23382379196293437,0.8391051970264162,0.6270664892839651,0.04527555879306608,47.73878442979875,33.356161375581664,16.072403645174308,91.11111111111106,86.89210950080515,1696124632.0,1616676593.35,0.5682986556380091,-0.053942028686283436,-0.10997092498988137,24135695.0,-0.5868760799541499,0.8232912704606186,0.028880866425992805,0.07929086304305466,0.3669112083429287,2.0,12.0,-0.010830324909747335,0.0,1123.28,1121.99,-0.00023167743372687344,0.01928667466114331,0.017401160681900674,0.11706097986860528,0.014883692085741473,0.08871332533885656,0.21370995042921037,0.21005475390452077,0.4480608526067563,0.18908235755950908,13.85,13.3,-0.03971119133573997,0.024893789467121508,-0.06460498080286148,13.85,13.7,13.85,14.1,0.018050541516245522,0.03513631465037359,-0.01708577313412807,13.85,14.75,0.06498194945848379,0.04239514771502617,0.02258680174345762,0.01603915,0.005,1
2023-12-28,13.85,13.85,12.9,13.7,47108793,-0.010830324909747335,0.00366300366300365,-0.0036363636363636598,0.02621722846441954,0.018587360594795488,0.22869955156950672,13.690000000000001,12.959999999999999,10.225666666666667,13.258108759626772,12.38129239226096,0.8768163673658123,0.923527106633549,-0.04671073926773672,0.06400119469823447,-0.0034095430122435566,67.3164927367269,12.959999999999999,0.6604623579865144,14.280924715973027,11.639075284026971,0.20384640678596117,0.7801068036095065,0.6501331686208247,0.047454975811739034,45.31368620430226,29.874638024865096,22.634929098206452,84.44444444444439,86.05475040257647,1649015839.0,1622303643.0,0.5692432498516152,-0.047883472652771764,-0.1302668850523371,25187606.65,2.4627677015890366,1.8703163684668707,0.06934306569343061,0.057098765432098686,0.3397659484304201,3.0,12.0,-0.03649635036496346,0.0,1122.77,1128.93,0.006185438372890983,0.024037807389131194,0.03180609251185862,0.11370546646064997,-0.01701576328263832,0.002179421075288346,0.1968934590576481,0.19082409038535997,0.4979126326987774,0.2108512656649167,13.7,13.1,-0.04379562043795615,0.02026065827258683,-0.06405627871054298,13.7,13.2,13.7,13.8,0.007299270072992803,0.020278330019880775,-0.012979059946887972,13.7,14.7,0.07299270072992692,0.03880715705765403,0.03418554367227289,-0.009223184,0.005,1
2023-12-29,13.7,13.75,13.2,13.2,17772823,-0.03649635036496346,-0.04693140794223827,-0.03296703296703307,-0.022222222222222254,0.011494252873563093,0.11864406779661008,13.63,13.030000000000001,10.309,13.249168950453422,12.44193740024163,0.8072315502117924,0.9002679953491977,-0.09303644513740528,0.061153905319075184,-0.007048215540712522,59.80022975222011,13.030000000000001,0.6027131638649126,14.235426327729826,11.824573672270176,0.18502322758707976,0.5705144711415747,0.642980799433623,0.048710666623759315,43.061809280626946,28.04931681019149,21.25194945369323,62.22222222222216,79.25925925925924,1631243016.0,1625677718.2,0.5641114947348861,0.12065510392352118,-0.06976820583817811,24711914.5,-0.7679256903348594,0.7192005702350581,0.04166666666666672,0.013046815042210058,0.2804345717334369,4.0,12.0,0.007407407407407307,1.0,1131.75,1129.93,0.0008857945133888823,0.024359509002230162,0.025195978805255148,0.11166777619016195,-0.03738214487835234,-0.046581731224452416,0.09344808899135493,0.09115143925969904,0.49862347278981095,0.20520751752580393,13.5,12.85,-0.04814814814814816,0.020943514110472572,-0.06909166225862073,13.5,13.6,13.5,13.3,-0.014814814814814725,0.015602038032717536,-0.03041685284753226,13.5,14.7,0.0888888888888888,0.0345831976698141,0.05430569121907469,-8.2519604e-05,0.005,1
2024-01-02,13.5,13.6,13.1,13.6,21263051,0.030303030303030276,-0.007299270072992692,-0.018050541516245522,-0.01090909090909098,0.022556390977443552,0.11475409836065587,13.6,13.1,10.394833333333333,13.303142958075972,12.527719815038546,0.7754231430374254,0.8752990248868433,-0.09987588184941787,0.057016407576281285,-0.007343814841868961,63.327921894517495,13.1,0.58219186564428,14.264383731288559,11.93561626871144,0.1777685085936732,0.7147058510713978,0.6327678851883642,0.04652705038149737,40.77822609441248,26.466174969243777,21.18128771257826,79.99999999999994,75.55555555555553,1652506067.0,1628626364.5,0.5619116421778081,0.12946274753330048,-0.023612174218193383,24286485.6,-0.33647739838130847,0.8755095879331343,0.03676470588235294,0.03816793893129766,0.30834228543026176,1.0,1.0,0.011070110701106861,1.0,1136.39,1131.72,0.0015841689308186968,0.012579854338528706,0.010022400913885843,0.09586790331913851,0.02871886137221158,-0.023488945247619686,0.10473169744677002,0.1036924501397265,0.4865384930182787,0.19960786542401318,13.55,13.35,-0.014760147601476148,0.02482021706633164,-0.03958036466780779,13.55,13.7,13.55,13.5,-0.0036900369003690647,0.028827187248458674,-0.03251722414882774,13.55,14.95,0.10332103321033204,0.0434486479792664,0.05987238523106564,-0.015665144,0.005,1
2024-01-03,13.55,13.75,13.45,13.7,10087774,0.007352941176470562,0.037878787878787845,0.0,0.00366300366300365,0.10483870967741926,0.15126050420168058,13.61,13.190000000000001,10.482666666666667,13.364197887602746,12.61455538429495,0.7496425033077951,0.8501677205710337,-0.1005252172632386,0.05471843089837921,-0.007337607099506468,64.17434200693874,13.190000000000001,0.5230477486518168,14.236095497303635,12.143904502696367,0.1586194840490726,0.7437635958258829,0.6089987505320525,0.04445246354248559,38.891837842888314,27.29424932936108,20.435991049323093,84.44444444444439,75.55555555555553,1662593841.0,1632707028.4,0.5501360550590483,0.024587852968936126,0.22002855138060237,24163245.4,-1.534953504034644,0.417484234133549,0.021897810218978155,0.03866565579984815,0.30691935894174494,2.0,1.0,-0.022058823529411686,0.0,1130.53,1144.17,0.01100095429965009,0.019532189797282218,0.02526949649184118,0.1011148882135824,-0.0036480131231795276,-0.015869186134278568,0.1259910077098394,0.1228857467631117,0.48697278848542835,0.2009955863658783,13.6,13.25,-0.02573529411764708,0.014011471073514414,-0.03974676519116149,13.6,13.3,13.6,13.5,-0.007352941176470562,0.014875730036927326,-0.022228671213397888,13.6,14.2,0.044117647058823595,0.01642965019336695,0.027687996865456643,-0.008797497,0.005,1
2024-01-04,13.6,13.7,13.15,13.3,15860206,-0.029197080291970656,-0.022058823529411686,0.007575757575757791,-0.03971119133573997,0.06400000000000006,0.05555555555555558,13.5,13.225,10.564333333333334,13.354321289510017,12.665329059532361,0.6889922299776554,0.8179326224523581,-0.12894039247470268,0.051803927065989124,-0.009694766351481404,58.370828667100994,13.225,0.504584247831031,14.234168495662061,12.215831504337938,0.15261527344605844,0.5371593050726369,0.6047845540654773,0.045472522862065955,36.539337785855054,25.52126410083913,22.65168030319074,66.66666666666667,77.03703703703702,1646733635.0,1634270759.95,0.5298585778299045,0.1802015849010022,0.5106490271048099,23232333.65,-0.8180940212260616,0.6826781260521368,0.04135338345864653,0.005671077504725952,0.25895308112201443,3.0,1.0,-0.01872659176029967,0.0,1145.49,1150.72,0.00572467378099395,0.025606288826103718,0.021563701250854495,0.09801803588845555,-0.034921754072964606,-0.06531748016184369,0.033991854304701086,0.03327433645408484,0.4720355390746666,0.19249655697210186,13.35,14.1,0.05617977528089879,0.008547601898695856,0.047632173382202936,13.35,13.1,13.35,13.4,0.0037453183520599342,0.014483195501444834,-0.0107378771493849,13.35,14.35,0.07490636704119846,0.01791959179777347,0.05698677524342499,-0.0037869876,0.005,1
2024-01-05,13.35,13.45,12.6,13.1,34251975,-0.015037593984962516,-0.04379562043795615,-0.03676470588235292,-0.04379562043795615,-0.01872659176029967,0.056451612903225756,13.379999999999999,13.26,10.645666666666667,13.315194937277706,12.697526906974408,0.6176680303032978,0.777879704022546,-0.16021167371924827,0.04715023132086243,-0.012229898757194525,55.66044409026571,13.26,0.4672427521909742,14.194485504381948,12.325514495618052,0.1409480398766136,0.4143913954525056,0.6222999430608003,0.04750381244738933,34.46358209254924,23.031298710858852,26.754670938504674,57.77777777777773,69.62962962962963,1612481660.0,1636040228.35,0.5294671823080507,0.1778067798662903,0.5202502354105517,23026596.8,1.2919323135755905,1.4874961896236443,0.06488549618320608,-0.012066365007541435,0.23054764066756417,4.0,1.0,-0.02651515151515149,0.0,1152.37,1154.68,0.0034413236929922153,0.02280920871976111,0.029594557240813613,0.09614335088432856,-0.01847891767795473,-0.06660482915771726,0.026857055662412144,0.0260850792902263,0.46489042041002177,0.1902838186191178,13.2,13.8,0.045454545454545636,-0.004071001017750264,0.0495255464722959,13.2,12.85,13.2,13.7,0.037878787878787845,0.01904400476100121,0.018834783117786635,13.2,14.0,0.06060606060606055,0.011324627831156953,0.0492814327749036,-0.011683326,0.005,1
2024-01-08,13.2,13.3,12.85,12.85,15769102,-0.01908396946564883,-0.03383458646616544,-0.062043795620437936,-0.02651515151515149,-0.04814814814814816,0.057613168724279795,13.309999999999999,13.294999999999998,10.721166666666667,13.243626485388829,12.708821210161489,0.53480527522734,0.7292648182635049,-0.19445954303616486,0.04161908756632996,-0.015133038368573142,52.38594738858018,13.294999999999998,0.4012808440366734,14.097561688073345,12.492438311926652,0.12073135585909692,0.22276274421454212,0.6099928042707432,0.04747025714169208,32.536094663050974,21.817691371404024,25.34486485577781,46.666666666666615,57.03703703703704,1596712558.0,1637519092.15,0.5288481549447919,0.1757228713816235,0.5348291203939972,23317201.4,-0.9074437600646913,0.6762862201807804,0.03501945525291837,-0.03347122978563355,0.1985635891616273,0.0,1.0,0.03891050583657596,1.0,1159.42,1160.19,0.004771884851214159,0.026780420026019325,0.03179360392728814,0.09678254140142162,-0.02385585431686299,-0.053295571541170816,0.025819564796991656,0.02502396283395769,0.4492061354139529,0.1828153628609467,12.85,13.3,0.035019455252918386,-0.006533472209071189,0.041552927461989575,12.85,13.35,12.85,14.0,0.08949416342412464,0.018205920582589297,0.07128824284153534,12.85,13.35,0.03891050583657596,0.020960480670735304,0.017950025165840655,-0.0109300185,0.005,1
2024-01-09,12.85,13.4,12.8,13.35,16002239,0.03891050583657596,0.01908396946564883,0.003759398496240518,-0.018382352941176516,-0.029090909090909167,0.026923076923076827,13.26,13.3125,10.804833333333335,13.259991641482856,12.756315935334712,0.5036757061481438,0.6841469958404327,-0.18047128969228887,0.037728517314467705,-0.013518448666089054,57.740650284730066,13.3125,0.3953263142495742,14.10315262849915,12.52184737150085,0.11878349348344026,0.5237145863102889,0.6092790325371187,0.04563887884173174,30.546358841271672,21.455364440978837,23.562088105204378,68.88888888888884,57.777777777777764,1612714797.0,1638491874.45,0.486775634772401,-0.11435087539164683,0.6075149841642564,22811119.9,-0.8062458528267206,0.7015104506114144,0.04494382022471908,0.0028169014084507005,0.2355581606996866,1.0,1.0,-0.0074906367041198685,0.0,1161.71,1158.59,-0.001379084460303992,0.02374262184992748,0.029400266548200715,0.09733585289158332,0.04028959029687995,-0.042124974791104,-0.002477189625123888,-0.0024064396577537783,0.44148329330424674,0.17688121514917107,13.35,13.5,0.011235955056179803,0.003736656339802691,0.007499298716377112,13.35,13.25,13.35,14.65,0.09737827715355807,0.016146152452126916,0.08123212470143115,13.35,13.3,-0.0037453183520598232,0.02562155351703077,-0.029366871869090594,-0.018366063,0.005,1
2024-01-10,13.35,13.45,13.1,13.25,6546099,-0.0074906367041198685,0.031128404669260812,0.011450381679389388,-0.03284671532846706,-0.02930402930402931,0.011450381679389388,13.169999999999998,13.319999999999999,10.891833333333334,13.25845446587011,12.792885125309919,0.46556934056019017,0.6404314647843842,-0.174862124224194,0.035137308721523784,-0.013197141450882566,56.37511676536211,13.319999999999999,0.392495390521033,14.104990781042064,12.535009218957933,0.11786648363994977,0.45541348911953183,0.5907591016416102,0.04458559257672529,28.595347926362255,21.151956074719998,22.564977436924803,56.75675675675675,57.43743743743744,1606168698.0,1638066880.75,0.48731153819578704,-0.03355128529623131,0.580667846890093,22067953.8,-1.6879579695587024,0.29663370964642854,0.026415094339622615,-0.005255255255255165,0.21650778105920332,2.0,1.0,0.06818181818181812,1.0,1158.79,1161.54,0.0025461983963266377,0.01518131046959792,0.030071920754147996,0.09740132544586658,-0.010036835100446506,-0.04802802579806498,-0.01862153907475861,-0.01807790184313074,0.3620221817301314,0.14475251902404015,13.2,13.5,0.022727272727272707,3.4408898140991795e-05,0.022692863829131715,13.2,14.1,13.2,14.3,0.08333333333333348,0.009015131312957614,0.07431820202037587,13.2,13.15,-0.0037878787878786735,0.031002417225094447,-0.03479029601297312,-0.007230855,0.005,1
2024-01-11,13.2,14.15,13.2,14.1,35740731,0.0641509433962264,0.05617977528089879,0.09727626459143979,0.06015037593984962,0.018050541516245522,0.040590405904058935,13.329999999999998,13.3475,10.9985,13.3879230095824,12.889708449361036,0.49821456022136346,0.61198808387178,-0.1137735236504166,0.03533436597314635,-0.008069044230526,64.1385254108859,13.3475,0.4271924871225404,14.20188497424508,12.49311502575492,0.12802172305601509,0.9403752539450352,0.6164191658100667,0.04371767133404729,27.59409755922474,26.934853318424594,20.080961717696805,96.77419354838705,74.13994639801092,1641909429.0,1638045566.6,0.5244152060592916,0.17073359611486863,0.36665240167023583,22471633.35,1.3790780207187296,1.590482117758476,0.06737588652482278,0.056377598801273576,0.28199299904532427,3.0,1.0,-0.014285714285714235,0.0,1162.49,1162.22,0.0005854296881726562,0.00999374304783096,0.04309818704002866,0.08372196569061435,0.06356551370805374,0.05015663289201866,-0.002507781135969722,-0.002404165942504366,0.2698210240204918,0.10568772933942279,14.0,13.4,-0.042857142857142816,0.008462367910286872,-0.05131951076742969,14.0,13.8,14.0,14.75,0.0535714285714286,0.00959240888505497,0.04397901968637363,14.0,13.45,-0.03928571428571437,0.037308604701315584,-0.07659431898702995,-0.01853213,0.005,1
2024-01-12,14.0,14.0,13.6,13.8,12407690,-0.02127659574468077,0.04150943396226414,0.03370786516853941,0.05343511450381677,0.007299270072992803,0.02602230483271395,13.470000000000002,13.365,11.0955,13.451319469646645,12.95713745311207,0.49418201653457494,0.588426870404339,-0.09424485386976411,0.03581029105323007,-0.006829337236939428,60.07503521920874,13.365,0.43862824446610277,14.242256488932206,12.487743511067794,0.13127669119823507,0.7479320503684626,0.6081035111093477,0.04406547181951795,26.664365075454185,25.352953149271293,18.901594733126814,77.41935483870972,76.9834350479512,1629501739.0,1638101583.9,0.5301785436330043,0.21498183312728347,0.23612504503607912,22394301.9,-1.0295822254436662,0.5540556725280193,0.028985507246376836,0.032547699214365844,0.24374746518859003,4.0,1.0,-0.043165467625899234,0.0,1159.25,1154.7,-0.006470375660374117,1.732081615690717e-05,0.04014845108230558,0.0868402828272019,-0.014806220084306654,0.053417793687659865,-0.014126146249591631,-0.013580894376079677,0.35227551450307343,0.13619494789829814,13.9,13.7,-0.014388489208633115,0.019087952939958797,-0.03347644214859191,13.9,13.3,13.9,14.7,0.05755395683453224,0.014059359824732498,0.04349459700979974,13.9,12.75,-0.08273381294964033,0.0434115079741586,-0.12614532092379893,-0.004189588,0.005,1
2024-01-15,13.9,13.9,13.3,13.3,9740479,-0.036231884057971064,-0.05673758865248224,0.0037735849056603765,0.035019455252918386,0.007575757575757791,0.019157088122605304,13.559999999999999,13.377500000000001,11.181333333333333,13.428039551239468,12.982534678807472,0.44550487243199655,0.5598424708098706,-0.11433759837787405,0.033496606949774174,-0.00859681190811083,53.941172395449804,13.377500000000001,0.43270112451807247,14.242902249036145,12.512097750963857,0.1293817602745123,0.4552231346253621,0.6075246888872514,0.045678548036635444,25.154666994970846,23.56445771057741,21.095396600821854,45.1612903225807,73.11827956989252,1619761260.0,1639364755.65,0.5357742321562157,0.2043978591016748,0.15126190726645963,21187147.45,-1.1804481962998614,0.45973527219682425,0.04511278195488719,-0.005793309661745516,0.1894824707846412,0.0,1.0,0.00746268656716409,1.0,1159.37,1154.12,-0.0005022949683901601,-0.005231901671278072,0.047010795609180756,0.08069379592038634,-0.035729589089580904,0.04025135692419646,-0.027853707486575452,-0.026603075730818437,0.34699401809199604,0.12937077147897547,13.4,14.0,0.04477611940298498,0.028296720014604704,0.016479399388380278,13.4,13.5,13.4,14.7,0.09701492537313428,0.022063617633507615,0.07495130773962666,13.4,13.0,-0.02985074626865669,0.0649042432040059,-0.09475498947266259,-0.0012901232,0.005,1
2024-01-16,13.4,13.5,13.1,13.5,7356345,0.015037593984962294,-0.021739130434782705,-0.04255319148936165,0.011235955056179803,-0.007352941176470562,0.015037593984962294,13.59,13.3875,11.261166666666666,13.439110389510319,13.020865443340252,0.41824494617006636,0.5315229658819097,-0.11327801971184337,0.03098110712370862,-0.00839096442309951,55.88162999943626,13.3875,0.4331266376151851,14.25375327523037,12.521246724769629,0.12941225400266973,0.5649348194210767,0.5927014968238764,0.0439038145795464,23.36748336790808,22.428522971235456,22.488755341824827,58.06451612903225,60.21505376344092,1627117605.0,1639794607.8,0.5341695036448799,0.22200117690204813,0.1986226002024584,20353827.85,-1.2810324270307685,0.36142317082631703,0.029629629629629655,0.008403361344537785,0.19881007000458806,1.0,1.0,0.003717472118959231,1.0,1150.31,1163.12,0.007798149239247154,0.003909924995036951,0.06524526504744088,0.06983967844998328,0.00723944474571514,0.007326030061142852,-0.05020767106247859,-0.04713249869291147,0.4689749626467947,0.17897513078403182,13.45,14.65,0.08921933085501865,0.013382675674512567,0.07583665518050609,13.45,13.5,13.45,14.95,0.11152416356877315,0.015233013468737955,0.0962911501000352,13.45,12.6,-0.06319702602230481,0.058616980076595215,-0.12181400609890003,-0.005945252,0.005,2
2024-01-17,13.45,13.55,13.35,13.5,4916325,0.0,0.015037593984962294,-0.021739130434782705,0.018867924528301883,-0.014598540145985384,0.08870967741935476,13.64,13.4425,11.340833333333332,13.448478021893347,13.056356891981714,0.39212112991163295,0.5036425986878544,-0.11152146877622149,0.029046009623083922,-0.008260849538979369,55.88162999943626,13.4425,0.36572746540105117,14.173954930802104,12.711045069197898,0.10882721678290544,0.5393052241352352,0.5646513899078853,0.04182602888206558,21.790658669668556,22.493581495453746,21.919788472714572,58.06451612903225,53.7634408602151,1627117605.0,1641338737.85,0.4682581023255703,0.6923664356815913,0.1329019823795168,19485366.2,-1.3615569959700995,0.25230857606361023,0.014814814814814893,0.004277478147665992,0.1903887133514588,2.0,1.0,-0.011070110701107083,0.0,1161.95,1162.53,-0.0005072563450030376,0.000852316751898341,0.06041229590440578,0.07094697809104551,0.0005072563450030376,0.01801560777640354,0.028297381514948983,0.026685263481233568,0.48580380462055844,0.18411930445174918,13.55,14.3,0.05535055350553497,0.007429229077916766,0.047921324427618206,13.55,13.4,13.55,14.2,0.04797047970479684,-8.58870413633639e-06,0.04797906840893318,13.55,12.8,-0.05535055350553508,0.05644496358389439,-0.11179551708942947,-0.0056231013,0.005,2
2024-01-18,13.55,13.55,13.3,13.4,3918257,-0.007407407407407418,-0.007407407407407418,0.007518796992481258,-0.049645390070921946,0.007518796992481258,0.07200000000000006,13.5,13.4875,11.417666666666666,13.441019864678987,13.081811937020106,0.3592079276588809,0.47475566448205975,-0.11554773682317887,0.026806561765588124,-0.008622965434565586,54.54897646170025,13.4875,0.29149117527716994,14.070482350554341,12.90451764944566,0.08644779989684383,0.4249548464745123,0.5421762906287507,0.0404609172111008,20.251188987108474,21.752731876841146,21.856558232651857,51.61290322580648,55.9139784946237,1623199348.0,1641297966.6,0.46998597781408313,0.7678232299834816,0.1746930633780699,18292290.6,-1.3006645955472638,0.21420264338026643,0.018656716417910446,-0.006487488415199305,0.17361982892009475,3.0,1.0,0.014814814814814836,1.0,1164.32,1169.06,0.005617059344705133,0.005885288499595465,0.06204803953632032,0.07148272251591566,-0.013024466752112551,-0.05553067857051741,0.009951960463679743,0.009370537012642677,0.47703771361101205,0.18039633006280567,13.5,14.75,0.09259259259259256,-0.0009645753307726546,0.09355716792336521,13.5,13.7,13.5,14.35,0.06296296296296289,0.001297481860862204,0.06166548110210068,13.5,12.6,-0.06666666666666665,0.04763977806231323,-0.11430644472897988,-0.005297675,0.005,2
2024-01-19,13.5,13.9,13.5,13.7,7536606,0.02238805970149249,0.014814814814814836,0.014814814814814836,-0.007246376811594346,0.04580152671755733,0.02621722846441954,13.48,13.504999999999999,11.501166666666668,13.480862962420682,13.127603645388987,0.35325931703169466,0.45045639499198675,-0.09719707796029209,0.025785351608152898,-0.007094677223378985,57.80032296959943,13.504999999999999,0.2933024305913289,14.091604861182656,12.918395138817342,0.08687224897188554,0.6662106921572895,0.5391636984409828,0.03935501448474327,19.519610069371584,24.948638284610652,20.408776477854627,70.96774193548382,60.21505376344087,1630735954.0,1640348641.6,0.411746221055001,0.573996954206679,0.27367602183400536,17383736.85,-0.882673896503867,0.4335434932679621,0.02919708029197083,0.01443909663087739,0.19118350312287147,4.0,1.0,0.021897810218978186,1.0,1171.5,1181.5,0.01064102783432852,0.02320949164285091,0.07172337472674006,0.07611803367124167,0.01174703186716397,-0.030455868454445256,-0.045506146262320524,-0.042460720121853535,0.5047464384194459,0.16710328838193264,13.7,14.7,0.07299270072992692,-0.008952279796676899,0.08194498052660382,13.7,14.0,13.7,14.0,0.021897810218978186,-0.011582328098525663,0.03348013831750385,13.7,12.2,-0.10948905109489049,0.02167260956427186,-0.13116166065916235,-0.0056198253,0.005,2
2024-01-22,13.7,14.3,13.5,14.0,11385875,0.021897810218978186,0.04477611940298498,0.03703703703703698,0.05263157894736836,0.08949416342412464,0.03703703703703698,13.62,13.529999999999998,11.588666666666667,13.560730198971347,13.192225597582395,0.3685046013889526,0.43406603627137996,-0.06556143488242738,0.02632175724206804,-0.0046829596344590985,60.818762116902995,13.529999999999998,0.313469548594507,14.156939097189012,12.903060902810983,0.09267392419645445,0.8748370472565242,0.5577948628380555,0.039842490202718246,19.558659125007818,27.515005383176327,18.31801538191901,82.35294117647055,68.31119544592032,1642121829.0,1638888219.7,0.41676049977404545,0.5099320979830122,0.0633520757919192,16872639.95,-0.49048406113991094,0.6748128943508926,0.0571428571428572,0.03473762010347392,0.20807685669907383,0.0,1.0,0.035335689045936425,1.0,1186.29,1182.86,0.001151079136690658,0.024902089903996227,0.07234420611752768,0.07585159816701571,0.02074673108228753,0.027729489043372135,-0.0353071690804907,-0.03292522016631394,0.5043734536189043,0.16656827184289022,14.15,14.7,0.03886925795052987,-0.006985033278151254,0.04585429122868112,14.15,14.65,14.15,13.35,-0.0565371024734983,0.0017737085712354883,-0.05831081104473379,14.15,12.6,-0.10954063604240283,0.033962296023514416,-0.14350293206591724,-0.005920225,0.005,2
2024-01-23,14.15,14.8,14.05,14.65,22167395,0.046428571428571486,0.06934306569343063,0.09328358208955234,0.08518518518518525,0.09737827715355807,0.06545454545454543,13.85,13.575,11.693999999999999,13.728310168360371,13.300208886650365,0.4281012817100063,0.43287308535910524,-0.00477180364909896,0.029221930492150598,-0.00032572038560402456,66.42272810006888,13.575,0.39950627424259705,14.374012548485194,12.775987451514805,0.11771823918750562,1.1727053298712495,0.5750952297781944,0.03925564708383579,20.34155720882986,30.991199317707522,16.49789293626184,93.18181818181816,82.16750043125754,1664289224.0,1637415133.05,0.44229739442295496,0.48244359420400285,-0.3869983259654716,16859975.2,0.4747262599244427,1.3147940454859033,0.051194539249146756,0.07918968692449369,0.2527792030100908,1.0,1.0,-0.03050847457627115,0.0,1183.96,1177.5,-0.004531390020796944,0.01236329871380426,0.053540432689726636,0.07174130719151361,0.05095996144936843,0.07282188647138099,0.011914112764818796,0.011308643119088968,0.2916313761046388,0.09527057172238976,14.75,14.95,0.013559322033898313,0.0034621208254650426,0.01009720120843327,14.75,14.3,14.75,13.3,-0.09830508474576272,0.010973306793242488,-0.1092783915390052,14.75,12.65,-0.14237288135593218,0.05263784685006567,-0.19501072820599785,-0.0073125777,0.005,2
2024-01-24,14.75,14.95,14.3,14.3,9322226,-0.023890784982935176,0.021428571428571574,0.04379562043795637,0.059259259259259345,0.0792452830188679,0.04761904761904767,14.01,13.607499999999998,11.7985,13.816262450151084,13.374267487639226,0.441994962511858,0.4346974607896558,0.007297501722202171,0.030908738637192866,0.0005103148057484035,61.3356362049603,13.607499999999998,0.4311169703300591,14.469733940660117,12.74526605933988,0.12672922148228824,0.9015731504780656,0.5804455705083232,0.040590599336246376,21.269711519249764,30.35815367411871,15.178262570332171,72.34042553191496,82.62506163006792,1654966998.0,1636350786.7,0.4515229255916197,0.5016356812445225,-0.5104750534852619,16451234.9,-0.6306520527754148,0.5666581297188821,0.04545454545454535,0.0508910527282751,0.21201847692503284,2.0,1.0,0.03146853146853146,1.0,1175.58,1172.97,-0.0038471337579617515,0.008980413408686383,0.045194920917799086,0.07503629945408635,-0.020043651224973424,0.05027884585057296,0.0024241267012485856,0.002319305856480769,0.20468962728764312,0.06618501637784378,14.3,14.2,-0.006993006993007089,-0.00789890761601253,0.00090590062300544,14.3,14.75,14.3,13.15,-0.08041958041958042,0.021259735169311123,-0.10167931558889154,14.3,12.55,-0.1223776223776224,0.06899401830297047,-0.19137164068059287,-0.005920225,0.005,2
2024-01-25,14.3,14.75,14.25,14.75,11255823,0.03146853146853146,0.0068259385665527805,0.0535714285714286,0.10074626865671643,0.046099290780141855,0.06498194945848379,14.280000000000001,13.652499999999998,11.908333333333333,13.959914380897072,13.47617359966595,0.48374078123112163,0.444506124877949,0.03923465635317264,0.03279598516821164,0.0026599767019100094,65.04262165804693,13.652499999999998,0.4993350842040789,14.651170168408155,12.65382983159184,0.14629850480251347,1.0494807168163316,0.5746994583291574,0.03896267514095982,21.994969095262693,28.471567984221153,14.856463156290427,90.69767441860469,85.40663937744597,1666222821.0,1634855696.15,0.4612632013626901,0.42667998764764625,-0.758950081260898,16020490.7,-0.42049348310744306,0.702589153526989,0.03389830508474576,0.08038820728804263,0.2386284114765571,3.0,1.0,-0.0134228187919464,0.0,1173.58,1170.37,-0.002216595479850425,0.0011205583973448174,0.043119813902084525,0.0762190558810229,0.03368512694838188,0.09962571025937161,0.021862135556399265,0.020958412701046925,0.17917913891090212,0.057358361227553986,14.9,14.35,-0.03691275167785235,-0.00034940303213659707,-0.036563348645715754,14.9,14.7,14.9,13.45,-0.09731543624161076,0.024773527180999233,-0.12208896342261,14.9,12.8,-0.14093959731543626,0.06757965963031443,-0.2085192569457507,-0.0060313507,0.005,2
2024-01-26,14.9,15.05,14.6,14.7,9217631,-0.003389830508474634,0.027972027972027913,0.0034129692832762792,0.07299270072992692,0.06521739130434767,0.07299270072992692,14.479999999999999,13.7025,12.014666666666667,14.073773706912906,13.566827407098101,0.5069462998148051,0.4569941598653202,0.049952139949484886,0.034486142844544564,0.0033981047584683596,64.3048937512791,13.7025,0.5516661366416227,14.805832273283245,12.599167726716756,0.1610410178118219,0.9520397092308759,0.5657923541627891,0.03848927579338701,23.083878636313404,30.641444603221814,14.012462403421697,84.44444444444439,82.49418146498805,1657005190.0,1635255163.7,0.458936930104753,0.3966924559602303,-0.73291850822141,14125932.6,-0.5623384704922051,0.6525325626996125,0.03061224489795926,0.07279693486590033,0.2235046054821883,4.0,1.0,-0.010101010101010166,0.0,1173.43,1175.67,0.004528482445722348,-0.00493440541684298,0.041402035555791805,0.07526900816543386,-0.007918312954196982,0.0779271061467699,0.03159066517413511,0.030334744983742334,0.14168313625805742,0.0404681584405873,14.85,14.0,-0.0572390572390572,-0.003975433857445032,-0.05326362338161217,14.85,14.7,14.85,12.75,-0.14141414141414144,0.0275816960152222,-0.16899583742936364,14.85,12.7,-0.1447811447811448,0.06884805857818765,-0.21362920335933244,-0.005007434,0.005,2
2024-01-29,14.85,14.85,14.55,14.7,5774346,0.0,-0.003389830508474634,0.027972027972027913,0.050000000000000044,0.10526315789473673,0.11363636363636354,14.62,13.7775,12.123,14.17011621354169,13.650766117683427,0.5193500958582629,0.46946534706390874,0.04988474879435412,0.03532993849375938,0.0033935203261465387,64.3048937512791,13.7775,0.5809418396482853,14.93938367929657,12.61561632070343,0.16866393457398957,0.8969846622505709,0.546807186008304,0.037197767755666945,23.948014706905408,29.440651341619038,14.116476774659485,82.05128205128199,85.73113363811039,1657005190.0,1636543272.4,0.4339086775044307,0.4353932013519401,-0.552934339042875,13526008.75,-0.8733653566131055,0.42690686563395874,0.02040816326530605,0.06695699510070763,0.2125711457560009,0.0,1.0,0.020477815699658564,1.0,1177.23,1175.69,1.701157637779005e-05,-0.006061579561401853,0.04049808395210319,0.07550866636539223,-1.701157637779005e-05,0.0560615795614019,0.07313827968426034,0.0702916043886026,0.14349655000943717,0.041197766803550105,14.65,13.35,-0.08873720136518781,0.008537269774323564,-0.09727447113951138,14.65,14.95,14.65,13.0,-0.11262798634812288,0.0416234417782011,-0.15425142812632398,14.65,12.8,-0.12627986348122866,0.07260930936548715,-0.1988891728467158,-0.005007434,0.005,2
2024-01-30,14.65,15.0,14.65,14.95,7493121,0.017006802721088343,0.017006802721088343,0.013559322033898313,0.020477815699658564,0.1074074074074074,0.09926470588235281,14.679999999999998,13.844999999999999,12.233833333333333,14.290098334535275,13.74700566452169,0.5430926700135839,0.4841908116538438,0.058901858359740045,0.03632726889722969,0.003939923636103013,66.5077295937638,13.844999999999999,0.6351336369957163,15.115267273991432,12.574732726008566,0.18349834221616942,0.9349478344537171,0.5327495298648537,0.03563542005784975,24.96435967807391,30.070238547398812,13.454041803659113,94.8717948717948,87.12250712250709,1664498311.0,1637142884.6,0.42643081800445076,0.5008485350082235,-0.329905632973652,12837512.25,-0.6088812134183171,0.5836894917081773,0.02341137123745817,0.07981220657277,0.2220208983284062,1.0,1.0,-0.053333333333333344,0.0,1176.02,1179.65,0.0033682348238055493,0.0018259023354565418,0.04235146502668519,0.07564452735769235,0.013638567897282794,0.018651913364202022,0.056913240855667624,0.05460081629396529,0.14542690014643672,0.041195947797022806,15.0,13.3,-0.11333333333333329,0.005805588937221939,-0.11913892227055523,15.0,14.2,15.0,12.6,-0.16000000000000003,0.04099456678119884,-0.20099456678119887,15.0,13.2,-0.12,0.07477869365785961,-0.1947786936578596,-0.004469718,0.005,2
2024-01-31,15.0,15.0,14.2,14.2,18367520,-0.050167224080267525,-0.03401360544217691,-0.03401360544217691,-0.006993006993007089,0.051851851851851816,0.03649635036496357,14.66,13.87,12.330833333333334,14.276237052299079,13.780560800483046,0.4956762518160325,0.4864878996862816,0.009188352129750887,0.034906778296903695,0.0006470670513909076,55.45180472892431,13.87,0.6389547385347709,15.147909477069541,12.592090522930457,0.1842695713150025,0.6291171268080524,0.5518388491602213,0.03886189078593108,24.626090346298632,26.95646838029201,17.885558956224024,56.410256410256366,77.77777777777776,1646130791.0,1636319732.1,0.4691118337183557,0.31950051291217024,-0.3898042441477185,13251499.55,0.5790012437693156,1.3860710578977455,0.056338028169014134,0.023792357606344572,0.15158478069879022,2.0,1.0,0.01773049645390068,1.0,1181.62,1164.31,-0.013003857076251513,-0.007382968021347636,0.017602279381560226,0.08547794331793886,-0.03716336700401601,0.00038996102834054636,0.018894070983403344,0.01856724514698027,0.346900202796483,0.09620067961617064,14.1,13.15,-0.06737588652482263,0.030745282856602385,-0.09812116938142501,14.1,14.35,14.1,12.8,-0.0921985815602836,0.057844132166015916,-0.15004271372629951,14.1,12.9,-0.0851063829787233,0.08595779081167554,-0.17106417379039884,-0.005920225,0.005,2
2024-02-01,14.1,14.5,14.0,14.35,6758657,0.010563380281690238,-0.04013377926421402,-0.023809523809523836,-0.027118644067796627,0.07089552238805963,0.07894736842105265,14.580000000000002,13.9225,12.426166666666667,14.28758519809922,13.822741481928746,0.46484371617047415,0.4821590629831201,-0.01731534681264596,0.03239329032546858,-0.0012066443771878719,56.99169564029139,13.9225,0.6327623233853581,15.188024646770716,12.656975353229283,0.18179560377385043,0.6689022813940713,0.5481360742202055,0.038197635834160665,23.809323102777803,25.200096087241477,19.326444719805142,64.10256410256407,71.79487179487178,1652889448.0,1636627522.75,0.4548237218193451,0.19733654155622907,-0.18608035359499372,12796422.1,-0.676242109207125,0.5281677133798205,0.03484320557491289,0.030705692224815895,0.15482114355459564,3.0,2.0,-0.02777777777777779,0.0,1162.78,1173.02,0.007480825553332071,0.002264241222861285,0.019379171301445952,0.08700985413307936,0.0030825547283581667,-0.029382885290657912,0.0595681971196067,0.058435760506618584,0.25293397558210584,0.06299556601626015,14.4,13.45,-0.06597222222222232,0.024337055872155844,-0.09030927809437816,14.4,14.0,14.4,12.6,-0.125,0.045471195045701185,-0.17047119504570118,14.4,12.95,-0.10069444444444453,0.08052439242544263,-0.18121883686988716,-0.005920225,0.005,2
2024-02-02,14.4,14.4,14.0,14.0,10633189,-0.024390243902439046,-0.014084507042253502,-0.0635451505016722,-0.04761904761904756,0.021897810218978186,0.06870229007633588,14.439999999999998,13.967500000000001,12.517833333333334,14.243341321468572,13.835871742526617,0.4074695789419547,0.46722116617488707,-0.05975158723293239,0.029104969924425333,-0.004267970516638028,52.43700206964085,13.967500000000001,0.6024675138664796,15.172435027732961,12.762564972267041,0.17253410098198815,0.5134862043396424,0.5375549260616195,0.03839678043297282,23.05089637665132,23.86069296684811,18.299230368153417,46.153846153846146,55.555555555555564,1642256259.0,1638116252.7,0.4612352021153004,0.20415149081887063,-0.30076762977157623,11615482.8,-0.13334489678671171,0.9154323744511076,0.0285714285714286,0.0023268301413996717,0.11840440970881527,4.0,2.0,-0.043010752688172005,0.0,1173.93,1172.55,-0.0004006751803038444,-0.0026538059149252557,0.015476149236151926,0.0866330893437555,-0.0239895687221352,-0.044965241704122305,0.053226140840183955,0.05241495911077876,0.2622503339376254,0.06500897007876008,13.95,12.75,-0.08602150537634401,0.030215802830815264,-0.11623730820715927,13.95,13.35,13.95,12.2,-0.1254480286738351,0.032174549913985384,-0.15762257858782047,13.95,12.55,-0.10035842293906805,0.0622796409531432,-0.16263806389221125,-0.0060288236,0.005,2
2024-02-05,13.95,14.0,13.3,13.35,19883728,-0.046428571428571486,-0.06968641114982577,-0.059859154929577496,-0.09183673469387754,-0.046428571428571486,0.03891050583657596,14.169999999999998,13.992499999999998,12.595333333333334,14.105904195088792,13.7998812430802,0.30602295200859153,0.434981523341628,-0.12895857133303645,0.02292306756618663,-0.009659818077381008,45.210661255227095,13.992499999999998,0.5627177940946706,15.11793558818934,12.867064411810656,0.16086268903903408,0.21455496576499553,0.5491581456286466,0.04113544162012334,22.01433603064569,21.688213767843095,25.73795910979121,2.8571428571427964,37.704517704517706,1622372531.0,1639399251.35,0.4885741019586752,0.09067438653534568,-0.4757135218730769,11821214.1,1.068733318734129,1.6820377189513893,0.0524344569288389,-0.04591745577988193,0.05991637114275106,0.0,2.0,-0.007462686567164201,0.0,1174.22,1186.06,0.011521896720822156,0.008820352303753554,0.022298071867538738,0.09377484825664159,-0.05795046814939364,-0.1006570869976311,0.01661243396903722,0.01625008833156616,0.14817037020911603,0.035644174486894026,13.4,13.0,-0.02985074626865669,0.030182998620782442,-0.06003374488943913,13.4,13.3,13.4,12.6,-0.059701492537313494,0.02951020957378825,-0.08921170211110174,13.4,12.2,-0.08955223880597019,0.03903017458875779,-0.12858241339472798,-0.006329223,0.005,2
2024-02-06,13.4,13.65,13.25,13.3,10298009,-0.0037453183520598232,-0.04999999999999993,-0.07317073170731703,-0.11036789297658856,-0.09215017064846409,-0.0037453183520598232,13.84,13.99,12.667,13.9819189343059,13.762853002852038,0.2190659314538621,0.3917984049640748,-0.1727324735102127,0.016471122665703917,-0.012987404023324262,44.70035267943433,13.99,0.5658249682880214,15.121649936576043,12.858350063423957,0.16177983367777596,0.19513540464302676,0.5385039923694576,0.04048902198266598,21.146887614549875,20.5375013139145,25.035592166377,2.7777777777778163,17.262922262922284,1612074522.0,1639367237.6,0.469331912812652,0.23217238694959,-0.07032967801477027,11536002.6,-0.16539217609069864,0.8926843515101149,0.030075187969924838,-0.04932094353109362,0.04997236914818037,1.0,2.0,-0.011278195488721776,0.0,1189.08,1188.48,0.0020403689526669044,0.007485271054973763,0.025798600022441054,0.0933508640358537,-0.005785687304726728,-0.11785316403156232,-0.029543918374500877,-0.02880089558891441,0.16857705520373148,0.040730236851142694,13.3,12.6,-0.052631578947368474,0.03322105652199481,-0.08585263546936328,13.3,13.15,13.3,12.65,-0.048872180451127845,0.03943687999260814,-0.08830906044373599,13.3,12.4,-0.06766917293233088,0.045770300123476604,-0.11343947305580748,-0.0060288236,0.005,2
2024-02-07,13.3,13.6,13.05,13.15,15347943,-0.011278195488721776,-0.014981273408239626,-0.06071428571428572,-0.07394366197183089,-0.08041958041958042,-0.007547169811320753,13.63,13.985000000000003,12.737833333333333,13.853931405951148,13.717456484122257,0.13647492182889032,0.3407337083370379,-0.2042587865081476,0.01037832105162664,-0.015532987567159514,43.12762514655309,13.985000000000003,0.5731032790190186,15.13120655803804,12.838793441961966,0.16391942195753112,0.13575500674622148,0.5393251357716391,0.04101331830963035,20.721172901981795,19.041501303444836,25.860753610248416,4.999999999999982,3.544973544973565,1596726579.0,1638895131.65,0.4703493439535033,0.24958454224554216,-0.0913917233314844,11976094.8,0.45351252206220716,1.2815482222134713,0.04182509505703414,-0.05970682874508415,0.0323576746437777,2.0,2.0,-0.0073800738007381295,0.0,1190.51,1198.53,0.008456179321486124,0.029390797983354977,0.031845653184565226,0.09670202901507903,-0.0197343748102079,-0.10333445995518586,-0.03939282299588598,-0.03817704990500148,0.17024298762617526,0.041100950624197545,13.55,12.8,-0.05535055350553508,0.022409149848721555,-0.07775970335425664,13.55,13.45,13.55,12.55,-0.07380073800738007,0.042781859892941476,-0.11658259790032155,13.55,12.45,-0.0811808118081182,0.05604781061941022,-0.13722862242752842,-0.006329223,0.005,2
2024-02-15,13.55,13.75,13.15,13.45,13830574,0.02281368821292773,0.011278195488721776,0.0074906367041198685,-0.06271777003484325,-0.08813559322033904,-0.046099290780141855,13.45,13.9525,12.812333333333333,13.791788112727895,13.697644892705794,0.09414322002210085,0.29141561067405053,-0.19727239065194968,0.006999495912423855,-0.014667092241780645,47.13384641735121,13.9525,0.5845544862283754,15.121608972456752,12.78339102754325,0.16758415659655992,0.285092745056924,0.5436590546450935,0.04042074755725602,19.951678775821392,19.511215231081106,23.822126639174954,19.99999999999993,9.259259259259276,1610557153.0,1637327517.85,0.4152784657714203,-0.19572738684032728,-0.5581884180356945,10880586.95,0.596325134797829,1.2711238891390875,0.04460966542750927,-0.03601505106611724,0.04976975310247944,3.0,2.0,-0.05555555555555558,0.0,1203.08,1202.5,0.00331239101232339,0.025131711309270166,0.03465781005317403,0.09681208721018103,0.01950129720060434,-0.08784948134411341,-0.08075710083331589,-0.0780519897966706,0.1797592731628498,0.04263667609683711,13.5,12.6,-0.06666666666666665,0.018599053863391113,-0.08526572053005776,13.5,12.75,13.5,12.8,-0.051851851851851816,0.03969624035189634,-0.09154809220374815,13.5,12.5,-0.07407407407407407,0.049265499211552655,-0.12333957328562672,-0.006329223,0.005,2
2024-02-16,13.5,13.55,12.6,12.75,30645318,-0.052044609665427455,-0.03041825095057038,-0.0413533834586467,-0.0892857142857143,-0.13265306122448972,-0.07608695652173914,13.2,13.9,12.874833333333333,13.631513018462066,13.627448974727587,0.004064043734478773,0.2339452972861362,-0.22988125355165742,0.00031874852819441355,-0.01802990223934568,40.045446972552895,13.9,0.643182874871226,15.186365749742453,12.613634250257547,0.18508859708524503,0.05300426794236197,0.5726834078847297,0.04491634571644939,20.216424969609864,17.19933522718474,27.859383431013704,6.122448979591849,10.374149659863953,1579911835.0,1634848022.65,0.447317034987393,-0.2828022084805187,-0.7243923756891286,11792468.35,2.8410615365677088,2.5987195462771795,0.07450980392156871,-0.08273381294964033,-0.009695918393765601,4.0,2.0,0.019607843137254832,1.0,1204.9,1209.7,0.0059875259875259434,0.031683083877020346,0.04763141941629856,0.09284720737412427,-0.0580321356529534,-0.12096879816273465,-0.1237183759380377,-0.1180934187779219,0.0932345589225712,0.021543084198649975,12.75,12.2,-0.04313725490196085,-0.0010220566417197263,-0.04211519826024113,12.75,13.0,12.75,12.7,-0.0039215686274510775,0.03712373479278619,-0.04104530342023727,12.75,12.3,-0.03529411764705881,0.04165705054234947,-0.07695116818940828,-0.0066546495,0.005,2
2024-02-19,12.75,13.2,12.3,13.0,19613934,0.019607843137254832,-0.03345724907063197,-0.011406844106463865,-0.02621722846441943,-0.11564625850340127,-0.022556390977443663,13.13,13.885,12.9395,13.534357169467901,13.580971272895914,-0.046614103428012754,0.17783341714330642,-0.22444752057131917,-0.003585700263693289,-0.017265193890101473,43.32370693632081,13.885,0.6611592689728157,15.207318537945632,12.562681462054368,0.1904672002802495,0.16536051087397405,0.5960631644643918,0.04585101265110706,20.90989137169646,15.34437820880809,28.449751701381555,25.45454545454543,17.19233147804577,1599525769.0,1633836248.1,0.43703377260273363,-0.5099499089420467,-0.3861375193177505,12286141.1,1.071423927451663,1.5964275389935088,0.06923076923076912,-0.06373784659704718,0.004675605703466035,0.0,2.0,-0.03076923076923077,0.0,1213.24,1224.97,0.012622964371331813,0.032806097499283426,0.0613887637334074,0.09899351879142639,0.006984878765923019,-0.059023325963702855,-0.08394515471085107,-0.07908992216534894,0.21675633828153112,0.046717832717229756,13.0,12.6,-0.03076923076923077,-0.0029159030747301085,-0.027853327694500662,13.0,12.6,13.0,12.8,-0.01538461538461533,0.027416004886988476,-0.042800620271603806,13.0,11.75,-0.09615384615384615,0.012877214416615823,-0.10903106057046197,-0.0066546495,0.005,2
2024-02-20,13.0,13.1,12.55,12.6,11198493,-0.03076923076923077,-0.01176470588235301,-0.06319702602230481,-0.052631578947368474,-0.15719063545150502,-0.06666666666666665,12.99,13.839999999999998,12.992833333333333,13.390609912626685,13.508306734162883,-0.11769682153619776,0.11872736940740558,-0.23642419094360334,-0.009341017582237918,-0.018763824678063756,39.59336769036834,13.839999999999998,0.7170113410255063,15.274022682051012,12.405977317948985,0.20722871127904824,0.06764979539009587,0.5927729384312209,0.04704547130406515,21.5538244593483,14.327437624781888,26.56425939163153,10.909090909090871,14.16202844774275,1588327276.0,1631896731.65,0.44522036869920895,-0.29149019202830706,-0.697157027154614,12478248.5,-0.18968110104524488,0.897441095198577,0.043650793650793565,-0.08959537572254328,-0.030234616519363322,1.0,2.0,0.01587301587301604,1.0,1227.75,1230.06,0.0041552038009093906,0.03498586429725359,0.05755210124492738,0.09748560596817314,-0.03492443457014016,-0.08761744324462206,-0.12421876791159403,-0.11745876894894014,0.18205768212019213,0.03904051430866387,12.6,12.65,0.003968253968253954,0.004611213041289863,-0.0006429590730359092,12.6,12.8,12.6,13.2,0.04761904761904767,0.031012031369238136,0.016607016249809536,12.6,11.85,-0.059523809523809534,0.008670379450876009,-0.06819418897468554,-0.0066546495,0.005,2
2024-02-21,12.6,12.95,12.55,12.8,9165723,0.01587301587301604,-0.01538461538461533,0.0039215686274509665,-0.026615969581749055,-0.09859154929577452,-0.051851851851851816,12.919999999999998,13.804999999999998,13.051833333333333,13.299746849145656,13.455839568669337,-0.15609271952368076,0.06376335162118832,-0.21985607114486908,-0.012194743712787559,-0.017176255558192896,42.269942567451125,13.804999999999998,0.7507715329833322,15.306543065966663,12.303456934033333,0.217536119661958,0.16534426391793253,0.5790034428289907,0.0452346439710149,22.15176232645358,13.620437751503145,25.253422903246328,18.181818181818183,18.181818181818194,1597492999.0,1630415501.35,0.45020781806394083,-0.3578728190714582,-0.7636239071891705,12690718.4,-0.5373021425576943,0.7222383092197523,0.03124999999999989,-0.07279971024990928,-0.019294862790667833,2.0,2.0,-0.007874015748031482,0.0,1231.78,1230.04,-1.62593694615909e-05,0.026290539243907007,0.05807161965712715,0.09727872310350456,0.01588927524247763,-0.05290650882565606,-0.10992347150897896,-0.10389038838845344,0.20874283819106065,0.044752180965393615,12.7,12.55,-0.011811023622047112,0.020083750050819305,-0.03189477367286642,12.7,12.6,12.7,12.9,0.015748031496063186,0.026734967678985422,-0.010986936182922236,12.7,12.65,-0.00393700787401563,0.02458023336179216,-0.02851724123580779,-0.0066546495,0.005,2
2024-02-22,12.7,13.1,12.6,12.6,12961999,-0.01562500000000011,0.0,-0.03076923076923077,-0.06319702602230481,-0.12195121951219512,-0.059701492537313494,12.75,13.765,13.105833333333333,13.192093487738632,13.3924440450642,-0.20035055732556906,0.010940569831836843,-0.2112911271574059,-0.01590083788298167,-0.016769137075984594,40.344782542126595,13.765,0.7935761827928292,15.35215236558566,12.177847634414341,0.23060695468008124,0.13299049755373804,0.5733603397697772,0.045504788870617235,22.254445108654636,14.64071126092069,23.680401718711007,11.111111111111075,13.400673400673412,1584531000.0,1628482083.95,0.4523904430268845,-0.3103271591704221,-0.8372178877893814,13142905.5,-0.029050620356884188,0.9862354256446567,0.03968253968253968,-0.08463494369778435,-0.03859604501812175,3.0,2.0,-0.035573122529644396,0.0,1229.85,1227.31,-0.0022194400182108387,0.020632016632016636,0.04982635621781606,0.09828796846942754,-0.013405559981789272,-0.08382904265432145,-0.10952784875512955,-0.10432949040232031,0.23495411993641177,0.05031573966929495,12.65,12.8,0.011857707509881354,0.01823132569292052,-0.006373618183039165,12.65,12.2,12.65,12.95,0.02371541501976271,0.031016825164594142,-0.007301410144831433,12.65,12.7,0.0039525691699604515,0.037486791839388856,-0.033534222669428404,-0.0066546495,0.005,2
2024-02-23,12.65,12.8,12.2,12.2,13339803,-0.031746031746031744,-0.04687500000000011,-0.031746031746031744,-0.04313725490196085,-0.12857142857142867,-0.10948905109489049,12.64,13.690000000000001,13.145833333333334,13.039463720394227,13.304114856540927,-0.2646511361466999,-0.04417777136387051,-0.22047336478282936,-0.021692716077598352,-0.018071587277281097,36.74068069723125,13.690000000000001,0.8674827466819011,15.424965493363803,11.9550345066362,0.2534646447573122,0.07059664710934793,0.5752631726433647,0.047152719069128254,23.02022883934072,13.54997734316223,26.882881184420945,0.0,9.764309764309788,1571191197.0,1625504846.1,0.45340753312569665,-0.09252212168391481,-0.9442402290221652,13433065.35,-0.015324315588477803,0.993057254798511,0.049180327868852576,-0.10883856829802785,-0.07194928684627588,4.0,2.0,0.02857142857142847,1.0,1230.3,1212.0,-0.012474435961574493,0.0019012978424401972,0.025814642403723997,0.10663960498034752,-0.01927159578445725,-0.04503855274440105,-0.13530369349861449,-0.13189877381898762,0.9172535646892587,0.18267683015806122,12.25,12.7,0.03673469387755102,0.03738880232165087,-0.0006541084440998546,12.25,12.6,12.25,12.55,0.02448979591836742,0.028377565069707122,-0.003887769151339704,12.25,12.45,0.01632653061224487,0.05677986363598886,-0.04045333302374399,-0.0066546495,0.005,2
2024-02-26,12.25,12.65,12.1,12.6,12001717,0.032786885245901676,0.0,-0.01562500000000011,-0.03076923076923077,-0.0561797752808989,-0.09999999999999998,12.559999999999999,13.620000000000001,13.1825,12.971853917256654,13.251958200500859,-0.28010428324420467,-0.09136307373993734,-0.18874120950426732,-0.022230498670174972,-0.014979461071767248,42.29239850884516,13.620000000000001,0.8971299266351893,15.41425985327038,11.825740146729622,0.2634742809501291,0.2157602344663573,0.5734586603116958,0.045512592088229824,23.88457459839876,12.621714200022954,26.28680077137695,17.241379310344826,9.450830140485335,1583192914.0,1622558400.35,0.4636319913373876,-0.06576207802291781,-1.0066265708780968,13463857.45,-0.24062000133963965,0.89140256011846,0.04365079365079371,-0.07488986784140983,-0.044187369618812755,0.0,2.0,-0.00393700787401563,0.0,1212.93,1224.17,0.01004125412541268,-0.0006530772182175015,0.0349238286864042,0.11105641502167747,0.022745631120488996,-0.03011615355101327,-0.13492382868640418,-0.13037078183585615,0.8871182254592028,0.1820283508423353,12.7,12.8,0.007874015748031704,0.026429495577453554,-0.01855547982942185,12.7,12.65,12.7,12.2,-0.03937007874015752,0.005337976939288502,-0.044708055679446024,12.7,12.45,-0.019685039370078705,0.03167796375708942,-0.05136300312716813,-0.008333085,0.005,2
2024-02-27,12.7,12.95,12.5,12.65,8438955,0.003968253968253954,0.03688524590163933,0.003968253968253954,0.003968253968253954,-0.048872180451127845,-0.13651877133105805,12.569999999999999,13.52,13.216666666666667,12.9223379299864,13.207368704167461,-0.2850307741810614,-0.13009661382816215,-0.15493416035289923,-0.02253207701036058,-0.012247759711691638,42.966196788836456,13.52,0.8876936408476199,15.29538728169524,11.74461271830476,0.26263125468864496,0.25498303694919056,0.5646401845751461,0.04463558771345028,23.782526713715857,15.698291521091454,24.79039136762034,22.916666666666693,13.386015325670542,1591631869.0,1618925532.6,0.42416880811129737,-0.23158572267668173,-1.0459452988422966,12777435.45,-0.7465667502622558,0.660457650756514,0.03557312252964421,-0.06434911242603547,-0.04287515762925598,1.0,2.0,-0.01953125,0.0,1228.93,1237.46,0.010856335312905863,0.006015966700811504,0.050921443736730465,0.11294541844536483,-0.0068880813446519085,-0.0020477127325575495,-0.18744021506778852,-0.1783579697463522,0.9459450915339667,0.19445714757422092,12.8,13.2,0.031249999999999778,0.022717572497322314,0.008532427502677464,12.8,12.55,12.8,12.4,-0.03125,0.0026011258123486147,-0.033851125812348615,12.8,12.6,-0.01562500000000011,0.032566417291446825,-0.048191417291446936,-0.0066546495,0.005,2
2024-02-28,12.8,12.85,12.5,12.55,8035101,-0.007905138339920903,-0.003968253968253843,0.028688524590164022,-0.01953125,-0.04562737642585546,-0.1223776223776224,12.52,13.432500000000001,13.2475,12.865055171526954,13.158674726080982,-0.2936195545540272,-0.16280120197333517,-0.13081835258069205,-0.023395980442551968,-0.010423773113999366,41.91216987907087,13.432500000000001,0.8929954028297057,15.218490805659412,11.64650919434059,0.2659208346412672,0.25293825779966156,0.5493087428197785,0.04376962094181502,23.68776796365316,14.983834864143526,23.66213737149954,19.565217391304387,19.907754456105337,1583596768.0,1615357021.1,0.4194801722519819,-0.3249419960836727,-0.903708509453619,12713079.2,-0.7985001503134054,0.6320342124510638,0.027888446215139414,-0.06569886469383956,-0.05265144366861674,2.0,2.0,0.01587301587301604,1.0,1241.77,1254.55,0.013810547411633456,0.01992618126239787,0.06954994586391794,0.11707855969391724,-0.02171568575155436,-0.03945743126239787,-0.19192756824154034,-0.17944703656313388,0.8427588717366036,0.17707272627167406,12.6,12.9,0.023809523809523947,0.002492874665565914,0.021316649143958033,12.6,12.8,12.6,12.45,-0.011904761904761973,0.00866948769043896,-0.020574249595200933,12.6,12.55,-0.003968253968253843,0.018656864535285367,-0.02262511850353921,-0.00635425,0.005,2
2024-02-29,12.6,12.8,12.25,12.8,16404041,0.019920318725099584,0.011857707509881354,0.01587301587301604,0.01587301587301604,-0.048327137546468335,-0.1322033898305084,12.559999999999999,13.334999999999999,13.273333333333333,12.855046683599731,13.132106227852761,-0.2770595442530297,-0.18565287042927409,-0.09140667382375561,-0.021645276894767945,-0.007141146392480907,45.51097643570796,13.334999999999999,0.846836217310451,15.028672434620901,11.641327565379097,0.25401911280403483,0.3420591877555862,0.5493581183326515,0.042918602994738396,24.059859924428892,13.912310414548294,25.22055671396172,36.84210526315795,26.44132977370971,1600000809.0,1612045920.5,0.40757095309240926,-0.40216565547270544,-0.8873797934489609,12970490.1,0.5815652660828647,1.264720212846853,0.042968750000000056,-0.040119985001874636,-0.03566047212456047,3.0,2.0,-0.011673151750972832,0.0,1259.59,1252.73,-0.0014507193814514707,0.020711963562588087,0.07037090834522419,0.11662250199078353,0.021371038106551055,-0.0048389476895720485,-0.20257429817573258,-0.18925616961031677,0.7351697542737896,0.15707062687054324,12.85,12.95,0.0077821011673151474,0.00934177859825569,-0.0015596774309405426,12.85,12.7,12.85,12.5,-0.027237354085603127,0.005999745368896692,-0.03323709945449982,12.85,12.95,0.0077821011673151474,0.02662486472722647,-0.018842763559911324,-0.004190768,0.005,2
2024-03-01,12.85,12.9,12.65,12.7,6680068,-0.007812500000000111,0.01195219123505975,0.0039525691699604515,0.040983606557376984,-0.0039215686274510775,-0.13605442176870752,12.66,13.235,13.299166666666668,12.83119334766131,13.100098359122926,-0.26890501146161583,-0.20230329863574245,-0.06660171282587338,-0.02117362294973353,-0.005244229356367982,44.327946757834376,13.235,0.7935761827928323,14.822152365585664,11.647847634414335,0.23984168728155114,0.3314591555289705,0.5279753955946049,0.04157286579485078,24.08731596943956,14.794646227215408,24.367549001981725,36.36363636363633,30.923653006032925,1593320741.0,1608861698.05,0.4073900224475824,-0.374113568221327,-0.8992267477383981,12843611.95,-1.0246789640446372,0.5201082083455504,0.01968503937007874,-0.04042312051378916,-0.04505294817971062,4.0,3.0,0.0039215686274509665,1.0,1256.72,1258.28,0.004430324172008282,0.03818481848184807,0.07026631622819313,0.11661077811812993,-0.012242824172008393,0.002798788075528913,-0.20632073799690065,-0.1927751391111805,0.7077607630961592,0.14833962193426833,12.75,12.55,-0.015686274509803866,-0.01322711558695333,-0.002459158922850535,12.75,12.8,12.75,12.3,-0.03529411764705881,-0.00022941767465411989,-0.03506469997240469,12.75,13.05,0.02352941176470602,0.015837730505430914,0.007691681259275107,-0.0038903672,0.005,2
2024-03-04,12.75,13.05,12.6,12.8,16457987,0.007874015748031704,0.0,0.019920318725099584,0.01587301587301604,-0.01538461538461533,-0.12925170068027203,12.7,13.14,13.315833333333332,12.826394371098031,13.077868851039746,-0.2514744799417148,-0.21213753489693693,-0.03933694504477786,-0.019646443745446468,-0.0030731988316232703,45.84398742094698,13.14,0.7192100930159722,14.578420186031945,11.701579813968056,0.21893762344474038,0.38181478426761695,0.5224057244807047,0.040812947225055046,23.642991872024485,15.935304423218938,22.86824949244658,42.424242424242486,38.54332801701229,1609778728.0,1606500374.95,0.41012602035969037,-0.4075349204434644,-0.9327106750770892,13377794.0,0.5287282706662625,1.230246705847018,0.03515625000000008,-0.025875190258751846,-0.03873834407660037,0.0,3.0,0.02325581395348819,1.0,1264.07,1261.41,0.002487522649966767,0.03042061151637432,0.0729103760344989,0.11598069764116642,0.005386493098064937,-0.01454759564335828,-0.20216207671477093,-0.18842401120396146,0.5998955549941426,0.12870927995917403,12.9,12.2,-0.054263565891472965,-0.021696268083522763,-0.0325672978079502,12.9,13.2,12.9,11.75,-0.08914728682170547,-0.01530616284870423,-0.07384112397300124,12.9,12.65,-0.019379844961240345,0.014751878627592196,-0.03413172358883254,-0.0038653412,0.005,2
2024-03-05,12.9,13.2,12.6,13.2,25917428,0.031249999999999778,0.03937007874015741,0.031249999999999778,0.04347826086956519,0.04761904761904767,-0.117056856187291,12.809999999999999,13.0525,13.332500000000001,12.883872160159871,13.08691560281458,-0.20304344265470853,-0.21031871644849126,0.007275273793782733,-0.015382078988993072,0.000551157105589601,51.52980653473714,13.0525,0.5804886779812893,14.21347735596258,11.89152264403742,0.17789348492052545,0.5635240641182468,0.5279481727320828,0.03999607369182446,22.77699682718241,16.671147396744583,21.011878193122246,66.66666666666663,48.48484848484852,1635696156.0,1605060267.2,0.42387394758153185,-0.332124883136186,-0.969908518322385,14299009.35,1.8486616435788858,1.8125331178974298,0.04545454545454543,0.01130051714230973,-0.009938121132570976,1.0,3.0,-0.03007518796992481,0.0,1262.89,1269.98,0.006793984509398054,0.026279637321610316,0.07657355995422366,0.11654547284679172,0.024456015490601724,0.017198623547954872,-0.19363041614151466,-0.1798580453246018,0.5040322951896204,0.10406496780712228,13.3,12.4,-0.06766917293233088,-0.019530634745629216,-0.04813853818670166,13.3,12.9,13.3,11.85,-0.10902255639097747,-0.021530949755867,-0.08749160663511046,13.3,12.7,-0.04511278195488733,0.013576941250590613,-0.05868972320547794,-0.006871939,0.005,2
2024-03-06,13.3,13.3,12.85,12.9,10763783,-0.022727272727272596,0.0078125,0.015748031496063186,0.027888446215139417,0.0078125,-0.09154929577464777,12.88,12.9875,13.349166666666667,12.886353366289121,13.073070002606093,-0.18671663631697122,-0.20559830042218727,0.01888166410521605,-0.014474157854028776,0.0014636948918772131,47.501695641480154,12.9875,0.5142380669252246,14.01597613385045,11.959023866149552,0.15837938538601706,0.4574613366707818,0.5223804461083628,0.040494608225454476,21.676330983590606,17.01271340755892,19.71898562010173,55.17241379310346,54.75444096133756,1624932373.0,1604000346.3,0.3961160387878995,-0.2811526418341809,-0.8218054732972144,13918822.5,-0.5043526703551339,0.773325689008535,0.03488372093023264,-0.006737247353224229,-0.0336475435420438,2.0,3.0,0.003875968992248069,1.0,1269.8,1262.73,-0.005708751318918459,0.0065202662309196135,0.08453075211928107,0.1049610427332605,-0.017018521408354137,0.021368179984219804,-0.17608004789392884,-0.1623559751992748,0.5118789967797515,0.10632669103989931,12.9,12.45,-0.03488372093023262,0.005763004361834412,-0.04064672529206703,12.9,12.95,12.9,12.65,-0.019379844961240345,-0.002493607656563035,-0.01688623730467731,12.9,12.8,-0.007751937984496138,0.006522960980977377,-0.014274898965473515,-0.004977434,0.005,2
2024-03-07,12.9,13.15,12.8,12.95,12929724,0.003875968992248069,-0.018939393939393923,0.011718749999999778,0.011718749999999778,0.02777777777777768,-0.09756097560975607,12.91,12.917499999999999,13.355,12.896145156090794,13.063953706116752,-0.16780855002595807,-0.19804035034294143,0.03023180031698336,-0.012958189191193674,0.0023345019549794103,48.22808680680318,12.917499999999999,0.40205884617899124,13.721617692357981,12.113382307642016,0.1245005136222926,0.5202084845967623,0.5100675571006226,0.039387456146766225,20.784305297302705,16.178867323313515,19.45268406559432,70.83333333333324,64.22413793103448,1637862097.0,1603248978.75,0.3934474821502299,-0.2527942564793248,-0.774573227057679,14227375.85,-0.2151257752864208,0.908791904868388,0.027027027027027,0.0025159667118250795,-0.030325720703856307,3.0,3.0,-0.030888030888030826,0.0,1263.23,1268.46,0.004537787175405761,0.012556576437061429,0.08136263661318655,0.10421590781572548,-0.0006618181831576919,-0.0008378264370616506,-0.17892361222294262,-0.1654612487660282,0.3363394240010215,0.07140060191866551,12.95,12.5,-0.03474903474903468,-0.006569125111973606,-0.028179909637061074,12.95,12.55,12.95,12.7,-0.019305019305019266,0.002985965959988235,-0.0222909852650075,12.95,12.65,-0.02316602316602312,-0.003433860853986226,-0.019732162312036894,-0.004677034,0.005,2
2024-03-08,12.95,13.05,12.45,12.55,21635635,-0.030888030888030826,-0.02713178294573637,-0.04924242424242409,-0.011811023622047112,0.028688524590164022,-0.10357142857142854,12.88,12.844999999999999,13.3575,12.842892055153749,13.025883061219215,-0.1829910060654658,-0.1950304814874463,0.0120394754219805,-0.014580956658602852,0.0009593207507554183,43.09132111194058,12.844999999999999,0.31867323637270834,13.482346472745416,12.207653527254582,0.09923650801797074,0.2685717167859549,0.5164913030220067,0.04115468549976149,20.792915938810747,14.836385806035258,22.678902068291197,37.50000000000006,54.501915708812284,1616226462.0,1601947488.9,0.3983782146353049,-0.23816214601403826,-0.8681890315509909,14777498.15,1.1085206604950637,1.4640932301520877,0.047808764940239154,-0.022966134682755768,-0.060452929066067695,4.0,3.0,-0.031746031746031744,0.0,1272.62,1247.35,-0.01664222758305356,-0.008686460883110314,0.0637925888021833,0.12670606443512417,-0.014245803304977267,-0.003124562738936798,-0.16736401737361184,-0.15732767753351384,0.48633924467042855,0.10927226345312094,12.6,12.3,-0.023809523809523725,0.012384644962829983,-0.03619416877235371,12.6,12.2,12.6,12.45,-0.011904761904761973,0.02682004614201494,-0.038724808046776915,12.6,12.9,0.023809523809523947,0.005439310433222211,0.018370213376301736,-0.006329223,0.005,2
2024-03-11,12.6,12.6,12.2,12.2,17679504,-0.02788844621513953,-0.05791505791505791,-0.054263565891472965,-0.04687500000000011,-0.031746031746031744,-0.08614232209737827,12.760000000000002,12.7875,13.358333333333333,12.743985585130096,12.96470653816594,-0.22072095303584405,-0.20016857579712588,-0.020552377238718167,-0.01809188139638066,-0.0016846210851408335,39.16093257493312,12.7875,0.3264139283683958,13.440327856736792,12.134672143263208,0.10210406361474753,0.05003451986817607,0.508170495663292,0.04165331931666328,21.311006627810556,14.002223372496099,24.917807445327366,8.333333333333297,38.8888888888889,1598546958.0,1600756210.25,0.3778034207104533,-0.1550100726798546,-0.813282165529491,14667286.95,0.4929853180055965,1.2053697497204827,0.03278688524590167,-0.04594330400782021,-0.0867124142233312,0.0,3.0,0.020576131687242816,1.0,1248.32,1235.49,-0.009508157293462105,-0.02054843389540284,0.04167580054971931,0.13016881043631645,-0.018380288921677423,-0.02632656610459727,-0.12781812264709758,-0.12270432180496527,0.590783825549234,0.13545530784789184,12.15,11.75,-0.03292181069958855,0.00660514813016011,-0.03952695882974866,12.15,12.4,12.15,12.45,0.024691358024691246,0.026274890723652078,-0.0015835326989608323,12.15,13.0,0.06995884773662553,0.012101343694349787,0.05785750404227574,-0.0066546495,0.005,2
2024-03-12,12.15,12.6,12.1,12.4,14823532,0.016393442622950838,-0.01195219123505975,-0.042471042471042386,-0.06060606060606055,-0.01976284584980237,-0.06766917293233088,12.6,12.742500000000001,13.348333333333333,12.691064725879311,12.922876424227722,-0.23181169834841064,-0.20649720030738283,-0.02531449804102781,-0.018694491802291182,-0.0020414917775022426,42.39431910271814,12.742500000000001,0.3138366152219037,13.37017323044381,12.114826769556194,0.09851649683245951,0.22716695297182715,0.5075868888301998,0.04093442651856449,21.984501395304555,13.017013909515141,24.57178593835928,25.000000000000036,23.61111111111116,1613370490.0,1600821008.65,0.3848386389410721,-0.24923341722931835,-0.9324889748736526,14893563.1,-0.01162726354617913,0.995297894833507,0.04032258064516129,-0.026878556013341215,-0.07104507429142204,1.0,3.0,-0.0040000000000000036,0.0,1235.4,1245.0,0.0076973508486510855,-0.01966960109608029,0.047556542810985425,0.13168844934133805,0.008696091774299752,-0.04093645950998026,-0.1152257157433163,-0.10999474590089686,0.6379565970656752,0.15449621406326947,12.5,11.85,-0.052000000000000046,-0.006191009438489825,-0.04580899056151022,12.5,12.45,12.5,12.6,0.008000000000000007,0.025603903375459813,-0.017603903375459806,12.5,13.15,0.052000000000000046,0.010094384898416076,0.04190561510158397,-0.006329223,0.005,2
2024-03-13,12.5,12.55,12.3,12.45,8592843,0.004032258064516014,0.020491803278688492,-0.007968127490039945,-0.03488372093023262,-0.007968127490039945,-0.05323193916349822,12.51,12.7075,13.3375,12.653977844974802,12.887848540951595,-0.23387069597679222,-0.2119718994412647,-0.02189879653552751,-0.018784794857573672,-0.001758939480765262,43.206953006922824,12.7075,0.304905075826015,13.31731015165203,12.097689848347969,0.09597641576266472,0.28886871651577994,0.48918782534232835,0.039292194806612724,22.609889393691844,12.541845344571882,23.674825979371423,29.16666666666661,20.833333333333346,1621963333.0,1602082846.35,0.3844217290878946,-0.35172901755474334,-0.8747611274135352,14555808.1,-0.9643421566967628,0.5903377497811337,0.020080321285140562,-0.020263623844186562,-0.0665417057169635,2.0,3.0,-0.003984063745020028,0.0,1250.2,1270.51,0.02048995983935753,0.006161253791388432,0.0600569030395568,0.14530292071026754,-0.016457701774841516,-0.04104497472162105,-0.11328884220305502,-0.10687052919349516,0.5924023885866067,0.1525082187112877,12.55,12.65,0.007968127490039834,-0.012476489028213189,0.020444616518253023,12.55,12.5,12.55,12.55,0.0,0.005556426332288256,-0.005556426332288256,12.55,13.4,0.06772908366533859,-0.013667711598746135,0.08139679526408472,-0.005706673,0.005,2
2024-03-14,12.55,12.8,12.3,12.5,16444100,0.004016064257028162,0.008064516129032251,0.024590163934426368,-0.03474903474903468,-0.0234375,-0.07063197026022305,12.419999999999998,12.66,13.319999999999999,12.63028894574791,12.859119019399625,-0.22883007365171437,-0.21534353428335465,-0.013486539368359723,-0.01830640589213715,-0.001078923149468778,44.05684022802409,12.66,0.2526699532284528,13.165339906456905,12.154660093543095,0.07983252866617777,0.34169071356167996,0.48996012353216206,0.039196809882572965,22.276200709040037,15.272253746075286,21.949115133419767,33.333333333333336,29.166666666666696,1638407433.0,1603475360.35,0.37367732689791205,-0.3208688115277099,-0.7267231723202864,14686484.4,0.2837185786624852,1.1196757203514274,0.04,-0.012638230647709303,-0.06156156156156145,3.0,3.0,-0.015999999999999903,0.0,1276.0,1264.26,-0.004919284381862399,-0.0033111016508207136,0.05135966735966746,0.14795204836871467,0.008935348638890561,-0.031437933098213966,-0.12199163761989051,-0.11603225937538031,0.7805399835158018,0.1986675429640415,12.5,12.7,0.016000000000000014,0.010017724884471724,0.0059822751155282905,12.5,12.3,12.5,12.95,0.03600000000000003,0.020905868202823363,0.015094131797176669,12.5,13.3,0.06400000000000006,-0.004399569538519943,0.06839956953852,-0.006329223,0.005,2
2024-03-15,12.5,12.55,12.3,12.3,9093756,-0.015999999999999903,-0.012048192771084265,-0.008064516129032251,-0.019920318725099584,-0.03149606299212593,-0.03529411764705881,12.370000000000001,12.6375,13.300833333333335,12.579475261786694,12.817702795740393,-0.23822753395369922,-0.21992033421742357,-0.018307199736275648,-0.01936809219135766,-0.0014883902224614347,41.38879269440477,12.6375,0.2640150514075512,13.1655301028151,12.109469897184898,0.08356559490644536,0.18041594768870614,0.4728201147084362,0.03844065973239318,21.966346930434785,14.695461836402888,21.12015614387456,16.66666666666674,26.38888888888893,1629313677.0,1605945452.45,0.33088527526803035,-0.02030675669366773,-1.1523520274666654,13608906.3,-0.8959509618194631,0.6682209282313891,0.02032520325203252,-0.026706231454005858,-0.0752459119102814,4.0,3.0,-0.04471544715447162,0.0,1263.76,1263.78,-0.00037966873902517406,0.013171924479897346,0.04470529883442165,0.14771524809841682,-0.015620331260974729,-0.03309224320499693,-0.07999941648148046,-0.0765760607998599,0.7883863551639337,0.19930489883673994,12.3,12.45,0.012195121951219301,0.012392288189809753,-0.00019716623859045157,12.3,11.75,12.3,13.05,0.060975609756097615,0.01420097779813756,0.046774631957960056,12.3,13.4,0.08943089430894302,0.008285220083563027,0.08114567422538,-0.005706673,0.005,2
2024-03-18,12.3,12.4,11.45,11.75,27902982,-0.04471544715447162,-0.06000000000000005,-0.056224899598393496,-0.03688524590163933,-0.08203125,-0.09615384615384615,12.28,12.575,13.279166666666667,12.451863683050279,12.738613699759624,-0.28675001670934464,-0.2332862707158078,-0.05346374599353684,-0.02440425674122082,-0.004550106042003135,35.094626348387536,12.575,0.31643574221108445,13.207871484422169,11.94212851557783,0.10065550448066317,-0.15179109843544983,0.5069043922292623,0.04314079933866062,23.311389170987347,12.728242635955569,30.270353281465596,16.216216216216242,22.072072072072142,1601410695.0,1606039698.75,0.35419127839645814,-0.005030335022415681,-0.9470060052312339,14023358.7,2.3778329311620205,1.989750287140555,0.08085106382978732,-0.0656063618290258,-0.11515531848133043,0.0,3.0,0.008510638297872353,1.0,1266.11,1243.56,-0.015999620187057917,0.006531821382609326,0.015175881858331186,0.15572944781197834,-0.028715826967413705,-0.043417067284248656,-0.11132972801217733,-0.10966545797796401,0.8957551406602796,0.23310891933049982,11.75,12.45,0.05957446808510625,0.017103342050796444,0.0424711260343098,11.75,11.85,11.75,12.65,0.07659574468085117,0.028061674715612828,0.04853406996523835,11.75,12.5,0.06382978723404253,-0.024010460955926072,0.0878402481899686,-0.0066546495,0.005,2
2024-03-19,11.75,12.0,11.65,11.85,6461862,0.008510638297872353,-0.03658536585365857,-0.052000000000000046,-0.04435483870967749,-0.10227272727272729,-0.059523809523809534,12.17,12.5375,13.255,12.359269270273312,12.672790462740393,-0.3135211924670802,-0.24933325506606227,-0.06418793740101794,-0.02645748459637808,-0.005416703578144974,36.97141349205804,12.5375,0.35536304638799165,13.248226092775983,11.826773907224016,0.11337604670404523,0.016339693316497,0.49569693564145784,0.04183096503303442,24.560356965786152,12.08630591410129,28.74369701707423,21.621621621621625,18.168168168168236,1607872557.0,1607016962.8,0.3432753768973173,-0.19425816125439754,-0.7218481199236564,13786527.15,-1.2106991489138106,0.46870846658434934,0.029535864978902926,-0.054835493519441725,-0.10599773670313095,1.0,3.0,0.05857740585774063,1.0,1246.54,1242.46,-0.0008845572388946898,-0.002040160642570288,0.01008080906622455,0.15531588355140635,0.009395195536767043,-0.0423146780671072,-0.06960461859003408,-0.06890995053591853,1.00304158808173,0.2566513184935246,11.95,12.6,0.05439330543933063,0.03088945883147476,0.02350384660785587,11.95,12.65,11.95,12.7,0.06276150627615062,0.034772751027102755,0.02798875524904787,11.95,12.6,0.05439330543933063,-0.02260027818200816,0.07699358362133879,-0.00635425,0.005,2
2024-03-20,11.95,12.65,11.75,12.65,27186829,0.06751054852320681,0.07659574468085117,0.028455284552845406,0.016064257028112428,-0.019379844961240345,-0.01171875,12.21,12.530000000000001,13.259166666666667,12.403997074846648,12.671102280315178,-0.2671052054685301,-0.2528876451465559,-0.014217560321974243,-0.0211150360054174,-0.001123917812013774,49.541618292504225,12.530000000000001,0.3510885328461308,13.232177065692262,11.82782293430774,0.11207934009453491,0.585448532758396,0.5245757259527823,0.041468436834212044,23.727798954861903,19.455843128336518,25.22121398452709,64.86486486486487,34.23423423423428,1635059386.0,1608895282.15,0.42079420303558773,0.6414213166857254,0.8877089424392031,14687582.45,1.8827413747965827,1.8510077538322178,0.07114624505928856,0.009577015163607205,-0.04594305826158007,2.0,3.0,-0.011673151750972832,0.0,1243.79,1260.08,0.014181543067784741,-0.008209301776452071,0.02442197001723523,0.1626368119551008,0.053329005455422074,0.0242735588045645,-0.03614072001723523,-0.035279134062916606,1.256029140701461,0.32844713753778076,12.85,12.55,-0.023346303501945442,0.010338908312072626,-0.03368521181401807,12.85,12.7,12.85,12.8,-0.0038910505836574627,0.0011890138272070416,-0.005080064410864504,12.85,11.85,-0.07782101167315181,-0.060592459605027016,-0.01722855206812479,-0.008333085,0.005,2
2024-03-21,12.85,12.85,12.6,12.7,10428439,0.0039525691699604515,0.07172995780590719,0.08085106382978724,0.016000000000000014,-0.019305019305019266,0.007936507936507908,12.25,12.535,13.2625,12.449535986408703,12.673242852143684,-0.22370686573498055,-0.2470514892642408,0.023344623529260256,-0.017614713837400046,0.0018381593330126186,50.20998034535497,12.535,0.35284557528940586,13.240691150578812,11.829308849421189,0.11259531720443741,0.6169066665103178,0.5049631740990121,0.03976087985031592,22.457928107692837,21.596881750314466,24.329309694762074,67.56756756756752,51.351351351351376,1645487825.0,1611943123.4,0.41703350958764673,0.5466103285994881,0.9290804958079573,14560904.45,-0.6170227933068577,0.7161944531543163,0.01968503937007874,0.01316314319904266,-0.04241281809613573,3.0,3.0,-0.02352941176470591,0.0,1269.96,1276.42,0.012967430639324595,0.009618274721971742,0.04001434030522044,0.16720145018091911,-0.009014861469364144,0.006381725278028272,-0.03207783236871253,-0.03084364428984554,1.2207980531258134,0.3248865884289272,12.75,12.95,0.015686274509803866,0.006726177471207073,0.008960097038596793,12.75,12.45,12.75,12.65,-0.007843137254901933,-0.01038577983083111,0.002542642575929177,12.75,11.8,-0.07450980392156858,-0.08326570741908301,0.008755903497514428,-0.005297675,0.005,2
2024-03-22,12.75,12.8,12.35,12.45,12501687,-0.019685039370078705,-0.015810276679842028,0.05063291139240511,0.012195121951219301,-0.007968127490039945,0.020491803278688492,12.28,12.5475,13.2475,12.449607373115057,12.656706344577485,-0.20709897146242717,-0.2390609857038781,0.031962014241450926,-0.01663445553915078,0.0025672300595542914,46.86724079144736,12.5475,0.3446871197588148,13.236874239517629,11.85812576048237,0.10988232548597406,0.42928369352166174,0.5010372330919399,0.04024395446521606,21.793174689867094,20.21138494691791,26.33255554860272,54.05405405405401,62.16216216216217,1632986138.0,1615032870.45,0.40664816752470234,0.6005789102751353,1.1715913302446446,14518998.65,-0.30072845680429416,0.8610571087834628,0.0361445783132531,-0.0077704722056186615,-0.06020003774297045,4.0,3.0,-0.0040000000000000036,0.0,1281.56,1281.8,0.004214913586436886,0.014258810868980287,0.057590759075907494,0.1582741133267467,-0.02389995295651559,-0.0020636889177609863,-0.037098955797219,-0.03507874428633906,1.2309406704897696,0.3441046516703081,12.5,13.05,0.04400000000000004,0.004089579781993313,0.039910420218006726,12.5,12.45,12.5,12.9,0.03200000000000003,-0.018571227499491694,0.05057122749949172,12.5,12.05,-0.03599999999999992,-0.06931173076020825,0.033311730760208325,-0.0053078337,0.005,2
2024-03-25,12.5,12.6,12.35,12.45,8917562,0.0,-0.019685039370078705,-0.015810276679842028,0.05957446808510625,0.020491803278688492,-0.011904761904761973,12.419999999999998,12.540000000000001,13.23,12.449667777251202,12.64139476349767,-0.19172698624646856,-0.2295941858123962,0.037867199565927656,-0.015399757931443258,0.0030415421338094504,46.867240791447365,12.540000000000001,0.34511630381540437,13.23023260763081,11.849767392369191,0.11008494539566341,0.4348045868849037,0.4831060021568014,0.03880369495235353,21.175903659028904,19.464307521411865,25.35922008159184,54.05405405405401,58.55855855855855,1632986138.0,1617522531.65,0.38928556602802494,0.784235344283005,2.0963934376524334,14364790.9,-0.8006197967032294,0.6207930252573325,0.020080321285140562,-0.0071770334928230595,-0.05895691609977338,0.0,3.0,0.016129032258064502,1.0,1278.86,1267.86,-0.010875331564986768,0.019540673550130228,0.03568948757117063,0.16301437849985623,0.010875331564986768,0.04003379453497602,-0.047594249475932604,-0.04595416874177938,1.1712149999178036,0.3366984031434281,12.4,12.65,0.02016129032258074,0.010702314760045795,0.009458975562534944,12.4,12.6,12.4,13.0,0.048387096774193505,-0.013880673528136045,0.06226777030232955,12.4,12.15,-0.020161290322580627,-0.07141448795299499,0.05125319763041436,-0.005007434,0.005,2
2024-03-26,12.4,12.8,12.3,12.6,7382507,0.012048192771084265,0.012048192771084265,-0.007874015748031482,0.06329113924050622,0.016129032258064502,-0.0039525691699605625,12.569999999999999,12.5375,13.210833333333333,12.472795811520248,12.638328484720065,-0.16553267319981657,-0.2167818832898803,0.051249210090063724,-0.013137513746017189,0.004067397626195534,49.21973244287282,12.5375,0.344458002941992,13.226416005883983,11.848583994116016,0.10989687033044608,0.5453611176588958,0.48431271628845846,0.038437517165750675,20.066603463125915,20.978654685660565,23.489175374886283,67.64705882352939,58.58505564387917,1640368645.0,1619959370.45,0.3915150992667906,0.7233679673980157,1.9128531759319656,14311968.5,-1.0107012855640027,0.515827504790833,0.03968253968253968,0.004985044865403854,-0.046237305241910054,1.0,3.0,-0.007905138339920903,0.0,1267.95,1282.21,0.011318284353162067,0.03199298166540565,0.03616278505971904,0.1633624500484225,0.0007299084179221982,0.03129815757510057,-0.0401153542296796,-0.03871530111686805,1.1560762232708164,0.3313326238907556,12.65,12.7,0.0039525691699604515,0.0005441796103673457,0.0034083895595931057,12.65,12.55,12.65,13.15,0.03952569169960474,-0.018284434908344638,0.057810126607949375,12.65,12.3,-0.02766798418972327,-0.06275945706422881,0.035091472874505536,-0.0036741549,0.005,2
2024-03-27,12.65,12.65,12.45,12.55,4121646,-0.003968253968253843,0.008032128514056325,0.008032128514056325,-0.007905138339920903,0.008032128514056325,0.0,12.55,12.537499999999998,13.1925,12.484673378978671,12.63178563400006,-0.1471122550213888,-0.20284795763618202,0.055735702614793214,-0.011722092033576796,0.004441091841816192,48.44968041897067,12.537499999999998,0.344458002941992,13.226416005883982,11.848583994116014,0.1098968703304461,0.5090722235317813,0.4640046651249972,0.036972483276892204,19.03653899550171,20.332766638700356,22.76599374885184,68.75000000000003,63.48370429252785,1636246999.0,1622591882.0,0.3906976045106531,0.7029990623566942,1.9295687176200123,14116295.75,-1.4084311687301196,0.29197787245283524,0.015936254980079764,0.0009970089730810816,-0.04870191396626866,2.0,3.0,0.031872509960159334,1.0,1286.34,1283.09,0.0006863150341986923,0.018260745349501617,0.02274919293770683,0.1571178912429966,-0.0046545690024525355,-0.02616588368942252,-0.02274919293770683,-0.022243178576717204,1.1610304958681301,0.33283857125899274,12.55,12.8,0.019920318725099584,-0.016674013750647698,0.03659433247574728,12.55,12.95,12.55,13.4,0.06772908366533859,-0.02665831419224618,0.09438739785758476,12.55,12.5,-0.003984063745020028,-0.06810360161790519,0.06411953787288516,-0.003373755,0.005,2
2024-03-28,12.55,13.05,12.55,12.95,22879640,0.031872509960159334,0.02777777777777768,0.04016064257028118,0.019685039370078705,0.03600000000000003,0.011718749999999778,12.599999999999998,12.545,13.1775,12.55626208990503,12.655357068518574,-0.09909497861354488,-0.1820973618316546,0.08300238321810971,-0.007652121900659837,0.006409450441552874,54.57278405211271,12.545,0.35202422165653685,13.249048443313074,11.840951556686926,0.11224367370475466,0.7876222537288571,0.4665757604732117,0.03602901625275766,18.27975747006136,24.900026236338128,21.023358845376567,93.74999999999991,76.7156862745098,1659126639.0,1625548173.5,0.40083654484722675,0.6590707217593385,1.4657045240446671,14440075.7,1.1483350351595372,1.584454297562997,0.03861003861003861,0.03228377839776808,-0.01726427622841975,3.0,3.0,0.015564202334630517,1.0,1293.03,1290.18,0.005525723059177645,0.010780150734084337,0.029894709953461662,0.15752444694446172,0.02634678690098169,0.008904888635994368,-0.018175959953461884,-0.017648367136756327,1.202688936457891,0.3415275149184457,12.85,12.65,-0.015564202334630295,-0.018913901137154854,0.003349698802524559,12.85,13.05,12.85,13.3,0.035019455252918386,-0.02668832675794852,0.06170778201086691,12.85,12.4,-0.035019455252918275,-0.0643459426007581,0.029326487347839825,-0.0024735671,0.005,2
2024-03-29,12.85,13.2,12.75,13.05,14471715,0.007722007722007929,0.03984063745019917,0.03571428571428581,0.048192771084337505,0.060975609756097615,0.02755905511811041,12.72,12.562499999999998,13.166666666666666,12.632221768381179,12.68458987825794,-0.05236810987676144,-0.15615151144067596,0.10378340156391452,-0.004012881982893597,0.007952751077694598,55.980484340926125,12.562499999999998,0.36845159648002623,13.299403192960051,11.825596807039945,0.11731792126727215,0.8307761485207932,0.46539177758226796,0.03566220517871785,17.911213647967717,25.482482992812802,19.57135463606175,91.42857142857152,84.64285714285718,1673598354.0,1629562054.15,0.4001594398917398,0.563245751918252,1.4054585375360233,14829658.05,-0.050277810339702404,0.9758630274013634,0.0344827586206896,0.03880597014925402,-0.008860759493670822,4.0,3.0,-0.03065134099616862,0.0,1292.7,1284.09,-0.004720271590010761,0.0017865501638321124,0.02051212766633803,0.15862764253236306,0.01244227931201869,0.04640622092050539,0.007046927451772378,0.006905285356958002,1.1855019627601395,0.3384548723473047,13.05,12.9,-0.011494252873563204,-0.021257515381676084,0.00976326250811288,13.05,12.65,13.05,13.4,0.026819923371647514,-0.004499481428916763,0.03131940480056428,13.05,12.25,-0.06130268199233724,-0.05147500331417609,-0.009827678678161145,-0.00061898003,0.005,2
2024-04-01,13.05,13.1,12.65,12.65,13132685,-0.03065134099616862,-0.02316602316602312,0.007968127490039834,0.016064257028112428,0.07659574468085117,-0.01171875,12.760000000000002,12.555,13.1575,12.63495688093792,12.682027665053647,-0.04707078411572674,-0.13433536597568613,0.08726458185995939,-0.0037210106020337344,0.006898385917783351,49.387851539655465,12.555,0.36487200351449284,13.284744007028985,11.825255992971014,0.116247551896294,0.5650913190687068,0.4642923648978202,0.036702953746863255,17.283057206332476,23.718336363644074,19.75487360938223,68.57142857142864,84.58333333333339,1660465669.0,1632096401.2,0.4153040839674044,0.6387961424473477,1.078259154794237,14663392.95,-0.21504431668440194,0.8956102482406707,0.03557312252964421,0.007566706491437758,-0.03857115713471404,0.0,4.0,0.007936507936507908,1.0,1282.37,1281.52,-0.002001417346136125,0.010774060227469962,0.01594247706931129,0.15889310480267113,-0.028649923650032494,0.005290196800642466,-0.02766122706931129,-0.02722715871582182,1.2034285452836726,0.3459698179509177,12.6,13.0,0.031746031746031855,-0.02039361318729549,0.052139644933327345,12.6,12.7,12.6,12.5,-0.007936507936507908,-0.04682774722261407,0.03889123928610616,12.6,12.45,-0.011904761904761973,-0.043364828656042964,0.03146006675128099,-0.00061898003,0.005,2
2024-04-02,12.6,12.7,12.35,12.7,12714421,0.0039525691699604515,-0.026819923371647625,-0.019305019305019266,0.007936507936507908,0.07172995780590719,-0.037878787878787845,12.780000000000001,12.53,13.142500000000002,12.644963514639779,12.683358949123747,-0.038395434483968316,-0.11514737967734257,0.07675194519337425,-0.003023262557792781,0.006043460251446792,50.17769450057656,12.53,0.33419187681274903,13.198383753625498,11.861616246374501,0.10668535572633654,0.6271724507649034,0.4561286245479759,0.03591563972818708,16.197014604554365,22.418355662632983,23.37004971076534,71.42857142857143,77.14285714285724,1673180090.0,1633970597.9,0.39880435541185333,0.7875026648416742,1.899357809677451,14003242.6,-0.19486791212979088,0.9079626314550888,0.027559055118110208,0.013567438148443633,-0.03366939319003248,1.0,4.0,0.007874015748031704,1.0,1276.38,1287.04,0.004307384980335893,0.003766933653613691,0.013433282413896297,0.15789906366094333,-0.00035481581037544174,0.004169574282894217,-0.05131207029268414,-0.050631917446468666,1.2098798451936368,0.3520356206819742,12.7,13.15,0.03543307086614189,-0.017490080136932984,0.052923151003074875,12.7,12.8,12.7,12.6,-0.007874015748031482,-0.05416634248813501,0.04629232674010353,12.7,13.0,0.023622047244094446,-0.034015404963821716,0.05763745220791616,-0.0011012729,0.005,2
2024-04-03,12.7,13.0,12.6,12.8,14182535,0.007874015748031704,0.011857707509881354,-0.019157088122605415,0.019920318725099584,0.011857707509881354,-0.007751937984496138,12.830000000000002,12.525,13.1275,12.668815281618274,12.691999026966432,-0.023183745348157814,-0.09675465281150562,0.07357090746334781,-0.0018112301053248292,0.005747727145574047,51.797887422352915,12.525,0.32907365996919663,13.183147319938394,11.866852680061607,0.10509338442130037,0.708919790196625,0.4521194370802634,0.03532183102189558,15.617103229057884,25.741222525104643,21.893192820174878,77.14285714285722,72.38095238095246,1687362625.0,1637092110.5,0.3920714977223146,0.6617676026080989,2.011605521880991,14174180.2,0.0012717128385048306,1.0005894379697529,0.03125000000000003,0.021956087824351433,-0.02494762902304315,2.0,4.0,0.0,0.0,1285.3,1271.47,-0.01209752610641468,-0.009056262616028432,0.006921511328629171,0.16289546380702027,0.019971541854446384,0.028976581341128016,-0.014673449313125309,-0.01457258500095382,1.1147402338069219,0.32980380574565715,12.65,13.4,0.059288537549407216,-0.010464906004544416,0.06975344355395163,12.65,12.65,12.65,11.85,-0.06324110671936767,-0.06200319215014105,-0.001237914569226617,12.65,13.2,0.04347826086956519,-0.01827230770440358,0.06175056857396877,-0.0011012729,0.005,2
2024-04-04,12.65,12.8,12.6,12.65,6913931,-0.01171875,-0.00393700787401563,0.0,-0.02316602316602312,-0.00393700787401563,-0.02316602316602312,12.77,12.51,13.116666666666667,12.66592062290777,12.688887987931881,-0.022967365024111785,-0.08199719525402686,0.05902983022991508,-0.001815601978190655,0.004666389741495263,49.21267731549521,12.51,0.31522757026304604,13.140455140526091,11.879544859473908,0.10079218873318811,0.6110308973634315,0.4341109058602447,0.03431706765693634,15.078614094668294,24.89413081329903,21.172732004265868,68.57142857142864,72.38095238095246,1680448694.0,1639221440.35,0.3938766797427552,0.7512565958736351,2.022487727884162,13873390.55,-1.028817406741311,0.49835914119782343,0.01581027667984198,0.011191047162270262,-0.03557814485387545,3.0,4.0,0.023809523809523947,1.0,1271.87,1268.25,-0.002532501749943017,-0.016997628237920392,-0.00016555508254101348,0.1624432395811126,-0.009186248250056983,-0.006168394928102727,-0.023000468083482106,-0.02300427655838655,1.1596193138194242,0.34615469736305116,12.6,13.3,0.05555555555555558,-0.0003019275691651391,0.05585748312472072,12.6,12.9,12.6,11.8,-0.06349206349206338,-0.0665273562268589,0.003035292734795525,12.6,13.5,0.0714285714285714,-0.0064517154253205256,0.07788028685389192,-0.0025649797,0.005,2
2024-04-05,12.6,13.1,12.45,12.9,17105549,0.01976284584980248,0.0078125,0.015748031496063186,-0.011494252873563204,0.03614457831325302,0.027888446215139417,12.74,12.5275,13.113333333333333,12.701932834768114,12.704525914751741,-0.0025930799836277885,-0.06611637219994705,0.06352329221631926,-0.0002010139522192084,0.004924286218319323,53.38821992129091,12.5275,0.32705825974047786,13.181616519480956,11.873383480519044,0.10442889953796945,0.7847352030610545,0.44953155544165585,0.03484740739857797,15.257870201274775,27.089879254740286,18.985967386079587,80.64516129032263,75.45314900153619,1697554243.0,1643287829.4,0.3835988857620165,0.6110192505278423,2.102604031082233,13646886.25,0.5269302058348385,1.2534396994772343,0.05038759689922483,0.029734583915386192,-0.01626842907981696,4.0,4.0,0.0,0.0,1258.58,1255.11,-0.010360733293908964,-0.022568511552928494,0.006221188920511489,0.1552580297151735,0.030123579143711443,0.01107425867936529,0.02166725729462793,0.021533294600835085,1.059322748892664,0.32158406752312435,13.0,13.4,0.030769230769230882,0.016911348845360274,0.013857881923870607,13.0,13.0,13.0,12.05,-0.07307692307692304,-0.051897050272031287,-0.021179872804891753,13.0,13.45,0.03461538461538449,-0.005360969275990168,0.03997635389137466,-0.0011012729,0.005,2
2024-04-08,13.0,13.4,12.85,13.0,25681771,0.007751937984496138,0.027667984189723382,0.015625,0.027667984189723382,0.04417670682730934,0.06557377049180335,12.809999999999999,12.567499999999999,13.115833333333333,12.747789321726865,12.72641288402939,0.02137643769747477,-0.04861781022046269,0.06999424791793746,0.0016443413613442131,0.00538417291676442,54.98256746652477,12.567499999999999,0.3337486447853365,13.234997289570671,11.900002710429327,0.10622594622171035,0.8239713529609841,0.45670787291010906,0.03513137483923916,16.01442749068984,29.451589990200315,17.352806815812343,75.75757575757574,74.9913885397757,1723236014.0,1649522282.2,0.36773120848674856,0.5589497412738278,2.6893321128939474,14046999.6,1.6506611022588895,1.8282744878842312,0.042307692307692366,0.03441416351700832,-0.0088315649024715,0.0,4.0,0.00766283524904221,1.0,1255.37,1250.35,-0.00379249627522682,-0.02432267931830956,0.01202761657318141,0.15172739054221804,0.011544434259722958,0.05199066350803294,0.05354615391862194,0.052909775426815076,1.062670864362828,0.3245481678509986,13.05,12.5,-0.04214559386973182,-0.02857713190673916,-0.013568461962992662,13.05,13.15,13.05,12.15,-0.06896551724137934,-0.05988502076014057,-0.009080496481238765,13.05,13.2,0.011494252873563093,-0.006148195464707795,0.01764244833827089,-0.0011012729,0.005,2
2024-04-09,13.05,13.15,12.9,13.15,6616122,0.011538461538461497,0.019379844961240345,0.03952569169960474,0.03543307086614189,0.04365079365079372,0.06048387096774199,12.9,12.605,13.1125,12.80966788761504,12.75778970743462,0.05187818018042023,-0.028518612140286104,0.08039679232070633,0.003945108758967318,0.0061138245110803294,57.339716223391775,12.605,0.3553723029240212,13.315744605848042,11.894255394151958,0.11277185336740055,0.8834007289789558,0.4419430248451013,0.03360783458898108,16.716944973718114,28.261569511860742,16.65164957865271,77.27272727272727,77.89182144020857,1729852136.0,1655346364.5,0.36586080923570186,0.5948210867171154,2.841605960085196,13636629.1,-0.9700377994361687,0.48517283497869723,0.019011406844106463,0.04323681078936925,0.0028598665395613843,1.0,4.0,0.01132075471698113,1.0,1252.4,1262.82,0.00997320750189945,-0.01881837394331176,0.014313253012048222,0.1533376633324862,0.001565254036562047,0.05425144480945365,0.04617061795569377,0.045519091679604884,1.0978588191919973,0.34426891203511256,13.25,12.6,-0.049056603773584895,-0.040111174278314676,-0.008945429495270218,13.25,13.4,13.25,12.3,-0.07169811320754715,-0.048062346029941305,-0.02363576717760585,13.25,13.7,0.03396226415094339,-0.02076621817952118,0.05472848233046457,-0.0011012729,0.005,2
2024-04-10,13.25,13.8,13.1,13.4,22139066,0.019011406844106515,0.030769230769230882,0.03875968992248069,0.046875,0.06772908366533859,0.0763052208835342,13.02,12.6525,13.115,12.900488212597342,12.80536084021724,0.0951273723801016,-0.003789415236208564,0.09891678761631018,0.00709905764030609,0.007381849822112699,61.0045450383508,12.6525,0.39486006848695415,13.442220136973908,11.862779863026091,0.12483226824325765,0.9732689246498832,0.46037566592759416,0.034356392979671205,18.435006428029464,35.277098147060315,14.84316459442771,73.33333333333331,75.45454545454548,1751991202.0,1661847757.95,0.37015645970623207,0.4855112363361818,2.480282791793813,14313940.25,1.0613106134668409,1.546678665226369,0.052238805970149335,0.059079233353092286,0.02173084254670221,2.0,4.0,0.0037735849056603765,1.0,1266.48,1258.56,-0.003373402385138058,-0.010153601736572648,-0.009405671738120902,0.1348899892769325,0.022384809229244573,0.05702860173657265,0.0857108926216551,0.08652471569471376,1.0701819572283313,0.3352876030038072,13.25,11.85,-0.10566037735849054,-0.04550036803533153,-0.060160009323159014,13.25,13.3,13.25,12.5,-0.05660377358490565,-0.03593144941914428,-0.02067232416576137,13.25,13.55,0.02264150943396226,-0.005280506928665218,0.027922016362627478,-0.00061898003,0.005,2
2024-04-11,13.25,13.5,13.2,13.3,8187275,-0.007462686567164201,0.011406844106463865,0.023076923076923217,0.05138339920948609,0.027027027027027195,0.06400000000000006,13.15,12.692499999999999,13.101666666666667,12.961951564505442,12.842000777978926,0.11995078652651614,0.020958625116336376,0.09899216141017976,0.009018856129813244,0.007443019654900734,58.82755990691378,12.692499999999999,0.4184165011353688,13.529333002270736,11.855666997729262,0.13186259637908007,0.862975646485952,0.44892026121848033,0.033753403099133855,20.03034920703286,33.59319594272405,14.134647202331346,66.66666666666667,72.42424242424245,1743803927.0,1667117582.65,0.3723608629774685,0.5518004016885564,2.404815707996707,13901099.0,-0.7640903583001019,0.5889660234777121,0.02255639097744366,0.04786291116801267,0.015138023152270863,3.0,4.0,-0.0037174721189590088,0.0,1249.88,1258.2,-0.00028604118993125205,-0.007924305144884625,-0.0047933178301931,0.1338470855294543,-0.007176645377232949,0.059307704354370716,0.06879331783019316,0.06912465426800196,1.0859674029348922,0.35985634661115545,13.45,11.8,-0.12267657992565051,-0.06976467979983536,-0.05291190012581515,13.45,13.4,13.45,12.4,-0.07806691449814118,-0.04231329574966747,-0.035753618748473714,13.45,13.55,0.0074349442379182396,-0.006785646417938773,0.014220590655857013,-0.00061898003,0.005,2
2024-04-12,13.45,13.65,13.25,13.4,11057298,0.007518796992481258,0.0,0.019011406844106515,0.03875968992248069,0.026819923371647514,0.08943089430894302,13.25,12.7475,13.094999999999999,13.029343631504606,12.883334053684191,0.1460095778204149,0.045968815657152086,0.10004076216326283,0.01089623715077723,0.007465728519646479,60.351286522243925,12.7475,0.4360332556139626,13.619566511227926,11.875433488772074,0.13682157461901173,0.8741113731573281,0.4454259568457318,0.033240743048188935,21.727932181783324,33.84379421017906,13.227993567272485,73.33333333333331,71.11111111111113,1754861225.0,1673394960.05,0.36543223750600023,0.4485101681011355,2.697786154290357,13999276.1,-0.39626857753602573,0.7898478407751384,0.029850746268656744,0.051186507158266226,0.0232913325696833,4.0,4.0,-0.06716417910447758,0.0,1262.96,1276.6,0.014624066126212032,0.01712200524256846,0.010144170662615304,0.14381414953411048,-0.007105269133730774,0.021637684679912228,0.07928672364632772,0.07849050259263368,1.0399996671372218,0.3513686988104095,13.4,12.05,-0.10074626865671643,-0.06577604747178223,-0.0349702211849342,13.4,12.5,13.4,12.25,-0.08582089552238803,-0.0452583161959782,-0.04056257932640983,13.4,13.65,0.018656716417910557,-0.0041129652595720545,0.02276968167748261,-0.00061898003,0.005,2
2024-04-15,13.4,13.55,12.5,12.5,36153205,-0.06716417910447758,-0.06015037593984962,-0.06716417910447758,-0.038461538461538436,-0.011857707509881465,0.06382978723404253,13.15,12.785,13.081666666666667,12.947906149734667,12.854938938596472,0.09296721113819473,0.05536849475336062,0.037598716384834106,0.007437376891055578,0.0030078973107867286,44.41850563547813,12.785,0.37349698794141706,13.531993975882834,12.038006024117166,0.11685474788937565,0.3092354093865528,0.48860981707103673,0.039088785365682936,21.08791044621669,28.64888310303198,22.16159086125155,10.344827586206913,50.11494252873567,1718708020.0,1679259826.3,0.4113659172586445,-0.37849752361092615,3.540556925420483,14411787.25,2.587591415407608,2.508585810548931,0.08400000000000006,-0.02229174814235435,-0.044464262963434864,0.0,4.0,0.016129032258064502,1.0,1274.02,1216.61,-0.046992010026633224,-0.02698444435558045,-0.021671652352922344,0.21537339421431037,-0.02017216907784436,-0.011477094105957986,0.08550143958696488,0.08739544325031523,1.1577978153057145,0.47305311446383924,12.4,12.15,-0.020161290322580627,-0.03384100308540672,0.01367971276282609,12.4,12.6,12.4,12.45,0.004032258064516014,0.0019612026521367287,0.0020710554123792857,12.4,14.6,0.17741935483870952,0.044697367557276824,0.1327219872814327,-0.005716832,0.005,2
2024-04-16,12.4,12.6,11.95,12.6,18011775,0.008000000000000007,-0.059701492537313494,-0.052631578947368474,-0.041825095057034245,-0.007874015748031482,0.06329113924050622,13.040000000000001,12.8225,13.066666666666666,12.894382126698565,12.836054572774511,0.05832755392405353,0.0559603065874992,0.002367247336554329,0.004629170946353455,0.00018787677274240705,46.12054811143936,12.8225,0.3062828929725372,13.435065785945074,12.209934214054925,0.09554545306220696,0.31838685321224375,0.5001376872802484,0.03969346724446416,19.84244973054682,25.989362036480983,27.959275175079814,35.13513513513512,39.60443201822515,1736719795.0,1685702188.2,0.41128607170001,-0.3755537414525798,3.5441824425795536,14989282.9,0.3676101505585263,1.2016435422671221,0.05158730158730162,-0.017352310391889225,-0.0357142857142857,1.0,4.0,-0.059523809523809534,0.0,1218.64,1215.68,-0.0007644191647281362,-0.03732915221488409,-0.021554013811309836,0.21537471392532598,0.008764419164728143,-0.004495942842150158,0.08484515305181606,0.08671419194258312,1.1462569326392935,0.46771015404044003,12.6,12.3,-0.023809523809523725,-0.01298435491661698,-0.010825168892906745,12.6,11.85,12.6,13.0,0.031746031746031855,0.016463769065142797,0.015282262680889058,12.6,14.75,0.1706349206349207,0.04593645361736254,0.12469846701755816,-0.006329223,0.005,2
2024-04-17,12.6,12.65,11.85,11.85,20551329,-0.059523809523809534,-0.052000000000000046,-0.11567164179104483,-0.11567164179104483,-0.07421875000000011,-0.06324110671936767,12.73,12.7825,13.039166666666667,12.733707953360323,12.763013493309732,-0.029305539949408654,0.03890713728011763,-0.06821267722952629,-0.0024730413459416586,-0.0057563440700022185,36.97526056785516,12.7825,0.3746138362595547,13.53172767251911,12.03327232748089,0.1172270952503986,-0.12230750024533854,0.5215564239030879,0.0440132003293745,18.876714074579215,23.141910957322995,26.265523334673276,0.0,15.159987573780711,1716168466.0,1689757642.2,0.3955151316220659,-1.4914979464114104,2.092582919286559,14657507.9,0.7528809613885151,1.4021025361343997,0.06751054852320681,-0.07295130060629773,-0.09119959097590591,2.0,4.0,0.03508771929824572,1.0,1221.47,1193.01,-0.018647999473545673,-0.05208333333333326,-0.053226779252110945,0.21620731028155238,-0.04087581005026386,-0.06358830845771157,-0.010014327467256723,-0.010577324376946473,1.25294724930943,0.5038815256512335,11.4,12.5,0.0964912280701753,0.020408681734653378,0.07608254633552192,11.4,11.8,11.4,13.2,0.1578947368421051,0.057381422171788765,0.10051331467031632,11.4,14.9,0.3070175438596492,0.08152463861390347,0.22549290524574572,-0.0066546495,0.005,2
2024-04-19,11.4,11.8,11.05,11.8,22685005,-0.00421940928270037,-0.06349206349206338,-0.05599999999999994,-0.1127819548872181,-0.06719367588932801,-0.07086614173228334,12.43,12.7375,13.0125,12.590060575920273,12.691679160471974,-0.10161858455170147,0.010801992913753812,-0.11242057746545528,-0.008611744453534022,-0.009527167581818244,36.456259282153766,12.7375,0.4343400923133675,13.606180184626735,11.868819815373266,0.13639728119752456,-0.039611710150172626,0.541445250767153,0.045885190742979066,19.269862697227754,20.699568153552203,34.0472864226684,27.272727272727273,20.802620802620833,1693483461.0,1692157424.0,0.3946841102025305,-1.4474168362157345,2.0199733970556673,15270336.2,0.9316634668603645,1.4855602851756466,0.0635593220338983,-0.07360157016683022,-0.09317963496637838,4.0,4.0,-0.012295081967212962,0.0,1180.87,1174.85,-0.015222001492024462,-0.06624542997933569,-0.07957412137070885,0.2123357564096515,0.011002592209324091,-0.046536524907882404,0.008707979638425511,0.009460815738246753,1.2233982248852517,0.5000979758204643,12.2,12.4,0.016393442622950838,0.021752536387980692,-0.005359093765029854,12.2,12.05,12.2,13.5,0.10655737704918034,0.0563369573481336,0.05022041970104674,12.2,14.2,0.16393442622950816,0.07023323787560098,0.09370118835390717,-0.0066546495,0.005,2
2024-04-22,12.2,12.2,12.0,12.05,8283449,0.021186440677966045,0.016877637130801704,-0.04365079365079361,-0.10074626865671643,-0.06589147286821706,-0.032128514056224744,12.16,12.717500000000001,12.985000000000001,12.506974333471,12.644147370807383,-0.13717303733638353,-0.018793013136273656,-0.11838002420010987,-0.011383654550737221,-0.009824068398349366,40.92146617944124,12.717500000000001,0.4568988716868092,13.631297743373619,11.803702256626384,0.14370713479435698,0.1347660054753031,0.5313420185694991,0.044094773325269634,18.799446892047825,24.96372672750443,32.21648897379508,36.36363636363637,21.212121212121247,1701766910.0,1695596462.6,0.3989136274307033,-1.6030044108379415,2.4305365134770747,15059424.3,-0.8375161255437202,0.5500508409209242,0.016597510373443924,-0.05248673088264211,-0.07200616095494805,0.0,4.0,0.012499999999999956,1.0,1183.77,1190.22,0.013082521172915751,-0.06766410778630727,-0.07144640349508502,0.21913825057205327,0.008103919505050294,-0.03308216087040916,0.039317889438860276,0.04234315562058377,1.219526259338704,0.5009671010024421,12.0,12.25,0.02083333333333326,0.021670474398602257,-0.0008371410652689981,12.0,12.15,12.0,13.45,0.12083333333333335,0.04878376562290021,0.07204956771043314,12.0,14.6,0.21666666666666656,0.07598945034269589,0.14067721632397068,-0.0060320995,0.005,2
2024-04-23,12.0,12.2,12.0,12.15,9493255,0.008298755186721962,0.029661016949152463,0.025316455696202667,-0.028000000000000025,-0.06538461538461537,-0.02409638554216864,12.09,12.702499999999999,12.954166666666667,12.452055205244692,12.607543861858689,-0.15548865661399702,-0.04613214183181833,-0.1093565147821787,-0.012797420297448315,-0.00900053619606409,42.65723589812893,12.702499999999999,0.47085448640714045,13.64420897281428,11.760791027185718,0.14827143834903067,0.2066503474269435,0.5076747315288206,0.041783928520890586,18.36263221580932,24.261259881337338,31.30993300757132,39.99999999999999,34.54545454545458,1711260165.0,1699510163.95,0.4003638054171371,-1.6372557206926237,2.476911904135628,15088208.95,-0.6934271341402,0.6291836911497704,0.01646090534979418,-0.043495374926195485,-0.06207783853329052,1.0,4.0,0.00819672131147553,1.0,1190.56,1177.4,-0.010771117944581632,-0.032228898332250955,-0.07134857160885255,0.21909271622035809,0.019069873131303594,0.00422889833225093,0.04725218606668391,0.05088258588967709,1.179386721409325,0.49142190898475585,12.2,12.45,0.020491803278688492,0.02912842296897522,-0.008636619690286729,12.2,12.3,12.2,13.2,0.08196721311475419,0.049078358491997376,0.032888854622756813,12.2,14.45,0.18442622950819665,0.06360042816084688,0.12082580134734977,-0.0060320995,0.005,2
2024-04-24,12.2,12.45,12.15,12.3,6368126,0.012345679012345734,0.020746887966804906,0.04237288135593209,-0.023809523809523725,-0.06463878326996197,-0.023809523809523725,12.030000000000001,12.6875,12.915,12.428662096745509,12.584762835054342,-0.1561007383088331,-0.06812586112722128,-0.0879748771816118,-0.012691116935677486,-0.007152429039155431,45.25547453688703,12.6875,0.47899978024524736,13.645499560490494,11.729500439509506,0.1510147090428365,0.2977556483420514,0.4928408221339048,0.04006835952308169,17.443380255054308,26.82969595349369,29.948586492135483,45.45454545454545,40.60606060606063,1717628291.0,1703373146.25,0.4004928663431431,-1.637080399427451,2.4744047227407884,15037489.9,-1.0673206555222516,0.4234833102032541,0.024390243902438935,-0.030541871921182184,-0.04761904761904745,2.0,4.0,0.008064516129032251,1.0,1186.47,1205.61,0.023959571938168667,-0.008283429849960666,-0.059740604113210916,0.2345599513795524,-0.011613892925822933,-0.015526093959563059,0.03593108030368719,0.03821400824162935,1.1715325808910522,0.521109198898413,12.4,13.0,0.048387096774193505,0.029289119170984312,0.019097977603209193,12.4,12.5,12.4,13.7,0.10483870967741926,0.028128497409326547,0.07671021226809271,12.4,14.6,0.17741935483870952,0.05092642487046639,0.12649292996824313,-0.005706673,0.005,2
2024-04-25,12.4,12.65,12.3,12.5,5153989,0.016260162601625883,0.028806584362139898,0.03734439834024883,0.05485232067510548,-0.06716417910447758,-0.003984063745020028,12.16,12.685,12.884999999999998,12.439637158784661,12.578484106531798,-0.1388469477471368,-0.08227007845120439,-0.056576869295932405,-0.011107755819770944,-0.0045261495436745925,48.59965617167108,12.685,0.47988485461152197,13.644769709223045,11.725230290776956,0.15132356471786274,0.40362271374986286,0.48263790626719727,0.038611032501375785,16.19774994608042,28.399877283831525,28.39728964499376,52.727272727272705,46.060606060606084,1722782280.0,1707699910.3,0.4048463015957762,-1.6992056756057574,2.554676726680909,15089107.05,-1.2337917844439206,0.3415701792638551,0.027999999999999973,-0.014584154513204606,-0.029879705083430186,3.0,4.0,0.0,0.0,1206.25,1204.97,-0.0005308516020934295,0.010025062656641603,-0.06088427156317944,0.2343479918688053,0.016791014203719312,0.04482725801846388,0.05690020781815941,0.060589133048459365,1.1592406094609855,0.51588473047055,12.4,13.2,0.06451612903225801,0.04067242859405096,0.02384370043820705,12.4,12.4,12.4,13.55,0.092741935483871,0.036213463574006344,0.05652847190986465,12.4,14.95,0.2056451612903225,0.06825967011993384,0.13738549117038867,-0.0056198253,0.005,2
2024-04-26,12.4,12.55,12.35,12.4,4254834,-0.008000000000000007,0.008130081300812941,0.020576131687242816,0.05084745762711851,-0.06766917293233088,-0.042471042471042386,12.28,12.6575,12.845833333333333,12.433539134356252,12.565263061603517,-0.13172392724726478,-0.09216084821041647,-0.03956307903684832,-0.010622897358650385,-0.0031905708900684124,47.05197428215412,12.6575,0.4796585956931907,13.616817191386382,11.69818280861362,0.15158083213689605,0.3657899585704975,0.462449484390969,0.03729431325733621,15.041093230604668,27.522565174465726,27.520057471427133,49.09090909090908,49.090909090909115,1718527446.0,1710669950.65,0.3877449710394798,-1.7920357711723887,2.719856390809664,14157866.75,-1.2106282379174274,0.3005279026234655,0.016129032258064602,-0.020343669761011318,-0.03470645475186507,4.0,4.0,-0.004065040650406582,0.0,1199.83,1209.52,0.0037760276189449105,0.029510150231944587,-0.06251840828411548,0.23358170234272915,-0.011776027618944918,0.02133730739517392,0.020047365813073093,0.021384276758309673,1.168908223782086,0.5280727334303019,12.3,13.5,0.09756097560975596,0.03162202074034948,0.06593895486940649,12.3,12.25,12.3,13.55,0.10162601626016254,0.03486424723420756,0.06676176902595499,12.3,14.6,0.18699186991869898,0.04992038807718635,0.13707148184151263,-0.005706673,0.005,2
2024-05-02,12.3,12.4,12.25,12.25,3600509,-0.012096774193548376,-0.020000000000000018,-0.004065040650406582,0.016597510373443924,-0.08582089552238803,-0.06130268199233724,12.32,12.617500000000001,12.805000000000001,12.40530234445529,12.541910242225478,-0.13660789777018856,-0.1010502581223709,-0.03555763964781766,-0.011151665124097026,-0.0029026644610463397,44.74991420477122,12.617500000000001,0.47856006607678453,13.574620132153571,11.660379867846432,0.15171311783690422,0.30801782991801274,0.4401316640773284,0.03592911543488395,14.175938263005884,26.85257332671385,28.4730176646969,43.63636363636361,48.4848484848485,1714926937.0,1712736379.8,0.3876202538255792,-1.6662527756435876,2.3807146073717527,13614306.45,-1.1763556034347906,0.26446510611636775,0.012244897959183702,-0.029126213592233108,-0.04334244435767287,3.0,5.0,0.012195121951219301,1.0,1212.13,1216.36,0.0056551359216878705,0.021962326292618073,-0.05274552406762767,0.2355333278221751,-0.017751910115236247,-0.0053648159191741485,-0.008557157924709569,-0.009033642112154516,1.1613564567874504,0.5243799395199229,12.3,13.45,0.09349593495934938,0.021348994715919334,0.07214694024343005,12.3,12.45,12.3,13.65,0.10975609756097549,0.03782289332046407,0.07193320424051142,12.3,14.65,0.19105691056910556,0.03581068922080255,0.15524622134830302,-0.005706673,0.005,2
2024-05-03,12.3,12.6,12.3,12.45,5126866,0.01632653061224487,0.004032258064516014,-0.0040000000000000036,0.024691358024691246,-0.0040000000000000036,-0.015810276679842028,12.38,12.6075,12.7675,12.412178906846783,12.535102076134702,-0.12292316928791891,-0.1054248403554805,-0.01749832893243841,-0.00987334693075654,-0.001405488267665736,48.37659138224975,12.6075,0.4799328352145752,13.567365670429151,11.647634329570849,0.15226899392094406,0.417957270036763,0.4336936880718049,0.0348348343832775,13.391061020135231,28.598637694794306,26.831708461461353,50.90909090909086,47.878787878787875,1720053803.0,1715715786.5,0.3787254270320137,-1.9929123735704724,3.7436919582192365,13214015.5,-0.9272071396019946,0.3879869824581332,0.02409638554216859,-0.012492563950029845,-0.02486782847072655,4.0,5.0,0.040000000000000036,1.0,1222.54,1221.03,0.0038393238843763555,0.037056225581790336,-0.04720176040951374,0.23663999402161315,0.012487206727868516,-0.01236486755709909,0.03139148372967171,0.03294662230186729,1.1681086763184185,0.5252608530586896,12.5,13.2,0.05600000000000005,0.01451637881146639,0.04148362118853366,12.5,13.0,12.5,14.6,0.16799999999999993,0.03767248897619169,0.13032751102380824,12.5,14.5,0.15999999999999992,0.028388853116416257,0.13161114688358366,-0.005297675,0.005,2
2024-05-06,12.5,13.3,12.45,13.0,15435988,0.04417670682730934,0.061224489795918435,0.048387096774193505,0.05691056910569103,0.031746031746031855,0.023622047244094446,12.52,12.622499999999999,12.735000000000001,12.502612921178047,12.569538959383983,-0.06692603820593668,-0.09772507992557174,0.03079904171963506,-0.005148156785072052,0.002369157055356543,56.7787462213778,12.622499999999999,0.48760289062789564,13.59770578125579,11.647294218744207,0.15451864230632467,0.6935488936057614,0.4634298532095332,0.03564845024688717,13.927710072693081,35.641028506167665,23.316466613209027,74.99999999999999,56.51515151515152,1735489791.0,1718831271.55,0.4105965119638568,-1.5222337822481482,2.9113994998587316,13350093.85,0.23879539214567372,1.1562456544078903,0.0653846153846155,0.029906912259853646,0.020808794660384766,0.0,5.0,0.011494252873563093,1.0,1226.89,1241.58,0.016830053315643356,0.029835518948913897,-0.03532135753356547,0.2452993723709591,0.027346653511665986,0.027075050156777136,0.058943404777659913,0.061101596099356836,1.220091133841858,0.5447616025488236,13.05,13.7,0.04980842911877392,-0.00427137695704527,0.05407980607581919,13.05,13.2,13.05,14.75,0.13026819923371646,0.025756724207145698,0.10451147502657077,13.05,15.0,0.14942528735632177,0.027699718988358102,0.12172556836796367,-0.006979156,0.005,2
2024-05-07,13.05,13.3,12.9,13.2,6538321,0.01538461538461533,0.06024096385542177,0.07755102040816331,0.05600000000000005,0.11392405063291133,0.031249999999999778,12.66,12.642500000000002,12.718333333333334,12.60990324099681,12.616239777207392,-0.006336536210582722,-0.07944737118257394,0.07311083497199122,-0.00048004062201384255,0.005538699619090245,59.368502093063555,12.642500000000002,0.503219895432609,13.64893979086522,11.636060209134783,0.15921531198184202,0.7769663943437314,0.45889914940885235,0.03476508707642821,14.426027050068228,33.421989526714334,21.86476472786979,82.69230769230765,69.53379953379952,1742028112.0,1721564545.9,0.41300298999523155,-1.5358577115305592,2.875797338170139,12967883.15,-0.7254361391947743,0.5041933925815795,0.03030303030303033,0.044097290883923,0.03787183855326948,1.0,5.0,0.026615969581748944,1.0,1245.5,1248.63,0.005678248683129716,0.036233267218271026,-0.017963459617607924,0.24339619953411398,0.009706366701485614,0.019766732781729024,0.0492134596176077,0.05011367458734739,1.1681778906018054,0.5300518502735412,13.15,13.55,0.03041825095057038,-0.000265356502440417,0.030683607453010797,13.15,13.5,13.15,14.9,0.13307984790874516,0.026961828869179305,0.10611801903956586,13.15,14.4,0.09505703422053235,0.03209205458302855,0.0629649796375038,0.0021282374,0.005,2
2024-05-08,13.15,13.5,12.9,13.5,19371131,0.022727272727272707,0.03846153846153855,0.08433734939759052,0.08870967741935476,0.14406779661016933,0.06719367588932812,12.88,12.685,12.704166666666667,12.746841203920377,12.681703497414253,0.06513770650612472,-0.05053035564483421,0.11566806215095893,0.004825015296749979,0.008568004603774736,62.954220234566975,12.685,0.5385409137575204,13.762081827515042,11.60791817248496,0.1698197599550715,0.8783370859948049,0.46897778159393433,0.034739094932884025,15.211752984226868,33.41388775453232,19.866671465764057,97.99999999999997,85.23076923076924,1761399243.0,1725612073.35,0.41606056827567317,-1.6839964271049321,3.224259543402086,13590743.15,0.6529367990572601,1.4253180113995458,0.04444444444444442,0.064249113125739,0.06264348966874378,2.0,5.0,-0.014652014652014711,0.0,1243.61,1250.46,0.001465606304509759,0.03384813810437204,-0.014027202838557074,0.2434309183280163,0.021261666422762948,0.05486153931498272,0.08122087872788519,0.0823763890461433,1.165700886298331,0.5245145156332965,13.65,13.55,-0.0073260073260073,0.0012611649013019033,-0.008587172227309203,13.65,13.45,13.65,14.2,0.04029304029304015,0.011254699435668813,0.029038340857371336,13.65,14.25,0.04395604395604402,0.025175405688013353,0.01878063826803067,0.0026105305,0.005,2
2024-05-09,13.65,13.65,13.2,13.45,9689012,-0.0037037037037037646,0.018939393939394034,0.03461538461538449,0.09795918367346923,0.1161825726141077,0.042635658914728536,13.12,12.7125,12.694999999999999,12.855019480240319,12.738614349457642,0.11640513078267745,-0.01714325835933188,0.13354838914200934,0.00865465656376784,0.00992924826334642,61.97259340700562,12.7125,0.5635589447536412,13.839617889507283,11.585382110492718,0.17732434839839248,0.8271618731570288,0.46762222576579626,0.03476745172979898,16.176470422873425,33.4083507010944,18.501099968852458,92.30769230769226,91.0,1751710231.0,1728319872.75,0.4122843296352425,-1.5954087395719811,3.0921120438035747,13219916.3,-0.39882530243844044,0.7329102378658782,0.03345724907063205,0.058013765978367715,0.05947223316266248,3.0,5.0,-0.022222222222222254,0.0,1252.81,1248.64,-0.0014554643891047103,0.026538195928837105,-0.0051549266598145405,0.2407289668967387,-0.0022482393145990542,0.07142098774463213,0.047790585574543076,0.0480382190707207,1.161292232023675,0.5266614731922268,13.5,13.65,0.011111111111111072,0.01358066113853873,-0.0024695500274276583,13.5,13.2,13.5,14.6,0.08148148148148149,0.023366725782485664,0.058114755698995824,13.5,14.3,0.059259259259259345,0.02538784770486835,0.033871411554390995,0.0039612534,0.005,2
2024-05-10,13.5,13.7,13.2,13.2,8561201,-0.018587360594795488,-0.022222222222222254,0.0,0.06024096385542177,0.08641975308641969,0.01538461538461533,13.27,12.7225,12.692499999999999,12.908093406357192,12.772791064312631,0.13530234204456093,0.01334586172144668,0.12195648032311425,0.010250177427618253,0.009239127297205626,57.17235977240454,12.7225,0.5706586683743489,13.863817336748697,11.581182663251303,0.17941714863410452,0.7091880954688145,0.4699349239253823,0.03560113060040775,17.151695986295966,31.629354328456557,17.09504662683467,81.1320754716981,90.47992259313014,1743149030.0,1729315523.55,0.41832147299483585,-1.390695904413538,2.382554280835596,12363887.8,-0.45264437414359504,0.6924359989743679,0.03787878787878788,0.037531931617213576,0.039984242662989944,4.0,5.0,0.03396226415094339,1.0,1251.78,1244.7,-0.0031554331112250145,0.01938527308911331,-0.004518734754268672,0.24061162557740276,-0.015431927483570473,0.04085569076630846,0.019903350138884,0.01999369634944448,1.251903569474666,0.5786498074247929,13.25,14.6,0.10188679245283017,0.019964909188504798,0.08192188326432537,13.25,13.7,13.25,14.45,0.09056603773584904,0.011007939496390673,0.07955809823945836,13.25,14.4,0.08679245283018866,0.03155769554314647,0.05523475728704219,0.0039612534,0.005,2
2024-05-13,13.25,13.85,13.05,13.7,21288638,0.037878787878787845,0.018587360594795488,0.014814814814814836,0.05384615384615388,0.11382113821138207,0.041825095057034245,13.41,12.75,12.699166666666667,13.029925189994547,12.84147320769688,0.18845198229766602,0.04836708583669055,0.14008489646097547,0.013755619145815039,0.010225174924158793,63.29577176873501,12.75,0.6045877238174665,13.959175447634934,11.540824552365066,0.18967458002116608,0.8928296765610548,0.4935110007878549,0.03602270078743467,18.29771985136074,30.138074289494273,15.115638253590289,94.64285714285714,89.36087497408255,1764437668.0,1731044800.15,0.4370672508264153,-1.242696642960429,1.9335111346388982,13097513.6,0.96223471979691,1.6253953727522756,0.058394160583941535,0.07450980392156858,0.07881094560010493,0.0,5.0,-0.018115942028985477,0.0,1248.19,1240.18,-0.0036313971238048914,-0.0011275954831745372,-0.01792812910786956,0.23787628243939707,0.04151018500259274,0.054973749329328414,0.059753224164903807,0.060844044041932444,1.2271366872108436,0.5569302167922432,13.8,14.75,0.06884057971014479,0.025155870104234257,0.04368470960591053,13.8,13.55,13.8,14.6,0.05797101449275344,0.01721191112394993,0.040759103368803506,13.8,14.0,0.014492753623188248,0.035659549200388385,-0.021166795577200137,0.0021066668,0.005,2
2024-05-14,13.8,13.95,13.5,13.55,6895125,-0.010948905109488982,0.026515151515151603,0.0074349442379182396,0.026515151515151603,0.08400000000000007,0.011194029850746245,13.48,12.7575,12.705833333333334,13.109936699226155,12.893956673793408,0.21598002543274752,0.08188967375590195,0.13409035167684558,0.015939485271789483,0.009895966913420337,60.501052416066074,12.7575,0.6139336069034843,13.985367213806969,11.529632786193032,0.19249339036754354,0.8227140488354909,0.49040307216015094,0.0361921086465056,19.52076628899468,29.619239647937984,14.124902614704261,79.48717948717955,85.08737070057829,1757542543.0,1731322367.2,0.43491412726762935,-1.098578066868983,1.7156246339990038,12335316.55,-0.6522100466081227,0.5589743053655157,0.03321033210332098,0.06212032137958068,0.06643929953433458,1.0,5.0,0.0037037037037037646,1.0,1246.23,1243.28,0.002499637149445899,-0.004284696026845558,-0.012140859394863979,0.23794578247203058,-0.013448542258934881,0.03079984754199716,0.023334889245610224,0.023621676701109262,1.246359078420539,0.5635596334783299,13.5,14.9,0.10370370370370363,0.02284940854229922,0.08085429516140441,13.5,13.55,13.5,14.95,0.1074074074074074,0.026525496351943456,0.08088191105546394,13.5,14.2,0.051851851851851816,0.028671883134045117,0.023179968717806698,0.0039612534,0.005,2
2024-05-15,13.5,13.75,13.45,13.55,10112279,0.0,-0.010948905109488982,0.026515151515151603,0.0037037037037037646,0.092741935483871,0.018796992481203034,13.49,12.77,12.7075,13.177638745499054,12.942552475734637,0.23508626976441782,0.11252899295760513,0.12255727680681269,0.017349540204016075,0.00904481747651754,60.501052416066074,12.77,0.6279456899087656,14.02589137981753,11.51410862018247,0.1966940297286657,0.8105364096508602,0.4768028527201402,0.035188402414770496,20.48608267544776,28.28808571537468,14.239135095133705,79.48717948717955,84.53907203907211,1757542543.0,1732009298.0,0.4338117420462386,-1.1508055236202466,1.8447092510684886,12431566.75,-0.2793718654400704,0.8134356033602924,0.022140221402214073,0.061080657791699355,0.06629942947078504,2.0,5.0,0.0,0.0,1248.61,1254.39,0.008936040151856561,0.0031428434336164823,-0.003028135431568879,0.24029709621769837,-0.008936040151856561,0.0005608602700872822,0.021825127912771913,0.02189141809154216,1.227790477916307,0.5612794296221137,13.65,14.2,0.04029304029304015,0.0018979683830100402,0.03839507191003011,13.65,13.65,13.65,14.6,0.06959706959706957,0.006429367897446525,0.06316770169962305,13.65,14.2,0.04029304029304015,0.02821646329408245,0.0120765769989577,0.0039612534,0.005,2
2024-05-16,13.65,13.7,13.4,13.65,15568526,0.007380073800737907,0.007380073800737907,-0.0036496350364962904,0.014869888475836479,0.11428571428571432,0.018656716417910557,13.530000000000001,12.7825,12.7225,13.250309707729969,12.994955996050589,0.2553537116793798,0.14109393670196008,0.11425977497741974,0.01870723162486299,0.008370679485525256,61.804965133652566,12.7825,0.6434436547541803,14.069387309508361,11.49561269049164,0.20135142726514538,0.8370535996393568,0.46417407752584444,0.034005426924970286,21.205559720969745,26.982167753388307,14.351201960118864,83.33333333333339,80.76923076923084,1773111069.0,1732921790.2,0.43378561543506805,-1.1502125798464502,1.8445465180621963,12657128.15,0.34977013096296633,1.2300204134379409,0.0219780219780219,0.06786622335223935,0.07290233837689142,3.0,5.0,0.054151624548736566,1.0,1264.51,1268.78,0.011471711349739566,0.016129548949256778,-0.0061256462478458396,0.23799493314571563,-0.004091637549001659,-0.0012596604734202987,0.024782362665756397,0.024935106306140264,1.2591470355009946,0.6027911271626313,13.85,14.6,0.054151624548736566,0.008415069981264844,0.04573655456747172,13.85,14.6,13.85,14.65,0.057761732851985714,-0.00316450713982086,0.060926239991806574,13.85,13.95,0.0072202166064980755,0.024536738196073493,-0.017316521589575418,0.004716908,0.005,2
2024-05-17,13.85,14.6,13.8,14.6,38262150,0.06959706959706957,0.07749077490774892,0.07749077490774892,0.10606060606060619,0.17269076305220898,0.16799999999999993,13.809999999999999,12.8875,12.749166666666666,13.457954368079204,13.113848144491286,0.344106223587918,0.18169639407915167,0.1624098295087663,0.02356891942383,0.011123960925257966,71.44790179568881,12.8875,0.7563546578308119,14.400209315661623,11.374790684338375,0.23475605286698337,1.0660373682735578,0.4988759291311412,0.034169584187064464,23.18886759367447,36.19816385234174,12.399150348257074,100.0,87.60683760683769,1811373219.0,1737555050.15,0.4189439165370024,-0.1263240253437491,2.2247869251051475,12762575.4,2.949887213029612,2.9979960000863146,0.05479452054794513,0.1328806983511155,0.14517288711680498,4.0,5.0,-0.01666666666666672,0.0,1270.34,1273.11,0.003412727186746345,0.022824777054711864,0.04644051914746705,0.1615200352140187,0.06618434241032323,0.08323582900589432,0.12155948085253288,0.11616473046319653,1.2774650030966233,0.5701897204957285,15.0,14.45,-0.036666666666666736,-0.01527116660163863,-0.021395500065028106,15.0,14.75,15.0,14.5,-0.033333333333333326,-0.015435037065938295,-0.01789829626739503,15.0,13.3,-0.11333333333333329,-0.0012407335154115406,-0.11209259981792175,-0.0038242901,0.005,2
2024-05-20,15.0,15.3,14.6,14.75,26432918,0.010273972602739656,0.08058608058608052,0.088560885608856,0.07664233576642343,0.13461538461538458,0.1706349206349207,14.02,12.995,12.784999999999998,13.656730619143941,13.235044578232673,0.4216860409112684,0.22969432344557503,0.19199171746569335,0.028588884129577517,0.01301638762479277,72.62317236840614,12.995,0.859145842653435,14.713291685306869,11.27670831469313,0.26445428015496264,1.0106816307752124,0.5132419341932026,0.03479606333513238,25.692916996773693,42.41373509633533,11.191225827460842,81.96721311475407,88.43351548269584,1837806137.0,1742609367.25,0.4190127361630609,-0.14058871416231525,2.22384378680381,13183632.55,1.4549819163837352,2.0049798793884013,0.04745762711864414,0.13505194305502122,0.153695737192022,0.0,5.0,0.03114186851211076,1.0,1281.5,1277.58,0.0035110870231165325,0.030156912706220007,0.05091800473808883,0.16114923614280163,0.0067628855796231235,0.046485423060203424,0.11971691589683187,0.113916514282832,1.2966601088617373,0.5869803653192986,14.45,14.6,0.01038062283737018,-0.007958680596313994,0.018339303433684173,14.45,14.9,14.45,15.0,0.03806228373702436,0.0016825135970577332,0.03637977013996663,14.45,13.4,-0.07266435986159159,-0.0024102985483428485,-0.07025406131324874,-0.0012140475,0.005,2
2024-05-21,14.45,15.1,14.4,14.9,19934357,0.01016949152542379,0.020547945205479534,0.09157509157509147,0.09963099630996308,0.1287878787878789,0.2573839662447257,14.290000000000001,13.147499999999999,12.82,13.848002831583335,13.358374609474696,0.48962822210863877,0.2816811031781878,0.20794711893045098,0.03286095450393549,0.013956182478553757,73.7852374336389,13.147499999999999,0.9141396587998942,14.975779317599788,11.31922068240021,0.2781181696291749,0.9792757821875729,0.5265817960365453,0.03534106013668089,27.419511657135665,38.386465694357014,12.841511013426656,86.88524590163934,89.61748633879783,1857740494.0,1749687968.65,0.333916910135467,1.1197037255154085,1.8267669250200629,13152783.95,0.7467962152741855,1.5155998209793449,0.046979865771812034,0.13329530328959893,0.16224648985959433,1.0,5.0,-0.053333333333333344,0.0,1277.85,1277.14,-0.0003444011333927355,0.027234412199987235,0.07051910713237963,0.1410863135993848,0.010513892658816526,0.07239658410997585,0.18686485911234607,0.17455537025668288,1.2967821620871136,0.588000678364433,15.0,14.95,-0.0033333333333334103,0.0011482042710073692,-0.0044815376043407795,15.0,14.2,15.0,14.4,-0.039999999999999925,0.002546357771077812,-0.042546357771077736,15.0,13.6,-0.09333333333333338,-0.0005936294190242997,-0.09273970391430908,0.00017360628,0.005,2
2024-05-22,15.0,15.0,14.05,14.2,36531897,-0.046979865771812124,-0.03728813559322042,-0.0273972602739726,0.04797047970479684,0.051851851851851816,0.20338983050847448,14.419999999999998,13.267500000000002,12.846666666666666,13.902156242108976,13.42071723099509,0.48143901111388665,0.3216326847653276,0.15980632634855907,0.03390415571224554,0.011253966644264724,60.8124995675826,13.267500000000002,0.8850029735312807,15.037505947062563,11.49749405293744,0.2668183074524305,0.7634171940347266,0.5568259534625063,0.03921309531426101,28.05135396645417,33.70853020983907,15.766323950993861,63.333333333333286,77.3952641165756,1821208597.0,1756074225.45,0.39066810694274295,0.2117592490412258,1.6793639255947308,13845128.55,2.204124255118303,2.638610170217596,0.06690140845070418,0.07028452986621425,0.10534509600415154,2.0,5.0,0.028169014084507005,1.0,1280.26,1266.91,-0.008010085033747338,0.009980946914436517,0.07835893943907757,0.13034021117441508,-0.038969780738064785,0.037989532790360325,0.1250308910693969,0.11594552286498727,1.33564447691772,0.5911484592480657,14.2,14.6,0.028169014084507005,0.0055625790139066655,0.02260643507060034,14.2,14.6,14.2,14.25,0.0035211267605634866,0.01481510745891268,-0.011293980698349193,14.2,12.8,-0.09859154929577452,0.011212073324905258,-0.10980362262067977,0.001079466,0.005,2
2024-05-23,14.2,14.7,13.9,14.6,21912987,0.028169014084507005,-0.020134228187919545,-0.01016949152542379,0.06959706959706957,0.08550185873605942,0.2116182572614107,14.61,13.395,12.886666666666667,14.009516820246057,13.508071510180638,0.501445310065419,0.35759520982534587,0.14385010024007316,0.03434556918256295,0.009852746591785833,64.6384559790321,13.395,0.8840546541816642,15.163109308363328,11.626890691636671,0.2639954174487986,0.8407594751920124,0.5741955282151844,0.03932846083665646,28.246789799493747,30.353920792618645,16.06325376993357,75.43859649122804,75.21905857540025,1843121584.0,1763141959.15,0.39418884222433326,0.17781748656447083,1.5006475510917086,14526605.45,0.7132285756425412,1.5084726487150515,0.05479452054794513,0.08995893990294879,0.13295395757889295,3.0,5.0,-0.010273972602739767,0.0,1265.6,1281.03,0.011145227364216748,0.009654944119547926,0.07629681907546493,0.12868333381052782,0.017023786720290257,0.059942125477521646,0.13532143818594577,0.12572873559376152,1.3215821516724486,0.5864851668725128,14.6,14.65,0.0034246575342467,-0.008114797756681447,0.011539455290928147,14.6,14.45,14.6,14.3,-0.020547945205479423,0.005388977660807592,-0.025936922866287015,14.6,12.55,-0.14041095890410948,0.004402042798508532,-0.14481300170261802,0.001079466,0.005,2
2024-05-24,14.6,14.8,13.9,14.45,23196041,-0.010273972602739767,0.01760563380281699,-0.030201342281879318,-0.010273972602739767,0.09469696969696972,0.18930041152263355,14.579999999999998,13.51,12.9175,14.077283463285125,13.577843990907999,0.4994394723771265,0.385964062335702,0.11347541004142447,0.034563285285614295,0.007852969553039756,62.186544259303375,13.51,0.8629203781048884,15.235840756209777,11.784159243790223,0.2554908595425281,0.7723310353570483,0.5974672761998141,0.041347216346007895,28.56694726874415,28.283451304970836,14.33489510747936,64.58333333333327,67.78508771929823,1819925543.0,1768575228.05,0.40067017163262164,0.26203150701998124,1.2485376137008553,15211744.75,0.7634260048132729,1.5248770855164395,0.06228373702422148,0.06957809030347883,0.11863750725759625,4.0,5.0,0.01388888888888884,1.0,1276.68,1261.93,-0.01490987720818393,-0.008781644948197553,0.07179378291149985,0.13551938108234926,0.004635904605444163,-0.0014923276545422137,0.1175066286111337,0.10963548257569666,1.284442984968508,0.5817092308163072,14.4,14.5,0.00694444444444442,-0.0013771706266917372,0.008321615071136157,14.4,14.6,14.4,14.4,0.0,0.019090434204485973,-0.019090434204485973,14.4,12.4,-0.13888888888888884,0.01468982001804564,-0.15357870890693448,-0.00061898003,0.005,2
2024-05-27,14.4,14.6,14.0,14.6,9649321,0.01038062283737018,0.0,0.028169014084507005,-0.01016949152542379,0.06569343065693434,0.18699186991869898,14.55,13.625,12.95,14.157701392010491,13.65355925084074,0.5041421411697513,0.4095996781025119,0.0945424630672394,0.03453028364176379,0.0064755111689890005,63.670621507666446,13.625,0.8462766749282599,15.317553349856519,11.932446650143481,0.2484481981440762,0.7880263715417456,0.5976481850426845,0.040934807194704416,28.86423634733381,26.25525487870108,13.306944780114902,70.8333333333333,70.28508771929825,1829574864.0,1774172556.7,0.40051354818192947,0.2751937799415271,1.26118005546021,15375804.5,-0.5539517101981024,0.6275652763404997,0.04109589041095888,0.071559633027523,0.12741312741312738,0.0,5.0,0.017006802721088343,1.0,1263.46,1267.68,0.004556512643332011,-0.00774902550133838,0.05148431084679128,0.11217147654731058,0.005824110194038168,-0.0024204660240854103,0.1355075590719077,0.12887264001379095,1.3023751785629016,0.5858244330611461,14.7,15.0,0.020408163265306145,0.006107386243053625,0.01430077702225252,14.7,14.95,14.7,14.0,-0.04761904761904756,0.014494234533064088,-0.06211328215211165,14.7,12.6,-0.1428571428571428,-0.014234847472548329,-0.12862229538459446,-0.00061898003,0.005,2
2024-05-28,14.7,15.1,14.6,14.95,19155631,0.023972602739726012,0.03460207612456756,0.023972602739726012,0.003355704697986406,0.10332103321033204,0.19599999999999995,14.559999999999999,13.747499999999999,12.99,14.279593485547338,13.74959189892661,0.5300015866207275,0.43368005980615504,0.09632152681457246,0.035451611145199166,0.006442911492613543,66.93185189917386,13.747499999999999,0.8521605667831996,15.451821133566398,12.0431788664336,0.24794633694364782,0.8527797597286416,0.5906733146824927,0.03950992071454801,29.812562444326375,30.71413397772551,12.50235785186217,84.44444444444439,73.28703703703702,1848730495.0,1780469967.45,0.4033174499706221,0.22967281217377586,1.1183778170931615,16075886.6,0.30553832131508774,1.191575399642344,0.033444816053511704,0.08747044917257685,0.15088529638183212,1.0,5.0,-0.0331125827814569,0.0,1272.23,1281.73,0.011083238672220164,0.0035939677717398144,0.06370283077587002,0.11548540782852182,0.012889364067505849,-0.0002382630737534086,0.13229716922412993,0.12437418176995152,1.363724218861898,0.6080692140742564,15.1,14.4,-0.04635761589403964,-0.000949608481093489,-0.04540800741294615,15.1,14.6,15.1,14.2,-0.05960264900662249,-0.0002568613104596551,-0.05934578769616283,15.1,12.5,-0.17218543046357615,-0.02193439917804385,-0.1502510312855323,0.00013667515,0.005,2
2024-05-29,15.1,15.2,14.5,14.6,19828893,-0.02341137123745818,0.0,0.01038062283737018,0.028169014084507005,0.07749077490774892,0.17741935483870952,14.639999999999997,13.857500000000002,13.020000000000001,14.328886795463132,13.812585091598713,0.5163017038644195,0.450204388617808,0.06609731524661155,0.03536313040167257,0.004527213373055586,61.03169417151689,13.857500000000002,0.8100154319525754,15.477530863905152,12.237469136094852,0.23381286146926208,0.7291623007138801,0.5984823636337432,0.04099194271463995,30.693150962962328,28.14813238402427,11.457852732617479,68.88888888888884,74.72222222222221,1828901602.0,1785988675.25,0.4156041520986022,0.2109025129185748,0.7772242971349794,16854589.55,0.3062073673795516,1.176468459298672,0.04794520547945201,0.05358109327079186,0.12135176651305679,2.0,5.0,0.01384083044982698,1.0,1284.74,1272.64,-0.0070919772494986155,0.00452281535389254,0.05218599113697997,0.12097652952431832,-0.016319393987959563,0.023646198730614465,0.12523336370172955,0.11902207856464986,1.3846250690042063,0.6162678420787243,14.45,14.25,-0.01384083044982698,0.015738067934675026,-0.029578898384502006,14.45,14.65,14.45,14.2,-0.01730103806228378,0.028265253667602463,-0.045566291729886244,14.45,12.7,-0.12110726643598613,-0.0025386531693621928,-0.11856861326662393,-0.002109724,0.005,2
2024-05-30,14.45,14.65,14.05,14.65,19297524,0.0034246575342467,-0.0200668896321069,0.0034246575342467,0.0034246575342467,0.07326007326007322,0.1959183673469389,14.65,13.977500000000001,13.0525,14.378288826930342,13.874615825554365,0.5036730013759776,0.46089811116944196,0.04277489020653563,0.03438040965023738,0.0029197877274085753,61.5531033997526,13.977500000000001,0.7334982868714984,15.444496573742997,12.510503426257005,0.20990829171783168,0.729209805952081,0.598590766231333,0.04085943796800908,30.217091905100215,26.132818084508845,16.007262841351746,71.1111111111111,74.81481481481481,1848199126.0,1792652284.7,0.4089904051407355,0.1503811690070991,1.0038961028906326,17639440.3,0.1800889897349502,1.09399865708891,0.040955631399317384,0.04811303881237694,0.12239034667688187,3.0,5.0,0.0034602076124568004,1.0,1264.45,1266.32,-0.004966054815187415,-0.01148294731583177,0.04107336643756776,0.12324253989867484,0.008390712349434115,0.01490760485007847,0.15484500090937114,0.1487359161239834,1.3880927469305053,0.6190995998131315,14.45,14.3,-0.01038062283737018,0.01197600069380389,-0.02235662353117407,14.45,14.5,14.45,13.95,-0.03460207612456745,0.026128022580162114,-0.06073009870472956,14.45,12.45,-0.1384083044982699,-0.0073164770532258006,-0.1310918274450441,-0.0051407386,0.005,2
2024-05-31,14.45,14.55,14.3,14.5,7712034,-0.010238907849829393,-0.006849315068493178,-0.030100334448160515,0.0034602076124568004,-0.006849315068493178,0.16465863453815266,14.66,14.079999999999998,13.080833333333334,14.397013622787213,13.920940579217005,0.4760730435702083,0.4639330976495952,0.012139945920613071,0.032832623694497125,0.0008372376496974532,59.002496589768455,14.079999999999998,0.6469360986919739,15.373872197383946,12.78612780261605,0.18378866440112895,0.6623035106748528,0.5808342829290949,0.04005753675373068,29.77503706565682,25.008021440588166,15.318285653201432,57.89473684210524,65.96491228070177,1840487092.0,1798673949.15,0.41377800235781814,0.2894685171562255,0.8711628273589507,17768698.7,-1.1126202249315897,0.4340235675221394,0.017241379310344827,0.029829545454545636,0.1084920685481301,4.0,5.0,0.023890784982935065,1.0,1268.37,1261.72,-0.003632573125276317,-0.00016641176610432407,0.03332432454567047,0.12464423024127917,-0.006606334724553076,0.0036266193785611245,0.1313343099924822,0.1270988274182232,1.3912497126786445,0.6197444910769729,14.65,14.4,-0.017064846416382284,0.01252703180906689,-0.029591878225449175,14.65,15.0,14.65,13.3,-0.09215017064846409,0.006495497975071762,-0.09864566862353585,14.65,12.1,-0.174061433447099,-0.02070538277041656,-0.15335605067668245,-0.0051305797,0.005,2
2024-06-03,14.65,15.15,14.5,15.0,25771151,0.034482758620689724,0.023890784982935065,0.027397260273972712,0.027397260273972712,0.016949152542372836,0.15384615384615374,14.74,14.179999999999998,13.110833333333334,14.489780757743027,14.000870906682412,0.48890985106061535,0.4689284483317993,0.019981402728816045,0.03259399007070769,0.001332093515254403,64.31120502513994,14.179999999999998,0.6254261704934962,15.430852340986991,12.929147659013005,0.17642487178942082,0.8277764981248609,0.5857746912913024,0.03905164608608683,30.257822130661598,30.342201326517767,14.104156517568896,84.21052631578944,71.0721247563353,1866258243.0,1805212371.75,0.4038388394115305,0.2724887897682479,1.133108584229706,18285456.85,0.814328998302797,1.409379662286097,0.043333333333333356,0.057827926657263884,0.14409203584821717,0.0,6.0,-0.04318936877076418,0.0,1271.65,1280.0,0.014488159021018854,0.00971854095670821,0.030944441759693353,0.12109292275273373,0.01999459959967087,0.017678719317264502,0.12290171208646039,0.11921274038461527,1.3969095318333706,0.6273259129429423,15.05,14.0,-0.06976744186046513,0.004013971108742798,-0.07378141296920793,15.05,14.4,15.05,13.4,-0.10963455149501666,-0.008354660796104252,-0.10127989069891241,15.05,12.2,-0.18936877076411973,-0.02407604763868043,-0.1652927231254393,-0.0072520026,0.005,2
2024-06-04,15.05,15.1,14.4,14.4,21609228,-0.039999999999999925,-0.006896551724137945,-0.017064846416382284,-0.03678929765886285,-0.03355704697986572,0.09090909090909105,14.63,14.24,13.135833333333332,14.475968333474869,14.030436024705937,0.44553230876893224,0.4642492204192259,-0.018716911650293655,0.030939743664509183,-0.0012997855312703926,55.09213715082044,14.24,0.5825533632672197,15.40510672653444,13.07489327346556,0.16363858518742128,0.5686632376056713,0.5939336419133522,0.041245391799538345,30.426251979511086,27.78785862008591,14.119440865460058,52.63157894736841,64.9122807017544,1844649015.0,1810343416.9,0.436038759162896,0.25020399176072805,0.583953817053541,19039002.2,0.29248249621685346,1.1349979254690143,0.04861111111111106,0.011235955056179803,0.09623802575651852,1.0,6.0,-0.017241379310344862,0.0,1285.51,1283.52,0.00275000000000003,0.001396549975423822,0.027942625117128195,0.12021260259462183,-0.042749999999999955,-0.038185847634286674,0.06296646579196286,0.061254844631808414,1.3688482506990514,0.6043214401209855,14.5,14.2,-0.020689655172413834,-0.002105475790912914,-0.01858417938150092,14.5,14.25,14.5,13.6,-0.06206896551724139,-0.0059201939213126,-0.05614877159592879,14.5,12.3,-0.15172413793103445,-0.013464168065137616,-0.13825996986589684,-0.0057531297,0.005,2
2024-06-05,14.5,14.5,14.2,14.25,10041243,-0.01041666666666674,-0.050000000000000044,-0.017241379310344862,-0.023972602739726012,0.0035211267605634866,0.05555555555555558,14.559999999999999,14.2775,13.157499999999999,14.441203974478736,14.046700022875868,0.3945039516028679,0.4503001666559543,-0.055796215053086406,0.0276844878317802,-0.0039155238633744845,53.04489755691239,14.2775,0.5559427744133116,15.389385548826624,13.165614451173376,0.15575353511842047,0.48763361929246196,0.5729383817766842,0.04020620222994275,30.031234851993798,26.748559923704196,16.08476910540563,29.999999999999954,55.614035087719294,1834607772.0,1814003843.35,0.4337459505410373,0.4299387590921301,0.7635176529567989,18572507.8,-0.9464677613352933,0.5406508969133398,0.02105263157894742,-0.0019261075118193194,0.08303249097472931,2.0,6.0,-0.00694444444444442,0.0,1287.12,1284.35,0.0006466591872349436,0.009201345235101632,0.027102026454264738,0.12024237343069445,-0.011063325853901684,-0.033173947974827644,0.028453529101290842,0.027702729006890747,1.3704746187780972,0.6031581341420115,14.4,14.2,-0.01388888888888895,0.00884550625004854,-0.02273439513893749,14.4,14.3,14.4,12.8,-0.11111111111111105,-0.006983294407932994,-0.10412781670317806,14.4,12.25,-0.14930555555555558,-0.009264503914524491,-0.1400410516410311,-0.005539578,0.005,2
2024-06-06,14.4,14.5,14.1,14.3,7419191,0.0035087719298245723,-0.00694444444444442,-0.046666666666666634,-0.023890784982935176,-0.020547945205479423,0.06319702602230493,14.49,14.319999999999999,13.186666666666667,14.419480286097391,14.065462984144322,0.35401730195306946,0.43104359371537737,-0.07702629176230791,0.024756454682032827,-0.005386453969392161,53.66301395185187,14.319999999999999,0.5207282350114691,15.361456470022937,13.27854352997706,0.14545481424901371,0.49039806243675393,0.5605856402212068,0.03920179302246202,29.393299526574232,25.385263195398558,16.539152636532435,28.57142857142859,37.067669172932355,1842026963.0,1818519679.95,0.4330095470947796,0.38895528519799855,0.7657411059463155,18459016.75,-1.2072155413522871,0.4019277462327456,0.027972027972027996,-0.0013966480446926388,0.08442871587462086,3.0,6.0,0.0,0.0,1288.79,1283.56,-0.0006150971308443998,0.013614252321688003,0.027966427473090638,0.12001770360213898,0.004123869060668972,-0.03750503730462318,0.03523059854921429,0.034272129524518524,1.3473583973503118,0.5898524729858803,14.4,13.95,-0.03125000000000011,0.00966603312516967,-0.04091603312516978,14.4,14.4,14.4,12.55,-0.1284722222222222,-0.005236414413715473,-0.12323580780850674,14.4,12.35,-0.14236111111111116,-0.007106008300686417,-0.13525510281042474,-0.0058617285,0.005,2
2024-06-07,14.4,14.6,14.3,14.4,6780871,0.006993006993006867,0.010526315789473717,0.0,-0.006896551724137945,-0.0034602076124566894,0.09090909090909105,14.469999999999999,14.38,13.223333333333333,14.416483319005485,14.090243503837335,0.32623981516814915,0.41008283800593176,-0.08384302283778261,0.022655542720010358,-0.0058224321415126816,54.940592544159905,14.38,0.44909265249793756,15.278185304995876,13.481814695004125,0.12492146105644998,0.5111335600174908,0.5419723802054063,0.03763697084759766,28.979542341888173,25.699514981818897,15.88522556093929,38.461538461538495,32.344322344322386,1848807834.0,1823802620.15,0.42521716480258787,0.28400857640525756,0.9714073111025312,18370000.25,-1.2522975122152318,0.36912743101350803,0.02083333333333326,0.0013908205841446364,0.0889841189815983,4.0,6.0,-0.03448275862068961,0.0,1289.05,1287.58,0.0031319143631773905,0.02049583108772146,0.034450068289547664,0.11891752988139005,0.0038610926298294768,-0.027392382811859406,0.056459022619543386,0.0545787799240014,1.3236917047927073,0.5827408267844918,14.5,13.3,-0.08275862068965512,-0.009871042106647465,-0.07288757858300765,14.5,14.0,14.5,12.4,-0.1448275862068965,-0.008238761632899383,-0.13658882457399713,14.5,11.95,-0.17586206896551726,-0.007449697138480871,-0.1684123718270364,-0.005706673,0.005,2
2024-06-10,14.5,14.6,13.95,14.0,17105381,-0.02777777777777779,-0.020979020979021046,-0.01754385964912286,-0.06666666666666665,-0.041095890410958846,0.021897810218978186,14.27,14.395000000000001,13.25,14.35240896223541,14.083558799849385,0.2688501623860251,0.3818363028819505,-0.11298614049592537,0.01920358302757322,-0.008070438606851813,49.10805849141987,14.395000000000001,0.4297796252931343,15.25455925058627,13.535440749413732,0.11942469615648058,0.27023108079484426,0.549688638762163,0.03926347419729736,27.65323532582855,23.528846565422384,19.091534635025045,7.692307692307671,24.90842490842495,1831702453.0,1827165859.4,0.42111408609087564,0.4853783426865854,1.3055755049876807,18160837.4,-0.11432458379232524,0.9418828341032337,0.04642857142857145,-0.027440083362278656,0.05660377358490565,0.0,6.0,0.007092198581560183,1.0,1292.67,1290.67,0.002399850883052057,0.008335937500000057,0.04071183215339702,0.11723187058785274,-0.030177628660829847,-0.07500260416666671,-0.018814021934418834,-0.018078032124886678,1.3116103948442066,0.569910052448015,14.1,13.4,-0.049645390070921946,-0.015644425225670444,-0.0340009648452515,14.1,14.2,14.1,12.6,-0.1063829787234043,-0.03159000177602067,-0.07479297694738363,14.1,11.8,-0.16312056737588643,-0.00885693767711948,-0.15426362969876695,-0.006329223,0.005,2
2024-06-11,14.1,14.2,13.7,14.2,15713356,0.014285714285714235,-0.01388888888888895,-0.006993006993007089,-0.01388888888888895,-0.050167224080267525,0.04797047970479684,14.23,14.4275,13.279166666666667,14.328961429583808,14.092184073934616,0.2367773556491919,0.3528245134353988,-0.11604715778620689,0.016674461665436048,-0.008172335055366683,51.85991320163861,14.4275,0.38473333211904415,15.196966664238088,13.658033335761912,0.10666666633000702,0.3521703339641963,0.5461394502791513,0.03846052466754587,25.823409230911498,21.990199342015305,21.112765224521173,33.333333333333336,26.49572649572654,1847415809.0,1831659522.7,0.42081380091433523,0.34026298060810345,1.2213259386822812,18601748.95,-0.3256658435845522,0.8447246569253372,0.035211267605633804,-0.015768497660717418,0.06934421085660492,1.0,6.0,0.0,0.0,1295.03,1284.41,-0.004850194085242565,0.0006934056345051509,0.03308184801492842,0.11971241780953078,0.0191359083709568,-0.014582294523394101,0.014888631689868426,0.014411860704432122,1.3698416250588832,0.5784147839430459,14.2,13.6,-0.04225352112676051,-0.0042879043742850564,-0.03796561675247545,14.2,14.2,14.2,12.5,-0.11971830985915488,-0.02213990552602707,-0.09757840433312781,14.2,11.95,-0.15845070422535212,0.006770375327818545,-0.16522107955317067,-0.006329223,0.005,2
2024-06-12,14.2,14.4,14.0,14.2,5728492,0.0,0.014285714285714235,-0.01388888888888895,-0.0035087719298245723,-0.0273972602739726,0.04797047970479684,14.219999999999999,14.459999999999999,13.307500000000001,14.309121209647838,14.100170438828348,0.20895077081948976,0.324049764912217,-0.11509899409272722,0.014714843015457026,-0.008105562964276565,51.85991320163861,14.459999999999999,0.3303108583731575,15.120621716746314,13.799378283253684,0.0913722983051611,0.3032156728963223,0.5357009181163549,0.03772541676875739,24.553546281018942,23.484092654002772,19.986722981250782,33.333333333333336,24.786324786324816,1847415809.0,1836153186.0,0.42081380091433523,0.34026298060810345,1.2213259386822812,18382559.6,-1.3844603051115312,0.31162646142053035,0.028169014084507067,-0.017980636237897585,0.06706744317114399,2.0,6.0,-0.017605633802816878,0.0,1285.01,1300.19,0.012285796591431142,0.012333086775411894,0.03651177066143707,0.12296079833056175,-0.012285796591431142,-0.015841858705236467,0.011458709043359772,0.011055068902929621,1.3441750470285256,0.5722829516287454,14.2,12.8,-0.09859154929577452,-0.019836255160107008,-0.07875529413566751,14.2,13.95,14.2,12.7,-0.10563380281690138,-0.03404330277477807,-0.0715905000421233,14.2,12.0,-0.15492957746478864,-0.015126101907803502,-0.13980347555698514,-0.0060288236,0.005,2
2024-06-13,14.2,14.25,13.85,13.95,11630388,-0.017605633802816878,-0.017605633802816878,-0.0035714285714286698,-0.02447552447552459,-0.04778156996587035,0.0219780219780219,14.15,14.475,13.335,14.25387179277894,14.089046702618841,0.1648250901600985,0.2922048299617933,-0.1273797398016948,0.011815418649469427,-0.009131164143490668,48.090166726084874,14.475,0.29669229142461906,15.068384582849237,13.881615417150762,0.08198750712942834,0.05762248028157138,0.5260079953937582,0.03770666633647012,23.010050806832425,22.208495929800176,20.938000048851745,16.666666666666668,27.777777777777818,1835785421.0,1839286903.6,0.4264189597637655,0.456675468447423,1.086453528513413,18185652.7,-0.7090071238177177,0.6395364627193172,0.028673835125448056,-0.03626943005181349,0.046119235095613,3.0,6.0,-0.043165467625899234,0.0,1305.69,1301.51,0.001015236234704009,0.013984542989809556,0.025796434370024768,0.11756177717008562,-0.018620870037520887,-0.03846006746533415,-0.003818412392002868,-0.003722388052896597,1.3404536129118194,0.5702105060469144,13.9,12.55,-0.09712230215827333,-0.016165785617284323,-0.08095651654098901,13.9,13.3,13.9,12.45,-0.10431654676259006,-0.033973468777093174,-0.07034307798549688,13.9,12.05,-0.13309352517985606,-0.015014922853832657,-0.11807860232602341,-0.0060288236,0.005,2
2024-06-14,13.9,14.0,13.3,13.3,33587976,-0.04659498207885293,-0.06338028169014076,-0.06338028169014076,-0.07638888888888884,-0.08275862068965512,-0.08904109589041087,13.930000000000001,14.41,13.360833333333334,14.107122286197564,14.03059879872115,0.07652348747641469,0.2490685614647176,-0.1725450739883029,0.005753645674918397,-0.012973313833706984,39.95744208271995,14.41,0.39423476842218863,15.198469536844378,13.621530463155622,0.10943366229623566,-0.20389529850604915,0.5384359957227755,0.04048390945284026,22.3115144275118,20.146180621553714,26.28992943139719,0.0,16.666666666666703,1802197445.0,1838828114.9,0.37660655682980154,-0.3761058847936293,-0.6025002945503084,17951944.0,1.7854040971628542,1.8709938043478744,0.05263157894736836,-0.07702984038861893,-0.004553109212249717,4.0,6.0,0.0037453183520599342,1.0,1303.37,1279.91,-0.016596107598097487,-0.005956911415212929,0.00534125095239224,0.13320674105229435,-0.029998874480755444,-0.07043197747367591,-0.09438234684280311,-0.09388090536759697,1.345282285998128,0.571743930466948,13.35,12.4,-0.07116104868913853,-4.679895170345283e-05,-0.07111424973743508,13.35,13.4,13.35,12.1,-0.09363295880149813,-0.028672157743666493,-0.06496080105783164,13.35,12.2,-0.08614232209737827,-0.0010373767627605002,-0.08510494533461777,-0.006329223,0.005,2
2024-06-17,13.35,13.45,13.15,13.4,6768996,0.007518796992481258,-0.03942652329749097,-0.05633802816901401,-0.042857142857142816,-0.10666666666666669,-0.09152542372881356,13.809999999999999,14.342500000000001,13.386666666666665,13.99833424216717,13.983887776593656,0.014446465573513478,0.20214414228647679,-0.1876976767129633,0.001078094445784588,-0.01400728930693756,41.59391641496731,14.342500000000001,0.4452305730284174,15.232961146056835,13.452038853943167,0.12417098079927966,-0.029220171016785167,0.5214048531711486,0.03891080993814542,21.93627663646803,19.31821772892571,27.264360217121016,12.195121951219518,9.6205962059621,1808966441.0,1837386130.1,0.375309237363056,-0.3670688464056656,-0.5785620891901858,16968747.9,-1.1513856488637357,0.3989095742296932,0.022388059701492456,-0.06571378769391678,0.0009960159362552012,0.0,6.0,0.011152416356877248,1.0,1282.08,1274.77,-0.004015907368486893,-0.012319183059961158,-0.0021994708746222447,0.13347933744579654,0.011534704360968151,-0.030537959797181657,-0.08932595285419132,-0.08952285576806618,1.339560499576604,0.5701587414449854,13.45,12.6,-0.06319702602230481,-0.01975160037205248,-0.043445425650252334,13.45,13.6,13.45,12.2,-0.09293680297397766,-0.019407686475586106,-0.07352911649839156,13.45,12.05,-0.10408921933085491,0.00033609767154652026,-0.10442531700240143,-0.005706673,0.005,2
2024-06-18,13.45,13.65,13.4,13.6,4546857,0.014925373134328401,0.022556390977443552,-0.02508960573476704,-0.04225352112676051,-0.05555555555555558,-0.0872483221476511,13.689999999999998,14.2775,13.4025,13.937052051064528,13.955451644994126,-0.018399593929597557,0.15803539504326192,-0.17643498897285947,-0.0013529113183527615,-0.012973160953886726,44.832449882426495,14.2775,0.45435755685913576,15.186215113718271,13.368784886281729,0.12729330957356277,0.12722090247414689,0.5020187922303523,0.0369131464875259,21.089773063203403,21.47670914719797,26.29454876216987,22.499999999999964,11.56504065040653,1813513298.0,1835174770.3,0.3781469871331958,-0.37404653824587397,-0.627178662746061,16199372.9,-1.260107905814818,0.2806810503139909,0.01838235294117647,-0.04745228506391175,0.014736056705838552,1.0,6.0,-0.05535055350553508,0.0,1279.39,1279.5,0.0037104732618433722,-0.0038227668735061338,0.0018478788543150326,0.13414576177312373,0.011214899872485029,-0.03843075425325437,-0.08909620100196614,-0.08893186568788669,1.2476116457874549,0.5549336706494098,13.55,12.5,-0.07749077490774914,-0.02060795011691352,-0.05688282479083562,13.55,12.8,13.55,12.3,-0.09225092250922506,-0.010296180826188661,-0.0819547416830364,13.55,12.05,-0.11070110701107005,-0.0014185502727980248,-0.10928255673827203,-0.005706673,0.005,2
2024-06-19,13.55,13.6,12.75,12.8,27685021,-0.05882352941176461,-0.04477611940298509,-0.03759398496240607,-0.09859154929577452,-0.10175438596491226,-0.09859154929577452,13.41,14.2075,13.404166666666667,13.76212096628537,13.86986263425382,-0.10774166796845108,0.10487998244091933,-0.21262165040937042,-0.00841731781003524,-0.016611066438232062,36.18860731208301,14.2075,0.5620158735361326,15.331531747072265,13.083468252927734,0.1582307579901131,-0.1260944157787691,0.5268745927853271,0.04116207756135368,21.4117439126896,19.001844970369316,32.07657438704905,2.083333333333363,12.259485094850985,1785828277.0,1833405754.3,0.3977146527087354,-0.5565863523777936,-0.21581152515873744,15757029.1,1.4207031227543934,1.7569949781967464,0.06640624999999997,-0.09906739398205167,-0.04507304942493007,2.0,6.0,-0.023346303501945442,0.0,1283.0,1279.79,0.00022665103556063215,-0.015690014536337116,0.010166468020617048,0.13066064995860918,-0.05905018044732524,-0.0829015347594374,-0.10875801731639156,-0.10766346019136708,1.2724747667801082,0.5320268724068904,12.85,12.7,-0.011673151750972832,-0.0160552963754661,0.004382144624493267,12.85,12.55,12.85,12.25,-0.046692607003890996,-0.0038772994648235137,-0.04281530753906748,12.85,11.85,-0.07782101167315181,-0.010266652104039431,-0.06755435956911238,-0.006329223,0.005,2
2024-06-20,12.85,13.0,12.45,12.55,16209209,-0.01953125,-0.07720588235294112,-0.06343283582089554,-0.10035842293906805,-0.1223776223776224,-0.14041095890410948,13.13,14.105,13.405833333333334,13.575640817626082,13.7720950317165,-0.19645421409041752,0.04461314313465196,-0.24106735722506947,-0.01565372223828028,-0.019208554360563304,33.983559800904615,14.105,0.664296224349898,15.433592448699796,12.776407551300204,0.18838602604747196,-0.085205794870268,0.5285264075863753,0.04211365797500998,22.1304407577079,17.5894253794232,33.74670097590605,3.703703703703755,9.429012345679064,1769619068.0,1829730628.5,0.3808360395343868,-0.4675245320128388,-0.14741501693969902,15471840.2,0.08914376372269567,1.0476587652450031,0.043824701195219175,-0.11024459411556187,-0.06384036799900539,3.0,6.0,-0.01195219123505975,0.0,1281.82,1282.3,0.0019612592690987363,-0.014759779025900754,0.0009913897410678274,0.12470316827273867,-0.021492509269098736,-0.0855986439131673,-0.1414023486451773,-0.14126230264753292,1.2820393861255055,0.5355182160516626,12.55,12.45,-0.007968127490039945,-0.020216797528539332,0.012248670038499387,12.55,12.4,12.55,12.35,-0.015936254980079778,-0.004030908822087342,-0.011905346157992436,12.55,12.35,-0.015936254980079778,-0.00827192293026835,-0.007664332049811429,-0.0066546495,0.005,2
2024-06-21,12.55,12.7,12.4,12.4,7358536,-0.01195219123505975,-0.03125,-0.08823529411764697,-0.06766917293233088,-0.13888888888888884,-0.1418685121107266,12.95,14.002500000000001,13.405,13.394772999529762,13.670458362700463,-0.2756853631707017,-0.01944655812641877,-0.2562388050442829,-0.022232690578282394,-0.02066441976163572,32.69625888387651,14.002500000000001,0.7595835077622985,15.5216670155246,12.483332984475403,0.21698511201922482,-0.02742719649117264,0.512203092758777,0.04130670102893363,22.866217579632284,16.85355270809592,33.032139231995686,0.0,1.929012345679076,1762260532.0,1826847377.95,0.38105877407954264,-0.4553741643478576,-0.1632168458528009,14679964.95,-0.8872994195775581,0.5012638671184293,0.024193548387096687,-0.11444384931262275,-0.0749720253636702,4.0,6.0,0.016129032258064502,1.0,1285.07,1282.02,-0.0002183576386181052,0.0016485534139119018,0.01592005895731141,0.11148618597981416,-0.011733833596441645,-0.06931772634624278,-0.157788571068038,-0.15531593226930096,1.306257382071478,0.5394930683031867,12.4,12.1,-0.024193548387096864,-0.027997408659137246,0.0038038602720403825,12.4,12.6,12.4,11.95,-0.03629032258064524,0.0014439700590855864,-0.037734292639730826,12.4,11.95,-0.03629032258064524,-0.012808404686268315,-0.023481917894376925,-0.0060320995,0.005,2
2024-06-24,12.4,12.9,12.2,12.6,15062681,0.016129032258064502,0.003984063745019917,-0.01562500000000011,-0.059701492537313494,-0.09999999999999998,-0.136986301369863,12.790000000000001,13.9025,13.405000000000001,13.272500230371337,13.591165150648576,-0.31866492027723936,-0.0792902305565829,-0.23937468972065645,-0.02529086668866979,-0.018997991247671146,36.16819521883779,13.9025,0.80695578043674,15.516411560873479,12.28858843912652,0.23217573254788407,0.09647726939415971,0.5256171575617216,0.04171564742553346,23.549438914276354,15.250337091402805,29.889915014541664,16.66666666666668,6.790123456790181,1777323213.0,1824234795.4,0.38512948146439574,-0.4504206995931563,-0.2357755789093637,14950632.95,0.013721284556881026,1.0074945355407177,0.05555555555555564,-0.09368818557813341,-0.0600522193211489,0.0,6.0,-0.015748031496062964,0.0,1281.19,1254.12,-0.021762531005756647,-0.016199000604030567,-0.01069670579326032,0.13617597986888932,0.03789156326382115,-0.04350249193328293,-0.1262895955766027,-0.1276550844580644,1.1700719732080649,0.49518562789631254,12.7,12.2,-0.03937007874015752,-0.0009635522428470544,-0.03840652649731047,12.7,12.5,12.7,11.8,-0.07086614173228334,0.02212984861877576,-0.0929959903510591,12.7,11.95,-0.05905511811023623,-0.0008998463094355147,-0.05815527180080071,-0.0066546495,0.005,2
2024-06-25,12.7,12.7,12.45,12.5,3920198,-0.007936507936507908,0.008064516129032251,-0.003984063745020028,-0.0808823529411764,-0.11971830985915488,-0.16387959866220736,12.57,13.780000000000001,13.404166666666667,13.153654041083438,13.510338102452385,-0.3566840613689468,-0.13476899671905568,-0.22191506464989114,-0.028534724909515745,-0.01775320517199129,35.1906989069615,13.780000000000001,0.8253229033161287,15.430645806632258,12.129354193367744,0.23957123463458008,0.11227296769028505,0.5059302177358843,0.04047441741887074,24.18385872501728,14.712066321019742,28.834930624024064,12.500000000000028,9.722222222222273,1773403015.0,1820468421.4,0.36727470418049546,-0.4301702290886975,0.0355213714118411,14188861.3,-1.2140084441086256,0.2762870054977562,0.02,-0.09288824383164018,-0.0674541498290333,1.0,6.0,0.007936507936507908,1.0,1255.77,1256.56,0.001945587344113875,-0.01792887846815161,-0.019637521162803484,0.12956741196616384,-0.009882095280621783,-0.0629534744730248,-0.14424207749940388,-0.14713137294941026,1.1672734032101824,0.49382727379086516,12.6,12.3,-0.023809523809523725,0.0086103498947534,-0.032419873704277125,12.6,12.7,12.6,11.95,-0.051587301587301626,0.027610310179117414,-0.07919761176641904,12.6,11.6,-0.07936507936507942,-0.021557647245720735,-0.05780743211935868,-0.005706673,0.005,2
2024-06-26,12.6,12.7,12.45,12.7,4453732,0.016000000000000014,0.007936507936507908,0.024193548387096753,-0.007812500000000111,-0.10563380281690138,-0.13013698630136994,12.55,13.684999999999999,13.4,13.083861111685986,13.450313057826282,-0.3664519461402964,-0.18110558660330384,-0.18534635953699258,-0.028854483948054836,-0.014594201538345872,38.75576963050827,13.684999999999999,0.8352591781825357,15.35551835636507,12.014481643634927,0.2441385979342451,0.2051813300204349,0.48764948789760687,0.03839759747225251,24.772962834990995,14.173327992490272,27.779029842401346,20.83333333333333,16.666666666666714,1777856747.0,1817916178.65,0.37286822483724485,-0.6093290828172089,0.09672671944986326,13420103.25,-1.0406502895089071,0.3318701739496676,0.01968503937007874,-0.07197661673364997,-0.052238805970149294,2.0,6.0,-0.019685039370078705,0.0,1258.95,1261.24,0.003724454065066496,-0.014494565514654667,-0.008957757103344344,0.12846121122176288,0.012275545934933518,0.006682065514654556,-0.1211792291980256,-0.12227453478051387,1.1524732387854522,0.49184463652823607,12.7,12.25,-0.03543307086614167,0.012802309809551549,-0.04823538067569322,12.7,12.45,12.7,12.0,-0.055118110236220375,0.020012532620507395,-0.07513064285672777,12.7,11.85,-0.06692913385826771,-0.01764085317003916,-0.04928828068822855,-0.005706673,0.005,2
2024-06-27,12.7,12.7,12.4,12.45,3768149,-0.019685039370078705,-0.0040000000000000036,-0.011904761904761973,-0.007968127490039945,-0.10752688172043012,-0.15017064846416384,12.53,13.575,13.389999999999999,12.98634401758045,13.376215794283594,-0.3898717767031439,-0.22285882462327186,-0.16701295207987202,-0.031315002144830836,-0.01341469494617446,36.08376415530033,13.575,0.8462766749282645,15.267553349856529,11.88244665014347,0.24936329279654215,0.16766187899029555,0.4742459530477777,0.03809204442150825,25.40904976467603,13.532913099509521,27.276923147507798,10.416666666666664,14.583333333333377,1774088598.0,1814210652.25,0.37358432928233937,-0.45652659911924665,-0.057410049067187836,12643634.5,-1.0135108334526828,0.29802735914265793,0.02409638554216859,-0.08287292817679559,-0.07020164301717702,3.0,6.0,-0.03200000000000003,0.0,1260.71,1259.09,-0.001704671593035445,-0.018100288544022458,-0.0057094573251627034,0.1274475866265278,-0.01798036777704326,0.010132161053982514,-0.14446119113900113,-0.1452907223178168,1.1647213319672447,0.4943435109264444,12.5,12.35,-0.01200000000000001,0.015568092551596191,-0.0275680925515962,12.5,12.1,12.5,12.05,-0.03599999999999992,0.0186706023312464,-0.05467060233124632,12.5,11.75,-0.06000000000000005,-0.02148745903655558,-0.038512540963444475,-0.005706673,0.005,2
2024-06-28,12.5,12.55,12.0,12.1,9759511,-0.028112449799196804,-0.047244094488189003,-0.03200000000000003,-0.024193548387096864,-0.09022556390977454,-0.16551724137931034,12.47,13.455000000000002,13.380833333333333,12.84998339949115,13.281681291003327,-0.43169789151217763,-0.264626638001053,-0.16707125351112462,-0.03567751169522129,-0.013807541612489638,32.68612584105932,13.455000000000002,0.8777812939458923,15.210562587891786,11.699437412108217,0.26095319032207864,0.11408382436903285,0.47965695640150796,0.03964107077698413,26.64953203196561,12.424516462318458,30.999478244325456,4.166666666666651,11.805555555555586,1764329087.0,1810402752.0,0.38043367220626223,-0.34330741646287327,-0.33916613709025456,12746008.35,-0.34294781666507995,0.7656915586439264,0.04545454545454551,-0.10070605722779646,-0.0957214921840942,4.0,6.0,0.0,0.0,1260.27,1245.32,-0.010936469990231013,-0.02862669849144328,-0.012998129537456826,0.13254945062257528,-0.01717597980896579,0.004433150104346417,-0.15251911184185352,-0.15452768267843076,1.1815188706812405,0.5065021095124786,12.2,11.95,-0.020491803278688492,0.029454478348430957,-0.04994628162711945,12.2,12.2,12.2,12.2,0.0,0.027617083757913274,-0.027617083757913274,12.2,12.05,-0.012295081967212962,-0.0033859411231375036,-0.008909140844075458,-0.006329223,0.005,2
2024-07-01,12.2,12.35,12.05,12.2,4917989,0.008264462809917328,-0.02008032128514059,-0.03937007874015752,-0.031746031746031744,-0.08955223880597019,-0.18666666666666676,12.389999999999999,13.315000000000001,13.372499999999999,12.749985953415587,13.201556750929006,-0.4515707975134191,-0.30201546990352623,-0.14955532760989287,-0.0370139997961819,-0.012258633410646957,34.581447303449934,13.315000000000001,0.8409111599620345,14.996822319924071,11.633177680075931,0.2526207014531085,0.1685143291324789,0.46682431665854307,0.03826428825070025,27.80140842302022,11.854195617886113,29.576513522689382,8.333333333333302,7.63888888888891,1769247076.0,1805552193.65,0.3511949325100686,-0.6479207752899275,-0.37786131517923705,11703350.25,-0.8169422587490193,0.4202206116150373,0.024590163934426142,-0.08374014269620744,-0.08767994017573377,0.0,7.0,-0.008064516129032251,0.0,1246.33,1254.56,0.00741977965502838,0.00035084361943038544,-0.019875000000000087,0.12395968174907995,0.0008446831548889477,-0.03209687536546213,-0.16679166666666667,-0.17017387238022363,1.181690431776586,0.5076281396661686,12.4,11.8,-0.048387096774193505,0.019612827376933373,-0.06799992415112688,12.4,12.3,12.4,12.05,-0.028225806451612878,0.016641909013639156,-0.044867715465252034,12.4,12.4,0.0,-0.009746836448561003,0.009746836448561003,-0.004274575,0.005,2
2024-07-02,12.4,12.45,12.25,12.3,3591038,0.00819672131147553,0.016528925619834878,-0.012048192771084265,-0.015999999999999903,-0.09558823529411753,-0.14583333333333326,12.35,13.209999999999999,13.364166666666668,12.680757345197804,13.13477476937871,-0.45401742418090585,-0.33241586075900215,-0.1216015634219037,-0.0369119857057647,-0.009886305969260463,36.50671349611246,13.209999999999999,0.8293307384183568,14.868661476836714,11.551338523163285,0.2511221009593815,0.22568242142589337,0.45133686546864715,0.03669405410314204,28.48091405125717,12.967784354225481,28.406318779916766,13.333333333333364,8.611111111111143,1772838114.0,1801961648.6,0.3380889127671953,-0.9055886678057797,0.2981949707399831,10802440.75,-0.8847772906469055,0.33242839124111834,0.01626016260162596,-0.06888720666161985,-0.07962835941884394,1.0,7.0,-0.012096774193548376,0.0,1258.87,1269.79,0.012139714322152884,0.010528745145476526,-0.010697145350286763,0.13192603213390952,-0.003942993010677354,-0.02652874514547643,-0.1351361879830465,-0.1365973901196259,1.20950507064924,0.5198791857720263,12.4,11.95,-0.03629032258064524,0.016061134410882305,-0.052351456991527545,12.4,12.25,12.4,12.05,-0.028225806451612878,0.0062202535224542554,-0.034446059974067134,12.4,12.15,-0.020161290322580627,-0.0221478723905566,0.0019865820679759727,-0.005706673,0.005,2
2024-07-03,12.4,12.4,12.2,12.25,3428293,-0.004065040650406582,0.004098360655737654,0.012396694214876103,-0.03543307086614167,-0.04296875,-0.14035087719298245,12.26,13.11,13.3575,12.614486984398143,13.069235897572879,-0.4547489131747362,-0.35688247124214895,-0.09786644193258726,-0.037122360259162136,-0.007989097300619368,35.93721967664197,13.11,0.8178276745528269,14.745655349105654,11.474344650894345,0.24952789460040498,0.23710843165394493,0.43338423222088673,0.03537830467109279,29.202244816566825,12.540325188824186,28.294035745052803,12.5,11.388888888888927,1769409821.0,1798701751.05,0.33814648254704704,-0.9544218399792289,0.36409795272757733,10471793.25,-0.8470326561099285,0.32738356441481503,0.016326530612244986,-0.06559877955758964,-0.08291222159835299,2.0,7.0,0.00406504065040636,1.0,1273.26,1276.85,0.005559974483969832,0.012376708635945421,-0.005839529723206338,0.13363643287178498,-0.009625015134376413,-0.04780977950208709,-0.1345113474697761,-0.13530144427521396,1.1982262768308085,0.5166822364965034,12.3,12.0,-0.024390243902439046,0.005528317968206409,-0.029918561870645455,12.3,12.35,12.3,11.85,-0.03658536585365857,-0.007983610531171914,-0.028601755322486655,12.3,12.15,-0.012195121951219523,-0.021393886790682326,0.009198764839462803,-0.005706673,0.005,2
2024-07-04,12.3,12.4,12.2,12.35,6526125,0.008163265306122325,0.00406504065040636,0.012295081967213184,-0.008032128514056214,-0.015936254980079778,-0.13636363636363646,12.24,13.0125,13.348333333333334,12.57379667910612,13.015959164419332,-0.44216248531321156,-0.3739384740563615,-0.06822401125685007,-0.03580263038973373,-0.005524211437801625,38.01971727706103,13.0125,0.784030578083373,14.580561156166745,11.444438843833254,0.24100843898816454,0.2887518616877369,0.41671392991939493,0.033742018616955055,29.872051955782933,12.110419947278405,27.324064545093638,21.212121212121186,15.68181818181822,1775935946.0,1795397200.2,0.3405174833750351,-0.9563356190886201,0.32170733352628894,10427139.95,-0.4680209015427439,0.6258787195044793,0.016194331983805755,-0.050912584053794396,-0.07479086028218263,3.0,7.0,-0.03238866396761142,0.0,1278.87,1279.89,0.0023808591455536376,0.016519867523370202,-0.0028592352519554165,0.13395329659467067,0.005782406160568687,-0.024551996037426416,-0.13350440111168105,-0.13388721615991162,1.2511176630995262,0.5376397191681488,12.35,12.05,-0.024291497975708398,0.0020215265257061965,-0.026313024501414595,12.35,11.95,12.35,12.35,0.0,-0.005284067405031179,0.005284067405031179,12.35,11.8,-0.04453441295546545,-0.04234278533573732,-0.0021916276197281315,-0.005706673,0.005,2
2024-07-05,12.35,12.45,11.85,11.95,14805330,-0.03238866396761142,-0.02448979591836742,-0.028455284552845628,-0.012396694214876103,-0.03629032258064524,-0.17013888888888895,12.209999999999999,12.89,13.330833333333334,12.47782795924364,12.936999226314196,-0.45917126707055544,-0.3909850326592003,-0.06818623441135513,-0.0384243738134356,-0.005705961038607124,33.349729753941446,12.89,0.7463243262827008,14.382648652565402,11.397351347434599,0.23159792902488777,0.1851234889119982,0.42980579206800956,0.03596701188853637,31.111610412885934,10.902855956008652,30.416085841407025,5.555555555555534,13.089225589225611,1761130616.0,1791013339.3,0.347551295554937,-0.7046567465172672,-0.24469018775382323,10828362.9,0.47665431746952597,1.3672731637023359,0.050209205020920473,-0.07292474786656333,-0.10358192161030211,4.0,7.0,-0.016666666666666607,0.0,1281.21,1283.04,0.0024611490049926132,0.030289403526804426,-0.003525994501312524,0.13375906313933375,-0.03484981297260403,-0.04268609774168053,-0.16661289438757643,-0.16720244930442985,1.2495190769589277,0.529809940306135,12.0,12.2,0.016666666666666607,-0.00357103956929683,0.020237706235963437,12.0,11.8,12.0,11.95,-0.004166666666666763,-0.01599576765680677,0.011829100990140007,12.0,12.1,0.008333333333333304,-0.037919927801204345,0.04625326113453765,-0.0057407273,0.005,2
2024-07-08,12.0,12.05,11.8,11.8,5456158,-0.012552301255229992,-0.04453441295546545,-0.03673469387755102,-0.032786885245901565,-0.06349206349206338,-0.15714285714285714,12.13,12.780000000000001,13.308333333333334,12.373546734744618,12.852777061402033,-0.47923032665741516,-0.40863409145884333,-0.07059623519857183,-0.04061273954723857,-0.005982731796489138,31.773609527398875,12.780000000000001,0.7361707467852686,14.252341493570539,11.307658506429464,0.23041337927551445,0.1671967732080186,0.4169625212060089,0.03533580688186516,32.342537480583744,10.435922247448538,29.969998906916388,0.0,8.922558922558943,1755674458.0,1787211939.55,0.3408062052687984,-0.8270119289245966,0.1167323758727843,10245901.75,-0.5778658284276004,0.532521015048773,0.0211864406779661,-0.07668231611893583,-0.11333750782717589,0.0,7.0,0.017021276595744705,1.0,1285.34,1283.56,0.00040528744232437575,0.023115674021170873,-0.0055087667645487,0.1334432180253906,-0.012957588697554367,-0.05590255926707244,-0.15163409037830844,-0.1524740342707558,1.2482867181096977,0.5259876864521397,11.75,12.05,0.025531914893617058,-0.005060909719900808,0.030592824613517866,11.75,11.95,11.75,11.95,0.017021276595744705,-0.02463597988074584,0.041657256476490545,11.75,11.6,-0.012765957446808529,-0.07638786314553803,0.0636219056987295,-0.005706673,0.005,2
2024-07-09,11.75,12.1,11.7,11.95,10771779,0.012711864406779627,0.0,-0.03238866396761142,-0.028455284552845628,-0.04400000000000004,-0.15845070422535212,12.059999999999999,12.6675,13.284166666666666,12.308385698630062,12.785904686483365,-0.47751898785330305,-0.4224110707377353,-0.05510791711556773,-0.0399597479375149,-0.004611541181219057,35.07787138721656,12.6675,0.6773157158583405,14.022131431716682,11.312868568283319,0.213875102698509,0.23516781642563242,0.4157509125484369,0.03479087134296543,33.646647601001334,9.71873992007308,29.628448318611937,19.23076923076922,8.262108262108288,1766446237.0,1783163460.95,0.3394667194962985,-0.8379825453319061,0.1369095453960349,9998822.9,0.09437588325888788,1.0773047095373596,0.03347280334728037,-0.05664101045983827,-0.10043284612006775,1.0,7.0,0.0,0.0,1286.33,1293.71,0.007907694225435469,0.018837760574583307,0.007240678599512496,0.13527212165285935,0.004804170181344158,-0.047293045127428934,-0.16569138282486462,-0.16450028910195047,1.2678705677082824,0.5374435249450995,12.0,12.05,0.004166666666666652,-0.011107080281266057,0.01527374694793271,12.0,12.0,12.0,11.6,-0.033333333333333326,-0.049213859536728966,0.01588052620339564,12.0,11.85,-0.012500000000000067,-0.06583202760175055,0.05333202760175049,-0.006329223,0.005,2
2024-07-10,12.0,12.15,11.95,12.0,3868615,0.004184100418409997,0.016949152542372836,0.004184100418409997,-0.020408163265306145,-0.055118110236220375,-0.15492957746478864,12.01,12.557500000000001,13.2625,12.260941744994668,12.727689524521635,-0.4667477795269672,-0.43127841249558174,-0.03546936703138548,-0.03889564829391393,-0.00295578058594879,36.18728304865256,12.557500000000001,0.5881001973359568,13.733700394671914,11.381299605328088,0.18733034356709735,0.26300807136036153,0.4003401330806915,0.033361677756724294,34.61050048713449,10.264035525956118,28.57118847271127,25.000000000000036,14.743589743589789,1770314852.0,1779308413.1,0.3411551998095637,-0.8498537576540548,0.11151333440658041,9905829.05,-0.7316456962715597,0.39053924517302263,0.016666666666666757,-0.04439577941469253,-0.09519321394910452,2.0,7.0,0.0,0.0,1295.57,1285.94,-0.006005982793670928,0.007119082116145314,-0.010959936624647115,0.1294026080788106,0.010190083212080925,-0.02752724538145146,-0.14396964084014152,-0.1455650242810268,1.2541278282354758,0.5332617902915738,12.05,11.85,-0.016597510373444035,-0.01741097015040971,0.0008134597769656748,12.05,12.05,12.05,11.85,-0.016597510373444035,-0.040793407376427115,0.02419589700298308,12.05,11.55,-0.04149377593360992,-0.05828957355515285,0.01679579762154293,-0.005706673,0.005,2
2024-07-11,12.05,12.15,11.85,12.05,4641674,0.004166666666666652,0.008368200836820217,0.021186440677966045,-0.024291497975708398,-0.032128514056224744,-0.1362007168458781,11.95,12.4625,13.240000000000002,12.228489168841643,12.677490300482996,-0.4490011316413529,-0.434822956324736,-0.014178175316616914,-0.037261504700527213,-0.0011766120594702834,37.34039718668414,12.4625,0.4978572507321667,13.458214501464333,11.466785498535668,0.15979370133830814,0.29286231174028166,0.393172980717785,0.03262846313010664,35.683508028217524,9.704628778290466,28.830733167549514,29.16666666666676,24.46581196581204,1774956526.0,1776266968.35,0.34191100708221267,-0.9969659870052842,0.3123466522282131,9556393.35,-0.590544391466672,0.48571399585597846,0.024896265560166032,-0.033099297893681046,-0.08987915407854996,3.0,7.0,0.008264462809917328,1.0,1291.14,1283.8,-0.0016641522932641095,0.003054950034768522,-0.013607271553810585,0.12933074022722937,0.005830818959930761,-0.02734644801047692,-0.1225934452920675,-0.12428461986452621,1.2713541130833372,0.5328696932516752,12.1,12.35,0.02066115702479343,-0.007885907346427135,0.028547064371220565,12.1,12.2,12.1,11.75,-0.02892561983471076,-0.03999782028227339,0.01107220044756263,12.1,10.75,-0.11157024793388426,-0.05935838451777642,-0.05221186341610784,-0.005706673,0.005,2
2024-07-12,12.1,12.45,12.0,12.2,11477119,0.012448132780082943,0.016666666666666607,0.02092050209205021,0.02092050209205021,0.008264462809917328,-0.08270676691729328,12.0,12.4075,13.235000000000001,12.224106219789082,12.642120648595366,-0.41801442880628414,-0.43146125082104564,0.013446822014761495,-0.0342634777710069,0.0011021985258001226,40.79673856942542,12.4075,0.45976967918302875,13.327039358366058,11.487960641633943,0.148223148638494,0.38717176806400594,0.3972320535236575,0.032560004387185044,35.267130275144126,14.313830453157427,26.49783447695282,50.0,34.72222222222231,1786433645.0,1775478778.35,0.31451954954325645,-1.2611190620475237,1.508489770242292,8450850.5,0.49239486023271245,1.3581022407152985,0.03688524590163929,-0.016723755792867334,-0.07820173781639606,4.0,7.0,-0.020325203252032464,0.0,1284.57,1280.75,-0.002375759464090965,-0.0017848235440828253,0.0006562961458227434,0.11515407452136596,0.014823892244173908,0.022705325636133034,-0.08336306306311603,-0.08330838808909846,1.195169998567787,0.43195802933903343,12.3,11.95,-0.028455284552845628,-0.01507623779338707,-0.013379046759458557,12.3,12.05,12.3,12.05,-0.020325203252032464,-0.03273007615992041,0.012404872907887943,12.3,10.45,-0.15040650406504075,-0.0471132431043344,-0.10329326096070635,-0.005920225,0.005,2
2024-07-15,12.3,12.35,12.05,12.05,2523966,-0.012295081967212962,0.0,0.004166666666666652,0.021186440677966045,-0.012295081967212962,-0.10074626865671643,12.05,12.34,13.225833333333334,12.19732064751384,12.598259859810524,-0.4009392122966844,-0.4253568431161734,0.024417630819489,-0.033272963676073394,0.0020263594041069707,38.50915153246037,12.34,0.4018378829974281,13.143675765994857,11.536324234005143,0.13025539157128962,0.31957898180430205,0.3902869068433962,0.032388954924763166,34.8804937901474,13.527934403600689,25.0429797820202,35.00000000000014,38.05555555555568,1783909679.0,1774225940.25,0.31265566854329274,-1.1322354400145715,1.3210279295287195,8238599.0,-0.9101153348967439,0.3063586418030541,0.024896265560165887,-0.023500810372771408,-0.08890429084493734,0.0,7.0,0.0,0.0,1284.14,1279.82,-0.0007261370290845282,-0.002913771074199878,0.0039614989370631015,0.1141985907488554,-0.011568944938128434,0.024100211752165923,-0.10470776759377953,-0.10429460462840268,1.2028047983991668,0.4342227820264217,12.05,11.95,-0.008298755186722073,-0.021974852474606843,0.01367609728788477,12.05,12.05,12.05,12.4,0.029045643153526868,-0.02824224565998612,0.05728788881351299,12.05,10.5,-0.12863070539419097,-0.0409641183944871,-0.08766658699970387,-0.005706673,0.005,2
2024-07-16,12.05,12.15,11.95,12.05,4468499,0.0,-0.012295081967212962,0.0,0.008368200836820217,-0.020325203252032464,-0.11397058823529405,12.07,12.2625,13.229166666666666,12.17465593251171,12.557648018343077,-0.3829920858313667,-0.4168838916592121,0.0338918058278454,-0.031783575587665286,0.0028125979940120662,38.50915153246037,12.2625,0.2757167692459673,12.813933538491934,11.711066461508064,0.08993819180296594,0.30732038843597964,0.37669498492601083,0.03126099459966895,34.76505474905785,13.014903401067741,25.989445422721236,35.00000000000014,40.000000000000135,1783909679.0,1772745759.3,0.30435022895204356,-1.1632729972897224,1.5517046090196362,8234681.1,-0.599570237373106,0.5426438432448829,0.01659751037344407,-0.0173292558613658,-0.08913385826771647,1.0,7.0,-0.016597510373444035,0.0,1282.83,1281.18,0.0010626494350769455,-0.00968532360420804,0.0013130128956624354,0.11351064887772708,-0.0010626494350769455,0.018053524441028257,-0.11528360113095648,-0.11513243076465351,1.0251916193011996,0.37359145717274406,12.05,11.6,-0.03734439834024905,-0.04219054950352619,0.004846151163277135,12.05,11.85,12.05,12.15,0.008298755186721962,-0.03188784436305958,0.04018659954978154,12.05,10.45,-0.13278008298755195,-0.04327136158996003,-0.08950872139759192,-0.0054164324,0.005,2
2024-07-17,12.05,12.2,11.8,11.85,10225606,-0.016597510373444035,-0.016597510373444035,-0.02868852459016391,-0.012500000000000067,-0.032653061224489854,-0.07421875000000011,12.040000000000001,12.215,13.23,12.124708865971447,12.50522964661396,-0.38052078064251305,-0.4096112694558723,0.02909048881335924,-0.032111458282068614,0.002454893570747615,35.4365143518104,12.215,0.2596049630562443,12.734209926112488,11.695790073887512,0.08501185855300664,0.14850440867638373,0.3783596288598671,0.031929082604208195,35.00495127019249,12.032096688818397,26.858652819169038,17.647058823529424,29.215686274509938,1773684073.0,1772138549.1,0.23614401032384472,-0.3485787119543434,-1.0084321095754487,7361710.35,0.6578553176028576,1.3890258532108644,0.033755274261603255,-0.02988129349160873,-0.10430839002267578,2.0,7.0,0.04219409282700415,1.0,1286.07,1268.66,-0.009772241215129762,-0.013437640947478124,-0.008696739308792778,0.11877776320344365,-0.006825269158314273,0.0009376409474780578,-0.06552201069120733,-0.06609683765744978,1.0944574187951628,0.38949961215149626,11.85,11.85,0.0,-0.0255556866910579,0.0255556866910579,11.85,12.35,11.85,12.15,0.025316455696202667,-0.01529564498996816,0.04061210068617083,11.85,10.05,-0.1518987341772151,-0.031936740233683536,-0.11996199394353158,-0.005716832,0.005,2
2024-07-18,11.85,12.35,11.8,12.35,11021097,0.04219409282700415,0.024896265560165887,0.024896265560165887,0.024896265560165887,0.0,-0.015936254980079778,12.1,12.205000000000002,13.235000000000001,12.15936904043738,12.493731154272187,-0.33436211383480696,-0.39456143833165924,0.06019932449685228,-0.027073855371239432,0.0048744392305143545,46.85339693924246,12.205000000000002,0.24968401083066288,12.704368021661328,11.705631978338676,0.08183007319317093,0.6451835056614195,0.39061965536987653,0.0316291218922977,34.51032958162065,13.56488965103281,24.157402776454372,86.6666666666667,46.43790849673212,1784705170.0,1772892854.2,0.2791392496391196,0.28252650696452347,0.5745440915330838,7102304.75,0.99646797608322,1.551763461008907,0.0445344129554655,0.011880376894715106,-0.06686815262561396,3.0,7.0,-0.03238866396761142,0.0,1270.95,1274.44,0.0045559882080306036,-0.007290855273407004,-0.0061296108554939055,0.1198173244158505,0.037638104618973545,0.03218712083357289,-0.009806644124585873,-0.009867125765792406,1.1038218198366443,0.3780359531243238,12.35,11.75,-0.04858299595141702,-0.033004516655165905,-0.015578479296251113,12.35,11.95,12.35,11.8,-0.04453441295546545,-0.03788971833636534,-0.006644694619100111,12.35,10.05,-0.18623481781376505,-0.04055579951069577,-0.14567901830306929,-0.0042839767,0.005,2
2024-07-19,12.35,12.4,11.95,11.95,6532057,-0.03238866396761142,0.00843881856540074,-0.008298755186722073,-0.020491803278688492,0.0,-0.03629032258064524,12.05,12.182500000000001,13.231666666666666,12.127158418831629,12.453454772474247,-0.32629635364261844,-0.3809084213938511,0.054612067751232674,-0.027305134196035016,0.004570047510563404,40.6590879102969,12.182500000000001,0.2514562847876812,12.685412569575364,11.679587430424638,0.0825631142335913,0.2688465012951314,0.3948611085577426,0.03304277059060608,33.81831568540549,13.365144851255009,22.19091904443475,33.333333333333336,45.88235294117652,1778173113.0,1773688483.25,0.29883882404724366,0.1439188548435238,0.18062666540091263,7060980.8,-0.1344428577251366,0.9250920212104246,0.03765690376569047,-0.019084752719064402,-0.09686358483436197,4.0,7.0,0.012711864406779627,1.0,1275.28,1264.78,-0.007579799755186634,-0.012469256295139619,-0.01344752811968608,0.1225843699527147,-0.024808864212424786,-0.008022546983548873,-0.02284279446095916,-0.02315416068789744,1.2292513618047538,0.41070013094804303,11.8,12.05,0.021186440677966045,-0.015308144789205946,0.03649458546717199,11.8,11.95,11.8,12.1,0.025423728813559254,-0.019676237890631332,0.045099966704190586,11.8,10.4,-0.11864406779661019,-0.007285440218166905,-0.11135862757844328,-0.0032743774,0.005,2
2024-07-22,11.8,12.05,11.6,11.95,11328439,0.0,-0.03238866396761142,0.00843881856540074,-0.008298755186722073,0.012711864406779627,-0.051587301587301626,12.030000000000001,12.15,13.225833333333334,12.099903277472917,12.416161826365043,-0.3162585488921259,-0.3679784468935061,0.051719898001380216,-0.026465150534905935,0.004328024937353993,40.6590879102969,12.15,0.23619795444825345,12.622395908896507,11.677604091103493,0.07776064343975425,0.28831315403726615,0.3987996008036182,0.03337235153168353,34.039780432636455,12.287927269337143,26.671165402970754,41.17647058823527,53.725490196078475,1778173113.0,1773730978.25,0.2914854841454138,0.24829310819388856,0.5445343462052433,6874268.7,1.233951597480193,1.6479482392068847,0.03765690376569047,-0.016460905349794275,-0.09646525108688808,0.0,7.0,-0.029288702928870314,0.0,1261.42,1254.64,-0.008017204573127268,-0.01967464174649547,0.00041463336841784937,0.09853400633410221,0.008017204573127268,0.011375886559773396,-0.052001934955719475,-0.05198038215477496,1.3121446162460255,0.4114191346371651,11.95,12.4,0.03765690376569042,-0.008052708638360273,0.04570961240405069,11.95,11.6,11.95,11.6,-0.029288702928870314,-0.05462632885606988,0.02533762592719957,11.95,10.5,-0.12133891213389114,0.003899038767585461,-0.1252379509014766,-0.004083154,0.005,2
2024-07-23,11.95,12.0,11.6,11.6,4966256,-0.029288702928870314,-0.029288702928870314,-0.06072874493927127,-0.03734439834024905,-0.029288702928870314,-0.07200000000000006,11.94,12.105,13.210833333333335,12.022995080938623,12.355705394782447,-0.3327103138438243,-0.36092482028356976,0.028214506439745435,-0.028681923607226236,0.0024322850379090892,35.84945664366941,12.105,0.2512599827841615,12.607519965568324,11.602480034431677,0.08302684272091258,-0.0024675979081473284,0.3988853436033598,0.03438666755201378,34.24542626935092,11.407765483759274,24.76075854183152,0.0,24.83660130718957,1773206857.0,1773721170.35,0.306261762349898,0.24320679768184042,0.12160767517961699,6926571.6,-0.548799695300117,0.7169861638332015,0.03448275862068969,-0.04171829822387452,-0.12193275720683794,1.0,7.0,0.02155172413793105,1.0,1256.72,1231.81,-0.018196454759931258,-0.038534788242089446,-0.019696632074871046,0.11748248609062567,-0.011092248168939056,0.001190389901840394,-0.05230336792512902,-0.05335426729771642,1.3394815329885348,0.4388347535122076,11.6,12.15,0.0474137931034484,0.015960832313341555,0.03145296079010684,11.6,11.85,11.6,11.85,0.02155172413793105,-0.01241942064463486,0.03397114478256591,11.6,10.6,-0.08620689655172409,0.03839249286005719,-0.12459938941178128,-0.009034061,0.005,3
2024-07-24,11.6,11.85,11.4,11.85,8782578,0.02155172413793105,-0.008368200836820106,-0.008368200836820106,0.0,-0.012500000000000067,-0.06692913385826771,11.94,12.0625,13.201666666666664,11.996380453101912,12.318245735909674,-0.32186528280776194,-0.35311291278840823,0.031247629980646285,-0.027161627241161345,0.002636930800054539,41.199889744841855,12.0625,0.21452211271436353,12.491544225428727,11.633455774571273,0.07113686639232787,0.2523565317914986,0.40253639048883405,0.033969315653066164,34.87056766530721,10.496846160866745,26.332516819994215,42.85714285714283,28.011204481792742,1781989435.0,1773927804.75,0.3115509758076056,0.24844498225549214,-0.017518082017447485,7143013.9,0.46245720111738764,1.2295339366482263,0.037974683544303736,-0.01761658031088087,-0.10238606236586278,2.0,7.0,0.004273504273504258,1.0,1225.5,1238.47,0.005406677977934926,-0.023796761937792676,-0.018053661476007732,0.11852082632989017,0.016145046159996124,0.023796761937792676,-0.04887547238225998,-0.04977407671352685,1.3726077634680864,0.4475515938179686,11.7,12.15,0.03846153846153855,0.01507802614930398,0.023383512312234567,11.7,11.75,11.7,11.55,-0.012820512820512664,-0.013820848068001101,0.0010003352474884375,11.7,10.7,-0.0854700854700855,0.041470655030334314,-0.1269407405004198,-0.008146858,0.005,3
2024-07-25,11.7,11.85,11.6,11.75,2679061,-0.008438818565400852,0.012931034482758674,-0.0167364016736401,-0.04858299595141702,-0.024896265560165998,-0.056224899598393496,11.819999999999999,12.0275,13.193333333333332,11.95847576800931,12.276153459175625,-0.31767769116631506,-0.3460258684639896,0.028348177297674526,-0.027036399248197025,0.0024126108338446404,39.7709966161302,12.0275,0.2048587446619908,12.43721748932398,11.617782510676019,0.06813011670321863,0.1613520203178722,0.3916409340253459,0.03333114332130603,35.45105610440949,10.018235103750031,25.131867261201357,33.333333333333336,25.39682539682543,1779310374.0,1774188893.55,0.3062059072720299,0.19937042665873336,0.16170114683968245,7088559.5,-1.222242716516547,0.37794152676576953,0.02127659574468085,-0.023072126377052582,-0.10939868620515403,3.0,7.0,0.025531914893617058,1.0,1232.92,1233.19,-0.004263324908960198,-0.03236715733969431,-0.02057041196419629,0.11910238522762136,-0.004175493656440654,-0.01621583861172271,-0.03565448763419721,-0.03640331890085169,1.4032116044729799,0.4575692663358157,11.75,11.8,0.004255319148936287,-0.0066790262384534005,0.010934345387389688,11.75,12.05,11.75,10.75,-0.08510638297872342,-0.02176957764266818,-0.06333680533605524,11.75,10.5,-0.1063829787234043,0.038511670080391136,-0.14489464880379543,-0.008379437,0.005,3
2024-07-26,11.75,12.15,11.75,12.05,9029700,0.025531914893617058,0.016877637130801704,0.03879310344827602,0.008368200836820217,-0.012295081967212962,-0.004132231404958553,11.84,12.025,13.186666666666667,11.9725564190848,12.259401351088542,-0.28684493200374206,-0.3341896811719401,0.04734474916819803,-0.023804558672509715,0.003929024827236351,45.83963443345152,12.025,0.20423155073866117,12.433463101477322,11.616536898522678,0.06793565097335914,0.5306025194314747,0.39223801016639265,0.03255087221297864,34.52366755034479,14.751641367439191,23.301210028325254,61.904761904762,46.03174603174609,1788340074.0,1775389442.9,0.30639390512189574,0.04917497881985138,0.07387341268542076,7052068.95,0.5519670305597033,1.280432744492664,0.033195020746887995,0.0020790020790020236,-0.08619817997977752,4.0,7.0,0.03765690376569042,1.0,1235.21,1242.11,0.00723327305605781,-0.017924065845443482,-0.0025776507243118196,0.11645480994394654,0.01829864183755925,0.0262922666822637,-0.0015545806806467333,-0.0015585982024320932,1.4229276425568058,0.4636092843360626,11.95,12.1,0.012552301255230214,-0.008904312700868111,0.021456613956098325,11.95,12.4,11.95,10.45,-0.12552301255230125,-0.019291341738064127,-0.10623167081423712,11.95,10.4,-0.12970711297071125,0.030143222383406387,-0.15985033535411763,-0.0074921595,0.005,3
2024-07-29,11.95,12.5,11.85,12.4,12836400,0.029045643153526868,0.05531914893617018,0.04641350210970474,0.03765690376569042,0.029045643153526868,0.016393442622950838,11.93,12.035,13.176666666666668,12.038316969994831,12.269816065822724,-0.23149909582789263,-0.3136515641031306,0.08215246827523798,-0.018669281921604244,0.006625199054454675,51.92561737712856,12.035,0.21770332299584702,12.470406645991694,11.599593354008306,0.07235673385819598,0.9191484022581534,0.4106495808687932,0.033116901682967194,32.32574305168637,19.171717387590107,20.66674515955943,90.90909090909093,62.04906204906212,1801176474.0,1776985912.8,0.3223212481491487,0.03923867229077246,-0.31881235638367356,7447989.5,1.4302735753596667,1.7234718174616117,0.05241935483870971,0.03032820938928138,-0.0589425752592968,0.0,7.0,-0.020161290322580627,0.0,1247.71,1246.6,0.0036148167231566664,-0.006408212714404282,-0.006344853972707565,0.1139509339458055,0.0254308264303702,0.0440651164800947,0.022738296595658403,0.022883488991696677,1.3432642644877433,0.4283199760121377,12.4,11.6,-0.06451612903225812,-0.04743311177569498,-0.017083017256563138,12.4,12.15,12.4,10.5,-0.15322580645161288,-0.013590115696383243,-0.13963569075522964,12.4,10.45,-0.15725806451612911,0.026290259214419187,-0.1835483237305483,-0.0011214402,0.005,3
2024-07-30,12.4,12.4,12.1,12.15,4421400,-0.020161290322580627,0.008298755186721962,0.03404255319148941,0.0474137931034484,0.008298755186721962,-0.012195121951219523,12.040000000000001,12.0275,13.159166666666666,12.05549897461101,12.260940801687708,-0.20544182707669734,-0.292009616697844,0.08656778962114664,-0.01690879235199155,0.0071249209564729745,47.79435833934711,12.0275,0.21056003019832212,12.448620060396644,11.606379939603356,0.07002620002438484,0.6454454578637506,0.40274603937816517,0.0331478221710424,30.284813160074986,18.15166386680896,19.56714694741693,68.1818181818182,73.66522366522373,1796755074.0,1778181760.8,0.329570546277713,0.20029964542734935,-0.48672800018123275,7489507.6,-0.8232076568847956,0.5903458860232681,0.024691358024691416,0.010184992725005282,-0.07668925337217392,1.0,7.0,-0.020161290322580627,0.0,1247.23,1245.06,-0.001235360179688727,0.01075652901015589,-0.019475661329826255,0.10405580935532513,-0.0189259301428919,0.03665726409329251,0.007280539378606732,0.0074251490671621845,1.3352888173664923,0.4231035676029168,12.4,11.85,-0.04435483870967749,-0.029796785442302354,-0.014558053267375137,12.4,12.15,12.4,10.45,-0.15725806451612911,-0.01365184977353795,-0.14360621474259117,12.4,10.5,-0.15322580645161288,0.026542145977794585,-0.17976795242940746,0.00025754725,0.005,3
2024-07-31,12.4,12.5,12.1,12.15,9188800,0.0,-0.020161290322580627,0.008298755186721962,0.025316455696202667,0.025316455696202667,-0.008163265306122436,12.1,12.0225,13.136666666666665,12.070037593901624,12.252722964525656,-0.18268537062403212,-0.27014476748308164,0.08745939685904952,-0.015035832973171367,0.007198304268234528,47.79435833934711,12.0225,0.20613932437543417,12.43477864875087,11.610221351249132,0.06858451216483571,0.6546284295661465,0.40254989370829625,0.03313167849450998,28.21073968902776,18.63773217714961,18.178346825760737,68.1818181818182,75.75757575757582,1796755074.0,1779549023.45,0.32928819340754506,0.16847327070670645,-0.4852621343415799,7777532.95,0.3901085718723197,1.1814543325078424,0.03292181069958851,0.010605115408608867,-0.0751078406495812,2.0,7.0,-0.028806584362139898,0.0,1247.45,1251.51,0.005180473230205873,0.010529120608492759,-0.019845714061949238,0.10374857521674315,-0.005180473230205873,0.014787335087709907,0.011682448755826802,0.011918989615646192,1.3168042278417655,0.4225451377821405,12.15,11.55,-0.04938271604938271,-0.030854701535959816,-0.018528014513422897,12.15,11.8,12.15,10.05,-0.1728395061728395,-0.019313082361568368,-0.15352642381127113,12.15,11.0,-0.09465020576131689,0.02140141400776363,-0.11605161976908052,0.00089457905,0.005,3
2024-08-01,12.15,12.2,11.8,11.8,7333200,-0.028806584362139898,-0.028806584362139898,-0.048387096774193505,0.004255319148936287,-0.04453441295546545,-0.04453441295546545,12.110000000000001,11.995,13.109166666666669,12.02849334868599,12.219187930116348,-0.19069458143035867,-0.25425473027253703,0.06356014884217837,-0.01616055774833548,0.0053864532917100305,42.32657510453803,11.995,0.19661611006774382,12.388232220135487,11.601767779864511,0.06556602253196964,0.2520549054540706,0.4023677584434179,0.03409896257995067,27.080940181875956,17.314299515216465,22.21315272387436,36.36363636363641,57.57575757575764,1789421874.0,1780223319.85,0.34270221169608434,0.2962129869015667,-0.6502778579502952,7817886.7,-0.13435828683645457,0.9380028492866237,0.03389830508474564,-0.016256773655689782,-0.09986650562583443,3.0,8.0,0.029787234042553123,1.0,1254.59,1226.96,-0.019616303505365473,-0.005051938468524697,-0.04135511645532042,0.12206029867266188,-0.009190280856774424,0.009307257617460984,-0.0031792965001450346,-0.0033164486190019327,1.3242581691862314,0.443594542389542,11.75,10.75,-0.08510638297872342,-0.0060460486809743585,-0.07906033429774906,11.75,12.1,11.75,10.05,-0.14468085106382977,0.006490248175902824,-0.1511710992397326,11.75,10.85,-0.07659574468085106,0.054126531048722004,-0.13072227572957307,-0.0012891089,0.005,3
2024-08-02,11.75,12.15,11.7,12.1,6196800,0.025423728813559254,-0.004115226337448652,-0.004115226337448652,0.004149377593360981,0.012552301255230214,0.012552301255230214,12.12,12.002500000000001,13.090833333333334,12.039494371965068,12.210359194552174,-0.1708648225871059,-0.23757674873545082,0.06671192614834492,-0.014121059717942636,0.005513382326309498,47.8352790868222,12.002500000000001,0.19766731753727432,12.39783463507455,11.607165364925452,0.06587538180788159,0.6233132533171708,0.40577006141174526,0.0335347158191525,26.320529510351015,15.942756592828411,22.213871159307338,63.63636363636359,56.0606060606061,1795618674.0,1781947722.75,0.3362112310775423,0.15531527439311296,-0.7786099875349213,7387460.2,-0.36943785792984163,0.838826854187316,0.03719008264462819,0.00812330764424063,-0.07568909542300606,4.0,8.0,-0.012765957446808529,0.0,1215.67,1236.6,0.007856816848144987,-0.004436000032203236,-0.036195286195286225,0.1261573698324969,0.017566911965414267,0.008585377625564217,0.04874758745051644,0.05057828287442234,1.348854275948217,0.45222953918339176,11.75,10.45,-0.11063829787234047,0.0037652270210410954,-0.11440352489338157,11.75,11.6,11.75,10.4,-0.11489361702127654,0.027217915590008745,-0.14211153261128529,11.75,10.65,-0.09361702127659577,0.05317255239735852,-0.1467895736739543,0.00025279197,0.005,3
2024-08-05,11.75,12.0,11.5,11.6,9815300,-0.04132231404958675,-0.016949152542372947,-0.04526748971193417,-0.06451612903225812,-0.029288702928870314,-0.016949152542372947,11.959999999999999,11.9925,13.055833333333332,11.97187985320121,12.165147402363123,-0.1932675491619129,-0.22871490882074325,0.035447359658830335,-0.016660995617406287,0.0030558068671405463,40.8346651975533,11.9925,0.21292140878060756,12.418342817561214,11.566657182438785,0.07101818929517859,0.039149207390848484,0.41964362845376346,0.03617617486670375,26.15393190081282,14.314563167485401,23.349473719610074,18.181818181818123,39.39393939393941,1785803374.0,1783454168.55,0.36562955650404627,-0.017911037421434066,-0.8005159686907511,7605417.3,0.6835821495932071,1.2905669226066006,0.04310344827586207,-0.032728788826349775,-0.11150826578157902,0.0,8.0,0.012820512820512775,1.0,1219.05,1188.07,-0.039244703218502375,-0.046951708647521184,-0.0743946523730874,0.18273729767724822,-0.0020776108310843755,-0.017564420384736934,0.05744549983071445,0.06206262742322588,1.2802858000637103,0.508223536088156,11.7,10.5,-0.10256410256410253,0.027356536842808366,-0.1299206394069109,11.7,11.85,11.7,10.5,-0.10256410256410253,0.05352728973211285,-0.15609139229621538,11.7,10.25,-0.12393162393162382,0.06536842808470844,-0.18930005201633227,-0.0076552294,0.005,3
2024-08-06,11.7,11.85,11.6,11.85,4435200,0.02155172413793105,-0.02066115702479343,0.004237288135593209,-0.024691358024691468,0.02155172413793105,-0.008368200836820106,11.9,11.9875,13.0275,11.95312910655487,12.141803150336225,-0.18867404378135433,-0.22070673581286548,0.032032692031511156,-0.015921860234713446,0.0027031807621528403,45.15649539936494,11.9875,0.21513459679505587,12.417769193590113,11.557230806409889,0.07178630967092586,0.3402163087104629,0.4075262264213518,0.03439039885412251,25.99923412052736,13.68732206532602,22.326337389191234,40.90909090909086,40.9090909090909,1790238574.0,1784643785.4,0.3712028318097377,-0.0411950369453049,-0.909812261621311,7288588.35,-0.8870784110177714,0.6085128953674548,0.02109704641350211,-0.011470281543274341,-0.09038572251007482,1.0,8.0,-0.025316455696202445,0.0,1197.52,1210.28,0.018694184686087523,-0.027934396735900258,-0.06448895038300706,0.19546624495912485,0.002857539451843527,0.00324303871120879,0.056120749546186954,0.059989403192151736,1.284212459749839,0.5231971652719374,11.85,10.45,-0.11814345991561181,0.011060347094399292,-0.1292038070100111,11.85,11.55,11.85,10.6,-0.10548523206751059,0.04567939784380748,-0.15116462991131807,11.85,10.2,-0.139240506329114,0.04211313436760444,-0.18135364069671844,-0.006750192,0.005,3
2024-08-07,11.85,11.9,11.55,11.55,5992700,-0.025316455696202445,-0.004310344827586077,-0.045454545454545414,-0.04938271604938271,-0.025316455696202445,-0.03749999999999998,11.780000000000001,11.965,12.994166666666668,11.891109244007968,12.097965879940949,-0.2068566359329811,-0.21793671583688862,0.011080079903907525,-0.01790966544874295,0.0009593142773945909,41.26146421967831,11.965,0.23625365494530146,12.437507309890602,11.492492690109398,0.07898158126044334,0.06085335473848816,0.40341721024839805,0.03492789699120329,25.629423264913175,13.724404780514352,20.9427612289523,13.636363636363672,24.242424242424253,1784245874.0,1785340336.5,0.3812579445958965,0.0994203317955556,-1.090452141291636,7394792.6,-0.4477102119648261,0.8103946011954413,0.03030303030303027,-0.03468449644797322,-0.11113961392932736,2.0,8.0,-0.07327586206896552,0.0,1216.96,1215.88,0.004627028456225091,-0.02846960871267501,-0.054481546572934914,0.19711820836015825,-0.029943484152427535,-0.020913107336707704,0.016981546572934936,0.017960037174721055,1.2738084458033174,0.5120515983784211,11.6,10.05,-0.13362068965517238,0.015290923644405652,-0.14891161329957803,11.6,10.75,11.6,10.7,-0.07758620689655171,0.05959581789524937,-0.13718202479180108,11.6,10.25,-0.11637931034482751,0.05126956751359524,-0.16764887785842275,-0.007918109,0.005,3
2024-08-08,11.6,11.6,10.75,10.75,34775500,-0.06926406926406936,-0.09282700421940926,-0.07327586206896552,-0.08898305084745772,-0.08510638297872342,-0.10788381742738595,11.569999999999999,11.9,12.945833333333333,11.71555397569905,11.998116555500879,-0.2825625798018283,-0.23086188862987655,-0.05170069117195175,-0.026284891144356122,-0.0048093666206466745,33.069746309085716,11.9,0.35872581525121094,12.617451630502423,11.182548369497578,0.12058010596679367,-0.3014477569691143,0.435315980944941,0.04049450985534335,27.01417988370702,11.810237900415252,31.14859129230338,0.0,18.181818181818215,1749470374.0,1784066028.9,0.44944054855101784,-0.30204485657196295,-0.2518537029929458,8901483.9,3.7952862640588587,3.9067081837894464,0.07906976744186044,-0.09663865546218486,-0.16961699388477625,3.0,8.0,-0.03240740740740755,0.0,1211.83,1208.32,-0.006217718853834375,-0.015192019299732795,-0.05879420470478269,0.1974562077361005,-0.06304635041023499,-0.07379103154772493,-0.04908961272260326,-0.05215608846437869,1.3459967806468776,0.5048272087617678,10.8,10.05,-0.06944444444444442,0.006796675717929634,-0.07624112016237405,10.8,10.45,10.8,10.5,-0.02777777777777779,0.05552538467868007,-0.08330316245645786,10.8,10.4,-0.03703703703703709,0.043141611124825285,-0.08017864816186238,-0.0084992815,0.005,3
2024-08-09,10.8,10.8,10.3,10.45,12243300,-0.027906976744186074,-0.09523809523809534,-0.11814345991561181,-0.13636363636363635,-0.13278008298755195,-0.14344262295081966,11.24,11.8125,12.876666666666667,11.520853364053043,11.883441255093405,-0.3625878910403628,-0.2572070891119738,-0.105380801928389,-0.03469740584118305,-0.010084287265874545,30.615136296393388,11.8125,0.4759685416421029,12.764437083284205,10.860562916715795,0.161174532619548,-0.21564603581748473,0.4399362680203024,0.04209916440385669,28.91345444580421,10.851475821927897,35.9261833620208,6.818181818181756,6.818181818181848,1737227074.0,1781605700.35,0.4511212326332307,-0.10526359526929056,-0.3611634749056747,8939792.95,0.48333816129078777,1.3695283625109014,0.04784688995215311,-0.11534391534391542,-0.18845456898783342,4.0,8.0,0.0,0.0,1215.3,1223.64,0.012678760593220373,-0.01048034934497799,-0.04459105992582468,0.20511991447933017,-0.04058573733740645,-0.12588328701865836,-0.09885156302499498,-0.10346518530308124,1.1964656081733553,0.48766909773561967,10.5,10.4,-0.00952380952380949,0.021436437048819368,-0.030960246572628858,10.5,10.5,10.5,10.4,-0.00952380952380949,0.048427749908234397,-0.057951559432043886,10.5,10.65,0.014285714285714235,0.023883518903707213,-0.009597804617992978,0.000351873,0.005,3
2024-08-12,10.5,10.75,10.45,10.5,3553100,0.004784688995215447,-0.023255813953488413,-0.09090909090909094,-0.09482758620689657,-0.15322580645161288,-0.12863070539419097,11.02,11.735,12.805833333333334,11.363799000352575,11.780964125086486,-0.417165124733911,-0.2891986962363613,-0.1279664284975497,-0.039730011879420095,-0.012187278904528542,31.527361639308026,11.735,0.5549063458214469,12.844812691642893,10.625187308357106,0.18914575059955585,-0.05640019676283684,0.4299408203045666,0.04094674479091111,30.677066539180174,10.310630166493562,34.13559556488242,9.090909090909062,5.303030303030311,1740780174.0,1779449225.1,0.45269634235285905,-0.19923456268481446,-0.3807877671860671,8991249.65,-0.8011840946528377,0.39517310032649355,0.02857142857142864,-0.10524073285044733,-0.18006117003969546,0.0,8.0,-0.014150943396226467,0.0,1225.95,1230.28,0.0054264326108985905,0.03552820961727843,-0.0387085683924302,0.20686068971252286,-0.0006417436156831435,-0.130355795824175,-0.08992213700176077,-0.09354305473355129,1.1917524722135164,0.48761515327803573,10.6,10.5,-0.009433962264150941,0.025865784145518322,-0.035299746409669264,10.6,10.45,10.6,10.45,-0.014150943396226467,0.04082744488986112,-0.05497838828608759,10.6,10.6,0.0,0.01907611744903681,-0.01907611744903681,-0.00017294544,0.005,3
2024-08-13,10.6,10.6,10.45,10.45,3190600,-0.004761904761904856,0.0,-0.027906976744186074,-0.11814345991561181,-0.13991769547325106,-0.13278008298755195,10.74,11.655,12.731666666666666,11.223214538759871,11.682374189894894,-0.4591596511350229,-0.3231908872160936,-0.13596876391892926,-0.04393872259665291,-0.01301136496831859,31.087208500498946,11.655,0.6187636229239442,12.892527245847887,10.417472754152111,0.21235988774738532,0.013142032208592652,0.409945047425669,0.03922919114121235,32.31470634017214,10.0411524933472,33.24343080717603,6.818181818181756,7.575757575757563,1737589574.0,1777133219.85,0.45210881412170867,-0.17281797322640527,-0.37224379458516343,8927354.7,-0.8389175763230832,0.35739590362641244,0.014354066985645968,-0.10338910338910345,-0.17921193873543662,1.0,8.0,-0.038277511961722355,0.0,1229.81,1230.42,0.00011379523360544042,0.01664077734078062,-0.03961972556549431,0.20670840439756727,-0.004875699995510296,-0.13478423725639244,-0.09316035742205764,-0.09700361398708712,1.1911007043384017,0.4891576544322262,10.45,10.6,0.014354066985645897,0.03149063791845652,-0.017136570932810624,10.45,10.05,10.45,10.5,0.004784688995215447,0.037983302261489715,-0.03319861326627427,10.45,10.45,0.0,0.018359406662883826,-0.018359406662883826,0.0031422877,0.005,3
2024-08-14,10.45,10.55,9.95,10.05,14587500,-0.038277511961722355,-0.042857142857142816,-0.038277511961722355,-0.1298701298701299,-0.1728395061728395,-0.1518987341772151,10.440000000000001,11.565000000000001,12.6625,11.042719994335275,11.561457583236013,-0.5187375889007377,-0.3623002275530225,-0.15643736134771524,-0.05161568048763559,-0.01556590660176271,27.74951644637693,11.565000000000001,0.7126858021827807,12.990371604365563,10.139628395634439,0.2464974672486921,-0.03144036101179814,0.4235204011809785,0.04214133345084363,34.42573217817835,9.02506187372709,38.31215973328638,3.921568627451035,6.6102198455139884,1723002074.0,1774599119.9,0.4647706380652896,-0.10665814222728427,-0.6376048692726729,9145449.4,0.7829722101427938,1.5950555693851414,0.05970149253731357,-0.13099870298313887,-0.20631786771964455,2.0,8.0,0.0,0.0,1233.7,1230.36,-4.8763836738796584e-05,0.011909069974010311,-0.03018933362760723,0.2046922263901845,-0.03822874812498356,-0.14177919984414022,-0.12170940054960788,-0.12549810470209166,1.1444103725361727,0.47223420676256256,10.05,10.7,0.0646766169154227,0.04345105559979845,0.021225561315624253,10.05,10.05,10.05,11.0,0.0945273631840795,0.041330104503567444,0.05319725868051206,10.05,10.45,0.03980099502487544,0.017170765005119604,0.022630230019755837,0.0042229835,0.005,3
2024-08-15,10.05,10.3,10.0,10.05,5039500,0.0,-0.038277511961722355,-0.042857142857142816,-0.06511627906976736,-0.14830508474576265,-0.18623481781376505,10.3,11.45,12.586666666666668,10.889993841360617,11.449497762255568,-0.5595039208949508,-0.4017409662214082,-0.15776295467354262,-0.05567203192984585,-0.01569780643517837,27.74951644637693,11.45,0.7631306710216591,12.976261342043317,9.923738657956681,0.26659586760581977,0.041362949635572924,0.41469751538233723,0.04126343436640171,36.38597045632697,8.558711881660859,36.33246412148446,3.921568627451035,4.8871063576946465,1723002074.0,1771513965.1,0.42719594516844783,-0.24883230606862997,-0.4804981159869709,8846369.55,-0.5442970245838461,0.5696687179431702,0.029850746268656785,-0.12227074235807844,-0.20153601694915257,3.0,8.0,0.014634146341463428,1.0,1230.58,1223.56,-0.0055268376735264635,0.012612552966101642,-0.03992341734408844,0.20389478519976173,0.0055268376735264635,-0.077728832035869,-0.1463114004696766,-0.1523955516808123,1.0899524702768153,0.4529743252001473,10.25,10.5,0.024390243902439046,0.04437949310819289,-0.019989249205753845,10.25,10.4,10.25,10.85,0.05853658536585371,0.043312952363893986,0.015223633001959724,10.25,10.35,0.009756097560975618,0.008947544106751693,0.0008085534542239259,-0.0054830345,0.005,3
2024-08-16,10.25,10.5,10.15,10.4,6484100,0.03482587064676612,0.03482587064676612,-0.004784688995215225,-0.004784688995215225,-0.14049586776859502,-0.12970711297071125,10.290000000000001,11.372499999999999,12.519166666666667,10.814610173458984,11.371757187273674,-0.5571470138146903,-0.43282217574006465,-0.12432483807462569,-0.05357182825141253,-0.011954311353329392,34.84806087419824,11.372499999999999,0.7879812648061804,12.94846252961236,9.796537470387637,0.27715322569573303,0.19145840027072106,0.41721912142645595,0.0401172232140823,37.32362876807757,11.323374180187963,33.53338530670701,17.64705882352945,8.496732026143876,1729486174.0,1769079618.15,0.4464619063068254,-0.3531820783832586,-0.452010425375701,8843971.7,-0.3373680820631923,0.7331660728855567,0.03365384615384612,-0.0855132996262914,-0.16927378020368766,4.0,8.0,-0.004739336492891044,0.0,1228.27,1252.23,0.023431625747817986,0.02336471511228777,-0.009922674299087553,0.22150424111122274,0.011394244898948136,-0.028149404107502995,-0.1197844386716237,-0.120984932754443,1.17705262563413,0.49256128824368495,10.55,10.4,-0.014218009478673022,0.020613645026045013,-0.034831654504718035,10.55,10.5,10.55,10.65,0.009478672985781866,0.019462266548087914,-0.009983593562306048,10.55,10.45,-0.009478672985782088,-0.0003255621903187622,-0.009153110795463326,-0.0134265125,0.005,3
2024-08-19,10.55,10.65,10.4,10.5,4150900,0.009615384615384581,0.04477611940298498,0.04477611940298498,0.0,-0.09482758620689657,-0.12133891213389114,10.290000000000001,11.3,12.450833333333334,10.766208608311448,11.307182580808957,-0.5409739724975093,-0.4544525350915536,-0.08652143740595575,-0.051521330714048505,-0.008240136895805309,36.75984183930094,11.3,0.7986831266800644,12.89736625336013,9.702633746639872,0.2827196908601997,0.24958779856618157,0.4052748984674234,0.03859760937784985,37.574121734910406,13.468154092181315,32.05584387946854,21.568627450980415,14.379084967320338,1733637074.0,1766852816.2,0.44962389379739964,-0.39223472833838513,-0.49997374303016123,8485094.75,-0.6152404209226352,0.48919901572106783,0.023809523809523808,-0.07079646017699126,-0.15668295294826318,0.0,8.0,-0.0046948356807512415,0.0,1259.36,1261.62,0.007498622457535742,0.025473875865656526,0.005563348849072058,0.2212792523141757,0.0021167621578488394,-0.025473875865656526,-0.1269022609829632,-0.12620016543782198,1.1766941437825456,0.49410359064397913,10.65,10.45,-0.018779342723004744,0.012954536461836641,-0.031733879184841385,10.65,10.6,10.65,10.25,-0.03755868544600938,0.009615004154631235,-0.04717368960064061,10.65,10.55,-0.009389671361502261,0.0009891979582954402,-0.010378869319797701,-0.010021341,0.005,3
2024-08-20,10.65,10.85,10.55,10.6,6993900,0.00952380952380949,0.019230769230769162,0.05472636815920384,0.014354066985645897,-0.10548523206751059,-0.08620689655172409,10.319999999999999,11.25,12.378333333333334,10.74063805318661,11.25479868593422,-0.5141606327476111,-0.4663941546227651,-0.047766478124846024,-0.048505720070529355,-0.004506271521211889,38.69705239742524,11.25,0.8101331924288891,12.870266384857779,9.629733615142221,0.28804735730804953,0.29941569914842886,0.401326691434036,0.037861008625852455,37.032471230219834,16.18879939081667,30.058976703445104,28.8888888888889,22.70152505446629,1740630974.0,1765224022.05,0.444103551208054,-0.5950784129978741,-0.20908467501609448,8586476.95,-0.2273195700603781,0.8145249839633006,0.02830188679245273,-0.05777777777777782,-0.14366500605897403,1.0,8.0,0.00943396226415083,1.0,1263.65,1272.55,0.008663464434615964,0.03424034069667248,0.03307328240556573,0.2117212285295141,0.000860345089193526,-0.01988627371102658,-0.11928017895728982,-0.1154614885398445,1.152431038429201,0.4866338798253241,10.6,10.5,-0.009433962264150941,0.0064605372777717385,-0.01589449954192268,10.6,10.7,10.6,10.2,-0.037735849056603765,-0.003245987707688136,-0.03448986134891563,10.6,10.55,-0.004716981132075415,-0.0008409701809264369,-0.003876010951148978,-0.006121135,0.005,3
2024-08-21,10.6,10.7,10.5,10.7,4596500,0.00943396226415083,0.01904761904761898,0.028846153846153744,0.0646766169154227,-0.07359307359307377,-0.09704641350210974,10.45,11.192499999999999,12.313333333333333,10.734386045004054,11.21370248697613,-0.4793164419720757,-0.46897861209262726,-0.010337829879448424,-0.04479592915626876,-0.0009661523251820957,40.65478891702819,11.192499999999999,0.8061074435381775,12.804714887076354,9.580285112923644,0.2880884319100032,0.34725981506934356,0.38694621347446195,0.036163197520977755,36.63103105085564,15.59112313847827,29.87220372764942,34.09090909090907,28.182808476926166,1745227474.0,1763385924.0,0.4368366042952737,-0.5923607809284381,-0.10080486597833299,8377173.05,-0.5353519285908017,0.5486934521425458,0.018691588785046665,-0.044002680366316715,-0.13102328099621008,2.0,8.0,-0.01869158878504662,0.0,1272.34,1284.05,0.009036973006954607,0.04363763451347569,0.03680347525575911,0.212949682417821,0.000396989257196223,0.021038982401947015,-0.13384988875786885,-0.12909861121448374,1.1466983049265111,0.48633800703459173,10.7,11.0,0.028037383177570208,-0.004583093821368012,0.03262047699893822,10.7,10.5,10.7,10.25,-0.04205607476635509,-0.010393524632187234,-0.031662550134167855,10.7,10.7,0.0,-0.011884972113039294,0.011884972113039294,-0.0051456876,0.005,3
2024-08-22,10.7,10.7,10.5,10.5,2786400,-0.01869158878504662,-0.009433962264150941,0.0,0.04477611940298498,-0.023255813953488413,-0.1063829787234043,10.540000000000001,11.129999999999999,12.244166666666667,10.698326653464969,11.16083563608901,-0.4625089826240405,-0.46768468619890996,0.005175703574869461,-0.044048474535622904,0.0004929241499875678,38.03835769885128,11.129999999999999,0.8090605338105192,12.748121067621037,9.511878932378961,0.2907674874431335,0.3053297702482098,0.37359291251200033,0.03558027738209527,36.25826517001746,14.994938566741956,28.729928932690246,26.82926829268295,29.936355424160343,1742441074.0,1761542459.0,0.4395002861794139,-0.5272923523248256,-0.22981975694194395,8382540.0,-0.7929335870555094,0.33240521369417864,0.01904761904761898,-0.05660377358490554,-0.14244878513577897,3.0,8.0,-0.004784688995215225,0.0,1287.34,1282.78,-0.0009890580584868136,0.04839975154467302,0.04021278148541585,0.21200886508318106,-0.017702530726559806,-0.003623632141688038,-0.14659576020882015,-0.14092862808269147,1.1622636594587183,0.49099781152085026,10.45,10.85,0.038277511961722466,-0.0013637567993017852,0.03964126876102425,10.45,10.4,10.45,10.4,-0.004784688995215225,-0.012071195897819575,0.0072865069026043505,10.45,10.4,-0.004784688995215225,-0.011486728698118842,0.006702039702903617,-0.0051456876,0.005,3
2024-08-23,10.45,10.55,10.35,10.4,6078800,-0.00952380952380949,-0.028037383177569986,-0.01886792452830177,0.0,-0.004784688995215225,-0.13692946058091293,10.54,11.047500000000001,12.175833333333333,10.65243024523959,11.104477440823157,-0.45204719558356743,-0.4645571880758415,0.01250999249227408,-0.043466076498419944,0.0012028838934878923,36.764329758853826,11.047500000000001,0.79430124869948,12.636102497398962,9.45889750260104,0.28759493050897683,0.296204525342192,0.36119341876114325,0.034730136419340696,36.235344833772835,14.401867383908545,30.559976161995944,23.07692307692312,27.999033486838414,1736362274.0,1758943569.0,0.42430085243856536,-0.4565573837141118,-0.039744713996195544,8234995.0,-0.30480136621499976,0.7381668112731095,0.019230769230769332,-0.058610545372256184,-0.14584901786325366,4.0,8.0,-0.004761904761904856,0.0,1283.22,1285.32,0.0019800745256395302,0.026424858053232914,0.034787579199909935,0.211126568161054,-0.01150388404944902,-0.026424858053232914,-0.17171703978082287,-0.16594424134235664,1.1601954389501803,0.48963319406489403,10.5,10.65,0.014285714285714235,-0.004481836157097074,0.01876755044281131,10.5,10.45,10.5,10.65,0.014285714285714235,-0.02668941185592999,0.040975126141644225,10.5,10.5,0.0,-0.009816616911565212,0.009816616911565212,-0.008448278,0.005,3
2024-08-26,10.5,10.7,10.4,10.45,5014100,0.004807692307692291,-0.004761904761904856,-0.02336448598130836,-0.004761904761904856,-0.004761904761904856,-0.15725806451612911,10.53,10.95,12.1,10.621287130587344,11.055997630391811,-0.4347104998044671,-0.45858785042156663,0.023877350617099558,-0.04159909089037963,0.0022849139346506754,37.88457052889954,10.95,0.7371709792394999,12.424341958479,9.475658041521,0.2692862024619178,0.3304328255990817,0.35682246027820436,0.03414568997877554,35.569944175367624,16.539673190451435,28.724731173403594,25.641025641025628,25.182405670210603,1741376374.0,1755953564.0,0.4052945414113054,-0.5241776148537349,0.23937190829721414,7843880.0,-0.402967270083497,0.6392372142358119,0.028708133971291766,-0.045662100456621,-0.13636363636363635,0.0,8.0,0.0,0.0,1289.65,1280.02,-0.004123486758161321,0.014584423201914998,0.026808920263115654,0.21202742968088734,0.008931179065853612,-0.019346327963819854,-0.18406698477924477,-0.1792611859391311,1.0884865043173466,0.46271140896919705,10.5,10.25,-0.023809523809523836,-0.0029307178304872616,-0.020878805979036574,10.5,10.5,10.5,10.6,0.00952380952380949,-0.020538470556054844,0.030062280079864334,10.5,10.65,0.014285714285714235,0.0061974913055371506,0.008088222980177084,-0.00093485415,0.005,3
2024-08-27,10.5,10.55,10.4,10.5,3703200,0.004784688995215447,0.009615384615384581,0.0,-0.009433962264150941,0.004784688995215447,-0.13580246913580252,10.51,10.8675,12.035,10.602627572035445,11.014812620733158,-0.41218504869771344,-0.44930729007679604,0.0371222413790826,-0.039255718923591754,0.0035354515599126286,39.04742663463585,10.8675,0.6863854602199451,12.24027092043989,9.49472907956011,0.25263785055254484,0.36614664015382914,0.3420494274011898,0.03257613594297046,34.95207213541993,16.021587878834882,27.824963618766173,33.33333333333337,27.350427350427406,1745079574.0,1753369789.0,0.4052058205584891,-0.6738245403925862,0.387067214225313,7807970.0,-0.5828497679792645,0.4742846091877915,0.01428571428571432,-0.033816425120772875,-0.1275446614042377,1.0,8.0,0.04265402843601884,1.0,1279.55,1280.56,0.00042186840830615857,0.006294448155278687,0.02851268211973723,0.2118347844634415,0.004362820586909288,-0.015728410419429628,-0.16431515125553975,-0.15975996612593113,1.1075121185848669,0.47906026564925336,10.55,10.2,-0.03317535545023709,-0.01184344831347739,-0.021331907136759698,10.55,11.0,10.55,10.45,-0.009478672985782088,-0.02108445469491449,0.011605781709132401,10.55,10.65,0.009478672985781866,0.006295727787690497,0.0031829451980913692,-0.0048871897,0.005,3
2024-08-28,10.55,11.2,10.5,11.0,27355900,0.04761904761904767,0.052631578947368585,0.05769230769230771,0.028037383177570208,0.0945273631840795,-0.09465020576131689,10.57,10.809999999999999,11.980833333333333,10.6637617917223,11.01371538956774,-0.34995359784544,-0.42943655163052485,0.07948295378508485,-0.031813963440494544,0.0072257230713713505,49.274228258009025,10.809999999999999,0.6180614856155873,12.046122971231174,9.573877028768823,0.22869990217043026,0.5768531952006206,0.3676173254439619,0.03341975685854199,32.79934319409906,26.472068536338647,24.04046249587124,84.00000000000006,47.658119658119716,1772435474.0,1752153809.0,0.44894285909708087,-0.35739642390293036,0.15823943993182318,8716325.0,2.248167747756019,3.138467186572323,0.06363636363636357,0.01757631822386685,-0.08186687069625098,2.0,8.0,-0.018099547511312264,0.0,1283.41,1281.44,0.0006871993502843843,-0.0020326311280712828,0.023915110546459895,0.21139714748298538,0.04693184826876329,0.03007001430564149,-0.11856531630777678,-0.11579604118206521,1.1145150279921585,0.46176722510365936,11.05,10.25,-0.07239819004524894,-0.005534522462042779,-0.06686366758320617,11.05,10.85,11.05,10.45,-0.05429864253393679,-0.02290308731118995,-0.03139555522274684,11.05,10.65,-0.03619909502262442,0.007704617306116157,-0.043903712328740574,-0.006078946,0.005,3
2024-08-29,11.05,11.05,10.75,10.85,5793300,-0.013636363636363669,0.033333333333333215,0.038277511961722466,0.033333333333333215,0.0796019900497511,-0.0805084745762713,10.64,10.7625,11.923333333333334,10.692413823765023,11.001588323673833,-0.30917449990880996,-0.4053841412861819,0.09620964137737192,-0.028495345613715205,0.008867248053214002,46.74057170597036,10.7625,0.5728219618706564,11.908143923741312,9.616856076258687,0.21289550266969803,0.5381881307912204,0.36278751648367896,0.03343663746393354,30.80038060572968,24.908457370797088,22.620477671801783,72.00000000000003,63.11111111111118,1766642174.0,1751014824.0,0.4412463917379946,-0.4306939136626769,0.43407345029432093,8639330.0,-0.34241447180577306,0.6705728337729894,0.027649769585253524,0.008130081300812941,-0.09001956947162437,3.0,8.0,-0.01388888888888895,0.0,1281.05,1281.47,2.341116244219954e-05,-0.0010212195388140666,0.04442687618178254,0.1966443145267617,-0.013659774798805868,0.03435455287214728,-0.12493535075805384,-0.11962096495907182,1.1154455995303798,0.4619196807215504,10.8,10.4,-0.03703703703703709,-0.01237135890184704,-0.02466567813519005,10.8,10.65,10.8,10.35,-0.04166666666666674,-0.0345509929028287,-0.007115673763838037,10.8,10.85,0.004629629629629539,0.003373298743387876,0.0012563308862416633,0.0020282129,0.005,3
2024-08-30,10.8,10.85,10.65,10.65,5985800,-0.018433179723502224,-0.031818181818181746,0.014285714285714235,0.024038461538461453,0.024038461538461453,-0.11983471074380159,10.690000000000001,10.69,11.860833333333334,10.685888620108866,10.975544744142438,-0.28965612403357177,-0.38223853783565986,0.09258241380208809,-0.027197758125218005,0.008693184394562263,43.52684789310416,10.69,0.4786494157097068,11.647298831419413,9.732701168580586,0.179101745822154,0.4791078821538463,0.3511598367348447,0.03297275462299011,28.624471962577864,23.895143580114965,23.734318129460146,56.00000000000009,70.66666666666676,1760656374.0,1749266709.0,0.4300192742794618,-0.27759805845382907,0.6085396750242522,8628780.0,-0.31785501560112384,0.6937017747584248,0.018779342723004626,-0.003741814780168329,-0.1020866999227148,4.0,8.0,-0.023809523809523836,0.0,1283.61,1283.87,0.0018728491498043454,-0.001128123735723463,0.03822578036551838,0.1955251877540292,-0.02030602887330657,0.025166585274184916,-0.15806049110931997,-0.15224096155045685,1.1055973467748712,0.45715841046858013,10.5,10.65,0.014285714285714235,-0.01271049795892687,0.026996212244641105,10.5,10.25,10.5,10.45,-0.004761904761904856,-0.00978456649808479,0.005022661736179934,10.5,11.15,0.06190476190476191,0.016367912284979358,0.04553684961978255,0.0027038923,0.005,3
2024-09-04,10.5,10.5,10.1,10.25,10391600,-0.03755868544600938,-0.055299539170506895,-0.06818181818181823,-0.019138755980861122,-0.023809523809523836,-0.11637931034482751,10.65,10.622499999999999,11.798333333333334,10.61882883239981,10.921800689020776,-0.3029718566209656,-0.36638520159272103,0.06341334497175544,-0.029558229914240546,0.006186667802122482,37.91236135566591,10.622499999999999,0.43693760845864565,11.49637521691729,9.748624783082708,0.1645328720955126,0.28686888425899004,0.3653627055394987,0.035645142003853526,28.002653820947504,21.325812421593007,31.934804228190615,24.000000000000057,50.66666666666675,1750264774.0,1747489779.0,0.426109819951708,-0.27048118855076253,0.6933103388853159,8657595.0,0.2084046958774267,1.2002871467191523,0.039024390243902474,-0.035067074605789506,-0.13123322503178414,2.0,9.0,-0.019230769230769384,0.0,1271.39,1275.8,-0.006285683129911845,-0.003296823487133005,0.07384245036066894,0.12610087007316806,-0.03127300231609753,-0.015841932493728117,-0.19022176070549646,-0.1771412190322772,1.1455976220601922,0.47115591754750497,10.4,10.6,0.019230769230769162,-0.018082814275081183,0.037313583505850345,10.4,10.2,10.4,10.55,0.014423076923076872,-0.008970893563677529,0.0233939704867544,10.4,10.9,0.04807692307692313,0.009002232929838927,0.0390746901470842,0.0023580315,0.005,3
2024-09-05,10.4,10.4,10.1,10.2,4305800,-0.00487804878048792,-0.04225352112676062,-0.05990783410138256,-0.028571428571428692,-0.037735849056603765,-0.139240506329114,10.59,10.540000000000001,11.731666666666667,10.554393627415223,10.868333971315533,-0.31394034390030967,-0.35589623005423876,0.04195588615392909,-0.030778465088265657,0.004113322171953832,37.26529021432243,10.540000000000001,0.3374049573798665,11.214809914759734,9.865190085240268,0.12804742215554699,0.2480772047332327,0.36069394085810597,0.035362151064520196,27.42525126086217,20.058861017692948,30.03758013888873,16.666666666666618,32.222222222222285,1745958974.0,1745275799.0,0.41373949725831377,-0.19405503709291683,1.0649673190871334,8651125.0,-0.5220312114517099,0.4977156150211678,0.029411764705882425,-0.032258064516129226,-0.13055831794288975,3.0,9.0,0.0,0.0,1276.35,1268.21,-0.00594920833986512,-0.009644218154557294,0.04786495686948489,0.1169836406436649,0.0010711595593771994,-0.0189272104168714,-0.1871054631985989,-0.17855875604198057,1.1592272103064971,0.47996979147283303,10.25,10.45,0.019512195121951237,-0.009359574837173423,0.02887176995912466,10.25,10.25,10.25,10.55,0.029268292682926855,0.0024049455141852416,0.026863347168741614,10.25,10.55,0.029268292682926855,0.0077904464525080375,0.021477846230418818,-0.0038095894,0.005,3
2024-09-06,10.25,10.35,10.1,10.25,3617900,0.004901960784313708,0.0,-0.03755868544600938,-0.06818181818181823,-0.04205607476635509,-0.11255411255411263,10.44,10.475,11.665833333333333,10.507563838582112,10.822531454921789,-0.3149676163396773,-0.34771050731132647,0.032742890971649175,-0.030728547935578273,0.003194428387477968,38.397569921462804,10.475,0.24521741159371424,10.965434823187428,9.984565176812572,0.09363910705249223,0.27061172110732024,0.3527872307968127,0.03441826641920124,26.889091740782927,19.043535304413894,28.517158443320213,13.636363636363672,18.101010101010143,1749576874.0,1743542349.0,0.41002231057466776,-0.36830396121536496,1.2981828981503076,8532385.0,-0.5864160333138234,0.4240197787605693,0.024390243902439025,-0.021479713603818618,-0.1213658118437031,4.0,9.0,0.009708737864077666,1.0,1268.22,1273.96,0.004533949424779804,-0.005837183168935001,0.04776787182945674,0.11696024507997127,0.00036801135953390407,-0.06234463501288323,-0.16032198438356937,-0.15301288452721773,1.184472579436685,0.4839884327572213,10.3,10.45,0.014563106796116276,-0.014269626642936406,0.028832733439052682,10.3,10.4,10.3,10.7,0.03883495145631044,0.0017403904459651898,0.03709456101034525,10.3,11.2,0.08737864077669899,0.0006063803816258595,0.08677226039507313,-0.007874164,0.005,3
2024-09-09,10.3,10.4,10.15,10.4,2800800,0.014634146341463428,0.019607843137255054,0.014634146341463428,-0.041474654377880116,-0.00952380952380949,-0.032558139534883734,10.35,10.4575,11.606666666666666,10.491015555723326,10.791232828631285,-0.3002172729079593,-0.33821186043065304,0.037994587522693746,-0.02886704547191916,0.003653325723335937,41.791760569508824,10.4575,0.23690715481249816,10.931314309624996,9.983685690375003,0.0906171283050436,0.4393222209292202,0.3454452857398975,0.03321589285960553,26.19928166632939,19.092977943847565,27.04301769448517,27.272727272727344,19.19191919191924,1752377674.0,1743687714.0,0.3394026717543304,0.27927222129132584,0.5646489143384784,6933650.0,-0.7191687528285372,0.40394308913775573,0.024038461538461536,-0.005498446091321996,-0.10396323951751851,0.0,9.0,0.019138755980861344,1.0,1269.83,1267.73,-0.00489026343056298,-0.010722061382630876,0.049167439088983134,0.11575754469846491,0.019524409772026408,-0.03075259299524924,-0.08172557862386687,-0.07789564904418989,1.1674386857994832,0.476265859874041,10.45,10.35,-0.009569377990430561,-0.024074088657536796,0.014504710667106235,10.45,10.65,10.45,10.4,-0.004784688995215225,-0.001063134435318025,-0.0037215545598972,10.45,10.9,0.04306220095693791,7.875069891261077e-05,0.0429834502580253,-0.007805115,0.005,3
2024-09-10,10.45,10.9,10.4,10.65,9858900,0.024038461538461453,0.039024390243902474,0.044117647058823595,0.0,0.024038461538461453,0.019138755980861344,10.35,10.4675,11.5625,10.515474700996661,10.78077113762156,-0.2652964366248991,-0.32362877566950227,0.058332339044603165,-0.024910463532854376,0.0054772149337655555,47.03018054400502,10.4675,0.24076358791252198,10.949027175825043,9.985972824174956,0.09200423708145082,0.6895012464118018,0.3564849081870477,0.03347276133211716,24.725004311512464,27.198612812657508,24.3337247108659,50.00000000000008,30.303030303030397,1762236574.0,1744938189.0,0.3357370320464805,0.09385518107396472,0.5401712964423356,6814430.0,0.5383915163707483,1.4467681082643742,0.046948356807511735,0.017434917602101807,-0.07891891891891889,1.0,9.0,-0.009345794392523366,0.0,1269.83,1255.23,-0.00986014372145494,-0.02230755450318167,0.02581641659311562,0.11692666494931211,0.03389860525991639,0.02230755450318167,-0.006677660612254277,-0.0065096059141184215,1.0254187733607787,0.4182127184731323,10.7,10.45,-0.02336448598130836,0.003747259318317653,-0.02711174529962601,10.7,10.6,10.7,10.5,-0.01869158878504662,0.01813035678692443,-0.03682194557197105,10.7,10.9,0.01869158878504673,0.01413593781144118,0.004555650973605552,-0.0010416497,0.005,3
2024-09-11,10.7,10.7,10.4,10.6,3895900,-0.0046948356807512415,0.019230769230769162,0.034146341463414664,0.034146341463414664,0.014354066985645897,0.00952380952380949,10.419999999999998,10.4725,11.515833333333335,10.528478593151021,10.767380682982926,-0.23890208983190497,-0.3066834385019828,0.06778134867007785,-0.022537933003009904,0.006394466855667721,46.13590859766524,10.4725,0.2425061041039349,10.95751220820787,9.98748779179213,0.09262586931637523,0.6314399904191222,0.3524502718879728,0.03325002564980876,23.356032482039602,25.54496841541516,22.854262217343635,45.45454545454547,40.90909090909099,1758340674.0,1745816214.0,0.3360658620511733,0.1666919756934457,0.5389014808350029,6831570.0,-0.5200610685232755,0.5702788670832619,0.02830188679245273,0.01217474337550728,-0.07952818583110222,2.0,9.0,-0.018779342723004744,0.0,1254.25,1253.27,-0.0015614668228133288,-0.017659507759836934,0.01868680300419423,0.11628576573173288,-0.0031333688579379126,0.0518058492232516,-0.00916299348038474,-0.00899490741743414,1.035905885268467,0.42279448189658975,10.65,10.55,-0.009389671361502261,0.005149314219418111,-0.014538985580920372,10.65,10.45,10.65,10.65,0.0,0.023092449261772563,-0.023092449261772563,10.65,11.05,0.03755868544600949,0.01861858521002513,0.01894010023598436,-5.2074116e-05,0.005,3
2024-09-12,10.65,10.7,10.45,10.45,2295500,-0.014150943396226467,-0.018779342723004744,0.004807692307692291,0.02450980392156854,-0.004761904761904856,0.0,10.47,10.4725,11.463333333333333,10.51640496343548,10.743871002761969,-0.22746603932648846,-0.29083995866688395,0.06337391934039549,-0.02176708510301325,0.006064489889033062,43.46569775623033,10.4725,0.2425061041039349,10.95751220820787,9.98748779179213,0.09262586931637523,0.4768047075730951,0.34513239532454615,0.033027023476033125,22.084844354671944,24.22327228820485,21.671783172089313,31.818181818181795,42.42424242424247,1756045174.0,1746738994.0,0.3397174628343736,0.2159838055584121,0.4022041564812032,6786815.0,-0.7909068966668983,0.33822934616605876,0.023923444976076555,-0.0021484841250896114,-0.08839779005524862,3.0,9.0,0.0,0.0,1258.42,1256.35,0.0024575709942789015,-0.009351763509198086,0.021074104777230485,0.11635942804391251,-0.01660851439050537,0.033861567430766626,-0.021074104777230485,-0.020639153102240515,1.018271131720561,0.41689160997347535,10.45,10.55,0.009569377990430672,0.014192488113093038,-0.004623110122662366,10.45,10.45,10.45,10.65,0.019138755980861344,0.030323579155630664,-0.01118482317476932,10.45,11.0,0.052631578947368585,0.02623097297124799,0.026400605976120595,-0.0007852668,0.005,3
2024-09-13,10.45,10.5,10.3,10.45,3451300,0.0,-0.014150943396226467,-0.018779342723004744,0.019512195121951237,-0.050000000000000044,0.03980099502487544,10.51,10.4925,11.424166666666668,10.506188815214637,10.722102780335156,-0.21591396512051908,-0.275854759957611,0.059940794837091915,-0.020661623456509005,0.005735961228429848,43.46569775623033,10.4925,0.2214040127085723,10.935308025417145,10.049691974582855,0.08440467484720422,0.4520108065340917,0.3347657956585071,0.032035004369235134,20.622206579618314,23.189574247777347,23.94749854937739,31.818181818181795,36.36363636363638,1756045174.0,1748391149.0,0.3078688471440598,0.41741780150259433,0.8989841025392976,6230005.0,-0.5133086306250016,0.5539802937557835,0.019138755980861177,-0.0040505122706695484,-0.0852724487562917,4.0,9.0,-0.014285714285714346,0.0,1253.48,1251.71,-0.003693238349186001,-0.017465226537724865,0.01735264475438103,0.11753678608645772,0.003693238349186001,0.0369774216596761,0.02244835027049441,0.022065456246898707,1.0191767501514724,0.43927757090590913,10.5,10.7,0.01904761904761898,0.016818545163868936,0.0022290738837500434,10.5,10.35,10.5,10.65,0.014285714285714235,0.031910471622701886,-0.01762475733698765,10.5,11.0,0.04761904761904767,0.029888089528377293,0.01773095809067038,-0.0007852668,0.005,3
2024-09-16,10.5,10.6,10.35,10.35,2563800,-0.009569377990430561,-0.009569377990430561,-0.02358490566037741,-0.004807692307692402,-0.04608294930875578,0.02985074626865658,10.499999999999998,10.507499999999999,11.3875,10.482159766720077,10.69453961142144,-0.2123798447013634,-0.2631597769063615,0.0507799322049981,-0.020519791758585836,0.0049062736429949854,41.603956929434915,10.507499999999999,0.19886189336554927,10.905223786731097,10.1097762132689,0.07570283830237431,0.30199826455629547,0.32871109596861375,0.03175952618054239,19.371691326219885,24.10279615549017,22.646557060294576,22.727272727272734,28.7878787878788,1753481374.0,1749915114.0,0.3106089981058792,0.4755678666927526,0.8061950418454911,6106220.0,-0.6476103199839519,0.4198669553340692,0.024154589371980676,-0.01498929336188426,-0.09110867178924253,0.0,9.0,0.004807692307692291,1.0,1251.0,1239.26,-0.009946393333919223,-0.02245746333998566,0.012831409983981246,0.12170809108626186,0.0003770153434886625,0.01764977103229326,0.017019336284675335,0.016803720853152182,1.0219086739927128,0.4457462960694227,10.4,10.4,0.0,0.0229677419354839,-0.0229677419354839,10.4,10.45,10.4,10.85,0.043269230769230616,0.0386612903225807,0.004607940446649916,10.4,11.0,0.05769230769230771,0.03737096774193538,0.02032133995037233,-0.0014961023,0.005,3
2024-09-17,10.4,10.45,10.25,10.45,2842100,0.009661835748792313,0.0,0.0,-0.018779342723004744,-0.018779342723004744,0.004807692307692291,10.459999999999999,10.510000000000002,11.354999999999999,10.477212110301604,10.676425566130963,-0.19921345582935857,-0.25037051269096094,0.05115705686160238,-0.01906348859611087,0.004895412139866257,44.178832040611205,10.510000000000002,0.1977505073552198,10.905501014710442,10.114498985289561,0.07526184866040728,0.42414684442221934,0.31951744625656986,0.03057583217766219,18.116613059383933,23.025153405780493,23.869537135859648,31.818181818181795,28.7878787878788,1756323474.0,1751256979.0,0.286902496300679,0.4793679816637631,1.7382068605442242,5924120.0,-0.5586239634791872,0.4797505789889469,0.019138755980861177,-0.0057088487155092515,-0.07970057243505058,1.0,9.0,0.004761904761904745,1.0,1240.0,1258.95,0.0158885141132612,0.0029636002963600028,0.005366426295488891,0.10475911239379275,-0.006226678364468885,-0.021742943019364747,-0.0005587339877966002,-0.000555751587861697,1.0101767804980801,0.4507371360705623,10.5,10.5,0.0,0.012495738287227498,-0.012495738287227498,10.5,10.55,10.5,11.15,0.06190476190476191,0.02455539433727405,0.03734936756748786,10.5,11.0,0.04761904761904767,0.015738604378265686,0.031880443240781986,-0.0026550703,0.005,3
2024-09-18,10.5,10.75,10.45,10.55,4179000,0.009569377990430672,0.019323671497584627,0.009569377990430672,-0.004716981132075415,0.029268292682926855,0.004761904761904745,10.45,10.5125,11.320833333333333,10.48841024717828,10.667060709380522,-0.178650462202242,-0.23602650259321717,0.05737604039097516,-0.016933693099738578,0.005438487240850725,46.70934458258988,10.5125,0.19793340188128794,10.908366803762576,10.116633196237423,0.07531354173842118,0.5473644160656779,0.3181233429525292,0.030153871369907978,17.664400307183644,28.21012657731447,22.261701392856555,40.90909090909102,31.81818181818188,1760502474.0,1752600249.0,0.28688293022657224,0.47977466140734376,1.7398513642295315,5925525.0,-0.31658916995149805,0.7052539648385586,0.028436018957346036,0.003567181926278362,-0.06808980493191008,2.0,9.0,-0.004716981132075415,0.0,1261.23,1264.9,0.004726160689463521,0.00927972424138468,0.0025998319620805788,0.1026696171742613,0.004843217300967151,-0.013996705373460094,0.0021620727998241662,0.0021564663496831393,1.1865436945832843,0.5098363784772142,10.6,10.65,0.004716981132075526,0.01529871932370197,-0.010581738191626444,10.6,10.55,10.6,10.9,0.028301886792452935,0.01558261308434794,0.012719273708104994,10.6,10.8,0.018867924528301883,0.008989969087124017,0.009877955441177866,-0.000781454,0.005,3
2024-09-19,10.6,10.75,10.55,10.55,2507800,0.0,0.009569377990430672,0.019323671497584627,0.009569377990430672,0.03431372549019618,-0.004716981132075415,10.47,10.51,11.288333333333332,10.497885593766236,10.658389545722706,-0.1605039519564695,-0.22092199246586763,0.06041804050939814,-0.015213644735210377,0.005726828484303141,46.70934458258988,10.51,0.1970840056029662,10.904168011205932,10.115831988794067,0.07500818481559138,0.5507397846385649,0.3096859613130628,0.02935411955574055,17.244488465854804,26.90880246646802,21.23477623207814,47.36842105263164,40.03189792663485,1760502474.0,1753593824.0,0.28484674120143627,0.5709105330048232,1.956641133583068,5701220.0,-0.5741514965544843,0.4398707645030362,0.018957345971563913,0.0038058991436726863,-0.06540676214380614,3.0,9.0,0.00943396226415083,1.0,1268.08,1271.27,0.005035971223021463,0.01187567158833125,-0.0010058543868609604,0.0994364968632085,-0.005035971223021463,-0.002306293597900577,-0.0037111267452144547,-0.0037148633568184763,1.1861443402638652,0.5108419882376095,10.6,10.65,0.004716981132075526,0.010769098322806814,-0.006052117190731288,10.6,10.7,10.6,10.55,-0.004716981132075415,0.0002895760450172258,-0.005006557177092641,10.6,10.8,0.018867924528301883,0.006879387664060488,0.011988536864241395,0.0005140821,0.005,3
2024-09-20,10.6,10.75,10.6,10.7,4993400,0.0142180094786728,0.0142180094786728,0.02392344497607657,0.02392344497607657,0.04390243902439028,0.0,10.52,10.51,11.255,10.5289801178022,10.661471801595098,-0.13249168379289777,-0.20323593073127366,0.07074424693837589,-0.012382400354476429,0.0066116118633996164,50.60477265346042,10.51,0.1970840056029662,10.904168011205932,10.115831988794067,0.07500818481559138,0.7410139770331771,0.30185124979070116,0.028210397176701044,16.854570327478022,25.635289555478813,20.229797964196575,74.99999999999989,54.4258373205742,1765495874.0,1754607244.0,0.28746119530514175,0.5317603017298069,1.74586521955766,5721065.0,-0.13090938887825168,0.8728095206049923,0.014018691588785081,0.01807802093244515,-0.04931141714793441,4.0,9.0,-0.00952380952380949,0.0,1277.73,1272.04,0.0006056935190792423,0.016241781243259146,-0.009353218332619484,0.09356861757513804,0.013612315959593557,0.007681663732817423,0.009353218332619484,0.009441526996006422,1.177677748235442,0.5071725644750106,10.5,10.65,0.014285714285714235,0.012367172489510914,0.0019185417962033213,10.5,10.4,10.5,11.2,0.06666666666666665,-0.0035682076618438474,0.0702348743285105,10.5,10.6,0.00952380952380949,0.008085323295298652,0.001438486228510838,0.00041155732,0.005,3
2024-09-23,10.5,10.6,10.4,10.4,4318900,-0.028037383177569986,-0.014218009478673022,-0.014218009478673022,0.004830917874396157,0.0,-0.00952380952380949,10.530000000000001,10.504999999999999,11.220833333333333,10.509137022755707,10.642103519995462,-0.13296649723975484,-0.1891820440329699,0.056215546793215054,-0.012785240119207196,0.00540534103780914,43.72124135994318,10.504999999999999,0.1986136159038569,10.902227231807712,10.107772768192286,0.07562631733607111,0.3678338346515651,0.30171901766279385,0.02901144400603787,15.693945395288305,23.81462993121335,23.527819300797187,37.50000000000006,53.289473684210556,1761176974.0,1755544039.0,0.2973326418301088,0.4238714386790842,1.4220565922247086,5797690.0,-0.2675852512825425,0.7449346205126525,0.019230769230769162,-0.009995240361732383,-0.07315261789825467,0.0,9.0,0.0,0.0,1275.15,1268.48,-0.0027986541303731682,0.023578587221406266,-0.011147663667971042,0.09392584743453584,-0.025238729047196817,-0.01874766934701011,0.0016238541441615517,0.0016421603959444475,1.1847849889287347,0.5073191516044623,10.5,10.85,0.033333333333333215,0.01552533017938118,0.017808003153952034,10.5,10.5,10.5,10.9,0.03809523809523818,0.0013246599645180268,0.036770578130720155,10.5,10.6,0.00952380952380949,0.009083382613837898,0.00044042690997159184,-0.0012815493,0.005,3
2024-09-24,10.5,10.6,10.4,10.5,2143400,0.009615384615384581,-0.01869158878504662,-0.004739336492891044,0.004784688995215447,-0.014084507042253502,0.009615384615384581,10.540000000000001,10.51,11.194166666666666,10.507731326947138,10.631577333329131,-0.12384600638199394,-0.1761148365027747,0.05226883012078076,-0.01179485775066609,0.00497798382102674,46.341371193672344,10.51,0.1970840056029662,10.904168011205932,10.115831988794067,0.07500818481559138,0.48731505384035934,0.29445337354402285,0.02804317843276408,14.61622224396928,22.65923817963449,22.386342467804305,50.0,54.166666666666664,1763320374.0,1756891944.0,0.29722989983160975,0.269470555407999,1.3408235865698424,5600920.0,-0.6190023314889318,0.38268712997150467,0.01904761904761898,-0.0009514747859181716,-0.06201146430432514,1.0,9.0,0.004716981132075526,1.0,1268.25,1276.99,0.006708816851664912,0.014329401485364768,-0.006480876357638499,0.09705871383118703,0.0029065677637196696,-0.00954471249014932,0.01609626097302308,0.016201259331589224,1.1633722038505636,0.4985615194240434,10.6,11.15,0.051886792452830344,0.0075790655604766055,0.04430772689235374,10.6,10.65,10.6,10.9,0.028301886792452935,-0.008187262179527144,0.03648914897198008,10.6,10.5,-0.009433962264150941,-0.009816917222880583,0.00038295495872964214,0.00016495671,0.005,3
2024-09-25,10.6,10.75,10.55,10.65,6068600,0.014285714285714235,0.024038461538461453,-0.004672897196261627,0.009478672985781866,0.004716981132075526,0.019138755980861344,10.56,10.52,11.168333333333333,10.529618815109117,10.632941975304751,-0.10332316019563414,-0.1615565012413466,0.058233341045712456,-0.009701705182688652,0.005467919347015254,50.0945738383523,10.52,0.19894458366533396,10.917889167330667,10.122110832669332,0.07564432838986078,0.6633620750121649,0.29127813257659263,0.027350059396863156,14.183659078584018,24.948456777413973,21.013921847140693,68.75000000000003,52.08333333333339,1769388974.0,1758292574.0,0.30087236956464475,0.19762028174315832,1.0984136099740596,5653645.0,0.07430105562979616,1.0733960126608586,0.018779342723004626,0.012357414448669335,-0.04641098343530814,2.0,9.0,0.0,0.0,1282.48,1287.48,0.008214629715189714,0.017851213534666677,0.005828033936969845,0.1004465515735448,0.006071084570524521,-0.00837254054888481,0.013310722043891499,0.013233596196152275,1.1713716152720164,0.5011237473554983,10.65,10.9,0.023474178403755763,-0.0016976349387224365,0.0251718133424782,10.65,10.65,10.65,11.05,0.03755868544600949,-0.006340937807647884,0.04389962325365737,10.65,10.7,0.004694835680751019,-0.014829112501259623,0.019523948182010642,-0.0006900463,0.005,3
2024-09-26,10.65,11.0,10.65,10.65,6559100,0.0,0.014285714285714235,0.024038461538461453,0.009478672985781866,0.019138755980861344,0.014285714285714235,10.58,10.5275,11.140833333333331,10.548138997400022,10.634205532689585,-0.08606653528956265,-0.1464585080509898,0.06039197276142716,-0.008081364815921376,0.0056706077710260245,50.0945738383523,10.5275,0.20096805192887945,10.929436103857759,10.125563896142241,0.07635926931517624,0.6523874053913704,0.2954725516782646,0.02774390156603423,14.602348891054707,28.88114988098261,19.235929126007797,58.82352941176473,59.19117647058828,1769388974.0,1759508044.0,0.3005783145180515,0.23988245016073947,1.1301488171749783,5796440.0,0.13695298980750836,1.13157386257772,0.032863849765258184,0.011636190928520529,-0.04405714713142328,3.0,9.0,-0.009302325581395321,0.0,1290.03,1291.49,0.003114611489110519,0.015905354488031653,0.00853532829387138,0.10094003806137733,-0.003114611489110519,-0.006426681502249787,0.005750385991842855,0.005701719940312655,1.1788661841060903,0.4988117511214159,10.75,10.55,-0.018604651162790642,-0.01307305622263577,-0.005531594940154871,10.75,10.65,10.75,11.0,0.023255813953488413,-0.006694825602495791,0.029950639555984204,10.75,10.55,-0.018604651162790642,-0.02904952008833761,0.010444868925546968,0.0003945977,0.005,3
2024-09-27,10.75,10.75,10.6,10.65,5319800,0.0,0.0,0.014285714285714235,-0.004672897196261627,0.019138755980861344,-0.031818181818181746,10.57,10.510000000000002,11.114166666666668,10.563809920876942,10.635375493231097,-0.07156557235415484,-0.13147992091162283,0.059914348557467995,-0.006719772052033318,0.005625760427931267,50.0945738383523,10.510000000000002,0.1706026469878086,10.85120529397562,10.168794706024384,0.06492964680791961,0.7051550818112499,0.28508165512981715,0.026768230528621328,14.765274682528894,27.795703357104923,19.765754927805826,53.33333333333338,60.3022875816994,1769388974.0,1759355719.0,0.2447018900295738,-0.666492909512744,0.27872631870065734,4694635.0,0.27202661435257525,1.1331658371737099,0.014084507042253554,0.013320647002854402,-0.04176351503336584,4.0,9.0,0.018779342723004522,1.0,1295.03,1290.92,-0.0004413506879650253,0.014842300556586308,0.007397927331751708,0.10098348852414545,0.0004413506879650253,-0.019515197752847935,-0.039216109149933454,-0.038928121734182364,1.1870724486491302,0.5009057317293782,10.65,11.2,0.05164319248826277,-0.015168543680290303,0.06681173616855307,10.65,10.85,10.65,11.0,0.032863849765258246,-0.0013796631451669095,0.034243512910425156,10.65,10.15,-0.04694835680751175,-0.02902718246432645,-0.017921174343185298,0.0059605627,0.005,3
2024-09-30,10.65,10.85,10.6,10.85,5613800,0.018779342723004522,0.018779342723004522,0.018779342723004522,0.043269230769230616,0.048309178743961345,0.0,10.66,10.510000000000002,11.089166666666666,10.607839163818952,10.651273604843608,-0.04343444102465632,-0.11387082493422954,0.07043638390957321,-0.004003174287986758,0.006491832618393845,55.30114306482145,10.510000000000002,0.1706026469878086,10.85120529397562,10.168794706024384,0.06492964680791961,0.9982337701130369,0.2825758226205445,0.026043854619405022,15.235296143290352,28.56694367979798,18.51667457071146,79.99999999999996,64.05228758169937,1775002774.0,1759773749.0,0.2503689090147551,-0.8150901306717433,0.443577671971632,4685660.0,0.4045935052647727,1.1980809533768988,0.02304147465437788,0.03235014272121761,-0.021567596002104117,0.0,9.0,0.02764976958525356,1.0,1290.17,1287.94,-0.0023084311963561532,0.015341195761856774,0.005048889166348047,0.10143330794781974,0.021087773919360675,0.02792803500737384,-0.005048889166348047,-0.005023525940649476,1.171915467549772,0.49171121925443423,10.85,10.9,0.004608294930875667,-0.016076796727306553,0.02068509165818222,10.85,11.15,10.85,11.0,0.01382488479262678,-0.0033625685685065854,0.017187453361133365,10.85,10.15,-0.06451612903225801,-0.027822543155545998,-0.03669358587671201,0.0034669235,0.005,3
2024-10-01,10.85,11.15,10.75,11.15,11912400,0.02764976958525356,0.04694835680751175,0.04694835680751175,0.06190476190476191,0.06698564593301448,0.04694835680751175,10.79,10.535,11.075833333333334,10.69124852323142,10.688216300781118,0.0030322224503027684,-0.09049021545732308,0.09352243790762585,0.0002719482018208761,0.008387662592612184,61.74782133332555,10.535,0.2212999869224538,10.977599973844908,10.092400026155092,0.08402467467392657,1.1947582877800877,0.2909632638619342,0.026095359987617417,16.502176093672386,33.12648406437138,16.698411200087083,99.99999999999999,77.7777777777778,1786915174.0,1761086689.0,0.25838718486647305,-0.8471578000687084,0.8680077811199972,4981990.0,2.476759773924237,2.3910927159628983,0.03587443946188344,0.05837683910773617,0.00669626062749229,1.0,10.0,-0.009090909090909038,0.0,1290.68,1292.2,0.00330760749724357,0.011910821541280647,0.006488195845373967,0.10186074078581346,0.02434216208800999,0.04999394036348126,0.04046016096213778,0.04019933977283685,1.2034162950752076,0.5061813329512725,11.0,10.9,-0.009090909090909038,-0.01370139185050212,0.004610482759593082,11.0,10.9,11.0,11.0,0.0,-0.0066452138177025555,0.0066452138177025555,11.0,10.2,-0.07272727272727275,-0.021610514480673193,-0.05111675824659956,0.0034446854,0.005,3
2024-10-02,11.0,11.1,10.85,10.9,4701400,-0.022421524663677084,0.004608294930875667,0.023474178403755763,0.023474178403755763,0.033175355450236976,0.06341463414634152,10.84,10.567499999999999,11.060833333333333,10.72336413504197,10.70390398220474,0.019460152837231348,-0.0685001417984122,0.08796029463564355,0.001785335122681775,0.008069751801435187,54.67155106323148,10.567499999999999,0.22494151286918554,11.01738302573837,10.117616974261628,0.08514464646101183,0.8695405038390648,0.2916087450146533,0.02675309587290397,17.67856461902713,30.692218144413633,15.471345471565312,72.22222222222223,84.07407407407408,1782213774.0,1762684139.0,0.2315101635045855,-0.43508033536654195,-0.08359211337657899,4697480.0,0.00157322895068103,1.0008344899818626,0.02293577981651376,0.031464395552401436,-0.014540797106908698,2.0,10.0,-0.032110091743119185,0.0,1289.65,1287.84,-0.0033740906980344043,0.00027961599403480975,0.009437215864555482,0.09985225039815653,-0.01904743396564268,0.023194562409720954,0.05397741828178604,0.05347278407558598,1.2160795119046777,0.5092109031457743,10.9,11.05,0.013761467889908285,-0.005122433932244319,0.018883901822152604,10.9,10.55,10.9,10.8,-0.00917431192660545,-0.006961853389731876,-0.002212458536873574,10.9,10.35,-0.050458715596330306,-0.023144087857503104,-0.027314627738827202,0.001856458,0.005,3
2024-10-03,10.9,11.05,10.55,10.55,7803200,-0.032110091743119185,-0.053811659192825045,-0.027649769585253337,-0.009389671361502261,0.0,0.03431372549019618,10.82,10.584999999999999,11.0375,10.696692729650898,10.69250368722661,0.004189042424288303,-0.0539623049538721,0.058151347378160405,0.00039706563263396235,0.005511976054801934,46.61702412587249,10.584999999999999,0.20780810986982015,11.000616219739639,10.16938378026036,0.07852928100890691,0.4578938473311702,0.3064938346564638,0.02905154830866955,17.380992329863215,27.11579824923563,20.66006025300208,33.3333333333334,68.51851851851856,1774410574.0,1764106719.0,0.2622247950425609,-0.5874232508029622,-0.23424127265869157,4872350.0,1.1343266213621033,1.6015269838989399,0.04739336492890995,-0.00330656589513445,-0.04416761041902595,3.0,10.0,0.0616113744075828,1.0,1288.45,1278.1,-0.00756305131072188,-0.010367869669916208,0.00779839301062113,0.10138482590223126,-0.024547040432397305,0.0009781983084139467,0.02651533247957505,0.02631015554645333,1.2412304148093982,0.5128382501557375,10.55,11.0,0.04265402843601884,0.0058331378528422295,0.03682089058317661,10.55,11.2,10.55,10.8,0.023696682464454888,0.005958245367112314,0.017738437097342574,10.55,10.35,-0.018957345971564066,-0.011275314723590668,-0.007682031247973398,0.005288895,0.005,3
2024-10-04,10.55,11.25,10.55,11.2,17235800,0.0616113744075828,0.02752293577981635,0.004484304932735439,0.05164319248826277,0.04672897196261672,0.09268292682926815,10.930000000000001,10.632499999999999,11.024166666666668,10.774124617396915,10.730096006691305,0.044028610705609594,-0.03436412182197576,0.07839273252758536,0.003931125955858,0.006999351118534407,58.76652800625007,10.632499999999999,0.234113670099947,11.100727340199892,10.164272659800105,0.08807474069125677,1.1060090380003504,0.33460141789528774,0.02987512659779355,17.692020884365174,27.333315307493947,17.57279595164943,94.99999999999993,66.85185185185188,1791646374.0,1766210194.0,0.33752236248844014,0.5776584263783398,1.6554333502934306,5553245.0,3.1056932029013082,3.1037348433213374,0.06249999999999994,0.05337408887843886,0.015949807241665948,4.0,10.0,-0.03111111111111109,0.0,1278.9,1270.6,-0.0058680854393240445,-0.015740712050320793,-0.0026374454456969953,0.1024876558707673,0.06747945984690684,0.06738390453858356,0.09532037227496515,0.09557243936991555,1.1763576696674798,0.4563547394679149,11.25,11.0,-0.022222222222222254,0.010034572237161088,-0.03225679445938334,11.25,10.9,11.25,10.6,-0.05777777777777782,0.007737595935998431,-0.06551537371377625,11.25,10.25,-0.0888888888888889,-0.016227784789783373,-0.07266110409910553,-0.0048752297,0.005,3
2024-10-07,11.25,11.25,10.85,10.9,4969500,-0.02678571428571419,0.033175355450236976,0.0,0.004608294930875667,0.04807692307692313,0.04807692307692313,10.940000000000001,10.6575,11.004999999999999,10.793490060874312,10.742681487677133,0.050808573197178575,-0.017329582818144895,0.06813815601532347,0.0046613369905668415,0.006251206973882887,52.79431233543913,10.6575,0.23467502726622502,11.12685005453245,10.18814994546755,0.08807882796761905,0.758335966575704,0.3392727451884815,0.03112593992554876,17.980833113545565,25.031474452300746,16.09292498808614,58.82352941176473,62.38562091503271,1786676874.0,1767925154.0,0.352948404451189,0.6459735946261526,1.3167504964752288,5661680.0,-0.18662029630048996,0.877743002077122,0.03669724770642205,0.02275392915787,-0.009541117673784516,0.0,10.0,-0.009090909090909038,0.0,1275.59,1269.93,-0.0005273099323153119,-0.013983570663229639,0.0017353852949761883,0.10094847394964933,-0.02625840435339888,0.018591865594105306,0.04634153778194694,0.0462612566773819,1.1804060299031356,0.4535549990333496,11.0,11.0,0.0,0.01128948568373711,-0.01128948568373711,11.0,10.9,11.0,10.6,-0.036363636363636376,0.0061243101306625025,-0.04248794649429888,11.0,10.3,-0.0636363636363636,-0.02143901633673484,-0.04219734729962876,0.00016629345,0.005,3
2024-10-08,11.0,11.05,10.9,10.9,3394400,0.0,-0.02678571428571419,0.033175355450236976,-0.022421524663677084,0.03809523809523818,0.023474178403755763,10.89,10.67,10.983333333333333,10.809876205355186,10.754334710812161,0.05554149454302504,-0.0027553673459109087,0.058296861888935944,0.005095549958075691,0.0053483359531133895,52.79431233543913,10.67,0.24083189157865023,11.1516637831573,10.1883362168427,0.09028374567147143,0.7387557545767229,0.32575326338930427,0.029885620494431584,18.2490158977845,24.20816921096145,15.563615797114624,58.82352941176473,70.88235294117648,1786676874.0,1769147169.0,0.3437620152019633,0.8273906738579335,1.9889265335924278,5338455.0,-0.5393854725439676,0.6358393954805276,0.013761467889908289,0.021555763823805085,-0.007587253414263917,1.0,10.0,0.00454545454545463,1.0,1271.98,1271.98,0.0016142622034285292,-0.01564773254914098,0.013344168001083512,0.09389432072477304,-0.0016142622034285292,-0.0067737921145361035,0.010130010402672252,0.009996613907251817,1.1877545337086037,0.45757550523633767,11.0,11.0,0.0,0.00558887249207185,-0.00558887249207185,11.0,11.05,11.0,10.5,-0.045454545454545414,-0.0031947627869006734,-0.04225978266764474,11.0,10.35,-0.05909090909090908,-0.022135702847813188,-0.036955206243095895,-0.00011041066,0.005,3
2024-10-09,11.0,11.15,11.0,11.05,4254400,0.013761467889908285,0.013761467889908285,-0.013392857142856984,0.013761467889908285,0.03755868544600949,0.04245283018867929,10.919999999999998,10.6925,10.966666666666667,10.846818327608235,10.776235843344594,0.07058248426364067,0.011912202975999407,0.05867028128764126,0.0063875551369810555,0.005309527718338576,55.42138104043501,10.6925,0.2545765317692626,11.201653063538526,10.183346936461476,0.09523555081384616,0.8510732092186947,0.320342316004354,0.028990254842022983,18.81135767332893,25.088468079662434,14.69603853124075,76.47058823529419,64.70588235294123,1790931274.0,1770776699.0,0.3456728352618304,0.6844114010616502,1.7167005034058231,5356380.0,-0.3063151387163777,0.7942677703971712,0.013574660633484194,0.033434650455927084,0.0075987841945288626,2.0,10.0,-0.013452914798206317,0.0,1273.96,1281.85,0.007759555967861154,-0.004651198906696519,0.022804343836523522,0.09673026250928883,0.006001911922047132,0.018412666796604804,0.01964848635215577,0.01921040565632981,1.1953849537059493,0.46249971314581567,11.15,10.8,-0.03139013452914796,-0.007855087972332586,-0.023535046556815375,11.15,11.0,11.15,10.7,-0.04035874439461895,-0.014508262187793108,-0.025850482206825842,11.15,10.45,-0.06278026905829603,-0.021967881762703367,-0.04081238729559267,-0.00024718925,0.005,3
2024-10-10,11.15,11.35,11.0,11.0,7196100,-0.004524886877828149,0.00917431192660545,0.00917431192660545,0.04265402843601884,0.032863849765258246,0.052631578947368585,11.01,10.72,10.949166666666667,10.870384738745429,10.79281096605981,0.0775737726856196,0.025044516917923445,0.052529255767696154,0.007052161153238146,0.0047753868879723774,54.33588737096782,10.72,0.25669970168166456,11.233399403363329,10.206600596636672,0.09578347077674033,0.7726921751035284,0.32246072200404297,0.029314611091276633,19.901929139867473,27.5736071117887,13.556671972120999,63.15789473684212,66.15067079463371,1783735174.0,1772161199.0,0.34125592211948647,0.6610404246274371,1.8928191264291372,5601410.0,0.44989434765684067,1.284694389448371,0.03181818181818179,0.026119402985074647,0.004642666869624668,3.0,10.0,-0.009009009009009028,0.0,1289.61,1286.36,0.0035183523813238082,0.006462718097175468,0.023886655788593947,0.09699400945855993,-0.008043239259151957,0.036191310338843374,0.028744923158774638,0.02807432150449829,1.1903635496789053,0.46098235455920217,11.1,10.8,-0.027027027027026973,-0.0008853268720004914,-0.02614170015502648,11.1,11.0,11.1,10.55,-0.04954954954954949,-0.023492226208781775,-0.026057323340767713,11.1,10.4,-0.06306306306306297,-0.02167497631362325,-0.04138808674943972,-0.0017638133,0.005,3
2024-10-11,11.1,11.1,10.9,11.0,2257900,0.0,-0.004524886877828149,0.00917431192660545,-0.017857142857142794,0.032863849765258246,0.052631578947368585,10.969999999999999,10.7475,10.935,10.890325548169209,10.80815830190723,0.08216724626197802,0.03646906278673436,0.04569818347524366,0.00746974966017982,0.004154380315931242,54.33588737096782,10.7475,0.2557110828573664,11.258922165714733,10.236077834285268,0.0951704425614761,0.7468606338631422,0.3137135275751827,0.028519411597743884,20.389593428684844,26.317975338207784,15.216208224353768,63.15789473684212,67.59545923632616,1783735174.0,1773545699.0,0.34125592211948647,0.6610404246274371,1.8928191264291372,5541740.0,-0.9141049424977348,0.4074352098799294,0.01818181818181812,0.023493835775761696,0.005944215820758991,4.0,10.0,-0.004524886877828149,0.0,1287.66,1288.39,0.0015780963338414278,0.014001259247599762,0.02930391224804474,0.09525713310203351,-0.0015780963338414278,-0.031858402104742556,0.023327666699323846,0.02266353641693164,1.1829540628593287,0.45529685475107046,11.05,10.6,-0.040723981900452566,-0.008545821956900568,-0.032178159943552,11.05,11.0,11.05,10.15,-0.08144796380090502,-0.03379764604254398,-0.04765031775836104,11.05,10.35,-0.06334841628959287,-0.03392105141376278,-0.029427364875830087,-0.0054070065,0.005,3
2024-10-14,11.05,11.1,10.95,11.0,3982600,0.0,0.0,-0.004524886877828149,0.00917431192660545,0.01382488479262678,0.06280193236714982,10.99,10.780000000000001,10.9125,10.90719854075856,10.82236879806225,0.08482974269631072,0.04614119876864963,0.038688543927661086,0.007711794790573701,0.0035171403570600987,54.33588737096782,10.780000000000001,0.24354833088123187,11.267096661762466,10.292903338237537,0.09037043817485427,0.7258278666948482,0.30201970417695545,0.027456336743359587,20.84242455401526,25.384333250306554,14.67640635000894,56.249999999999986,60.85526315789476,1783735174.0,1775058389.0,0.338339094285341,0.6147003246855232,2.0021024800568643,5612680.0,-0.4599296263842122,0.7095718979168597,0.013636363636363669,0.020408163265305923,0.008018327605956443,0.0,10.0,0.0,0.0,1296.54,1286.34,-0.001591133119630106,0.012921972077200916,0.03799041363394284,0.08616836317273456,0.001591133119630106,-0.0037476601505954665,0.024811518733206972,0.02390341799626383,1.1483348724133164,0.4542586092214669,11.0,10.6,-0.036363636363636376,-0.006243156987443821,-0.030120479376192555,11.0,11.0,11.0,10.15,-0.07727272727272727,-0.025655958565316328,-0.05161676870741094,11.0,10.5,-0.045454545454545414,-0.029111437246177596,-0.016343108208367818,-0.006054081,0.005,3
2024-10-15,11.0,11.25,10.85,11.0,8557000,0.0,0.0,0.0,0.00917431192660545,-0.013452914798206317,0.052631578947368585,11.01,10.807500000000001,10.896666666666668,10.921475688334167,10.835526664872454,0.08594902346171374,0.054102763707262455,0.03184625975445128,0.007813547587428521,0.0028951145231319348,54.33588737096782,10.807500000000001,0.2352350448320553,11.277970089664112,10.33702991033589,0.08706362982449435,0.7045826124009636,0.3090182967357444,0.028092572430522215,21.718566632873245,26.504531991904436,13.319444965702539,56.249999999999986,58.55263157894739,1783735174.0,1776428974.0,0.3376533021195214,0.6923714280476378,2.1201600925273114,5898425.0,0.7511290393956052,1.4507262531947087,0.0363636363636364,0.01781170483460559,0.009483022330987856,1.0,10.0,-0.018181818181818077,0.0,1287.81,1281.08,-0.0040891210721892834,0.007154200537744293,0.01757814051392015,0.07092355664222898,0.0040891210721892834,0.0020201113888611566,0.035053438433448436,0.034447908261615146,1.107834481921834,0.44311330834541895,11.0,10.5,-0.045454545454545414,-0.007789914521900698,-0.037664630932644716,11.0,10.8,11.0,10.2,-0.07272727272727275,-0.014126545090869302,-0.05860072763640345,11.0,11.2,0.018181818181818077,-0.02737799446814493,0.045559812649963005,-0.006708705,0.005,3
2024-10-16,11.0,11.0,10.75,10.8,3596300,-0.018181818181818077,-0.018181818181818077,-0.018181818181818077,-0.022624434389140302,-0.00917431192660545,0.023696682464454888,10.96,10.82,10.8775,10.902787120898141,10.832895060067086,0.06989206083105515,0.057260623132020995,0.012631437699034152,0.006471487113986587,0.0011695775647253845,49.15594718319951,10.82,0.22734161635667438,11.274683232713349,10.365316767286652,0.08404495983610874,0.47800666644264794,0.30480270411176263,0.028222472602940984,21.972790137955535,24.951739947226226,14.882549479961092,31.250000000000043,47.91666666666669,1780138874.0,1777410794.0,0.34455168426313626,0.8105425372946513,1.964875017926717,5869290.0,-0.6390739815716335,0.6127316932712474,0.023148148148148147,-0.001848428835489746,-0.007124798896805173,2.0,10.0,0.0,0.0,1279.86,1279.48,-0.001248946201642287,-0.001848890275773174,0.011526602893509263,0.06978944242829185,-0.01693287198017579,-0.020775544113367128,0.012170079570945624,0.012031398419114936,1.1307216158468785,0.4471220342449656,10.8,10.7,-0.009259259259259411,-0.009160721942852668,-9.853731640674379e-05,10.8,10.8,10.8,10.35,-0.04166666666666674,-0.01872685455892098,-0.02293981210774576,10.8,11.3,0.04629629629629628,-0.02854247066619897,0.07483876696249525,-0.007919275,0.005,3
2024-10-17,10.8,10.9,10.55,10.8,6511000,0.0,-0.018181818181818077,-0.018181818181818077,-0.018181818181818077,0.023696682464454888,0.023696682464454888,10.919999999999998,10.8325,10.864166666666666,10.886973717683043,10.830458388951007,0.05651532873203635,0.05711156425202407,-0.0005962355199877201,0.005232900808521884,-5.5206992591455555e-05,49.1559471831995,10.8325,0.21841233337376006,11.26932466674752,10.395675333252479,0.08065075776552427,0.46279971980293017,0.30803108238949384,0.028521396517545722,21.202515735657805,22.926640746711485,18.312423125752726,31.250000000000043,39.58333333333338,1780138874.0,1778392614.0,0.34455168426313626,0.8105425372946513,1.964875017926717,6069450.0,0.12727982094921494,1.0727495901605582,0.03240740740740737,-0.0030002307869835265,-0.0059062667791668355,3.0,10.0,-0.02752293577981657,0.0,1282.65,1286.52,0.005502235283083801,0.0001243819770515575,0.011995878137610383,0.07020248471046134,-0.005502235283083801,-0.018306200158869634,0.011700804326844505,0.011562106703811637,1.0973598707500505,0.42445966336984764,10.9,10.55,-0.032110091743119185,-0.026139285603643203,-0.0059708061394759815,10.9,10.6,10.9,10.35,-0.050458715596330306,-0.02066358933052459,-0.029795126265805716,10.9,11.75,0.07798165137614665,-0.04590445800675358,0.12388610938290023,-0.008207882,0.005,3
2024-10-18,10.9,10.9,10.6,10.6,3507100,-0.0185185185185186,-0.0185185185185186,-0.036363636363636376,-0.036363636363636376,-0.05357142857142849,-0.009345794392523366,10.84,10.8275,10.843333333333334,10.842823914962574,10.813387397176857,0.029436517785716987,0.051576554958762656,-0.02214003717304567,0.0027770299797846214,-0.00208868275217412,44.26221202813828,10.8275,0.22270762046206638,11.272915240924133,10.382084759075868,0.08227480783636716,0.2446203238039279,0.3074574336473872,0.029005418268621436,20.487260933524198,21.328744241071803,17.036119403558594,6.249999999999875,22.916666666666675,1776631774.0,1778949409.0,0.3479684525370361,0.9807509037187899,2.1084792981783935,5995135.0,-0.7090273659360352,0.584990996866626,0.028301886792452897,-0.02101131378434551,-0.022440823854903202,4.0,10.0,0.0,0.0,1291.16,1285.46,-0.000823928116158279,-0.0022741561173247327,0.010549982704946448,0.0703856563492732,-0.017694590402360322,-0.03408948024631164,-0.019895777097469813,-0.019688068317229246,1.0842520507004167,0.42002945894637017,10.6,10.15,-0.04245283018867918,-0.02449052695515397,-0.017962303233525212,10.6,10.6,10.6,10.25,-0.03301886792452824,-0.022800719530903235,-0.010218148393625004,10.6,11.8,0.11320754716981152,-0.051083579276887114,0.16429112644669863,-0.008185917,0.005,3
2024-10-21,10.6,10.75,10.6,10.6,2417700,0.0,-0.0185185185185186,-0.0185185185185186,-0.036363636363636376,-0.02752293577981657,0.019230769230769162,10.760000000000002,10.8375,10.824166666666667,10.805466389583717,10.797580923311905,0.007885466271812192,0.04283833722137256,-0.03495287094956037,0.0007439119124351125,-0.003297440655618903,44.26221202813828,10.8375,0.20639448687374315,11.250288973747487,10.424711026252513,0.07617789596262736,0.2123227422430072,0.2962104741011453,0.027944384349164655,19.82309576011442,20.557258153622588,16.419902670148662,6.249999999999875,14.583333333333288,1776631774.0,1779722149.0,0.3321385142341404,1.0411595113428664,2.6579799256243235,5900075.0,-0.9722207558094179,0.4097744520196777,0.014150943396226448,-0.021914648212226107,-0.02070983139579652,0.0,10.0,-0.009433962264150941,0.0,1284.17,1279.77,-0.004426431005243314,-0.005107514343019703,0.008900416246215848,0.07163403869849853,0.004426431005243314,-0.03125612202061667,0.010330352984553315,0.010239219667476318,1.0745969126885613,0.41667884540146816,10.6,10.15,-0.04245283018867918,-0.0198717397926903,-0.02258109039598888,10.6,10.5,10.6,10.3,-0.028301886792452713,-0.02772982557549153,-0.0005720612169611838,10.6,11.4,0.07547169811320753,-0.04928097733965531,0.12475267545286284,-0.007819899,0.005,3
2024-10-22,10.6,10.65,10.45,10.5,3715000,-0.009433962264150941,-0.009433962264150941,-0.02777777777777779,-0.045454545454545414,-0.03669724770642202,0.0,10.66,10.8375,10.798333333333334,10.758471560416991,10.775537891955468,-0.017066331538476476,0.030857403469402758,-0.047923735007879234,-0.001625364908426331,-0.004564165238845641,41.84640669493506,10.8375,0.20639448687374315,11.250288973747487,10.424711026252513,0.07617789596262736,0.09119547581901104,0.289338297379635,0.027556028321870003,18.449451499053424,19.542269404673814,19.312221249688676,5.555555555555633,6.018518518518484,1772916774.0,1780201969.0,0.3325878391248202,1.1771905433677192,2.8747689749479655,5978655.0,-0.6446082381759936,0.6213772161129886,0.01904761904761915,-0.03114186851211076,-0.02762772032721106,1.0,10.0,0.00943396226415083,1.0,1280.21,1269.89,-0.007720137212155254,-0.008734817497736191,-0.00555994956890804,0.07321354254282038,-0.0017138250519956877,-0.03671972795680922,0.00555994956890804,0.005591035444014736,1.0427375634100973,0.41007659692344484,10.6,10.2,-0.037735849056603765,-0.0069259708164775,-0.030809878240126265,10.6,10.7,10.6,10.35,-0.02358490566037741,-0.01953438587101952,-0.004050519789357887,10.6,11.4,0.07547169811320753,-0.05149616710478666,0.1269678652179942,-0.007819899,0.005,3
2024-10-23,10.6,10.75,10.45,10.7,4258600,0.01904761904761898,0.00943396226415083,0.00943396226415083,-0.009259259259259411,-0.03167420814479649,0.004694835680751019,10.64,10.84,10.770000000000001,10.749475935737454,10.769942492551358,-0.02046655681390419,0.02059261141274137,-0.04105916822664556,-0.0019127623190564665,-0.0038373054417425757,47.963581590618034,10.84,0.20429596693672777,11.248591933873456,10.431408066126544,0.07538596565930927,0.3286799268492663,0.290099847566804,0.027112135286617198,17.628660093402857,20.5609627992066,17.88570098101452,27.777777777777768,13.194444444444448,1777175374.0,1780591289.0,0.33567682542119026,1.131564973427583,2.609254843477884,5888155.0,-0.4613040317865094,0.7232486237199938,0.028037383177570162,-0.01291512915129156,-0.006499535747446772,2.0,10.0,-0.018604651162790642,0.0,1270.58,1270.9,0.0007953444786557018,-0.006705849251258278,-0.012877869947494291,0.06621359516778566,0.018252274568963278,-0.0025534100080011335,0.01757270562824531,0.01780195691419717,1.0247604094239804,0.40619318236377405,10.75,10.35,-0.037209302325581395,-0.009864927586396788,-0.027344374739184607,10.75,10.55,10.75,10.45,-0.027906976744186074,-0.007780233957692562,-0.020126742786493512,10.75,11.65,0.08372093023255811,-0.042976155824948736,0.12669708605750685,-0.008383511,0.005,3
2024-10-24,10.75,10.85,10.55,10.55,5553000,-0.014018691588784882,0.004761904761904745,-0.004716981132075415,-0.02314814814814814,-0.040909090909090895,-0.009389671361502261,10.59,10.834999999999999,10.743333333333334,10.718787330239385,10.753650456066072,-0.03486312582668738,0.00950146396485562,-0.044364589791543,-0.0033045616897334007,-0.004205174387823981,44.20764964091877,10.834999999999999,0.21032556218066453,11.255651124361329,10.41434887563867,0.0776467234630973,0.16123946485022353,0.29080700131203224,0.02756464467412628,17.29527698552547,21.502115017233997,16.56776496402537,11.111111111111265,14.814814814814914,1771622374.0,1780702959.0,0.33958814548157207,1.184105961071088,2.5288015007542715,5837850.0,-0.08070315537799862,0.951206351653434,0.02843601895734587,-0.02630364559298559,-0.01799565622091215,3.0,10.0,-0.04245283018867918,0.0,1271.17,1257.41,-0.010614525139664766,-0.022626931567328867,-0.02638812534359536,0.07343012569391823,-0.0034041664491201162,-0.0005212165808192726,0.016998453982093098,0.017459168714526907,1.0210045889732404,0.411192047513302,10.6,10.35,-0.02358490566037741,0.002807429378083093,-0.0263923350384605,10.6,10.15,10.6,10.4,-0.01886792452830177,-0.0009437403841578984,-0.017924184144143873,10.6,11.65,0.09905660377358494,-0.025861658762510564,0.1249182625360955,-0.008185917,0.005,3
2024-10-25,10.6,10.6,10.15,10.15,12734100,-0.03791469194312802,-0.051401869158878455,-0.033333333333333326,-0.04245283018867918,-0.07727272727272727,-0.04694835680751175,10.5,10.809999999999999,10.71,10.631281587125633,10.708935607468586,-0.07765402034295299,-0.007929632896706102,-0.06972438744624689,-0.007650642398320491,-0.006869397777955358,36.0912801206926,10.809999999999999,0.2578249099910168,11.325649819982033,10.294350180017965,0.0954023718745669,-0.13996919462028867,0.30217792978974417,0.02977122460982701,16.888886435073506,19.21492146954794,24.260608568934646,0.0,12.962962962963035,1758888274.0,1780177924.0,0.36493033784558637,0.9726363918821603,1.8712557262646274,6208565.0,1.6960964059463748,2.051053665380003,0.04433497536945805,-0.061054579093431816,-0.05228758169934644,4.0,10.0,-0.014563106796116498,0.0,1260.94,1252.72,-0.0037298892167233477,-0.025469481741944522,-0.02959129922845727,0.07383136657923299,-0.03418480272640467,-0.01698334844673466,-0.01735705757905448,-0.017886337545463427,1.0502861310319065,0.41353620293467375,10.3,10.25,-0.004854368932038944,0.0017002458571475643,-0.006554614789186508,10.3,10.15,10.3,10.35,0.004854368932038833,-0.00015964749832375613,0.005014016430362589,10.3,11.7,0.13592233009708732,-0.01968453654331248,0.1556068666403998,-0.008767512,0.005,3
2024-10-28,10.3,10.3,10.05,10.15,4326700,0.0,-0.03791469194312802,-0.051401869158878455,-0.04245283018867918,-0.07727272727272727,-0.06451612903225801,10.41,10.775,10.6825,10.557238266029382,10.667532969878321,-0.11029470384893969,-0.028402647087152823,-0.08189205676178687,-0.010866473285609822,-0.008068182932195751,36.0912801206926,10.775,0.29669229142467385,11.368384582849348,10.181615417150653,0.11014098985602744,-0.02663990442660263,0.2984509348047625,0.029404032985690883,16.86077031846401,18.065239703950652,25.20233978332298,7.692307692307671,6.2678062678063355,1758888274.0,1779372199.0,0.35663752902121965,1.1342272186357745,2.5577250864286794,6144210.0,-0.4698152731159058,0.7041914257487943,0.02463054187192118,-0.058004640371229654,-0.04984788205008184,0.0,10.0,-0.009708737864077777,0.0,1252.76,1254.77,0.0016364391084999763,-0.01953476015221489,-0.02575430532478229,0.07457586258960743,-0.0016364391084999763,-0.02291807003646429,-0.03876182370747572,-0.03978649730692185,1.0250616655688047,0.39064772844895007,10.3,10.3,0.0,-0.010587982798502371,0.010587982798502371,10.3,10.2,10.3,10.5,0.01941747572815533,-0.006128629682916942,0.025546105411072273,10.3,12.1,0.17475728155339798,-0.01854486776944897,0.19330214932284695,-0.008478906,0.005,3
2024-10-29,10.3,10.35,10.2,10.2,1735400,0.004926108374384119,0.004926108374384119,-0.03317535545023709,-0.028571428571428692,-0.07272727272727275,-0.08520179372197323,10.35,10.7275,10.650833333333333,10.502278532794092,10.632900898035482,-0.13062236524138982,-0.048846590718000224,-0.08177577452338959,-0.012806114239351943,-0.008017232796410746,37.748178335390776,10.7275,0.30927546910614157,11.346050938212283,10.108949061787715,0.11532061304353929,0.07360019408865215,0.2914187251758508,0.028570463252534397,16.59399083395646,18.405190419778847,23.966889229283304,11.538461538461439,6.410256410256395,1760623674.0,1778057624.0,0.3393614042944358,1.3229374359268438,3.913975458560888,5635360.0,-1.0436098621704304,0.3079483830669203,0.014705882352941213,-0.04917268701934285,-0.04232845630232385,1.0,10.0,0.004854368932038833,1.0,1258.03,1261.78,0.005586681224447609,-0.006386379922670549,-0.02354124748490949,0.07684498674281003,-0.00066057285006349,-0.022185048648758143,-0.06166054623706374,-0.06314710793286771,0.991722485649451,0.38140665744715285,10.3,10.35,0.004854368932038833,-0.014094984844527758,0.01894935377656659,10.3,10.35,10.3,11.2,0.08737864077669899,-0.014838908806002027,0.10221754958270102,10.3,12.15,0.1796116504854368,-0.016967797589369615,0.19657944807480643,-0.008112888,0.005,3
2024-10-30,10.3,10.5,10.25,10.35,4787900,0.014705882352941124,0.019704433497536922,0.019704433497536922,-0.032710280373831724,-0.04166666666666674,-0.050458715596330306,10.28,10.7,10.63,10.478851066210385,10.61194527595878,-0.13309420974839448,-0.06569611452407907,-0.0673980952243154,-0.012859343937042945,-0.0065118932583879624,42.559453675405024,10.7,0.3174735795079032,11.334947159015806,10.065052840984192,0.11868171196557144,0.2243865138773805,0.2920316733775758,0.0282156206161909,15.655728300458904,20.72354043308898,22.208257393803116,24.999999999999925,14.743589743589702,1765411574.0,1777217514.0,0.338550989262711,1.1187692592157308,3.4485543817481887,5639685.0,-0.22799979665825112,0.8489658553624893,0.024154589371980676,-0.032710280373831724,-0.026340545625588074,2.0,10.0,0.004854368932038833,1.0,1263.57,1258.63,-0.002496473236221708,-0.009654575497678786,-0.022681388992421225,0.0765752026310149,0.017202355589162832,-0.023055704876152938,-0.02777732660390908,-0.02842197650904421,0.9737393470245429,0.3024660277338267,10.3,10.45,0.014563106796116276,0.0008331812446933373,0.013729925551422939,10.3,10.35,10.3,11.3,0.09708737864077666,-0.011259849392571186,0.10834722803334784,10.3,11.75,0.14077669902912615,-0.014489418598192416,0.15526611762731857,-0.008676499,0.005,3
2024-10-31,10.3,10.45,10.3,10.35,1926600,0.0,0.014705882352941124,0.019704433497536922,-0.018957345971564066,-0.04166666666666674,-0.018957345971564066,10.24,10.690000000000001,10.605,10.45902782525494,10.592541922184056,-0.1335140969291153,-0.07925971100508633,-0.05425438592402898,-0.012899912746774427,-0.005241969654495554,42.559453675405024,10.690000000000001,0.32549557358342546,11.340991147166852,10.03900885283315,0.12179441481138456,0.23885973605040528,0.281886553850606,0.02723541583097643,14.784484519354029,19.935854996594763,21.36413903596293,24.999999999999925,20.512820512820454,1765411574.0,1776767564.0,0.31980953709230164,1.2491622720557802,4.34901004890195,5345855.0,-0.9027671571372162,0.36039136863981536,0.014492753623188269,-0.031805425631431405,-0.0240452616690241,3.0,10.0,-0.009661835748792202,0.0,1260.23,1264.48,0.004647910823673218,0.005622668819239562,-0.010656443157812334,0.07523646761775186,-0.004647910823673218,-0.024580014790803628,-0.008300902813751732,-0.008390313714931152,0.9243332622171762,0.2727475764078283,10.35,10.4,0.004830917874396157,-0.0020912713186892473,0.006922189193085404,10.35,10.25,10.35,11.75,0.13526570048309172,-0.024160520916673978,0.1594262213997657,10.35,11.95,0.15458937198067635,-0.016064766039021405,0.17065413801969775,-0.008112888,0.005,3
2024-11-01,10.35,10.4,10.25,10.25,2116000,-0.009661835748792202,-0.009661835748792202,0.004901960784313708,0.009852216748768461,-0.03301886792452824,-0.08482142857142849,10.26,10.642500000000002,10.583333333333334,10.426869698292641,10.567168446466718,-0.14029874817407695,-0.09146751843888445,-0.048831229735192494,-0.013687682748690434,-0.004764022413189512,40.159647603868905,10.642500000000002,0.3163421698452539,11.27518433969051,10.009815660309494,0.11889769127376235,0.1898137227546977,0.2724660857184199,0.02658205714326048,14.196005245732444,19.151909920168514,21.834808136426172,16.666666666666618,22.222222222222182,1763295574.0,1775350024.0,0.21989159771550587,-0.6353423932578305,0.7018921546090484,4589865.0,-0.9450605357183081,0.4610157379356473,0.014634146341463448,-0.03688043222926962,-0.03149606299212604,4.0,11.0,-0.004830917874396046,0.0,1262.39,1254.89,-0.00758414526129314,0.0017322306660707554,-0.012364237368172382,0.07707696891300968,-0.002077690487499062,0.008119986082697705,-0.07245719120325611,-0.0733642846328022,0.9703046435660772,0.29218621232783343,10.35,10.35,0.0,-0.002675329638830548,0.002675329638830548,10.35,10.3,10.35,11.8,0.1400966183574881,-0.029739155360214098,0.1698357737177022,10.35,11.95,0.15458937198067635,-0.004347410663099627,0.15893678264377598,-0.0038570655,0.005,3
2024-11-04,10.35,10.5,10.3,10.3,3395400,0.004878048780487809,-0.004830917874396046,-0.004830917874396046,0.014778325123152802,-0.028301886792452713,-0.05504587155963303,10.29,10.6125,10.575833333333332,10.407351283170696,10.547378191172887,-0.14002690800219142,-0.10117939635154585,-0.038847511650645566,-0.013594845437105962,-0.00377160307287821,41.922999422004146,10.6125,0.31907555614253286,11.250651112285066,9.974348887714935,0.12026404942945872,0.2551520368890271,0.27086136530996135,0.026297219933005954,13.20488264971844,20.526367006095487,20.39529945011251,26.31578947368423,22.660818713450283,1766690974.0,1774350729.0,0.20524104637210744,-0.8641349708334781,1.8090212048156418,4511160.0,-0.42435597881957415,0.7526667198680606,0.01941747572815527,-0.029446407538280317,-0.026081475061066728,0.0,11.0,-0.004807692307692402,0.0,1255.92,1244.71,-0.00811226482002414,-0.008017405580305503,-0.019859362327057428,0.0815413197394677,0.012990313600511949,0.022795730703458306,-0.0351865092325756,-0.035899449405664585,0.7454567585991847,0.2487950864317959,10.4,10.5,0.009615384615384581,0.004394103707273889,0.0052212809081106926,10.4,10.35,10.4,11.4,0.09615384615384626,-0.022275776197935526,0.11842962235178178,10.4,11.65,0.12019230769230771,0.005109049283046341,0.11508325840926137,-0.0035424468,0.005,3
2024-11-05,10.4,10.4,10.25,10.35,1460000,0.004854368932038833,0.009756097560975618,0.0,0.014705882352941124,-0.014285714285714346,-0.050458715596330306,10.32,10.584999999999999,10.574166666666667,10.398528008836744,10.53275758441934,-0.13422957558259618,-0.10778943219775593,-0.026440143384840256,-0.01296904111909142,-0.0025546032255884307,43.709346330886405,10.584999999999999,0.31668513335103277,11.218370266702065,9.951629733297933,0.11967317273539273,0.31448450270358036,0.26222841064496416,0.025336078323184946,12.47910942717158,19.68768838908874,20.923929400105322,35.29411764705871,26.09219126246988,1768150974.0,1773424434.0,0.20681997380034875,-0.8955362342868096,1.7353676945853995,4414440.0,-1.0914170892216493,0.33073277697737424,0.01449275362318844,-0.022201228153046704,-0.021199464102766186,1.0,11.0,0.004807692307692291,1.0,1244.85,1245.76,0.0008435699881899072,-0.012696349601356793,-0.020613531659302797,0.08126027422870724,0.0040107989438489255,0.027402231954297918,-0.02984518393702751,-0.030473347245231985,0.9467257658885498,0.31130440911974294,10.4,11.2,0.07692307692307687,-0.005115007752433676,0.08203808467551055,10.4,10.45,10.4,11.4,0.09615384615384626,-0.036820063617908905,0.13297390977175516,10.4,11.8,0.13461538461538458,-0.0011109157462317887,0.13572630036161637,-0.0038570655,0.005,3
2024-11-06,10.4,10.45,10.3,10.45,3478300,0.009661835748792313,0.014563106796116276,0.019512195121951237,0.009661835748792313,-0.02336448598130836,-0.05429864253393679,10.34,10.555,10.573333333333332,10.406446776708014,10.52662739298087,-0.12018061627285626,-0.110267669012776,-0.009912947260080254,-0.01150053744237859,-0.0009486073933091153,47.20681752223349,10.555,0.2981963323599568,11.151392664719914,9.958607335280085,0.113006663139728,0.41197074829105096,0.2542120955988952,0.02432651632525313,11.626868427567922,20.262811843949894,20.04204784631806,47.05882352941162,36.22291021671821,1771629274.0,1772459334.0,0.20302075086922405,-0.9632935359404994,1.933151973283986,4375635.0,-0.3305171751225203,0.7949246223690961,0.014354066985645798,-0.00994789199431556,-0.011664564943253408,2.0,11.0,-0.014218009478673022,0.0,1251.22,1261.28,0.012458258412535228,0.002105463877390301,-0.01604711939774539,0.08931260783518274,-0.0027964226637429146,0.007556371871402012,-0.0382515231361914,-0.03887536069082753,0.9375109535032137,0.3158842999615554,10.55,11.3,0.07109004739336489,-0.01624020021948347,0.08733024761284836,10.55,10.4,10.55,11.65,0.10426540284360186,-0.0395307158478142,0.14379611869141606,10.55,11.4,0.08056872037914697,-0.020685135913974917,0.10125385629312189,-0.0043103457,0.005,3
2024-11-07,10.55,10.55,10.4,10.4,2804300,-0.004784688995215225,0.004830917874396157,0.009708737864077666,0.004830917874396157,-0.014218009478673022,-0.054545454545454564,10.35,10.525,10.5725,10.405454964906781,10.517247586093399,-0.11179262118661804,-0.11057265944754442,-0.0012199617390736134,-0.010749290498713272,-0.00011730401337246282,45.67859948384084,10.525,0.280741499381611,11.086482998763222,9.963517001236779,0.10669510665334371,0.38868763588983324,0.2467683744846884,0.023727728315835424,11.331580239168648,22.277592546108636,19.17185438099554,43.750000000000014,42.03431372549014,1768824974.0,1771713824.0,0.2030536626462535,-0.959522610893363,1.9248022523706034,4156045.0,-0.5097688024776417,0.6747520779972306,0.014423076923076957,-0.01187648456057011,-0.016315913927642423,3.0,11.0,-0.009569377990430561,0.0,1266.61,1259.75,-0.0012130534060637022,-0.003740668100721267,-0.020686277558381705,0.08785010381639385,-0.003571635589151523,0.008571585975117424,-0.03385917698707286,-0.03457439246603777,0.9392201960247709,0.3166307391554917,10.45,11.75,0.12440191387559807,-0.024508251243229418,0.1489101651188275,10.45,10.35,10.45,11.65,0.11483253588516762,-0.027327294035665584,0.1421598299208332,10.45,11.7,0.11961722488038284,0.003713851319248729,0.11590337356113412,-0.0035545684,0.005,3
2024-11-08,10.45,10.45,10.35,10.35,3651000,-0.004807692307692402,-0.009569377990430561,0.0,0.009756097560975618,0.019704433497536922,-0.05909090909090908,10.37,10.4925,10.577499999999999,10.396923431844199,10.504858876012406,-0.10793544416820744,-0.11004521639167704,0.0021097722234696,-0.010428545330261588,0.00020384272690527534,44.13975339777292,10.4925,0.25969364542675105,11.011887290853501,9.973112709146498,0.09900162799208985,0.36281913082063294,0.2362849191643535,0.022829460788826427,10.77913172925374,21.604144314175777,20.10378453089472,37.499999999999915,42.76960784313721,1765173974.0,1770785764.0,0.202915956188242,-0.899602568879752,1.8530463622985764,4225700.0,-0.2195798462409733,0.863998864093523,0.009661835748792237,-0.013581129378127277,-0.021507917749940875,4.0,11.0,0.01449275362318847,1.0,1262.84,1252.56,-0.005707481643183243,-0.001856736447019336,-0.027809902281141663,0.0887828258771134,0.0008997893354908415,0.011612834007994954,-0.03128100680976742,-0.032175813025832056,0.9313321450687306,0.32811696949334906,10.35,11.8,0.1400966183574881,-0.02810633190036771,0.1682029502578558,10.35,10.5,10.35,11.7,0.13043478260869557,-0.02050549923832168,0.15094028184701724,10.35,11.9,0.1497584541062802,0.013024301927724524,0.13673415217855567,-0.004639364,0.005,3
2024-11-11,10.35,10.5,10.3,10.5,5119700,0.01449275362318847,0.009615384615384581,0.004784688995215447,0.01941747572815533,0.034482758620689724,-0.045454545454545414,10.41,10.4675,10.584999999999999,10.41278136540663,10.504498959270746,-0.09171759386411615,-0.10637969188616486,0.014662098022048708,-0.008735008939439634,0.0013963902878141627,49.62280490535873,10.4675,0.23071684628402328,10.928933692568046,10.006066307431952,0.08816502365761585,0.5352163274197927,0.2336931392240425,0.02225648944990881,10.524790020247348,21.81173373782891,18.87483565022353,56.249999999999986,45.83333333333332,1770293674.0,1770113689.0,0.2120383266468754,-0.8395716620818094,1.3945896375357065,4282555.0,0.3190273294769732,1.1954779331497203,0.01904761904761898,0.0031048483401003857,-0.008030231459612569,0.0,11.0,0.06666666666666665,1.0,1253.81,1250.32,-0.001788337484831093,0.004507073936900863,-0.02800192795061962,0.08879138217666085,0.016281091108019563,0.014910401791254468,-0.017452617503925794,-0.01795540341672519,0.9288278271352439,0.32363611903393175,10.5,11.4,0.08571428571428585,-0.027696338842777224,0.11341062455706308,10.5,11.2,10.5,12.1,0.15238095238095228,-0.013652449692040936,0.16603340207299322,10.5,12.6,0.19999999999999996,0.017614775641281666,0.1823852243587183,-0.0041462285,0.005,3
2024-11-12,10.5,11.2,10.5,11.2,26376800,0.06666666666666665,0.08212560386473422,0.07692307692307687,0.08212560386473422,0.0980392156862746,0.018181818181818077,10.58,10.4775,10.598333333333333,10.53389192457484,10.55601755488032,-0.02212563030547976,-0.08952887957002785,0.06740324926454809,-0.0019755027058464074,0.006018147255763223,66.26451365029925,10.4775,0.2577611093144872,10.993022218628974,9.961977781371024,0.09840557740471968,1.2007457427552586,0.26700077213661083,0.02383935465505454,12.68475873089997,36.45368882216964,15.340232454288536,100.0,64.58333333333333,1796670474.0,1770760454.0,0.3239098040710735,1.4667868306438525,5.3563619590828635,5173545.0,3.821753172250978,5.098399646663942,0.06249999999999994,0.06895728942973034,0.056769932379304944,1.0,11.0,0.008928571428571619,1.0,1251.79,1244.82,-0.004398873888284638,-0.0007545594657076826,-0.028304243294720033,0.08892232162305413,0.07106554055495129,0.0828801633304419,0.04648606147653811,0.04784014045112017,0.6076013185535334,0.17364510968131477,11.2,11.4,0.017857142857143016,-0.03040372021175597,0.048260863068898985,11.2,11.3,11.2,12.15,0.0848214285714286,-0.000651680692551504,0.08547310926398011,11.2,12.45,0.1116071428571428,0.02343636860990861,0.08817077424723418,-0.008568882,0.005,3
2024-11-13,11.2,11.6,11.1,11.3,10121700,0.008928571428571619,0.07619047619047636,0.09178743961352676,0.08133971291866038,0.09178743961352676,0.04629629629629628,10.75,10.502500000000001,10.611666666666666,10.65175470540948,10.611127365629926,0.04062733977955446,-0.0634976357001114,0.10412497547966586,0.0035953398035003946,0.00921459959997043,67.89609395029106,10.502500000000001,0.30970061944652505,11.121901238893052,9.88309876110695,0.11795310428813158,1.1437668751076715,0.2836435741268529,0.025101201250163973,15.460517895092629,41.93671590640985,13.408704668113485,80.64516129032263,78.96505376344089,1806792174.0,1772093119.0,0.3167256027331096,1.398334009607097,5.622638999928833,5499815.0,0.8192661897665935,1.840370994297081,0.04424778761061947,0.07593430135681967,0.06486571383697193,2.0,11.0,0.030701754385964897,1.0,1242.94,1246.04,0.0009800613743353725,-0.01208296333883041,-0.026135617594647886,0.08933016526329716,0.007948510054236246,0.09342267625749079,0.07243191389094417,0.07437577058937528,0.5967675470605166,0.16795207869315937,11.4,11.65,0.021929824561403466,-0.021956023636290456,0.04388584819769392,11.4,11.75,11.4,11.75,0.030701754385964897,-0.001511436266430799,0.032213190652395696,11.4,12.5,0.0964912280701753,0.020106926076295384,0.07638430199387991,-0.0042452365,0.005,3
2024-11-14,11.4,12.05,11.25,11.75,17860500,0.03982300884955747,0.049107142857143016,0.11904761904761907,0.1298076923076923,0.13526570048309172,0.0879629629629628,11.02,10.55,10.630833333333332,10.820715519961867,10.69548830150919,0.12522721845267704,-0.025752664869553712,0.15097988332223075,0.01065763561299379,0.012849351772104745,73.9918563382418,10.55,0.4132668310977318,11.376533662195465,9.723466337804537,0.15668884591383206,1.2259232472229395,0.32052617597493493,0.027278823487228505,18.663300384552876,44.48846365592631,11.018223787760396,84.99999999999997,88.54838709677422,1824652674.0,1774318809.0,0.34308580360076363,1.0945868640292016,3.1926903610132897,6067290.0,1.8770276122359666,2.943736000751571,0.06808510638297878,0.11374407582938373,0.10527553500039222,3.0,11.0,0.004255319148936287,1.0,1243.85,1231.89,-0.01135597573111602,-0.02211549910696564,-0.04246338960917817,0.09227802130725099,0.05117898458067349,0.15192319141465793,0.13042635257214097,0.13621030376990695,0.31771496927727466,0.0877440728800745,11.75,11.65,-0.008510638297872353,-0.0008378343202967153,-0.007672803977575637,11.75,11.8,11.75,11.95,0.017021276595744705,0.010371250081343097,0.006650026514401608,11.75,12.4,0.05531914893617018,0.03090225808550784,0.024416890850662343,-0.0038931898,0.005,3
2024-11-15,11.75,11.95,11.65,11.8,6331300,0.004255319148936287,0.04424778761061954,0.0535714285714286,0.1400966183574881,0.15121951219512209,0.11320754716981152,11.31,10.61,10.649166666666668,10.971374670736965,10.77730398287888,0.19407068785808512,0.018212005675974058,0.17585868218211106,0.016446668462549587,0.01490327815102636,74.56963945278792,10.61,0.4991044611694485,11.608208922338896,9.611791077661103,0.18816379308933023,1.096067603368902,0.3190600205481538,0.027038984792216423,21.637312696194535,41.50054865623258,10.278222595989728,86.4864864864865,84.04388259226972,1830983974.0,1777036419.0,0.33222296390967376,1.1011800421864826,3.6921791182222905,6208500.0,0.019635373082941745,1.019779334782959,0.02542372881355923,0.11215834118755907,0.10806792393771025,4.0,11.0,-0.04201680672268904,0.0,1229.36,1218.57,-0.01081265372719975,-0.027136424602414277,-0.052035847089757836,0.09706041526513044,0.015067972876136038,0.16723304295990238,0.16524339425956935,0.1743139693123137,0.2635968488063619,0.07303011751496277,11.9,11.7,-0.01680672268907568,0.008043995731757292,-0.024850718420832973,11.9,11.4,11.9,11.95,0.004201680672268893,0.026397439054420158,-0.022195758382151265,11.9,12.4,0.04201680672268915,0.03633751949437736,0.005679287228311791,-0.0017761434,0.005,3
2024-11-18,11.9,11.9,11.3,11.4,7684500,-0.03389830508474578,-0.029787234042553123,0.008849557522123908,0.08571428571428585,0.10679611650485432,0.07547169811320753,11.49,10.65,10.664166666666667,11.037317029085125,10.82342961377674,0.21388741530838473,0.057347087602456194,0.15654032770592854,0.018762053974419712,0.013731607693502504,62.590199929550145,10.65,0.5293988646531911,11.708797729306383,9.591202270693618,0.1988352543298371,0.8541752967733149,0.33912716193757136,0.02974799666119047,22.794405224120567,36.2559232117588,16.35117981392345,63.88888888888888,78.45845845845847,1823299474.0,1779369804.0,0.36037349109162903,0.8054081549643684,2.5955607656300788,6471840.0,0.1956970188100682,1.187374842394126,0.05263157894736839,0.07042253521126751,0.06900054700320402,0.0,11.0,0.008849557522123908,1.0,1218.3,1217.12,-0.0011899193316756707,-0.026553202380190655,-0.04895410894145047,0.0969548826379355,-0.03270838575307011,0.11226748809447651,0.124425807054658,0.13083049748121778,0.26852356589402127,0.07311666635933518,11.3,12.1,0.07079646017699104,0.01148540157944744,0.0593110585975436,11.3,11.4,11.3,11.65,0.030973451327433565,0.025010649801749718,0.005962801525683847,11.3,12.5,0.10619469026548667,0.03531638103352219,0.07087830923196448,0.00044597144,0.005,3
2024-11-19,11.3,11.75,11.3,11.4,5795600,0.0,-0.03389830508474578,-0.029787234042553123,0.017857142857143016,0.10144927536231885,0.08571428571428585,11.53,10.695,10.680833333333334,11.093114409225874,10.86613853127476,0.22697587795111396,0.09127284567218776,0.13570303227892622,0.019910164732553855,0.011903774761309317,62.590199929550145,10.695,0.5536719530374448,11.80234390607489,9.58765609392511,0.20707693428235435,0.818329290535835,0.34704665037060195,0.03044268862900017,23.86884828576617,32.897962663418994,14.836761978987244,63.88888888888888,71.42142142142143,1823299474.0,1781888939.0,0.35729140382272345,0.7683822245184394,2.7180116220151325,6575870.0,-0.12655858580981738,0.8813434572155472,0.03947368421052625,0.06591865357643756,0.06733244909105096,1.0,11.0,0.026431718061673992,1.0,1220.68,1205.15,-0.009834691731299916,-0.03186806124580244,-0.050980793612045106,0.09874220162623898,0.009834691731299916,0.04972520410294545,0.13669507932633096,0.1440382643535778,0.28347769549669916,0.07883155780264364,11.35,12.15,0.07048458149779746,0.03191798689053016,0.0385665946072673,11.35,11.65,11.35,11.8,0.0396475770925111,0.03831487650679977,0.0013327005857113328,11.35,12.45,0.09691629955947123,0.048192670992182496,0.048723628567288735,0.00072133885,0.005,3
2024-11-20,11.35,11.85,11.35,11.65,5966600,0.021929824561403466,0.021929824561403466,-0.012711864406779738,0.030973451327433565,0.11483253588516762,0.08878504672897214,11.6,10.7425,10.700833333333332,11.178789115498816,10.924202343772926,0.25458677172589006,0.12393563088292822,0.13065114084296184,0.021852941779046356,0.011214690201112603,66.49205902441149,10.7425,0.5934455590703318,11.929391118140664,9.555608881859335,0.22097111810857148,0.882301285319943,0.35797188962984466,0.030727200826596107,25.06357401444978,31.611153455662883,13.35652184912587,77.77777777777776,68.51851851851852,1829266074.0,1784493474.0,0.35900546393967364,0.7475934061799773,2.588962272120993,6661270.0,-0.1130778551364252,0.8957150813583596,0.04291845493562232,0.08447754247149186,0.08870025698933115,2.0,11.0,0.0,0.0,1203.71,1216.54,0.009451105671492988,-0.02367500240762732,-0.0427728381461957,0.10710914586881952,0.012478718889910478,0.05464845373506089,0.13155788487516784,0.13743643109790948,0.377599670985616,0.10680713851475414,11.65,11.75,0.008583690987124415,0.02026616281935434,-0.011682471832229924,11.65,11.65,11.65,11.4,-0.02145922746781115,0.018984638133574316,-0.040443865601385465,11.65,12.4,0.06437768240343344,0.040006571921465506,0.02437111048196794,0.0005237457,0.005,3
2024-11-21,11.65,11.75,11.5,11.65,2550700,0.0,0.021929824561403466,0.021929824561403466,-0.008510638297872353,0.12019230769230771,0.10426540284360186,11.580000000000002,10.797500000000001,10.72,11.251283097729766,10.97796513312308,0.27331796460668656,0.1538120976276799,0.11950586697900667,0.023460769494136186,0.010258014332961946,66.4920590244115,10.797500000000001,0.6248104975879394,12.04712099517588,9.547879004824122,0.231464875235171,0.8411034238745376,0.3502596117991415,0.030065202729540042,26.17296219108456,29.999534918665972,12.675571746117233,77.77777777777776,73.14814814814815,1829266074.0,1787375659.0,0.35280873632408716,0.7158723043231879,2.8765133431496834,6511155.0,-0.6379459822678524,0.39174309319928646,0.02145922746781116,0.0789534614494094,0.08675373134328357,3.0,11.0,0.0042918454935620964,1.0,1217.3,1228.33,0.00969141992864997,-0.00288986841357608,-0.02312690371477888,0.11006682467075302,-0.00969141992864997,-0.005620769884296273,0.12739230655838074,0.13040824549556995,0.3471867076956339,0.1007986956251971,11.65,11.95,0.025751072961373245,0.010708328247690968,0.015042744713682277,11.65,11.7,11.65,11.7,0.0042918454935620964,0.03139265226412791,-0.02710080677056581,11.65,12.35,0.060085836909871126,0.020928434842751864,0.03915740206711926,0.00072133885,0.005,3
2024-11-22,11.65,12.3,11.55,11.7,11087100,0.0042918454935620964,0.0042918454935620964,0.02631578947368407,-0.008474576271186529,0.13043478260869557,0.15270935960591125,11.559999999999999,10.875,10.731666666666666,11.320316467309802,11.031449197336185,0.28886726997361656,0.18082313209686723,0.10804413787674932,0.024689510254155264,0.009234541698867465,67.2835602544787,10.875,0.6362927164866682,12.147585432973337,9.602414567026663,0.23403870031693547,0.824143267172415,0.3788124966706314,0.03237713646757533,28.139177341142407,36.127773841360465,10.883000243415323,70.73170731707312,75.42908762420957,1840353174.0,1791448904.0,0.3140795055761118,1.2629920836286253,4.287011930774508,6428805.0,0.7597072575489858,1.7245973396299934,0.06410256410256411,0.07586206896551717,0.09023140239167571,4.0,11.0,0.03418803418803429,1.0,1228.95,1228.1,-0.00018724609836118233,0.00782064222818546,-0.01965323456159407,0.10968164143979549,0.004479091591923279,-0.01629521849937199,0.17236259416750532,0.1758179862922542,0.3183859780829952,0.09653156450558573,11.7,11.95,0.02136752136752129,0.01713858092224596,0.004228940445275331,11.7,12.1,11.7,11.9,0.017094017094017255,0.033146519818771925,-0.01605250272475467,11.7,12.25,0.047008547008547064,0.022864998088482746,0.024143548920064317,0.00044597144,0.005,3
2024-11-25,11.7,12.1,11.6,12.1,5322600,0.03418803418803429,0.03862660944205998,0.03862660944205998,0.06140350877192979,0.15238095238095228,0.1921182266009851,11.7,10.9725,10.7525,11.44026778003137,11.110601108644616,0.32966667138675376,0.21059183995484454,0.11907483143190922,0.027245179453450726,0.00984089515966192,72.81573741470925,10.9725,0.6679652921973562,12.308430584394713,9.636569415605287,0.24350523297237883,0.9219904885667581,0.38746874690844346,0.03202221048830111,29.964948551910407,32.79775652387001,9.879877841355324,89.99999999999994,79.50316169828362,1845675774.0,1795788279.0,0.3267123796273866,0.9773841507334526,2.8958586384010387,6478600.0,-0.18895817827908382,0.8215663877998333,0.04132231404958678,0.10275689223057638,0.1253196930946292,0.0,11.0,0.0,0.0,1229.39,1234.7,0.0053741551990882375,0.014443933219403293,-0.0159949632203511,0.11164426900325843,0.02881387898894605,0.0469595755525265,0.2081131898213362,0.21149606154703005,0.4086026953782596,0.12274399886886647,12.15,11.65,-0.04115226337448563,0.01260895251814853,-0.05376121589263416,12.15,12.15,12.15,12.6,0.03703703703703698,0.03092349651594728,0.0061135405210897,12.15,12.85,0.057613168724279795,0.021956410899702794,0.035656757824577,0.008095516,0.005,3
2024-11-26,12.15,12.15,11.9,12.15,5440400,0.004132231404958775,0.03846153846153855,0.0429184549356223,0.06578947368421062,0.0848214285714286,0.1911764705882355,11.85,11.07,10.7775,11.549457352334237,11.187593619115384,0.36186373321885235,0.2408462186076461,0.12101751461120624,0.02978302331019361,0.009960289268412036,73.42075415712866,11.07,0.6911850997429094,12.45237019948582,9.68762980051418,0.24975071354757356,0.8906334209178236,0.3776495507006975,0.03108226754738251,31.73547973855776,32.19261515385208,9.412708240075888,92.49999999999999,84.41056910569104,1851116174.0,1800312904.0,0.32685651923574,0.9821947753773382,2.893957170705848,6663850.0,-0.20316632572249674,0.8164049310833827,0.0205761316872428,0.09756097560975618,0.12734864300626314,1.0,11.0,-0.03292181069958855,0.0,1235.63,1242.13,0.006017656110796299,0.030684976973820666,-0.015573237806907558,0.11198033554047893,-0.001885424705837524,0.035104496710389954,0.20674970839514306,0.21002040612401562,0.4303349922310235,0.13155189994369662,12.15,11.8,-0.028806584362139898,0.0068231616936262895,-0.03562974605576619,12.15,11.75,12.15,12.45,0.024691358024691246,0.024738995939936892,-4.763791524564631e-05,12.15,12.75,0.04938271604938271,0.015305793645678856,0.03407692240370386,0.012496972,0.005,3
2024-11-27,12.15,12.15,11.75,11.75,7253600,-0.03292181069958855,-0.02892561983471076,0.004273504273504258,0.008583690987124415,0.03982300884955747,0.13526570048309172,11.87,11.14,10.8025,11.580310067359738,11.229253351032764,0.35105671632697444,0.2628883181515118,0.08816839817546263,0.029877167346976548,0.0075036934617415,61.607761459467646,11.14,0.6852967086953804,12.510593417390762,9.769406582609239,0.24606704082419414,0.7225313474660028,0.3792460113649334,0.032276256286377314,32.62333318248105,29.76730552149659,11.528733264031487,72.49999999999997,84.99999999999999,1843862574.0,1804235454.0,0.3580314382681916,0.7246125321444944,2.0759864957822614,6787135.0,0.0776573621176581,1.0687278210909317,0.03404255319148939,0.05475763016157975,0.08771117796806283,2.0,11.0,0.012711864406779627,1.0,1241.36,1241.97,-0.00012881099401840235,0.02090354612261014,-0.01323661441408519,0.11180886563314435,-0.03279299970557015,-0.012319855135485724,0.1485023148971769,0.15049435058740057,0.3239950968241525,0.09902308125524331,11.8,11.4,-0.03389830508474578,-0.004781886598682394,-0.02911641848606339,11.8,11.95,11.8,12.5,0.05932203389830493,0.018044400940330663,0.041277632957974264,11.8,12.5,0.05932203389830493,0.022200470165360198,0.03712156373294473,0.00030877884,0.005,3
2024-11-28,11.8,12.1,11.75,11.95,5818200,0.017021276595744705,-0.016460905349794275,-0.012396694214876103,0.025751072961373245,0.017021276595744705,0.15458937198067635,11.93,11.219999999999999,10.831666666666667,11.637185441612086,11.282641991697004,0.3545434499150826,0.281219344504226,0.0733241054108566,0.029668907942684737,0.006135908402582143,64.6687051229508,11.219999999999999,0.6816002841620401,12.583200568324079,9.856799431675919,0.24299475371195728,0.7677522357907549,0.3771570105531524,0.031561256113234515,33.44776852326695,27.794168029113855,10.764546669228237,82.49999999999993,82.49999999999999,1849680774.0,1808448914.0,0.3589657611706431,0.6006285135953041,1.89711885984527,6981715.0,-0.19710213260444487,0.8333482532586908,0.029288702928870265,0.06506238859180047,0.10324665333128169,3.0,11.0,-0.004166666666666763,0.0,1246.37,1242.11,0.00011272413987439833,0.011218483632248644,-0.017691066683538037,0.11010874806776112,0.016908552455870307,0.014532589329124601,0.17228043866421439,0.17538315373205737,0.31232262198572597,0.09446947182050013,12.0,11.7,-0.025000000000000022,0.020136658859888357,-0.04513665885988838,12.0,11.95,12.0,12.4,0.03333333333333344,0.019991790810536703,0.013341542522796734,12.0,12.5,0.04166666666666674,0.02443441099065602,0.01723225567601072,-0.0006273514,0.005,3
2024-11-29,12.0,12.05,11.8,11.95,6785900,0.0,0.017021276595744705,-0.016460905349794275,0.02136752136752129,0.012711864406779627,0.1658536585365853,11.98,11.305,10.859999999999998,11.68531075828715,11.332075918237965,0.3532348400491845,0.2956224436132177,0.05761239643596677,0.029559400840935942,0.004821121040666676,64.6687051229508,11.305,0.6599242380768817,12.624848476153764,9.985151523846236,0.2334981824243722,0.7443462305156522,0.36807436694221296,0.030801202254578493,34.213315625425295,26.44573283865345,10.242304250497217,80.55555555555549,78.51851851851848,1849680774.0,1812768174.0,0.35446631059076106,0.5758206029611037,2.0890011508275794,7215210.0,-0.07412343773863357,0.9404993063264964,0.020920502092050212,0.05705440070765144,0.10036832412523045,4.0,11.0,-0.025104602510460206,0.0,1242.51,1250.46,0.00672243199072553,0.018206986401758884,-0.0035301898971225043,0.11024773770781773,-0.00672243199072553,0.003160534965762407,0.1693838484337078,0.16998392396476136,0.2947337297978886,0.08968429092541826,11.95,11.9,-0.004184100418409997,0.011475396781155167,-0.015659497199565164,11.95,11.65,11.95,12.4,0.03765690376569042,0.005447030810763476,0.032209872954926944,11.95,12.0,0.004184100418409997,0.01545714444984192,-0.011273044031431922,-0.0033854048,0.005,3
2024-12-02,11.95,12.1,11.6,11.65,5835600,-0.025104602510460206,-0.025104602510460206,-0.008510638297872353,-0.037190082644628086,0.021929824561403466,0.13106796116504849,11.89,11.3725,10.880833333333333,11.67987833393528,11.355625850220338,0.3242524837149414,0.3013484516335625,0.022904032081378922,0.027832831220166644,0.001966011337457418,56.79175944243355,11.3725,0.6195233736733979,12.611546747346797,10.133453252653204,0.2179022637672976,0.6119812471136452,0.3774976264463406,0.032403229737883316,33.870999928482206,23.94375562779119,13.05761956307602,45.83333333333335,69.6296296296296,1843845174.0,1816625884.0,0.37336977008122263,0.5434948128547255,1.4518472380002423,7337220.0,-0.26194756620971243,0.795342105047961,0.04291845493562232,0.02440096724554852,0.07069005131347184,0.0,12.0,0.0,0.0,1255.73,1251.21,0.0005997792812244551,0.013371669231392325,0.0052220999268906,0.10616842069302124,-0.02570438179168466,-0.05056175187602041,0.12584586123815789,0.12519209560485245,0.31323199952654696,0.09363797690257956,11.8,12.6,0.06779661016949134,0.017907513804207964,0.04988909636528338,11.8,11.8,11.8,12.5,0.05932203389830493,0.009876701053994186,0.04944533284431074,11.8,12.0,0.016949152542372836,0.01645317756486575,0.0004959749775070854,-0.008499393,0.005,3
2024-12-03,11.8,11.8,11.6,11.8,2697200,0.012875536480686733,-0.012552301255229992,-0.012552301255229992,-0.028806584362139898,0.03508771929824572,0.1400966183574881,11.82,11.445,10.9,11.69835859025293,11.388542453907721,0.30981613634520855,0.3030419885758917,0.006774147769316841,0.026255604775017673,0.0005740803194336305,59.45123500807958,11.445,0.5769475028579154,12.598895005715832,10.291104994284169,0.2016417659617006,0.6538268205692477,0.36481922455731636,0.030916883437060706,33.55313535274934,23.006157966262663,12.546304890566619,52.380952380952415,59.58994708994711,1846542374.0,1820545454.0,0.3740040634876492,0.48519733095378237,1.3752786255351634,7399080.0,-0.8289459379771511,0.3645318066570438,0.01694915254237297,0.031017911751856753,0.08256880733944949,1.0,12.0,-0.03389830508474578,0.0,1251.43,1249.83,-0.0011029323614741848,0.006199029087132546,0.0032670819419471364,0.10625658710207733,0.013978468842160918,-0.035005613449272444,0.13682953641554096,0.13638395884642263,0.4273159695915853,0.1258806551615029,11.8,12.45,0.05508474576271172,0.01982619013260223,0.03525855563010949,11.8,11.4,11.8,12.45,0.05508474576271172,0.011528532717623108,0.04355621304508861,11.8,12.05,0.021186440677966045,0.015585165231613018,0.005601275446353027,-0.0068105436,0.005,3
2024-12-04,11.8,11.8,11.4,11.4,5747500,-0.03389830508474578,-0.02145922746781115,-0.046025104602510414,-0.029787234042553123,-0.02145922746781115,0.09090909090909105,11.75,11.4925,10.913333333333332,11.652457268675557,11.389391161025667,0.26306610764988925,0.29504681239069125,-0.031980704740802,0.02307597435525344,-0.0028053249772633333,50.52114174117954,11.4925,0.527724758803284,12.547949517606568,10.437050482393431,0.18367622668811287,0.4561798084811481,0.36733213708893664,0.032222117288503216,32.277729559585,21.216718021679405,15.459487448008211,9.999999999999964,36.07142857142859,1840794874.0,1824003734.0,0.400654287772573,0.4371155184521188,0.8076681018155759,7512540.0,-0.31451513878624343,0.7650541627731766,0.03508771929824565,-0.008048727430933211,0.04459376908979862,2.0,12.0,0.017391304347825987,1.0,1247.34,1240.41,-0.007537025035404654,-0.0012560689871735642,-0.016546682734999263,0.0990858515698725,-0.02636128004934113,-0.02853116505537956,0.10745577364409031,0.10926372585017718,0.5380658849298489,0.15653681500781752,11.5,12.5,0.08695652173913038,0.021782720383955567,0.06517380135517481,11.5,11.7,11.5,12.4,0.07826086956521738,0.01947963053929347,0.058781239025923915,11.5,12.3,0.06956521739130439,0.022467205127998824,0.047098012263305566,-0.0076470855,0.005,3
2024-12-05,11.5,11.8,11.4,11.7,4989800,0.02631578947368407,-0.008474576271186529,0.0042918454935620964,-0.02092050209205021,0.0042918454935620964,0.125,11.7,11.5575,10.934166666666668,11.659771535033164,11.412399223171914,0.24737231186125008,0.28551191228480305,-0.038139600423552966,0.021142932637713684,-0.0032597949079959804,55.87454827960435,11.5575,0.46205348289346776,12.481606965786934,10.633393034213064,0.15991468151190744,0.5771014640489439,0.36966555586829836,0.03159534665541012,31.093424180218108,19.576879162328048,14.264624593301159,39.99999999999986,34.1269841269841,1845784674.0,1827851719.0,0.40610320808803474,0.2552934419162092,0.5076544840472711,7621815.0,-0.47541879247094937,0.6546734603240829,0.03418803418803422,0.012329656067488592,0.0700403932627085,3.0,12.0,0.01276595744680864,1.0,1241.81,1267.53,0.021863738602558636,0.020465176192124845,0.006175828537408279,0.12761096466493704,0.004452050871125435,-0.041385678284175054,0.11882417146259172,0.11809483799200016,0.6633694192226353,0.2120954145598642,11.75,12.4,0.05531914893617018,-0.002840372631711552,0.05815952156788173,11.75,11.9,11.75,12.35,0.051063829787234116,-0.012817083149745057,0.06388091293697917,11.75,11.85,0.008510638297872353,-0.01288002769560026,0.021390665993472613,-0.009197024,0.005,3
2024-12-06,11.75,12.2,11.7,11.9,10685300,0.017094017094017255,0.04385964912280693,0.008474576271186418,-0.004184100418409997,0.017094017094017255,0.1497584541062802,11.690000000000001,11.635,10.958333333333334,11.696729760412676,11.448517799233253,0.24821196117942357,0.27805192206372714,-0.029839960884303574,0.020858147998270887,-0.002507559738176771,59.055109053757576,11.635,0.3696014923660984,12.374202984732197,10.895797015267803,0.1270654034778164,0.679247111736167,0.3789751590205628,0.031846652018534684,31.182399919784295,25.271100933809194,12.920338915979121,59.999999999999964,36.666666666666615,1856469974.0,1832416519.0,0.40566027602954324,0.1223992065950066,0.4841853303998499,7973530.0,0.4935926411625098,1.3400965444414206,0.04201680672268907,0.022776106574989408,0.08593155893536109,4.0,12.0,0.050000000000000044,1.0,1270.96,1270.14,0.002059122860997409,0.01573820833933115,0.014035255796129631,0.12569411929093366,0.015034894233019847,-0.019922308757741147,0.13572319831015056,0.13384465434941206,0.6737402557916659,0.2139954038266887,12.0,12.4,0.03333333333333344,-0.00699196199644514,0.04032529532977858,12.0,12.6,12.0,12.25,0.02083333333333326,-0.010979503877432295,0.031812837210765554,12.0,11.6,-0.033333333333333326,-0.01974895002595456,-0.013584383307378767,-0.0073222243,0.005,3
2024-12-09,12.0,12.7,11.9,12.6,29879700,0.05882352941176472,0.07692307692307687,0.10526315789473673,0.08154506437768227,0.04132231404958686,0.19999999999999996,11.879999999999999,11.739999999999998,10.995833333333334,11.83569441265688,11.533812777067826,0.30188163558905323,0.2828178647687924,0.01906377082026084,0.023958859967385178,0.0015129976841476856,67.80267227564335,11.739999999999998,0.3258995647697951,12.391799129539589,11.088200870460408,0.11103903399311589,1.1597124489928956,0.40904836194766536,0.03246415571013217,32.279671245945515,30.471869006307603,11.115405442104088,92.59259259259262,64.1975308641975,1886349674.0,1838219319.0,0.44471216804254626,0.19121314175403586,-0.0542827942924819,9211530.0,2.8283832993449036,3.2437282405854404,0.0634920634920634,0.07325383304940392,0.1458885941644561,0.0,12.0,-0.015810276679842028,0.0,1271.46,1273.84,0.0029130647015287447,0.018086492275477317,0.018811184336809728,0.1255541652380206,0.055910464710235974,0.06345857210220496,0.18118881566319023,0.1778433712240155,0.7063778811309916,0.20809728518594045,12.65,12.5,-0.011857707509881465,-0.008239882601291715,-0.0036178249085897507,12.65,12.45,12.65,12.85,0.015810276679841806,-0.009048175846942175,0.02485845252678398,12.65,11.65,-0.07905138339920947,-0.021455084792315615,-0.05759629860689386,-0.010556107,0.005,3
2024-12-10,12.65,12.7,12.35,12.45,7015600,-0.011904761904761973,0.04621848739495782,0.0641025641025641,0.05508474576271172,0.024691358024691246,0.1116071428571428,12.01,11.8025,11.029166666666667,11.930202964555821,11.601678497285024,0.32852446727079787,0.2919591852691935,0.03656528200160436,0.026387507411309068,0.0029369704418959327,64.61692332104857,11.8025,0.33657524379875947,12.47565048759752,11.12934951240248,0.11406913579284378,0.9809474344369361,0.4048306218085464,0.032516515807915376,33.298566048809505,28.590102449829175,10.428982229326424,80.76923076923075,77.78727445394112,1879334074.0,1842352499.0,0.39555242578963595,0.05943421069951662,-0.08877974441887335,8243470.0,-0.201431142552096,0.8510493760515899,0.02811244979919676,0.0548612582080068,0.12882508500188883,1.0,12.0,0.0,0.0,1274.29,1272.07,-0.0013894994661809434,0.017794420041125525,0.021890715123471738,0.1242981250466722,-0.01051526243858103,0.03729032572158619,0.08971642773367106,0.08779454241624163,0.7499624538786582,0.20921368000435264,12.5,12.45,-0.0040000000000000036,-0.00904000062832322,0.005040000628323216,12.5,12.5,12.5,12.75,0.020000000000000018,-0.0101081501378385,0.03010815013783852,12.5,11.85,-0.052000000000000046,-0.017443823975244133,-0.034556176024755914,-0.0069913417,0.005,3
2024-12-11,12.5,12.65,12.3,12.5,5801200,0.004016064257028162,-0.007936507936507908,0.050420168067226934,0.0964912280701753,0.06382978723404253,0.10619469026548667,12.23,11.8625,11.061666666666666,12.017864046931848,11.668220830819466,0.3496432161123817,0.3034959914378312,0.04614722467455051,0.027971457288990535,0.003691777973964041,65.20381745349948,11.8625,0.3490117627353956,12.560523525470792,11.16447647452921,0.11768573664417978,0.9566465002522865,0.40091414882222165,0.032073131905777735,33.995871992048485,26.807295424071963,10.669478359714788,84.61538461538466,85.99240265906936,1885135274.0,1846269654.0,0.3953880719129089,0.092226818036298,-0.07936789762323826,8027445.0,-0.3648255190155711,0.7226707875295315,0.027999999999999973,0.05374077976817704,0.13002862739189402,2.0,12.0,-0.01195219123505975,0.0,1273.23,1268.86,-0.002523446036774679,0.022935964721342073,0.018314018811595112,0.12496789732925254,0.0065395102938028415,0.07355526334883322,0.08788067145389156,0.08630016854373768,0.7401998902314397,0.20598215038386636,12.55,12.4,-0.01195219123505975,-0.0038241820499503865,-0.008128009185109364,12.55,12.4,12.55,12.5,-0.003984063745020028,0.0025022425758935984,-0.006486306320913626,12.55,11.95,-0.04780876494023911,-0.019742536550052647,-0.028066228390186465,-0.0064982865,0.005,3
2024-12-12,12.55,12.6,12.35,12.4,3481500,-0.008000000000000007,-0.004016064257028051,-0.015873015873015817,0.05982905982905984,0.03765690376569042,0.05531914893617018,12.37,11.895,11.092500000000001,12.076654193557717,11.72242669520321,0.35422749835450773,0.3136422928211665,0.04058520553334122,0.02856673373826675,0.003273000446237195,62.954725620619456,11.895,0.36774562146491335,12.630491242929827,11.159508757070173,0.12366393323746566,0.8433079624363268,0.39013456676349156,0.0314624650615719,34.64337036791325,25.58027853097137,10.181117636231082,76.92307692307699,80.76923076923082,1881653774.0,1849119709.0,0.37605787292674325,0.2542034247809075,0.41490618431929926,7308495.0,-0.6693277529657993,0.47636346470785024,0.020161290322580645,0.04245481294661624,0.11787243633085409,3.0,12.0,0.004048582995951566,1.0,1270.86,1267.35,-0.001190044606970031,-0.0001420084731722504,0.02878503762511242,0.11663667903960698,-0.006809955393029976,0.05997106830223209,0.026534111311057762,0.025791696360893956,0.7612421505607354,0.21028223580985747,12.35,12.35,0.0,-0.008150326487375237,0.008150326487375237,12.35,12.4,12.35,12.5,0.012145748987854255,0.006237252762889334,0.005908496224964921,12.35,11.65,-0.05668016194331982,-0.027273158468908654,-0.029407003474411164,-0.0068544955,0.005,3
2024-12-13,12.35,12.6,12.3,12.4,4504900,0.0,-0.008000000000000007,-0.004016064257028051,0.04201680672268915,0.03765690376569042,0.05084745762711851,12.47,11.925,11.120833333333334,12.126399702241144,11.772617310373342,0.3537823918678029,0.3216703126304938,0.03211207923730913,0.028530838053855073,0.002589683809460414,62.954725620619456,11.925,0.383714532050345,12.69242906410069,11.157570935899312,0.12870927699801912,0.8094748571691299,0.3836963834232421,0.030943256727680814,34.97047397427439,24.151678081904784,10.543320817330356,76.92307692307699,79.48717948717957,1881653774.0,1851653199.0,0.37616692688648223,0.2837892155769209,0.4222665155304277,7217175.0,-0.4718148782145309,0.6241915985132687,0.024193548387096687,0.0398322851153039,0.11502435369052089,4.0,12.0,-0.003984063745020028,0.0,1264.98,1262.57,-0.0037716495048722987,-0.005959972916371514,0.03610789696119232,0.10926710643040582,0.0037716495048722987,0.04797677963906066,0.014739560665926188,0.014225893566834014,0.7578818415695782,0.21043901324235376,12.55,12.25,-0.02390438247011961,-0.0051660166293521215,-0.01873836584076749,12.55,12.5,12.55,12.0,-0.043824701195219196,0.008789348354073967,-0.05261404954929316,12.55,11.8,-0.05976095617529875,-0.02245199876585202,-0.03730895740944673,-0.0072205127,0.005,3
2024-12-16,12.55,12.7,12.4,12.5,3810600,0.008064516129032251,0.008064516129032251,0.0,-0.007936507936507908,0.07296137339055786,0.0964912280701753,12.45,11.98,11.155833333333334,12.183876671127122,11.826497509604947,0.3573791615221751,0.3288120824088301,0.028567079113344995,0.028590332921774007,0.0022853663290675996,64.37968122613225,11.98,0.3833371471986566,12.746674294397314,11.213325705602687,0.12799236968235622,0.8391270607349461,0.3777180703215819,0.03021744562572655,35.51136016913202,24.672568584231676,9.945180773259505,84.61538461538466,79.48717948717956,1885464374.0,1854761444.0,0.3505665469522698,0.30095761543774124,0.9491742096705846,7023480.0,-0.554223397266211,0.5425515556390849,0.023999999999999914,0.04340567612687818,0.12049002763875394,0.0,12.0,0.0,0.0,1264.03,1263.79,0.0009662830575729586,-0.007889530867298822,0.038344616800315645,0.10875206672663942,0.007098233071459292,-4.697706920908651e-05,0.05814661126985965,0.05599933810899871,0.7238537195073523,0.2040894261737532,12.45,12.85,0.032128514056224855,-0.0016997256721822396,0.033828239728407095,12.45,12.45,12.45,12.0,-0.036144578313252906,0.005620953269402484,-0.04176553158265539,12.45,11.55,-0.07228915662650592,-0.028334031670237514,-0.04395512495626841,-0.0072205127,0.005,3
2024-12-17,12.45,12.5,12.35,12.45,3632700,-0.0040000000000000036,0.004032258064516014,0.004032258064516014,0.0,0.05508474576271172,0.09210526315789469,12.45,12.0325,11.188333333333333,12.224818721722949,11.87268287926384,0.3521358424591092,0.3334768344188859,0.0186590080402233,0.02828400341037022,0.0014987155052388194,63.07330344982556,12.0325,0.37143923495574543,12.775378469911491,11.28962153008851,0.12347865695599257,0.7810015479717304,0.36145249387004036,0.02903232882490284,35.72268243411129,23.941216736893708,10.638459566759924,80.76923076923075,80.76923076923082,1881831674.0,1857688054.0,0.3515859878379437,0.32533526240136057,0.9128607688812951,6915335.0,-0.5619792555126004,0.5253107767013456,0.012048192771084366,0.0346976937461041,0.11276627439296893,1.0,12.0,0.0,0.0,1264.91,1261.72,-0.0016379303523528232,-0.008136344698011833,0.04694021491100697,0.1006028848634951,-0.0023620696476471803,0.008136344698011833,0.04516504824688772,0.04314004525151116,0.7234235991539258,0.2018591528087713,12.4,12.75,0.028225806451612767,-0.0017503979977347983,0.029976204449347565,12.4,12.4,12.4,12.05,-0.028225806451612878,0.0033344685839200583,-0.031560275035532936,12.4,11.65,-0.06048387096774188,-0.020901811384715252,-0.03958205958302663,-0.0071129934,0.005,3
2024-12-18,12.4,12.7,12.4,12.4,9638300,-0.004016064257028051,-0.008000000000000007,0.0,-0.008000000000000007,0.08771929824561409,0.06437768240343344,12.430000000000001,12.07,11.217500000000001,12.251769687611725,11.911743406725778,0.34002628088594733,0.33478672371229823,0.005239557173649101,0.027421474264995752,0.00042254493335879846,61.72445879333417,12.07,0.3686390332607992,12.807278066521599,11.332721933478402,0.12216703670614727,0.7237961598104401,0.35706303002218026,0.02879540564695002,36.40059248163188,26.5053168499217,10.000009288941685,76.92307692307699,80.76923076923082,1872193374.0,1859834419.0,0.3466978907946976,0.5049038406003088,1.2618709974909035,7098920.0,0.4327906189203822,1.3577135676976215,0.024193548387096687,0.027340513670256916,0.10541564519723634,2.0,12.0,0.0,0.0,1262.57,1266.0,0.0033921947817265874,-0.0022539917721418057,0.04065628750390449,0.09714214178468736,-0.007408259038754639,-0.005746008227858201,0.023721394899528958,0.02279464909247464,0.685572659379671,0.18896498407691736,12.35,12.5,0.012145748987854255,0.013636725276473749,-0.0014909762886194944,12.35,12.35,12.35,12.3,-0.004048582995951344,0.01019174158644276,-0.014240324582394104,12.35,11.75,-0.04858299595141702,-0.01156814384597038,-0.03701485210544664,-0.0074790106,0.005,3
2024-12-19,12.35,12.4,12.1,12.35,7619200,-0.0040322580645162365,-0.008032128514056214,-0.01200000000000001,-0.0040322580645162365,0.05555555555555558,0.060085836909871126,12.419999999999998,12.105,11.245833333333334,12.266882043363768,11.944206858079424,0.3226751852843446,0.3323644160267075,-0.009689230742362942,0.026127545367153407,-0.0007845530965476066,60.33492279361715,12.105,0.3597879492456684,12.824575898491338,11.385424101508663,0.11888903733851089,0.6702391648425595,0.3529870993063103,0.028581951360834842,35.46994071458371,24.89627482976957,15.463583547923694,73.07692307692308,76.92307692307696,1864574174.0,1861599824.0,0.34750897825683646,0.5300448378530267,1.24152124641275,7352345.0,0.046254235661157085,1.036295222816666,0.02429149797570856,0.020239570425443887,0.09818451278251206,3.0,12.0,-0.012096774193548376,0.0,1256.9,1254.67,-0.008949447077409078,-0.010005128812088038,0.021443748829711895,0.10008844413820728,0.004917189012892842,0.005972870747571801,0.03864208808015923,0.03783085277523335,0.6973675068165346,0.1948991469021273,12.4,12.5,0.008064516129032251,0.01375438037591592,-0.005689864246883669,12.4,12.25,12.4,11.85,-0.04435483870967749,-0.0008043963045555325,-0.04355044240512196,12.4,11.8,-0.048387096774193505,-0.005168843580758198,-0.04321825319343531,-0.0074790106,0.005,3
2024-12-20,12.4,12.6,12.25,12.25,6816600,-0.0080971659919028,-0.012096774193548376,-0.016064257028112428,-0.012096774193548376,0.02941176470588225,0.047008547008547064,12.389999999999999,12.1325,11.272499999999999,12.26428480592319,11.966858201925392,0.2974266039977973,0.3253768536209255,-0.0279502496231282,0.02427972277533039,-0.0022816530304594447,57.54473897570432,12.1325,0.3480301711078377,12.828560342215676,11.436439657784325,0.11474310195189374,0.5844036018673163,0.35277373507014526,0.02879785592409349,35.13922833522058,27.18149189012382,14.367726486396073,65.38461538461542,71.79487179487184,1857757574.0,1862470044.0,0.3497431635893172,0.6059159669386626,1.2030961942508158,7138820.0,-0.05650555129212235,0.9548636889569985,0.028571428571428543,0.009684731094168564,0.086715457972943,4.0,12.0,0.03629032258064502,1.0,1255.6,1257.5,0.0022555731786046973,-0.004015618935979792,0.023939418614119523,0.10005378094571844,-0.010352739170507497,-0.008081155257568584,0.02306912839442754,0.022529778593396887,0.681582923290648,0.19043585969748614,12.4,12.0,-0.032258064516129115,0.01005188324290085,-0.042309947759029964,12.4,12.85,12.4,11.6,-0.06451612903225812,-0.01275298031605221,-0.05176314871620591,12.4,11.8,-0.048387096774193505,-0.010218226464414504,-0.038168870309779,-0.0074790106,0.005,3
2024-12-23,12.4,12.95,12.35,12.85,7112500,0.048979591836734615,0.04048582995951411,0.03629032258064502,0.028000000000000025,0.01984126984126977,0.06198347107438007,12.459999999999999,12.17,11.305833333333334,12.35439483578116,12.032276112893882,0.3221187228872786,0.32472522747419613,-0.002606504586917524,0.025067604893951642,-0.00020284082388463223,67.31226914729933,12.17,0.38299374737411346,12.935987494748227,11.404012505251773,0.12588126454366924,0.9438714761417282,0.3775756111365634,0.029383316041755907,35.598718926846395,30.20320561273275,12.46509744169336,93.54838709677422,77.33664185277092,1864870074.0,1863429759.0,0.37080914327707365,0.7171135011335588,0.9793510626117558,7228315.0,-0.020366774538445067,0.9839775936715541,0.046692607003891023,0.0558751027115858,0.13658141077614783,0.0,12.0,-0.0077821011673151474,0.0,1262.45,1262.76,0.004182902584493053,-0.0008150088226682728,0.022726168299991967,0.09948271563228304,0.04479668925224156,0.028815008822668298,0.0392573027743881,0.038384959719611755,0.7872618081960588,0.213679544855188,12.85,12.0,-0.06614785992217898,0.007117804010989381,-0.07326566393316836,12.85,12.75,12.85,11.65,-0.0933852140077821,-0.01273128904301557,-0.08065392496476653,12.85,11.95,-0.07003891050583666,-0.013412191317704325,-0.056626719188132335,-0.010976703,0.005,3
2024-12-24,12.85,13.05,12.65,12.75,6145700,-0.0077821011673151474,0.04081632653061229,0.03238866396761142,0.024096385542168752,0.024096385542168752,0.04938271604938271,12.52,12.2,11.3325,12.415257168737906,12.085440845272114,0.32981632346579204,0.3257434466725153,0.004072876793276725,0.025867946938493494,0.0003194413171197431,64.64290664679649,12.2,0.40425369835405245,13.008507396708104,11.391492603291894,0.13254219618165658,0.8401329426541826,0.3791773531982375,0.029739400250842155,36.21557676842939,29.81113837492776,11.525838706467571,81.81818181818178,80.25039476652383,1858724374.0,1863810169.0,0.37284671997228397,0.7838930873464399,0.9778653011723663,7263580.0,-0.19691472866399334,0.8460979296710438,0.03137254901960787,0.04508196721311486,0.12508272667107878,1.0,12.0,-0.019607843137254943,0.0,1263.03,1260.36,-0.0019005986885869408,-0.0010778936689599394,0.01467640263096448,0.09829992942364735,-0.005881502478728207,0.02517427921112869,0.03470631341841823,0.03420431708910132,0.7566571993523662,0.2066381513076656,12.75,12.05,-0.05490196078431364,0.0037637774062422302,-0.05866573819055587,12.75,12.5,12.75,11.85,-0.07058823529411773,-0.008724039840574349,-0.06186419545354338,12.75,12.1,-0.050980392156862786,-0.015451296720363272,-0.035529095436499514,-0.008210475,0.005,3
2024-12-25,12.75,12.85,12.5,12.5,5669900,-0.019607843137254943,-0.027237354085603127,0.020408163265306145,0.008064516129032251,0.0,0.06382978723404253,12.540000000000001,12.2375,11.359166666666665,12.428294527393613,12.116148930807512,0.31214559658610064,0.3230238766552324,-0.010878280069131774,0.02497164772688805,-0.0008702624055305419,58.40695704722245,12.2375,0.39499333772034095,13.027486675440683,11.447513324559319,0.12910916043974371,0.6661420427462069,0.3770932565412205,0.03016746052329764,36.081958186066366,27.834761321121373,13.602997579451191,59.25925925925925,78.2086093914051,1853054474.0,1864269764.0,0.35871661430987206,0.9544864893237984,1.2102504938779997,7184395.0,-0.2662541419082699,0.7891965850986756,0.027999999999999973,0.021450459652706755,0.10043283691585381,2.0,12.0,-0.003984063745020028,0.0,1262.03,1274.04,0.010854041702370809,0.006350710900473899,0.025821879755549615,0.10453527884213971,-0.030461884839625752,0.0017138052285583516,0.03800790747849292,0.03705117645526346,0.5765042696070819,0.16192370778183135,12.55,12.3,-0.019920318725099584,-0.004679857017433897,-0.015240461707665687,12.55,12.5,12.55,11.95,-0.04780876494023911,-0.023446318826037982,-0.02436244611420113,12.55,12.2,-0.02788844621513953,-0.012581525147372319,-0.01530692106776721,-0.007539825,0.005,3
2024-12-26,12.55,12.65,12.5,12.5,4398900,0.0,-0.019607843137254943,-0.027237354085603127,0.012145748987854255,0.008064516129032251,0.046025104602510414,12.57,12.265,11.391666666666667,12.439326138563827,12.14458234334029,0.2947437952235372,0.3173678603688934,-0.022624065145356198,0.02357950361788298,-0.0018099252116284957,58.406957047222456,12.265,0.39306488014238805,13.051129760284777,11.478870239715224,0.12819074770236874,0.6494664188230646,0.36087230964541905,0.028869784771633523,35.957883788157844,27.00834827248244,13.199125077345993,52.173913043478215,64.41711804030645,1853054474.0,1864438449.0,0.3551755638722388,1.0966059751215902,1.586628087717343,7113430.0,-0.47499268625175617,0.6183936581930236,0.012000000000000028,0.019160211985324027,0.09729334308705195,3.0,12.0,-0.040000000000000036,0.0,1275.68,1272.87,-0.0009183385137044864,0.014505806307634428,0.024764312339486727,0.10475390886124765,0.0009183385137044864,-0.0023600573197801733,0.021260792263023687,0.02074700690394482,0.4745418649248579,0.13451869259101973,12.5,11.85,-0.052000000000000046,-0.016439838188717082,-0.035560161811282964,12.5,12.0,12.5,11.65,-0.06799999999999995,-0.03534134027407565,-0.0326586597259243,12.5,12.2,-0.02400000000000002,-0.008239518329204443,-0.01576048167079558,-0.007759608,0.005,3
2024-12-27,12.5,12.6,11.95,12.0,15719300,-0.040000000000000036,-0.040000000000000036,-0.05882352941176472,-0.020408163265306145,-0.032258064516129115,0.004184100418409997,12.52,12.2675,11.405,12.3717375018617,12.133872540129898,0.23786496173180183,0.3014672806414751,-0.06360231890967327,0.019822080144316818,-0.005300193242472773,47.72748802958854,12.2675,0.3911100935344264,13.049720187068854,11.485279812931147,0.12752723653048353,0.3290123392222976,0.38152428752788914,0.031793690627324095,33.67631198277356,23.721640013194957,21.889934589390094,4.5454545454546045,38.65954228273071,1837335174.0,1863821169.0,0.385937525103193,0.8175542298633114,1.0878542380304244,7560100.0,1.353448657532275,2.079244983531964,0.054166666666666696,-0.021805583859792144,0.052170100832968025,4.0,12.0,0.0,0.0,1275.56,1275.14,0.0017833714362034403,0.014027833001988066,0.019736736880827888,0.10277668262861935,-0.041783371436203476,-0.03443599626729421,-0.01555263646241789,-0.015251619265959082,0.6069012669330414,0.1764858569058707,12.0,11.6,-0.033333333333333326,-0.02151128557409232,-0.011822047759241006,12.0,12.0,12.0,11.8,-0.016666666666666607,-0.029911678115799756,0.013245011449133148,12.0,11.85,-0.012500000000000067,-0.01626692836113841,0.003766928361138344,-0.008552712,0.005,3
2024-12-30,12.0,12.15,11.75,12.0,5960300,0.0,-0.040000000000000036,-0.040000000000000036,-0.06614785992217898,-0.040000000000000036,0.030042918454935563,12.35,12.285,11.423333333333334,12.3145471169599,12.123956055675832,0.19059106128406889,0.27929203676999387,-0.08870097548592498,0.015882588440339074,-0.007391747957160415,47.72748802958854,12.285,0.3692453185410855,13.02349063708217,11.54650936291783,0.12022639594337332,0.30703885351474763,0.3828439812758971,0.03190366510632476,31.587501782654588,21.951307511230635,23.987772782747072,19.23076923076922,25.31671227323403,1837335174.0,1863495669.0,0.3739612226415528,0.7958225198159108,1.3761533711876694,7566335.0,-0.2664893512995819,0.7877393744791897,0.03333333333333336,-0.023199023199023228,0.05048147067405884,0.0,12.0,-0.01632653061224487,0.0,1273.75,1272.02,-0.002446790156375056,0.00733314327346446,0.01663190032048978,0.10349943276250237,0.002446790156375056,-0.07348100319564344,0.013411018134445785,0.013191616484017565,0.5994555911401953,0.17732868395410634,12.25,11.65,-0.048979591836734615,-0.01988602868932987,-0.029093563147404744,12.25,12.05,12.25,11.55,-0.05714285714285705,-0.033939870308508646,-0.023202986834348405,12.25,11.9,-0.02857142857142858,-0.005950088426016853,-0.022621340145411728,-0.008189095,0.005,3
2024-12-31,12.25,12.3,11.9,12.05,7389100,0.004166666666666652,0.004166666666666652,-0.03599999999999992,-0.05490196078431364,-0.032128514056224744,0.021186440677966045,12.209999999999999,12.297500000000001,11.4425,12.273847560504532,12.118477829329473,0.1553697311750586,0.25450757565100685,-0.09913784447594826,0.01289375362448619,-0.008227207010452138,48.81294984131652,12.297500000000001,0.3559549794142102,13.00940995882842,11.585590041171582,0.11578124965699038,0.32617183751207257,0.3840694111847616,0.03187298018130802,29.47386897342885,23.107995192896258,22.203290820135855,23.07692307692312,15.617715617715666,1844724274.0,1863404764.0,0.3717936538874452,0.8655863769827264,1.5647776082509626,7800930.0,-0.06959579153112008,0.9472075765325416,0.033195020746887995,-0.02012604187843059,0.05309154467992139,1.0,12.0,0.012345679012345734,1.0,1272.25,1266.78,-0.004119432084401242,0.005093782728744278,0.013561844410839852,0.10479819048923225,0.008286098751067894,-0.05999574351305792,0.0076245962671261935,0.007522576258341962,0.5925858721379614,0.1758614151222905,12.15,11.85,-0.024691358024691468,-0.014137561467658544,-0.010553796557032924,12.15,12.3,12.15,11.65,-0.04115226337448563,-0.02583217753120659,-0.015320085843279041,12.15,12.0,-0.012345679012345734,0.0005122304879585649,-0.012857909500304299,-0.008189095,0.005,3
2025-01-02,12.15,12.5,12.1,12.3,6425300,0.020746887966804906,0.025000000000000133,0.025000000000000133,-0.015999999999999903,-0.008064516129032251,0.07894736842105265,12.17,12.3425,11.463333333333333,12.277871012734604,12.131923916045809,0.14594709668879524,0.23279547985856455,-0.08684838316976931,0.011865617616975223,-0.007060844160143846,53.9607758756273,12.3425,0.2866664116709473,12.915832823341894,11.769167176658105,0.09290384012021792,0.46293601354247366,0.3887787389572786,0.031608027557502326,28.079792368967937,24.872017685658374,20.367600918864376,42.30769230769234,28.205128205128247,1851149574.0,1863922499.0,0.3533062810846539,0.8677404529569902,1.6589099067566562,7834820.0,-0.238618264934127,0.8200954201883387,0.03252032520325206,-0.003443386672067894,0.07298633323640602,3.0,1.0,-0.03658536585365857,0.0,1268.96,1269.71,0.0023129509464943077,-0.003398637405418903,0.02362122201530137,0.10027176599132999,0.018433937020310598,-0.012601362594581,0.055326146405751286,0.05404943275484797,0.5858732282694933,0.17092709388662428,12.3,11.95,-0.028455284552845628,-0.01810457619370398,-0.010350708359141647,12.3,11.85,12.3,11.75,-0.04471544715447162,-0.020792282106657067,-0.023923165047814554,12.3,12.0,-0.024390243902439046,0.0021596229329885475,-0.026549866835427594,-0.008616921,0.005,3
2025-01-03,12.3,12.3,11.85,11.85,8335500,-0.03658536585365857,-0.016597510373444035,-0.012500000000000067,-0.052000000000000046,-0.04048582995951422,0.012820512820512775,12.040000000000001,12.35,11.4775,12.212044703083127,12.111040663005378,0.10100404007774877,0.2064371919024014,-0.10543315182465263,0.008523547685885972,-0.008897312390266044,45.15738928605394,12.35,0.2704771612136442,12.890954322427287,11.809045677572712,0.08760393885462149,0.03785377131614709,0.39315168617461593,0.033177357483089955,26.13700723970277,22.83855899925798,23.24445847489214,7.6923076923076605,24.358974358974397,1842814074.0,1863773969.0,0.3708196419176234,0.843853124496824,1.756941116798794,8002105.0,0.056801720315708744,1.0416634123146347,0.03797468354430389,-0.04048582995951422,0.032454802875190536,4.0,1.0,-0.025210084033613467,0.0,1268.74,1254.59,-0.011908231013381121,-0.014361246631627744,-0.010208831349159397,0.07682419867806625,-0.024677134840277448,-0.0376387533683723,0.023029344169672172,0.023266871739280992,0.7612096415501012,0.22205655509061553,11.9,11.65,-0.021008403361344574,-0.019373759752627895,-0.0016346436087166794,11.9,11.6,11.9,11.8,-0.008403361344537785,-0.004526653862399366,-0.0038767074821384195,11.9,12.3,0.03361344537815136,0.016265669952741257,0.017347775425410106,-0.008189095,0.005,3
2025-01-06,11.9,11.95,11.55,11.6,4446100,-0.021097046413502074,-0.056910569105691144,-0.03734439834024905,-0.033333333333333326,-0.053061224489796,-0.025210084033613467,11.959999999999999,12.335,11.4875,12.117883979531877,12.073185799079054,0.04469818045282281,0.17408938961248568,-0.12939120915966287,0.0038532914183467943,-0.011154414582729559,41.141650316926864,12.335,0.3030980386838245,12.94119607736765,11.728803922632352,0.0982887843320063,-0.10623948870773922,0.39364085144785754,0.033934556159298065,25.13289861839259,21.180879785524013,27.001003946281294,3.3333333333332624,17.777777777777775,1838367974.0,1862868869.0,0.3734602832865381,1.030408845116021,2.006577503318383,7690145.0,-0.5512282987840958,0.5781555484324418,0.03448275862068954,-0.05958654235914074,0.009793253536452662,0.0,1.0,0.0,0.0,1254.79,1246.35,-0.006567882734598518,-0.022577913013473228,-0.018730218716047187,0.07908013673192173,-0.014529163678903556,-0.010755420319860098,-0.00647986531756628,-0.006603551277292619,0.8106504278559902,0.2359971080232562,11.65,11.8,0.012875536480686733,-0.010839023687349347,0.02371456016803608,11.65,11.65,11.65,11.8,0.012875536480686733,0.00028818674501063235,0.012587349735676101,11.65,12.45,0.06866952789699554,0.01126329861750408,0.05740622927949146,-0.009295508,0.005,3
2025-01-07,11.65,11.85,11.65,11.65,6466100,0.004310344827586299,-0.016877637130801593,-0.05284552845528456,-0.029166666666666674,-0.0933852140077821,-0.07539682539682535,11.89,12.2875,11.498333333333333,12.045901828834666,12.041838702850976,0.0040631259836896305,0.14008413688672647,-0.13602101090303684,0.000348766178857479,-0.011675623253479556,42.24781489953809,12.2875,0.33240550695495574,12.952311013909911,11.622688986090088,0.10820932067709652,0.020540434302742556,0.38338079063015346,0.03290822237168699,24.200512041461714,20.19431497733844,25.74334890320387,6.666666666666643,5.897435897435874,1844834074.0,1860793089.0,0.3006417556146634,0.6149432943524596,2.7324205957201246,6519465.0,-0.019675501157187074,0.991814512387136,0.017167381974248865,-0.051881993896235934,0.013190317437309806,1.0,1.0,0.012820512820512775,1.0,1249.19,1246.95,0.00048140570465760035,-0.019708809609911726,-0.021109401494693092,0.07797486438645984,0.0038289391229286984,-0.009457857056754948,-0.05428742390213226,-0.05545811144271395,0.8115410933696812,0.2362104750624557,11.7,11.55,-0.012820512820512664,-0.01371412980676645,0.0008936169862537868,11.7,11.85,11.7,11.95,0.02136752136752129,-5.6172562110989865e-05,0.02142369392963228,11.7,12.55,0.07264957264957284,0.017886948706426153,0.05476262394314668,-0.008365517,0.005,3
2025-01-08,11.7,12.1,11.7,11.85,5137700,0.01716738197424883,0.02155172413793105,0.0,-0.016597510373444035,-0.07058823529411773,-0.04819277108433728,11.85,12.2575,11.5125,12.015763085937024,12.027628428565718,-0.011865342628693654,0.10969424098364244,-0.1215595836123361,-0.0010012947365986207,-0.01025819270990178,46.57311455220339,12.2575,0.3438462783850427,12.945192556770087,11.569807443229914,0.11220763724578196,0.20371934668456892,0.3881393055851425,0.03275437177933692,22.54661217501754,23.12267417194855,23.611473119773592,19.99999999999993,9.999999999999963,1849971774.0,1859324974.0,0.30779841437394284,0.4003501867846975,2.0699507170645397,6425570.0,-0.47232792612644425,0.7995710886349382,0.03375527426160341,-0.033244952070161204,0.02931596091205213,2.0,1.0,0.0,0.0,1246.16,1251.02,0.0032639640723364227,-0.012440992121757533,-0.01654783148726091,0.07944561089476546,0.013903417901912407,-0.004156518251686503,-0.03164493959707637,-0.03217740588739826,0.834733087900235,0.24187586647435938,11.95,11.65,-0.025104602510460206,-0.011498848515864801,-0.013605753994595404,11.95,11.95,11.95,12.1,0.012552301255230214,-0.00642112333674516,0.018973424591975374,11.95,12.3,0.029288702928870425,0.01307414278403285,0.016214560144837575,-0.008404308,0.005,3
2025-01-09,11.95,12.0,11.85,11.95,2199800,0.00843881856540074,0.025751072961373245,0.030172413793103425,-0.028455284552845628,-0.04400000000000004,-0.04400000000000004,11.78,12.23,11.531666666666666,12.005645688100559,12.021878174597887,-0.016232486497328225,0.08450889548744832,-0.10074138198477654,-0.0013583670709061276,-0.008430241170274189,48.644172262529686,12.23,0.3454211769348165,12.920842353869633,11.539157646130368,0.11297503742757681,0.2973488463528399,0.37112935518620377,0.031056849806376886,21.01084801331938,22.455136198747013,22.92982380908108,26.666666666666572,17.777777777777732,1852171574.0,1857676789.0,0.30939611470947515,0.364128800543368,1.9393474403795854,6245500.0,-1.402612173665795,0.3522215995516772,0.012552301255230157,-0.02289452166802952,0.03627691862985971,3.0,1.0,-0.025104602510460206,0.0,1250.56,1245.77,-0.004196575594315077,-0.01885469910451998,-0.018197437069495392,0.08013980362377175,0.012635394159715818,-0.00960058544832565,-0.025802562930504647,-0.0262808062483445,0.8115117158368543,0.23735743071534793,11.95,11.75,-0.0167364016736401,-0.0026652109691093218,-0.014071190704530778,11.95,11.65,11.95,12.2,0.02092050209205021,0.011198702716588516,0.009721799375461693,11.95,12.4,0.03765690376569042,0.0198044441590135,0.017852459606676918,-0.00783752,0.005,3
2025-01-10,11.95,12.0,11.65,11.65,4611000,-0.025104602510460206,-0.016877637130801593,0.0,-0.016877637130801593,-0.06799999999999995,-0.06048387096774188,11.739999999999998,12.192499999999999,11.545833333333333,11.950930966854319,11.994331643146191,-0.043400676291872387,0.05892698113158418,-0.10232765742345656,-0.0037253799392165136,-0.008783489907592838,43.23009475482539,12.192499999999999,0.3660870618356443,12.924674123671288,11.46032587632871,0.12010237829342447,0.12952801631408434,0.36962011553004637,0.03172704854335162,20.17633744412565,20.936337893726083,25.243891137689083,6.666666666666643,17.777777777777732,1847560574.0,1855972129.0,0.31953740941636094,0.38609211868705556,1.465843609135407,6301975.0,-0.5958072498230202,0.7316753874777352,0.03004291845493559,-0.04449456633176119,0.009022013713460897,4.0,1.0,0.012875536480686733,1.0,1245.68,1230.48,-0.012273533637830347,-0.01921743358387995,-0.029092200260385725,0.08974304528580561,-0.012831068872629858,0.0023397964530783577,-0.031391670707356156,-0.0323322881078667,0.9118403754191934,0.26886231144768624,11.65,11.8,0.012875536480686733,0.018301729900705777,-0.005426193420019043,11.65,11.8,11.65,12.2,0.04721030042918439,0.03129636574111805,0.015913934688066345,11.65,12.4,0.06437768240343344,0.040288262436208866,0.02408941996722458,-0.008203538,0.005,3
2025-01-13,11.65,11.9,11.6,11.8,6814000,0.012875536480686733,-0.012552301255229992,-0.00421940928270037,0.017241379310344973,-0.016666666666666607,-0.048387096774193505,11.78,12.1625,11.565833333333334,11.927710818107501,11.979936706616844,-0.05222588850934251,0.03669640720339884,-0.08892229571274135,-0.004425922755029026,-0.007535787772266216,46.43997695144926,12.1625,0.3727123202760544,12.907924640552109,11.41707535944789,0.12257753595923684,0.25685000181137807,0.3646472501350431,0.03090230933347823,19.544154604064857,19.706009646790807,24.739848759286055,16.666666666666668,16.666666666666647,1854374574.0,1854608169.0,0.32433177324856677,0.29101723336019336,1.1487019349435281,6417430.0,0.14122971043334978,1.0617957655946384,0.02542372881355938,-0.029804727646454143,0.020246415447798816,0.0,1.0,-0.021186440677966045,0.0,1226.66,1235.65,0.0042016123789090365,-0.008585068399727058,-0.0213215900900543,0.09146524969038869,0.008673924101777697,0.02582644771007203,-0.027065506684139207,-0.02765515864054835,0.9239725875095665,0.27519996624405385,11.8,11.8,0.0,0.011969840537104037,-0.011969840537104037,11.8,11.55,11.8,11.85,0.004237288135593209,0.014788179175069027,-0.010550891039475818,11.8,12.45,0.05508474576271172,0.030734468767462886,0.024350276995248832,-0.008401131,0.005,3
2025-01-14,11.8,11.9,11.5,11.55,2976300,-0.021186440677966045,-0.008583690987124415,-0.0334728033472802,-0.008583690987124415,-0.03749999999999998,-0.07599999999999996,11.76,12.115,11.581666666666667,11.869601461475577,11.948089543163745,-0.07848808168816745,0.013659509425085582,-0.09214759111325303,-0.006795504908066446,-0.007978146416731864,42.16122081137688,12.115,0.38767186341745297,12.890343726834907,11.339656273165094,0.12799731355095442,0.13564546894160612,0.36717244655396863,0.03178982221246481,19.244128538402876,18.172591623909806,24.760092360519167,3.7037037037037575,9.012345679012375,1851398274.0,1852904864.0,0.3285520244341073,0.4640234813600314,1.079113447255195,6375715.0,-1.190874120266569,0.4668182313669918,0.03463203463203466,-0.0466364011555922,-0.002734206360627378,1.0,1.0,0.004310344827586299,1.0,1234.77,1229.07,-0.005325132521345144,-0.014338987128593828,-0.027472918760237053,0.09233773541093937,-0.0158613081566209,0.005755296141469413,-0.048527081239762904,-0.04989792281969285,0.9622142509427002,0.28433015232861514,11.6,11.95,0.030172413793103425,0.010378743036917548,0.019793670756185877,11.6,11.65,11.6,11.9,0.02586206896551735,0.025452245619440816,0.00040982334607653215,11.6,12.6,0.0862068965517242,0.03636614259419946,0.04984075395752474,-0.008492144,0.005,3
2025-01-15,11.6,11.7,11.5,11.65,2489800,0.008658008658008587,-0.012711864406779738,0.0,-0.016877637130801593,-0.03319502074688796,-0.06425702811244971,11.720000000000002,12.075,11.600833333333332,11.835816621248565,11.926008836262726,-0.09019221501416119,-0.007110835462763774,-0.08308137955139742,-0.007741821031258471,-0.007131448888531968,44.36915376225109,12.075,0.39252891278193897,12.860057825563878,11.28994217443612,0.13003028166689504,0.22931930224710723,0.3552315575143994,0.030491979185785355,18.965532906002466,17.441776902417573,23.76435986528348,13.043478260869593,11.137949543746691,1853888074.0,1851507684.0,0.33147905965990715,0.3630189101284812,0.8651845976065025,6318570.0,-1.309887403875279,0.3940448550858818,0.017167381974248865,-0.03519668737060033,0.004238201278643938,2.0,1.0,0.0,0.0,1233.29,1236.18,0.005784861724718704,-0.011862320346597066,-0.020242209047966253,0.09575424626657,0.002873146933289883,-0.0050153167842045265,-0.04401481906448346,-0.04492418378394736,0.9514090029230909,0.28087397924192253,11.75,12.1,0.029787234042553123,0.0006362040362717369,0.029151030006281387,11.75,11.75,11.75,12.0,0.02127659574468077,0.022444312013786938,-0.001167716269106167,11.75,12.75,0.0851063829787233,0.03770515566865851,0.0474012273100648,-0.00783752,0.005,3
2025-01-16,11.75,11.95,11.7,11.75,4974600,0.008583690987124415,0.017316017316017174,-0.00423728813559332,-0.0167364016736401,-0.04471544715447162,-0.05241935483870974,11.680000000000001,12.0425,11.618333333333332,11.8226140641334,11.91297114468771,-0.09035708055430902,-0.023760084481072825,-0.0665969960732362,-0.007689964302494385,-0.005667829453041379,46.565851679198474,12.0425,0.3911100935344268,12.824720187068854,11.260279812931147,0.129909933497007,0.313032184009428,0.3512864462633708,0.029896718830925175,17.7501241240086,21.461180265509558,22.3147272698781,22.727272727272734,13.158151563948714,1858862674.0,1850841149.0,0.334028833876643,0.26497575147940894,0.6925375276071662,6085385.0,-0.3926828265283425,0.8174667666877281,0.02127659574468085,-0.02428897654141582,0.011332663893272255,3.0,1.0,-0.00421940928270037,0.0,1241.74,1242.36,0.004999271950686612,-0.0027372628976457536,-0.018672985781990614,0.09689610215433962,0.0035844190364378026,-0.013999138775994346,-0.03374636905671913,-0.03438850512396274,0.9471288951855975,0.2824534843942071,11.85,12.2,0.029535864978902815,0.013884640770134737,0.015651224208768078,11.85,11.8,11.85,12.0,0.012658227848101333,0.023422785299183735,-0.010764557451082402,11.85,12.75,0.07594936708860756,0.04072827959239511,0.035221087496212444,-0.00783752,0.005,3
2025-01-17,11.85,11.95,11.75,11.8,2238500,0.004255319148936287,0.012875536480686733,0.02164502164502169,0.012875536480686733,-0.00421940928270037,-0.04453441295546545,11.71,12.015,11.639166666666666,11.819134977343646,11.90460291174788,-0.0854679344042335,-0.036101654465704965,-0.04936627993852854,-0.007243045288494364,-0.004183583045638012,47.67832849603685,12.015,0.38767186341745363,12.790343726834909,11.239656273165092,0.1290626261897475,0.3613518156149477,0.3404802715302728,0.028854260299175663,16.6215302550143,20.560721956635064,21.378456229243756,30.00000000000007,21.92358366271415,1861101174.0,1850667499.0,0.3348119739409237,0.19954818421225728,0.6312804750728489,5816350.0,-1.2214259525760465,0.38486335932328697,0.01694915254237282,-0.017894298793175167,0.013818285959762422,4.0,1.0,0.0,0.0,1242.38,1249.11,0.005433207765864978,0.015140433001755271,-0.00443144412475005,0.09451748767274301,-0.0011778886169286906,-0.002264896521068538,-0.0401029688307154,-0.040281473931706335,0.913340586633094,0.26936673742386325,11.8,12.2,0.03389830508474567,0.012015711622921144,0.02188259346182453,11.8,11.8,11.8,12.3,0.04237288135593209,0.02013551674759806,0.02223736460833403,11.8,12.95,0.09745762711864403,0.037375102997528,0.06008252412111603,-0.00783752,0.005,3
2025-01-20,11.8,11.9,11.75,11.8,3497400,0.0,0.004255319148936287,0.012875536480686733,0.0,0.017241379310344973,-0.03673469387755102,11.709999999999999,11.9925,11.666666666666666,11.816191134675393,11.896854547914703,-0.0806634132393107,-0.04501400622042612,-0.03564940701888458,-0.006835882477907686,-0.003021136188041066,47.67832849603685,11.9925,0.38637144658759726,12.765242893175195,11.219757106824805,0.12887102658748303,0.375443694338606,0.32687453784953907,0.027701232021147378,15.573550233805305,19.88678310846214,20.677713706814846,30.00000000000007,27.575757575757645,1861101174.0,1850834679.0,0.3341097064016615,0.13811352681088448,0.6497991552815765,5650390.0,-0.7265233968785043,0.6189661244622052,0.01271186440677969,-0.016051698978528206,0.011428571428571566,0.0,1.0,0.004201680672268893,1.0,1250.03,1249.55,0.00035225080257150765,0.01124914012867717,-0.006322067594433434,0.09410081025355944,-0.00035225080257150765,-0.01124914012867717,-0.030412626283117583,-0.03060612024410414,0.855773153942477,0.25944333924012175,11.9,11.85,-0.004201680672269004,0.00022350828178008264,-0.004425188954049086,11.9,11.95,11.9,12.45,0.04621848739495782,0.00838954300538819,0.03782894438956963,11.9,13.0,0.09243697478991586,0.04135701456795049,0.05107996022196537,-0.0024160603,0.005,4
2025-01-21,11.9,11.95,11.8,11.95,3188800,0.012711864406779627,0.012711864406779627,0.017021276595744705,0.03463203463203457,0.025751072961373245,-0.07003891050583666,11.790000000000001,11.9475,11.696666666666667,11.836777113956101,11.90079124806917,-0.06401413411306933,-0.048814031798954764,-0.015200102314114568,-0.005356831306532999,-0.0012719750890472442,51.21237588176705,11.9475,0.3294632796427087,12.606426559285417,11.288573440714583,0.11030367177826612,0.5018970247630561,0.3142406422888576,0.02629628805764499,14.527158329492165,20.34525397948437,19.97269054062184,44.99999999999993,35.00000000000004,1864289974.0,1850805674.0,0.28193227845552304,-0.7531132990218949,-0.4866080059344523,5454205.0,-0.7573380768340087,0.5846498252265913,0.012552301255230007,0.00020924879681927244,0.021658592191507342,1.0,1.0,0.008333333333333304,1.0,1252.75,1246.09,-0.0027689968388620034,0.013847868713742884,-0.013201241724476565,0.09293632665670988,0.01548086124564163,0.020784165918291686,-0.056837668781360096,-0.057598034355744954,0.844952647191063,0.25596090110717146,12.0,11.9,-0.008333333333333304,0.01315431080063445,-0.021487644133967754,12.0,12.1,12.0,12.55,0.04583333333333339,0.016174514924775396,0.029658818408557996,12.0,13.0,0.08333333333333326,0.04398122186083042,0.03935211147250284,-0.0019106518,0.005,4
2025-01-22,12.0,12.3,12.0,12.1,5369900,0.012552301255230214,0.025423728813559254,0.025423728813559254,0.03862660944205998,0.021097046413502074,-0.050980392156862786,11.879999999999999,11.915000000000001,11.728333333333333,11.877272942578239,11.915547451915899,-0.038274509337659524,-0.04670612730669572,0.008431617969036194,-0.003163182589889217,0.0006968279313253053,54.520566234830085,11.915000000000001,0.27342852429124476,12.461857048582491,11.36814295141751,0.09179304214561311,0.6691484095153731,0.3167948821253679,0.026181395216972554,14.795793666556147,26.631241420799277,18.396537352269675,74.99999999999989,49.99999999999998,1869659874.0,1851352449.0,0.2870037321251506,-0.8600397123021681,-0.43944442318444116,5415415.0,-0.015238406138490505,0.9915952886343891,0.024793388429752126,0.015526647083508038,0.0316896404717919,2.0,1.0,0.00411522633744843,1.0,1248.26,1242.53,-0.002856936497363738,0.005136792376514654,-0.014146751721730189,0.09316899928395035,0.015409237752593952,0.033489817065545324,-0.0368336404351326,-0.03736219411911479,0.8386268238785067,0.25223835983532605,12.15,12.0,-0.012345679012345734,0.01928403407220669,-0.031629713084552424,12.15,12.2,12.15,12.3,0.012345679012345734,0.017116386611967238,-0.004770707599621504,12.15,12.7,0.04526748971193406,0.04605849436813081,-0.0007910046561967476,-0.0019106518,0.005,4
2025-01-23,12.15,12.25,12.05,12.2,3435300,0.008264462809917328,0.02092050209205021,0.03389830508474567,0.038297872340425476,0.02092050209205021,-0.02400000000000002,11.97,11.9,11.759166666666665,11.926923259104663,11.93661801103324,-0.00969475192857594,-0.039303852231071766,0.029609100302495826,-0.0007946517974242574,0.002426975434630806,56.63184320516363,11.9,0.2465552142737232,12.393110428547446,11.406889571452554,0.08287570227688171,0.8041914981231567,0.3084523905449844,0.0252829828315561,15.045240765258416,25.397837765411058,17.54451712316185,87.49999999999983,69.16666666666657,1873095174.0,1852354484.0,0.28191884374012277,-1.104014362945723,0.11436465869060693,5303685.0,-0.6189845039221777,0.6477194629771564,0.01639344262295076,0.025210084033613356,0.03748848416129258,3.0,1.0,-0.004081632653061273,0.0,1245.59,1259.63,0.013762243165155175,0.013900962683924378,-0.011310476908103273,0.09837694815931772,-0.005497780355237847,0.024396909656501098,-0.012689523091896748,-0.012834689551693867,0.8167921578545465,0.2557372463883245,12.25,12.0,-0.020408163265306145,0.009704111938757753,-0.0301122752040639,12.25,12.2,12.25,12.4,0.012244897959183598,0.008806759525435526,0.0034381384337480725,12.25,13.25,0.08163265306122458,0.0385464479138542,0.04308620514737038,-0.0019106518,0.005,4
2025-01-24,12.25,12.3,12.1,12.2,3639200,0.0,0.008264462809917328,0.02092050209205021,0.03389830508474567,0.04721030042918439,-0.02400000000000002,12.05,11.885,11.79,11.968935065396254,11.95612778799374,0.012807277402513861,-0.028881626304354643,0.04168890370686851,0.001049776836271628,0.0034171232546613534,56.63184320516363,11.885,0.21527216555911025,12.31554433111822,11.45445566888178,0.07245171747887594,0.8658159883116726,0.30070579122034274,0.02464801567379859,15.44156473887574,25.378937575209665,16.711024831958653,87.49999999999983,83.3333333333332,1873095174.0,1853356519.0,0.28191884374012277,-1.104014362945723,0.11436465869060693,5265700.0,-0.5358812804587466,0.6911141918453387,0.016393442622950907,0.026503996634413163,0.034775233248515613,4.0,1.0,0.004237288135593209,1.0,1259.26,1265.05,0.00430285083715054,0.012761085893155943,-0.006143596753792613,0.09985260245697591,-0.00430285083715054,0.02113721919158973,-0.01785640324620741,-0.01796678392158413,0.818179819077795,0.25601726697030597,11.8,12.3,0.04237288135593209,0.012794955086610216,0.029577926269321875,11.8,11.85,11.8,12.4,0.05084745762711851,0.013493872558752784,0.037353585068365724,11.8,13.0,0.10169491525423724,0.036748762995496786,0.06494615225874045,-0.0019106518,0.005,4
2025-02-03,11.8,11.9,11.6,11.85,7787600,-0.02868852459016391,-0.02868852459016391,-0.02066115702479343,0.004237288135593209,0.004237288135593209,-0.012500000000000067,12.059999999999999,11.877500000000001,11.816666666666666,11.9506373630276,11.948266470364574,0.002370892663025259,-0.022631122510878662,0.02500201517390392,0.00020007533021310203,0.00210987469821974,47.65234879193475,11.877500000000001,0.213661685359881,12.304823370719763,11.45017662928024,0.0719551034678614,0.46782296279082275,0.3220839489903182,0.02718008008357116,14.875153514222228,22.001964718807045,25.57592419085805,43.749999999999915,72.91666666666653,1865307574.0,1854755139.0,0.2634521107558846,-0.980931157201297,-0.22715111953475148,4869115.0,1.5317907272987914,1.5993871576251537,0.025316455696202594,-0.0023153020416756265,0.0028208744710860323,0.0,2.0,0.008474576271186418,1.0,1259.09,1253.03,-0.00950160072724393,0.0027850026009363926,-0.01733927255046519,0.10466477603814342,-0.01918692386291998,0.0014522855346568164,0.0048392725504651235,0.004924662617814546,0.8873698243821094,0.2750578850783686,11.8,12.45,0.05508474576271172,0.005052072145181441,0.05003267361753028,11.8,11.9,11.8,12.45,0.05508474576271172,0.01257846623863279,0.04250627952407893,11.8,12.7,0.07627118644067776,0.04173727633641211,0.03453391010426565,-0.0019106518,0.005,4
2025-02-04,11.8,12.05,11.75,11.9,3721200,0.0042194092827005925,-0.024590163934426146,-0.024590163934426146,-0.004184100418409997,0.030303030303030276,-0.008333333333333304,12.05,11.872499999999999,11.843333333333334,11.942846999484892,11.944691176263495,-0.001844176778602602,-0.018473733364423452,0.01662955658582085,-0.0001549728385380338,0.0013974417299009118,48.89889427267852,11.872499999999999,0.2118061427499549,12.296112285499909,11.448887714500088,0.07136025024214113,0.5324589264066651,0.3205065240624384,0.02693332134978474,13.81382645938732,23.873870136762996,23.86595738135634,50.0,60.41666666666659,1869028774.0,1856339819.0,0.26398278833336525,-1.0159861592389938,-0.19087285612303784,4757160.0,-0.544220147262032,0.7822314153822869,0.025210084033613505,0.0023162771109708213,0.004784688995215225,1.0,2.0,0.004184100418409997,1.0,1256.91,1264.68,0.00929746294980971,0.014918665585953006,-0.005770349522806195,0.1104366278807193,-0.005078053667109117,-0.019102766004363003,-0.0025629838105271086,-0.0025778589577337696,0.8947337166097412,0.27819805877827797,11.95,12.55,0.05020920502092063,1.5767523631637914e-05,0.050193437497288995,11.95,12.0,11.95,12.6,0.05439330543933063,0.007655132723130231,0.0467381727162004,11.95,12.65,0.05857740585774063,0.034278596375046266,0.02429880948269436,-0.0019106518,0.005,4
2025-02-05,11.95,12.15,11.9,12.0,5142600,0.008403361344537785,0.012658227848101333,-0.016393442622950727,-0.008264462809917328,0.030042918454935563,-0.004149377593361092,12.03,11.87,11.870833333333334,11.951639768794909,11.948788126169903,0.0028516426250053684,-0.014208658166537689,0.017060300791543057,0.00023763688541711403,0.001421691732628588,51.39195993820551,11.87,0.20988718774689052,12.28977437549378,11.450225624506219,0.07072862266112559,0.6548450877296665,0.31547034377226424,0.026289195314355352,13.17015920434734,24.78668685752753,22.515029096670986,62.49999999999994,52.08333333333331,1874171374.0,1857812174.0,0.26535530210725694,-1.0354388232638447,-0.19118767204272474,4644835.0,0.2759607580483846,1.107165270671617,0.020833333333333332,0.010951979780960519,0.0108810108810109,2.0,2.0,0.0,0.0,1268.43,1269.61,0.0038982193123950903,0.021794242392537688,0.002234010641153139,0.11039354348902604,0.004505142032142695,-0.030058705202455016,-0.006383388234514231,-0.006369159464495344,0.8978757583665793,0.2797051108452298,12.0,12.3,0.025000000000000133,-0.0052372053581242195,0.030237205358124353,12.0,12.0,12.0,12.75,0.0625,0.011762119380015479,0.05073788061998452,12.0,12.5,0.04166666666666674,0.02444290896527912,0.01722375770138762,-0.0019106518,0.005,4
2025-02-06,12.0,12.3,12.0,12.0,7387000,0.0,0.008403361344537785,0.012658227848101333,-0.016393442622950727,0.02127659574468077,-0.024390243902439046,11.99,11.855,11.896666666666668,11.959079804364922,11.952581598305466,0.00649820605945628,-0.010067285321338895,0.016565491380795175,0.0005415171716213566,0.0013804576150662645,51.39195993820551,11.855,0.18701252421128742,12.229025048422574,11.480974951577426,0.06309996599284251,0.6938372852453699,0.3143653192171026,0.026197109934758548,13.06051765210468,26.505341074760974,20.980302204989954,62.49999999999994,58.333333333333314,1874171374.0,1858963264.0,0.2537292044829892,-1.0970003701290543,-0.12858136041579193,4692920.0,1.444177032702114,1.5740732848631556,0.02500000000000006,0.012231126107127732,0.00868590641636291,3.0,2.0,0.016528925619834878,1.0,1273.58,1271.48,0.001472893250683338,0.009407524431777503,0.0013940191067252083,0.11021381034770328,-0.001472893250683338,-0.02580096705472823,-0.025784263009164254,-0.02574836929040636,0.9154882518481305,0.27720515233860155,12.1,12.4,0.024793388429752206,-0.0012814666897279503,0.026074855119480156,12.1,12.3,12.1,12.75,0.05371900826446274,0.016509693548640625,0.03720931471582212,12.1,12.55,0.037190082644628086,0.036352772842340286,0.0008373098022878,-0.0019106518,0.005,4
2025-02-07,12.1,12.35,12.0,12.3,7410400,0.025000000000000133,0.025000000000000133,0.03361344537815136,0.00819672131147553,0.04237288135593209,0.03797468354430378,12.01,11.877500000000001,11.928333333333333,12.011529065231857,11.978316294727284,0.03321277050457283,-0.0014112741561565498,0.03462404466072938,0.002700225244274214,0.002814962980547104,58.445568941978,11.877500000000001,0.21180614274995488,12.301112285499912,11.453887714500091,0.07133021014521747,0.9986871420660072,0.3169106535587381,0.02576509378526326,13.117245577697199,25.54137641691285,19.325237759428383,94.11764705882365,73.03921568627453,1881581774.0,1860901649.0,0.23284175334681623,-0.9728977215816927,0.16728718235074092,4646665.0,1.5527368552321785,1.5947781903795517,0.0284552845528455,0.03557145864028621,0.031158306553025206,4.0,2.0,0.012195121951219301,1.0,1271.98,1275.2,0.0029257243527227583,0.008023398284652927,0.01642767756797059,0.10098252326984077,0.022074275647277375,0.0001733230268226027,0.02154700597633319,0.021198759588964666,0.9338448702490351,0.28080040512449944,12.3,12.4,0.008130081300812941,0.002994647362588143,0.005135433938224798,12.3,12.45,12.3,12.95,0.05284552845528445,0.019241198802141035,0.03360432965314342,12.3,12.55,0.020325203252032464,0.04227090161679525,-0.02194569836476279,-0.0019106518,0.005,4
2025-02-10,12.3,12.55,12.2,12.45,8509500,0.012195121951219301,0.03749999999999987,0.03749999999999987,0.05063291139240511,0.05508474576271172,0.07327586206896552,12.13,11.919999999999998,11.963333333333335,12.078986132119264,12.01325582845119,0.06573030366807409,0.012017041408689578,0.05371326225938451,0.005279542463299124,0.0043143182537658245,61.45719648781356,11.919999999999998,0.23697657001947087,12.39395314003894,11.446046859961056,0.07952233893270841,1.0591270056323014,0.31927417830454263,0.025644512313617883,13.770696635205798,28.015854692431358,17.81202129278111,90.47619047619035,82.36461251167134,1890091274.0,1863487814.0,0.2186581406495715,-1.281143954144423,1.3250863623731952,4849835.0,1.8512786224542386,1.754595774907806,0.028112449799196904,0.044463087248322264,0.040679855112844665,0.0,2.0,0.008032128514056325,1.0,1272.27,1263.26,-0.00936323713927234,0.008164209955068946,0.013567617442933333,0.10413836532915584,0.02155835909049164,0.042468701437336165,0.05970824462603219,0.058908989985953175,0.8598895533305934,0.2614294492311019,12.45,12.45,0.0,0.0057529396889619555,-0.0057529396889619555,12.45,12.55,12.45,13.0,0.04417670682730934,0.03091414843848761,0.013262558388821732,12.45,12.55,0.008032128514056325,0.051239094702237864,-0.04320696618818154,-0.0019106518,0.005,4
2025-02-11,12.45,12.6,12.35,12.55,5001100,0.008032128514056325,0.020325203252032464,0.04583333333333339,0.054621848739495826,0.05020920502092063,0.07725321888412018,12.26,11.965,11.9975,12.151449804100915,12.053014655973323,0.09843514812759224,0.029300662752470116,0.06913448537512212,0.007843438097816114,0.005508723934272678,63.36349697074956,11.965,0.26660635283085843,12.498212705661716,11.431787294338283,0.08912874311102656,1.0485615719471806,0.314326022711361,0.02504589822401283,14.51968910136566,27.560466808443476,16.800104410888892,95.00000000000011,93.19794584500472,1895092374.0,1866000729.0,0.2192094980860692,-1.3145401239893388,1.3631118101962334,4776585.0,0.1156936202052389,1.0470032460429366,0.0199203187250996,0.04889260342666124,0.046051260679308204,1.0,2.0,-0.019920318725099584,0.0,1265.44,1268.45,0.004108417902886297,0.002980991238890507,0.017242070652391916,0.10483345370512845,0.003923710611170028,0.05164085750060532,0.06001114823172826,0.05899397003236517,0.8723429864691444,0.26631080761860876,12.55,12.6,0.003984063745019917,0.005752146235137756,-0.0017680824901178394,12.55,12.3,12.55,13.0,0.03585657370517925,0.02544006672804411,0.010416506977135143,12.55,12.5,-0.003984063745020028,0.04855881589197608,-0.05254287963699611,-0.0019106518,0.005,4
2025-02-12,12.55,12.55,12.3,12.3,2607000,-0.019920318725099584,-0.012048192771084265,0.0,0.025000000000000133,0.016528925619834878,0.03797468354430378,12.32,11.9875,12.015833333333335,12.174303680393082,12.071309866641966,0.10299381375111594,0.044039292952199285,0.05895452079891665,0.008373480792773653,0.004793050471456638,55.91753570528303,11.9875,0.2752391304824217,12.537978260964843,11.437021739035158,0.09184204562499981,0.7838440880955683,0.30973130680340666,0.025181407057187532,14.976937285454824,25.97150507871979,16.984590097054806,70.00000000000011,85.15873015873022,1892485374.0,1868126409.0,0.22858658694384876,-1.0361602187382397,0.29082641290664935,4650050.0,-1.0228104668170561,0.5606391329125493,0.02032520325203252,0.026068821689259725,0.023649351550038,2.0,2.0,0.008130081300812941,1.0,1270.83,1266.91,-0.0012140801765934128,-0.0021266373138206784,0.012701635465460326,0.10468545533363216,-0.01870623854850617,0.02712663731382081,0.025273048078843452,0.024956065235568925,1.012555074766282,0.3307608706459455,12.3,12.75,0.03658536585365857,0.01681594002761888,0.019769425826039688,12.3,12.4,12.3,12.7,0.03252032520325199,0.02817912803314271,0.004341197170109279,12.3,12.7,0.03252032520325199,0.05299664628131784,-0.02047632107806585,-0.0019106518,0.005,4
2025-02-13,12.3,12.45,12.25,12.4,3568300,0.008130081300812941,-0.01195219123505975,-0.004016064257028051,0.03333333333333344,0.016393442622950838,0.03765690376569042,12.4,12.01,12.034166666666668,12.20902619110184,12.095657283927746,0.11336890717409354,0.05790521579657814,0.055463691377515396,0.009142653804362381,0.004472878336896403,58.041495587398664,12.01,0.29000907427052325,12.590018148541047,11.429981851458953,0.09658920042315519,0.8361963767694081,0.301893356317449,0.0243462384126975,15.158855759038039,24.742523077756413,17.363882497368376,80.00000000000007,81.66666666666679,1896053674.0,1870320514.0,0.22847320700779067,-1.0348541559200042,0.29241563670566945,4718475.0,-0.5954880264276259,0.7562400987607225,0.016129032258064457,0.032472939217318864,0.030399556817394924,3.0,2.0,-0.004016064257028051,0.0,1267.25,1270.35,0.0027152678564379418,-0.0008887280963917332,0.01973076892203207,0.10330554605387549,0.0054148134443749996,0.03422206142972517,0.017926134843658348,0.017579282090907533,1.01462821882915,0.33186270267172835,12.45,12.75,0.024096385542168752,0.012101571795353427,0.011994813746815325,12.45,12.4,12.45,13.25,0.06425702811244993,0.023702172960110124,0.04055485515233981,12.45,12.35,-0.008032128514056214,0.03815987225248918,-0.046192000766545394,-0.0019106518,0.005,4
2025-02-14,12.45,12.55,12.3,12.4,2942300,0.0,0.008130081300812941,-0.01195219123505975,0.008130081300812941,0.016393442622950838,0.06437768240343344,12.42,12.0475,12.045,12.238406777086173,12.118201188821986,0.12020558826418615,0.07036529029009975,0.0498402979740864,0.009693999053563399,0.004019378868877935,58.041495587398664,12.0475,0.28949820470542986,12.626496409410858,11.46850359058914,0.09611893080072365,0.8044060328100109,0.2981866880090598,0.024047313549117724,15.6639347646272,25.656229007619377,16.32403282339256,80.00000000000007,76.66666666666676,1896053674.0,1872745169.0,0.20524405211163463,-1.2166168263269053,1.465457396066128,4635040.0,-0.8583930712533387,0.6347949532258621,0.020161290322580645,0.029259182402988193,0.029472810294728147,4.0,2.0,0.0,0.0,1277.52,1276.08,0.004510567953713629,0.0006900878293600865,0.03705870879656703,0.09117554817780602,-0.004510567953713629,0.007439993471452855,0.027318973606866415,0.02634274547346327,1.2549507922152656,0.41341234642874225,12.45,12.95,0.04016064257028118,0.015370521172638485,0.024790121397642695,12.45,12.45,12.45,13.0,0.04417670682730934,0.022112252568278645,0.022064454259030697,12.45,12.45,0.0,0.03839106740165388,-0.03839106740165388,-0.0019106518,0.005,4
2025-02-17,12.45,12.75,12.4,12.45,4958100,0.004032258064516014,0.004032258064516014,0.012195121951219301,0.0,0.05063291139240511,0.05508474576271172,12.42,12.080000000000002,12.055833333333334,12.270959580611377,12.142778878538877,0.1281807020725001,0.08192837264657982,0.04625232942592028,0.010295638720682738,0.0037150465402345607,59.181935028796374,12.080000000000002,0.2966479394861041,12.67329587897221,11.486704121027794,0.09822779453182254,0.8118174363868532,0.3018876388655555,0.024248003121731365,16.74092649950851,28.263708089369725,14.972202645388618,73.91304347826082,77.97101449275367,1901011774.0,1875077029.0,0.20209357047839677,-1.184206536388651,1.5476813321381,4542245.0,0.21810888136410098,1.0915527453935223,0.02811244979919676,0.030629139072847478,0.03269509919126268,0.0,2.0,0.008000000000000007,1.0,1277.12,1272.72,-0.0026330637577580696,0.007488561341291611,0.030000404645328382,0.09204788963823406,0.006665321822274084,-0.007488561341291611,0.025084341117383335,0.024353719672586926,1.3336877457354634,0.42809181879501035,12.5,13.0,0.040000000000000036,0.023947254817314745,0.01605274518268529,12.5,12.6,12.5,12.7,0.016000000000000014,0.02772261685177191,-0.011722616851771894,12.5,12.45,-0.0040000000000000036,0.04882853891134564,-0.052828538911345646,-0.0019106518,0.005,4
2025-02-18,12.5,12.85,12.45,12.6,6826700,0.012048192771084265,0.016129032258064502,0.016129032258064502,0.003984063745019917,0.05882352941176472,0.09090909090909083,12.430000000000001,12.1325,12.075833333333332,12.321581183594242,12.17664710975822,0.14493407383602275,0.09452951288446841,0.050404560951554336,0.011502704272700219,0.00400036198028209,62.4769423771442,12.1325,0.2907680392218691,12.714036078443739,11.550963921556262,0.09586417942612627,0.9019527053687593,0.308895664660873,0.024515528941339126,18.016312188822106,27.96183009876795,13.58734274808537,80.0,77.97101449275364,1907838474.0,1877899039.0,0.1834288503671887,-1.5155867832695604,3.559328628933394,4734765.0,1.0814439010198789,1.4418244622489185,0.03174603174603177,0.03853286626828756,0.04340625215651106,1.0,2.0,0.011904761904761862,1.0,1274.05,1278.14,0.004258595763404482,0.007639244747526641,0.03992449575695467,0.08886097848500753,0.007789597007679783,-0.0036551810025067244,0.05098459515213616,0.04902720857154619,1.3143284994659057,0.4339981920607314,12.6,13.0,0.031746031746031855,0.017616742152116283,0.014129289593915573,12.6,12.75,12.6,12.65,0.003968253968253954,0.024449476807746562,-0.020481222839492608,12.6,12.5,-0.007936507936507908,0.039333125097610555,-0.04726963303411846,-0.0019106518,0.005,4
2025-02-19,12.6,12.8,12.6,12.75,5404400,0.011904761904761862,0.024096385542168752,0.028225806451612767,0.03658536585365857,0.0625,0.09442060085836901,12.52,12.1875,12.098333333333333,12.38749177073359,12.219117694220573,0.1683740765130164,0.10929842561017801,0.05907565090283838,0.013205809922589521,0.004633384384536344,65.47806530580397,12.1875,0.2986262406090579,12.784752481218115,11.590247518781885,0.09801066358451122,0.9709063735095446,0.30111740289938216,0.02361705120779468,19.200598900327588,26.635255441008418,12.942727410239616,92.00000000000003,81.97101449275364,1913242874.0,1880866779.0,0.1847799440271983,-1.516366074542664,3.4679328349874745,4880495.0,0.2809290834159628,1.1073466933169689,0.015686274509804005,0.04615384615384621,0.05386416861826704,2.0,2.0,0.0,0.0,1280.6,1288.56,0.008152471560235908,0.017088822410431526,0.04237247002863653,0.0905882369788135,0.0037522903445259548,0.019496543443227043,0.052048130829732475,0.04993237285737462,1.3761667927169887,0.44679458403962286,12.75,12.7,-0.0039215686274510775,0.00774977957213796,-0.011671348199589038,12.75,12.75,12.75,12.5,-0.019607843137254943,0.009103283988429522,-0.028711127125684466,12.75,12.4,-0.027450980392156876,0.02451003140130248,-0.051961011793459355,-0.0019106518,0.005,4
2025-02-20,12.75,12.85,12.6,12.75,5808200,0.0,0.011904761904761862,0.024096385542168752,0.028225806451612767,0.0625,0.0851063829787233,12.59,12.2375,12.116666666666667,12.443262267543806,12.258442309463494,0.18481995808031293,0.124402732104205,0.060417225976107936,0.01449568298669121,0.004738605958910427,65.47806530580397,12.2375,0.30516389039555697,12.847827780791114,11.627172219208887,0.09974713475646388,0.9198563592629614,0.2974661598351406,0.023330679202756124,20.446348811490438,26.236935496415743,12.165764637553817,92.00000000000003,88.00000000000004,1913242874.0,1883585789.0,0.18482908410029983,-1.3981671571665177,3.1953649433354703,4922175.0,0.4721953261021955,1.1800068059343685,0.0196078431372549,0.04187946884576088,0.05226960110041268,3.0,2.0,0.019685039370078705,1.0,1292.94,1292.98,0.0034301856335754444,0.017813988270948933,0.0407450336456423,0.09009033007479544,-0.0034301856335754444,0.010411818180663834,0.044361349333081,0.042624608236358164,1.3372501176254579,0.4319115662843999,12.7,13.25,0.04330708661417337,0.010953672997688457,0.032353413616484916,12.7,12.95,12.7,12.55,-0.011811023622047112,0.019008526394718617,-0.03081955001676573,12.7,12.4,-0.023622047244094446,0.023422462373321462,-0.04704450961741591,-0.0019106518,0.005,4
2025-02-21,12.7,12.95,12.55,12.95,8030500,0.015686274509803866,0.015686274509803866,0.02777777777777768,0.04435483870967727,0.05284552845528445,0.09745762711864403,12.7,12.294999999999998,12.138333333333332,12.521221918690912,12.30966880505879,0.2115531136321227,0.14183280840978854,0.06972030522233416,0.01633614777082029,0.005383807353075997,69.27774320557465,12.294999999999998,0.3260206645069632,12.947041329013924,11.642958670986072,0.10606609662690948,1.0022687756545658,0.3047900055612019,0.023535907765343776,21.88863566875426,26.120983485068667,11.025329357470847,100.0,94.6666666666667,1921273374.0,1886594399.0,0.18930926375548035,-1.4082731693105908,2.9578077108103495,5211775.0,1.4934960269895055,1.5408378143722627,0.03088803088803078,0.0532736884912568,0.06686804888095566,4.0,2.0,0.0,0.0,1293.63,1296.75,0.0029157450231247495,0.016198044009779977,0.03813915507841581,0.0892625252443593,0.012770529486679116,0.028156794699897292,0.05931847204022822,0.057139230083030235,1.404341256658581,0.4438515614289123,13.0,13.0,0.0,0.005368186754364901,-0.005368186754364901,13.0,13.0,13.0,12.55,-0.0346153846153846,0.02130330640254452,-0.05591869101792912,13.0,12.35,-0.050000000000000044,0.018091636565284785,-0.06809163656528483,-0.0019106518,0.005,4
2025-02-24,13.0,13.2,12.8,13.0,8859100,0.0038610038610038533,0.019607843137254832,0.019607843137254832,0.04417670682730934,0.04417670682730934,0.10169491525423724,12.809999999999999,12.355,12.16,12.594880085046157,12.360804449128509,0.23407563591764813,0.16028137391136046,0.07379426200628766,0.018005818147511395,0.005676481692791359,70.1619360356074,12.355,0.3402398534799943,13.03547970695999,11.674520293040011,0.11015454584540497,0.9739303710330367,0.31159071944968736,0.02396851688074518,23.843540481681867,29.45677112884352,10.014357622594396,84.61538461538466,92.20512820512825,1930132474.0,1890045964.0,0.1885246361318789,-1.476451577875297,3.1812469178579454,5479860.0,1.6829344286149817,1.6166653892617695,0.03076923076923066,0.05220558478348836,0.06907894736842102,0.0,2.0,-0.011406844106463865,0.0,1298.39,1304.56,0.006022749180643938,0.02501728581306173,0.04402384858549069,0.0902325044249538,-0.002161745319640085,0.019159421014247613,0.05767106666874655,0.05523922345919874,1.3941166201421933,0.44319798846206937,13.15,12.7,-0.034220532319391705,0.001920634191879822,-0.03614116651127153,13.15,13.0,13.15,12.55,-0.04562737642585546,0.017920817838177117,-0.06354819426403258,13.15,12.35,-0.06083650190114076,0.017951425554382228,-0.07878792745552299,-0.0019106518,0.005,4
2025-02-25,13.15,13.2,12.85,13.0,6235000,0.0,0.0038610038610038533,0.019607843137254832,0.031746031746031855,0.03585657370517925,0.08786610878661105,12.89,12.407499999999999,12.175,12.657206225808286,12.408152267711582,0.24905395809670416,0.1780358907484292,0.07101806734827495,0.01915799677666955,0.005462928257559612,70.1619360356074,12.407499999999999,0.35514081714349716,13.117781634286994,11.697218365713004,0.11449230453951154,0.9170880756298684,0.3143342394889954,0.02417955688376888,25.658809236543213,27.11398060300623,9.21788396776169,83.33333333333339,89.31623931623938,1930132474.0,1893338089.0,0.18695114028146034,-1.3551579174548964,3.013359699308203,5632170.0,0.3108372302161656,1.107033345939487,0.026923076923076897,0.0477533749748138,0.06776180698151935,1.0,2.0,-0.023076923076923106,0.0,1306.86,1303.16,-0.001073158766173976,0.019575320387438033,0.04579926008554769,0.08919575931766657,0.001073158766173976,0.012170711358593822,0.042066848701063364,0.04022459214364171,1.33712234495076,0.434739032487741,13.0,12.65,-0.02692307692307694,0.005171779705170243,-0.03209485662824718,13.0,12.7,13.0,12.5,-0.038461538461538436,0.020978270863342363,-0.0594398093248808,13.0,12.7,-0.023076923076923106,0.02050323332005277,-0.04358015639697588,-0.0019106518,0.005,4
2025-02-26,13.0,13.15,12.65,12.7,9174400,-0.023076923076923106,-0.023076923076923106,-0.019305019305019266,-0.0039215686274510775,0.03252032520325199,0.04958677685950419,12.88,12.4375,12.184166666666668,12.663789883376243,12.429770618251466,0.23401926512477722,0.18923256562369883,0.044786699501078386,0.01842671378935254,0.0035265117717384557,58.45515921892457,12.4375,0.35313446075081906,13.143768921501637,11.731231078498363,0.11357088184950952,0.6858357291454108,0.32759607952549574,0.02579496689177132,26.078720960217677,24.15803420856227,12.573727811979884,58.33333333333331,75.42735042735048,1920958074.0,1895902999.0,0.20768518645630266,-1.081393975560913,1.2531180811928513,5822395.0,1.6016764999773234,1.575708965125176,0.03937007874015748,0.021105527638190846,0.04233636550167552,2.0,2.0,0.03515625,1.0,1305.16,1302.96,-0.00015347309616631222,0.011175265412553648,0.04863464061229905,0.0876428495318085,-0.022923449980756794,-0.015096834040004725,0.0009521362472051376,0.0009079771069255838,1.358179344945744,0.432584739602236,12.8,12.5,-0.0234375,-0.00198881673053819,-0.02144868326946181,12.8,13.25,12.8,12.7,-0.007812500000000111,0.02072958976830286,-0.02854208976830297,12.8,12.7,-0.007812500000000111,0.014365376230580429,-0.02217787623058054,-0.0019106518,0.005,4
2025-02-27,12.8,13.3,12.65,13.25,14305400,0.04330708661417337,0.019230769230769162,0.019230769230769162,0.03921568627450989,0.06854838709677424,0.08606557377049184,12.98,12.49,12.209166666666668,12.753976055164513,12.490528350232838,0.263447704931675,0.20407559348529408,0.05937211144638094,0.019882845655220756,0.004480914071424976,68.7498623486037,12.49,0.39189149948649266,13.273782998972985,11.706217001027015,0.1255056843831841,0.9848280716702528,0.3506249309879604,0.026462258942487576,26.896522205504635,24.014877116862888,10.9087571603009,95.4545454545454,79.04040404040406,1935263474.0,1899011414.0,0.2529029004563142,0.01263806107673312,1.640539438921857,6365900.0,2.888247566577417,2.247192070249297,0.04905660377358493,0.0608486789431546,0.0852501535731347,3.0,2.0,-0.018867924528301883,0.0,1307.31,1307.8,0.003714619021305321,0.01146189422883559,0.0382413883441961,0.07695946224672294,0.03959246759286805,0.027753792045674297,0.04782418542629574,0.04606268442309602,1.3951332671650511,0.43915544704318066,13.25,12.55,-0.05283018867924527,0.008476521260155634,-0.061306709939400905,13.25,13.0,13.25,12.35,-0.06792452830188678,0.014635004666676776,-0.08255953296856355,13.25,12.6,-0.049056603773584895,0.012753033339963471,-0.061809637113548366,-0.002727776,0.005,4
2025-02-28,13.25,13.25,12.85,13.0,5140400,-0.018867924528301883,0.023622047244094446,0.0,0.0038610038610038533,0.048387096774193505,0.06557377049180335,12.99,12.530000000000001,12.226666666666667,12.791825892831511,12.52826699095633,0.2635589018751805,0.21597225516327137,0.047586646711909125,0.02027376168270619,0.0036605112855314713,61.31267082437682,12.530000000000001,0.4014447592610878,13.332889518522176,11.727110481477826,0.12815475155980444,0.7926928233320921,0.3541517216316775,0.027242440125513655,27.65590907612824,22.077460737705266,10.028685832191565,71.42857142857137,75.07215007215005,1930123074.0,1901862809.0,0.26566128907506,0.04569088597476686,0.9645264427962958,6440960.0,-0.4834078050670676,0.7980797893481717,0.030769230769230795,0.03750997605746198,0.06324972737186485,4.0,2.0,-0.023076923076923106,0.0,1307.14,1305.36,-0.0018657287046949245,0.006639676113360249,0.03186435318762104,0.07750669022110815,-0.017002195823606958,-0.0027786722523563956,0.03370941730418231,0.03266845801974605,1.4232896791149856,0.44661441433208904,13.0,12.55,-0.0346153846153846,0.014598651843577004,-0.04921403645896161,13.0,12.7,13.0,12.45,-0.04230769230769238,0.014675164693910281,-0.05698285700160266,13.0,12.4,-0.0461538461538461,0.008026197999954077,-0.05418004415380018,-0.0024160603,0.005,4
2025-03-03,13.0,13.1,12.65,12.7,8965900,-0.023076923076923106,-0.04150943396226425,0.0,-0.023076923076923106,0.02008032128514059,0.07172995780590719,12.930000000000001,12.5725,12.239166666666668,12.777698832395894,12.540987954589195,0.23671087780669886,0.22011997969195687,0.016590898114741987,0.01863865179580306,0.0013063699302946446,53.792544288175314,12.5725,0.3693789239724362,13.311257847944873,11.833742152055127,0.11751964174903529,0.5862934995240238,0.3609980272294148,0.028425041514127152,27.190315221637324,20.111708536743446,13.093026158444069,42.85714285714276,69.91341991341987,1921157174.0,1904655289.0,0.25731121283941555,0.19023882603855727,0.9694748126713559,6499875.0,0.9019880372776439,1.3793957576107232,0.035433070866141676,0.010141181149333933,0.03765234561176545,0.0,3.0,0.0,0.0,1306.97,1309.37,0.0030719495005209208,0.00368706690378362,0.044963009664573006,0.06559662960406272,-0.026148872577444027,-0.026763989980706726,0.02676694814133418,0.025615211154628614,1.4210360048984683,0.4365430797702109,12.65,12.55,-0.007905138339920903,0.01795197502333923,-0.02585711336326013,12.65,12.65,12.65,12.45,-0.015810276679842028,0.022527968656739228,-0.038338245336581256,12.65,12.2,-0.035573122529644396,3.060865306614424e-05,-0.03560373118271054,-0.0024160603,0.005,4
2025-03-04,12.65,12.8,12.5,12.65,10577000,-0.00393700787401563,-0.02692307692307694,-0.04528301886792452,-0.02692307692307694,0.003968253968253954,0.06302521008403361,12.86,12.610000000000001,12.255833333333332,12.758052858181141,12.54906292091592,0.20898993726522086,0.2178939712066097,-0.008904033941388834,0.01652094365732971,-0.000703876200900303,52.633837942308155,12.610000000000001,0.3338767500319197,13.27775350006384,11.942246499936163,0.1059085646413701,0.5299511720988171,0.3566410252844567,0.02819296642564875,25.9982106748641,18.903308065747492,15.31056051121632,38.0952380952381,50.79365079365076,1910580174.0,1906732859.0,0.2586734675236707,0.26491633747358084,0.9061433968352524,6842665.0,1.335435951448259,1.5457427771197334,0.0237154150197629,0.003172085646312439,0.03216155572176538,1.0,3.0,-0.015748031496062964,0.0,1306.82,1311.91,0.0019398642095054264,0.006714447957273162,0.03734541544106018,0.06001393673741995,-0.005876872083521056,-0.0336375248803501,0.02567979464297343,0.02475529776362384,1.4146414620245824,0.44163398739067156,12.7,12.5,-0.015748031496062964,0.015005636635081254,-0.03075366813114422,12.7,12.5,12.7,12.5,-0.015748031496062964,0.013809755948935187,-0.02955778744499815,12.7,12.3,-0.03149606299212593,0.0034200664208889897,-0.03491612941301492,-0.0024160603,0.005,4
2025-03-05,12.7,12.75,12.4,12.5,3725200,-0.011857707509881465,-0.015748031496062964,-0.038461538461538436,-0.015748031496062964,-0.019607843137254943,0.04166666666666674,12.819999999999999,12.635000000000002,12.2675,12.718352418460967,12.545428630477705,0.1729237879832617,0.20889993456194011,-0.035976146578678425,0.013833903038660935,-0.002878091726294274,49.2092819942573,12.635000000000002,0.3030980386838263,13.241196077367654,12.028803922632349,0.09595505775506963,0.3886498898291903,0.35616666633556693,0.028493333306845354,24.423186530024307,17.576449753862576,16.241365476532632,19.99999999999993,33.65079365079362,1906854974.0,1908367039.0,0.2632116127396518,0.40987608826647576,0.7486268756004398,6771795.0,-1.0656321740145935,0.5501052527431796,0.027999999999999973,-0.010684606252473361,0.01895251681271648,2.0,3.0,0.0040000000000000036,1.0,1312.84,1304.71,-0.0054881813539038315,0.0013430957205133875,0.027646285079670152,0.06480548045967353,-0.006369526155977634,-0.01709112721657635,0.014020381586996589,0.01364319784984147,1.4405041069467213,0.4531704888040213,12.5,12.7,0.016000000000000014,0.020175532484212777,-0.004175532484212763,12.5,12.55,12.5,12.4,-0.008000000000000007,0.0126985825904804,-0.020698582590480408,12.5,12.4,-0.008000000000000007,0.007499885322854283,-0.01549988532285429,-0.0024160603,0.005,4
2025-03-06,12.5,12.6,12.35,12.55,4907400,0.0040000000000000036,-0.007905138339920903,-0.011811023622047112,-0.05283018867924527,-0.015686274509803866,0.04583333333333339,12.68,12.6625,12.286666666666667,12.692452046390049,12.545767250442319,0.14668479594772954,0.196456906839098,-0.04977211089136846,0.011688031549619882,-0.003965905250308243,50.368486797500196,12.6625,0.26500993030308395,13.192519860606168,12.13248013939383,0.08371488420235637,0.39387190144975337,0.34858333302588357,0.027775564384532554,22.730909480551727,16.676047627772366,16.43391189879192,21.05263157894746,26.382623224728516,1911762374.0,1910246589.0,0.26315658036367584,0.370125614129834,0.7289407885395898,6647815.0,-0.6033632038273236,0.7381974378047524,0.0199203187250996,-0.008884501480750151,0.02143244709712433,3.0,3.0,-0.003968253968253843,0.0,1308.02,1318.22,0.010354791486230752,0.007967579140541359,0.03676031081888831,0.07223168049943517,-0.006354791486230749,-0.06079776781978663,0.009073022514445084,0.008751321226097897,1.2972037628698598,0.42262835572250373,12.6,12.35,-0.019841269841269882,0.004689109750924292,-0.024530379592194174,12.6,12.55,12.6,12.4,-0.015873015873015817,0.002916489909702502,-0.01878950578271832,12.6,11.55,-0.08333333333333326,-0.06835949336403857,-0.014973839969294689,-0.0024160603,0.005,4
2025-03-07,12.6,12.7,12.45,12.55,4677300,0.0,0.0040000000000000036,-0.007905138339920903,-0.0346153846153846,-0.030888030888030826,0.020325203252032464,12.59,12.675,12.300833333333333,12.670536346945426,12.546080787446591,0.12445555949883413,0.18205663737104524,-0.05760107787221111,0.009916777649309491,-0.004589727320494908,50.36848679750018,12.675,0.2526178724378678,13.180235744875736,12.169764255124266,0.07972161654843947,0.37629537174696115,0.3415416663811776,0.02721447540885877,21.60256090756427,17.89551567662597,15.574682289743553,21.05263157894746,20.701754385964968,1911762374.0,1911755619.0,0.2492410792308007,0.5263786612220398,1.6082176213438866,6511160.0,-0.629951731667903,0.718351261526364,0.0199203187250996,-0.009861932938856066,0.020256080211367822,4.0,3.0,0.0,0.0,1320.08,1326.05,0.005939827949811072,0.015850033707176525,0.03987609786700119,0.07362452163338144,-0.005939827949811072,-0.05046541832256113,-0.019550894614968728,-0.018801177039333483,1.3032142978185453,0.38639813184270344,12.55,12.45,-0.007968127490039945,-0.004092820666866781,-0.0038753068231731636,12.55,12.55,12.55,12.35,-0.015936254980079778,-0.007299489336136777,-0.008636765643943,12.55,11.0,-0.12350597609561753,-0.09081556022829662,-0.03269041586732091,-0.0024160603,0.005,4
2025-03-10,12.55,12.6,12.4,12.55,3943200,0.0,0.0,0.0040000000000000036,-0.011811023622047112,-0.0346153846153846,0.008032128514056325,12.56,12.680000000000001,12.311666666666667,12.651992293569206,12.546371099487585,0.10562119408162118,0.16676954871316044,-0.06114835463153925,0.00841603140092599,-0.004872378855102729,50.36848679750018,12.680000000000001,0.24889228276988273,13.177784565539767,12.182215434460236,0.07851491570027845,0.36942142344345574,0.3314315473539506,0.026408888235374548,20.30618581653967,17.124164168319556,15.980942336307567,21.05263157894746,21.05263157894746,1911762374.0,1912839174.0,0.24579109584569866,0.6587921005554591,1.9998928388989212,6282845.0,-0.7998331047773908,0.6276137641466565,0.015936254980079625,-0.010252365930599416,0.019358332205225315,0.0,3.0,0.004016064257028162,1.0,1331.6,1330.28,0.0031899249651219375,0.01596951205541597,0.05305321153206788,0.0602759251327305,-0.0031899249651219375,-0.02778053567746308,-0.045021083018011554,-0.04275290415050459,1.2861963786909862,0.3843592868807208,12.45,12.45,0.0,0.012955115716700494,-0.012955115716700494,12.45,12.5,12.45,12.35,-0.008032128514056214,0.0084522843909427,-0.016484412904998913,12.45,10.25,-0.17670682730923692,-0.14128580850079986,-0.035421018808437066,-0.0024160603,0.005,4
2025-03-11,12.45,12.55,12.3,12.5,2964900,-0.003984063745020028,-0.003984063745020028,-0.003984063745020028,-0.011857707509881465,-0.038461538461538436,-0.003984063745020028,12.530000000000001,12.6775,12.31,12.628608863789328,12.542936203229246,0.08567266056008194,0.15055017108254473,-0.0648775105224628,0.006853812844806555,-0.005190200841797023,48.97249739432543,12.6775,0.2505126323136601,13.17852526462732,12.17647473537268,0.07904165089762484,0.32286322414097113,0.3256150082572398,0.026049200660579187,19.09320291841288,16.185053138089422,17.29817813047483,19.99999999999993,20.70175438596497,1908797474.0,1913524429.0,0.24461388983174615,0.7901383235053878,2.2434253739927774,6181035.0,-1.0697516687126813,0.47967694730736843,0.02,-0.014001183198580125,0.015434606011372809,1.0,3.0,0.016000000000000014,1.0,1319.17,1332.54,0.001698890459151503,0.015725164073755016,0.05052623280381563,0.060079950186747264,-0.005682954204171531,-0.02758287158363648,-0.05451029654883566,-0.05188856293797606,1.212555143636425,0.3994146320351746,12.5,12.5,0.0,-0.004978955316492617,0.004978955316492617,12.5,12.7,12.5,12.7,0.016000000000000014,-0.0042687439725485055,0.02026874397254852,12.5,9.81,-0.21519999999999995,-0.18191129086518698,-0.033288709134812966,-0.0024160603,0.005,4
2025-03-12,12.5,12.95,12.5,12.7,7913700,0.016000000000000014,0.01195219123505975,0.01195219123505975,0.016000000000000014,0.0,0.03252032520325199,12.57,12.6975,12.314166666666667,12.639592115514047,12.554570558545597,0.08502155696844937,0.13744444825972568,-0.05242289129127631,0.006694610784917274,-0.0041277867158485285,54.414901551383814,12.6975,0.23422604916322567,13.165952098326452,12.229047901673548,0.07378650889174278,0.5026683624739122,0.3344996505245798,0.026338555159415734,19.1163622453542,23.17133549327522,15.635955561310473,39.99999999999986,27.017543859649106,1916711174.0,1914735719.0,0.23915690972319123,0.6507299236211237,2.1658716634449053,6446370.0,0.5047700849414507,1.2276211263082943,0.035433070866141676,0.00019688915140769758,0.031332476145361055,2.0,3.0,-0.027559055118110187,0.0,1337.63,1334.41,0.0014033349843156628,0.022763679285051852,0.05327923846208482,0.05865005975832184,0.014596665015684351,-0.006763679285051838,-0.020758913258832834,-0.0197088412082852,1.2057469388705702,0.39536634321005193,12.7,12.4,-0.023622047244094446,-0.008258089633589316,-0.01536395761050513,12.7,12.35,12.7,12.7,0.0,-0.0071649970800953255,0.0071649970800953255,12.7,10.45,-0.17716535433070868,-0.12527140140454918,-0.0518939529261595,-0.0024160603,0.005,4
2025-03-13,12.7,12.7,12.35,12.35,4202100,-0.027559055118110187,-0.01200000000000001,-0.015936254980079778,-0.015936254980079778,-0.06792452830188678,-0.0040322580645162365,12.53,12.695,12.311666666666667,12.59503948235804,12.539417183838516,0.05562229851952338,0.12108001831168523,-0.06545771979216185,0.004503829839637521,-0.005300220226085979,45.307765016434765,12.695,0.23780797207053017,13.17061594414106,12.21938405585894,0.07492964854526347,0.13731241114818546,0.33560681834425266,0.02717464116147795,18.441568383340293,21.44525796544123,17.663714370721046,4.999999999999893,21.666666666666583,1912509074.0,1915558489.0,0.2591630145174146,0.5367446008396838,1.5336555649553738,6478060.0,-0.7910320128942239,0.648666421737372,0.02834008097165989,-0.027176053564395453,0.0031135779071340686,3.0,3.0,0.00809716599190291,1.0,1335.66,1326.27,-0.00610007419009162,0.00610671966743026,0.04401936474200019,0.06628162954382306,-0.021458980928018567,-0.02204297464751004,-0.048051622806516425,-0.04602560491623742,1.2988100394448527,0.42042512634761675,12.35,12.4,0.004048582995951566,-0.001440596150364959,0.005489179146316525,12.35,12.45,12.35,12.6,0.020242914979757165,-0.0015311048090267398,0.021774019788783905,12.35,11.15,-0.09716599190283393,-0.077973209437036,-0.01919278246579792,-0.0024160603,0.005,4
2025-03-14,12.35,12.55,12.3,12.45,3135200,0.00809716599190291,-0.019685039370078705,-0.0040000000000000036,-0.007968127490039945,-0.04230769230769238,0.004032258064516014,12.51,12.697500000000002,12.3125,12.572725715841418,12.532793688739368,0.03993202710205068,0.10485042006975832,-0.06491839296770764,0.0032073917351044725,-0.005214328752426317,47.98630624306021,12.697500000000002,0.23478713764035436,13.16707427528071,12.227925724719293,0.07396326446634505,0.2364634169407507,0.3294920456053775,0.026465224546616668,17.591959709762115,20.283011288458276,17.79033164963127,14.999999999999858,19.99999999999989,1915644274.0,1916538019.0,0.26078324312733653,0.45183755314644125,1.353157720065093,6487705.0,-1.17014880501816,0.48325255232782627,0.020080321285140562,-0.019492025989368167,0.011167512690355208,4.0,3.0,-0.0040000000000000036,0.0,1325.84,1326.15,-9.047931416672483e-05,7.54119377097684e-05,0.03923735189016386,0.0661336221827978,0.008187645306069635,-0.008043539427749713,-0.03520509382564785,-0.033875893472859575,1.2879638528756348,0.41654820551270955,12.5,12.35,-0.01200000000000001,-0.006568366626083955,-0.005431633373916056,12.5,12.45,12.5,12.4,-0.008000000000000007,-0.00989012640723863,0.0018901264072386237,12.5,11.4,-0.08799999999999997,-0.06702138852564954,-0.020978611474350428,-0.0024160603,0.005,4
2025-03-17,12.5,12.55,12.3,12.45,3046900,0.0,0.00809716599190291,-0.019685039370078705,-0.007968127490039945,-0.019685039370078705,0.0,12.489999999999998,12.6975,12.313333333333333,12.5538448364812,12.526660822906821,0.02718401357437905,0.08931713877068248,-0.06213312519630343,0.0021834549055726148,-0.00499061246556654,47.98630624306021,12.6975,0.23478713764035436,13.167074275280708,12.227925724719292,0.07396326446634506,0.2364634169407526,0.32381404234785055,0.026009160027939803,16.803037370010948,19.16447848016839,16.80926087382424,14.999999999999858,11.666666666666558,1915644274.0,1917269644.0,0.2604162923375851,0.49404569453291314,1.4093616018844641,6392145.0,-1.1342274519391786,0.4766631545435844,0.020080321285140562,-0.019492025989368056,0.011099079588521965,0.0,3.0,0.004016064257028162,1.0,1330.62,1336.26,0.007623571994118228,0.0044952942237723725,0.049924570997548434,0.0667568271222461,-0.007623571994118228,-0.012463421713812317,-0.049924570997548434,-0.04755062637510654,1.2687088096264298,0.41320538662748774,12.45,12.35,-0.008032128514056214,-0.007342406876790886,-0.0006897216372653281,12.45,12.5,12.45,12.2,-0.02008032128514059,-0.024847779369627676,0.004767458084487086,12.45,12.15,-0.02409638554216864,-0.08384819723018155,0.05975181168801291,-0.0024160603,0.005,4
2025-03-18,12.45,12.6,12.4,12.5,3732700,0.004016064257028162,0.004016064257028162,0.012145748987854255,0.0,-0.011857707509881465,-0.007936507936507908,12.489999999999998,12.692499999999999,12.313333333333333,12.545561015484093,12.524685947135946,0.020875068348146897,0.07562872468617537,-0.05475365633802848,0.0016700054678517517,-0.004380292507042278,49.422681243089166,12.692499999999999,0.2380153688122353,13.16853073762447,12.216469262375528,0.0750097675988925,0.2978071742167022,0.3149701821801469,0.02519761457441175,16.283821548065482,19.429153036227685,16.046863949342846,19.99999999999993,16.66666666666657,1919376974.0,1917846569.0,0.25707902478133854,0.5737020033384773,1.715631924748497,6237445.0,-0.8332576275448585,0.5984341344893622,0.015999999999999945,-0.015166436872168565,0.015159718462371519,1.0,3.0,-0.004016064257028051,0.0,1340.16,1330.97,-0.00395881041114754,-0.0011782010296125245,0.0413335002425399,0.0700890191237296,0.007974874668175702,0.0011782010296125245,-0.04927000817904781,-0.047314340859649806,1.2407024937519928,0.4074334787887253,12.45,12.7,0.02008032128514059,0.0011425135297655764,0.018937807755375013,12.45,12.4,12.45,12.3,-0.012048192771084265,-0.009824113048707228,-0.002224079722377037,12.45,12.5,0.004016064257028162,-0.0902736019242334,0.09428966618126156,-0.0024160603,0.005,4
2025-03-19,12.45,12.45,12.2,12.4,5066200,-0.008000000000000007,-0.004016064257028051,-0.004016064257028051,-0.023622047244094446,-0.008000000000000007,-0.027450980392156876,12.43,12.675,12.3125,12.523167013101926,12.515449951051803,0.0077170620501227916,0.06204639215896486,-0.05432933010884207,0.00062234371371958,-0.004381397589422747,46.648091957213104,12.675,0.24628823507872408,13.16757647015745,12.182423529842552,0.07772409785521872,0.2208555253237142,0.3139008834529936,0.02531458737524142,15.38654166701302,18.102814005086355,19.502445361845652,19.047619047619136,18.015873015872995,1914310774.0,1917899964.0,0.2542659270151132,0.7680823662062678,2.135833235320795,6220535.0,-0.38326500822912557,0.8144315561282108,0.020161290322580645,-0.021696252465483234,0.007106598984771617,2.0,3.0,-0.004016064257028051,0.0,1330.4,1324.63,-0.004763443203077422,-0.007329081766473511,0.02799248773825047,0.07013541501951208,-0.003236556796922585,-0.016292965477620935,-0.05544346813040735,-0.053933728885890875,1.2428593252959013,0.41045397359838615,12.45,12.7,0.02008032128514059,-0.0005351220982816596,0.02061544338342225,12.45,12.4,12.45,12.4,-0.004016064257028051,-0.006760627072656011,0.00274456281562796,12.45,12.4,-0.004016064257028051,-0.08256707868555924,0.07855101442853119,-0.0024160603,0.005,4
2025-03-20,12.45,12.55,12.2,12.4,4435700,0.0,-0.008000000000000007,-0.004016064257028051,0.004048582995951566,-0.01195219123505975,-0.027450980392156876,12.440000000000001,12.6575,12.3125,12.504218241855476,12.506898102825744,-0.0026798609702680665,0.04910114153311828,-0.051781002503386346,-0.0002161178201829086,-0.004175887298660189,46.648091957213104,12.6575,0.2530212181684691,13.16354243633694,12.151457563663062,0.07995930260113591,0.24557469738708956,0.3164793917777799,0.02552253159498225,14.474906080132453,18.929772634804433,17.961867533673853,22.22222222222233,20.423280423280488,1914310774.0,1917953359.0,0.2542659270151132,0.7680823662062678,2.135833235320795,6151910.0,-0.5650513022604173,0.7210281034670534,0.028225806451613017,-0.020343669761011318,0.007106598984771617,3.0,3.0,0.0,0.0,1326.8,1323.93,-0.0005284494538098095,-0.0017643466262524665,0.023936951847669752,0.07001611351728422,0.0005284494538098095,0.005812929622204033,-0.05138793223982663,-0.05018661759114984,1.252436869219758,0.41325100094969386,12.35,12.6,0.020242914979757165,-0.00014350453172207178,0.020386419511479237,12.35,12.35,12.35,11.55,-0.06477732793522262,-0.071117824773414,0.0063404968381913784,12.35,12.4,0.004048582995951566,-0.07921450151057408,0.08326308450652564,-0.0024160603,0.005,4
2025-03-21,12.35,12.5,12.3,12.35,3417500,-0.0040322580645162365,-0.0040322580645162365,-0.01200000000000001,-0.008032128514056214,-0.015936254980079778,-0.04633204633204635,12.419999999999998,12.627500000000001,12.3125,12.480492358493095,12.495276021134949,-0.014783662641853823,0.03632418069812386,-0.051107843339977685,-0.0011970577037938319,-0.00413828691011965,45.1773629754059,12.627500000000001,0.25208342395510625,13.131666847910214,12.123333152089788,0.07985220319306478,0.22479348736410604,0.30815943522222417,0.02495218098965378,13.628387320886212,18.052222599189477,17.129187828641065,20.000000000000046,20.423280423280527,1910893274.0,1917434354.0,0.24633586814022165,0.980137172216553,3.0741816510016866,5921260.0,-0.8176479531135721,0.5771575644372988,0.016194331983805613,-0.021975846367056184,0.003045685279187804,4.0,3.0,0.0,0.0,1324.0,1321.88,-0.0015484202336981667,-0.003219846925310077,0.019379217273954197,0.07035137693082837,-0.0024838378308180697,-0.004812281588746137,-0.06571126360600055,-0.06446203973210973,1.3007392226016294,0.4182224598112395,12.35,12.4,0.004048582995951566,-0.004112177791216309,0.008160760787167876,12.35,12.35,12.35,11.0,-0.10931174089068818,-0.08483634439489007,-0.024475396495798107,12.35,12.0,-0.028340080971659853,-0.08755763852143028,0.05921755754977043,-0.0024160603,0.005,4
2025-03-24,12.35,12.7,12.3,12.35,6018600,0.0,-0.0040322580645162365,-0.0040322580645162365,-0.008032128514056214,-0.015936254980079778,-0.050000000000000044,12.4,12.595,12.314166666666667,12.460416611032619,12.484514834384212,-0.024098223351593617,0.024239699888180366,-0.04833792323977398,-0.0019512731458780257,-0.003914001881763076,45.1773629754059,12.595,0.2432780518823406,13.081556103764681,12.10844389623532,0.07726178702098938,0.24823047321332803,0.3147194755634938,0.025483358345222168,13.706691696973358,20.95256309571843,15.574135140349892,20.000000000000046,20.74074074074083,1910893274.0,1916472394.0,0.24544398223021807,1.0290436827526321,3.231299237293764,5779235.0,0.08022737382637099,1.0414181115666692,0.032388663967611225,-0.019452163556967106,0.002909927590173833,0.0,3.0,0.016000000000000014,1.0,1322.9,1330.32,0.006384845825642138,-0.004445242692290519,0.019746121297602226,0.07070718152287321,-0.006384845825642138,-0.003586885821765695,-0.06974612129760227,-0.06839557399723373,1.2852956237330497,0.41755408369252245,12.5,12.2,-0.02400000000000002,-0.02129125508316554,-0.0027087449168344824,12.5,12.7,12.5,10.25,-0.18000000000000005,-0.1516524500295816,-0.02834754997041844,12.5,11.85,-0.052000000000000046,-0.10346816047450358,0.05146816047450353,-0.0024160603,0.005,4
2025-03-25,12.5,12.85,12.45,12.7,8658200,0.028340080971659853,0.028340080971659853,0.024193548387096753,0.016000000000000014,0.016000000000000014,-0.023076923076923106,12.440000000000001,12.58,12.311666666666667,12.497275593950677,12.5004766985039,-0.0032011045532236437,0.018751538999899564,-0.021952643553123208,-0.000252055476631783,-0.0017285546104821425,56.349892078573085,12.58,0.22559861888641153,13.031197237772822,12.128802762227178,0.07173247023415301,0.6329795374993177,0.32795379873752994,0.02582313375886063,14.33501245656474,21.937832203212714,13.878106265866537,66.66666666666667,35.55555555555561,1919551474.0,1915943344.0,0.26870672530825446,0.8562630016863148,1.5527209834617768,5900395.0,0.9037557499583299,1.4673932846868727,0.03149606299212601,0.009538950715421324,0.031541897928793805,1.0,3.0,-0.007812500000000111,0.0,1335.29,1331.92,0.001202718143003212,0.0007137651487261198,0.022069431228705527,0.07028770289839881,0.02713736282865664,0.015286234851273894,-0.04514635430562863,-0.04417151411265163,1.2046560400328312,0.4107365105493941,12.8,12.3,-0.0390625,-0.01200003000007499,-0.02706246999992501,12.8,12.7,12.8,9.81,-0.23359375000000004,-0.1792729481823705,-0.05432080181762955,12.8,12.0,-0.0625,-0.0917477293693234,0.029247729369323405,-0.0024160603,0.005,4
2025-03-26,12.8,13.1,12.65,12.7,8035800,0.0,0.028340080971659853,0.028340080971659853,0.024193548387096753,0.0,0.0,12.5,12.58,12.310833333333333,12.528463964112111,12.515256202318426,0.013207761793685435,0.017642783558656738,-0.004435021764971302,0.0010399812435972784,-0.00034921431220246476,56.34989207857308,12.58,0.22559861888641153,13.031197237772822,12.128802762227178,0.07173247023415301,0.6329795374993177,0.336671384541992,0.02650955783795213,15.697232028220819,25.147400134423908,12.553128832087934,55.555555555555536,47.40740740740744,1919551474.0,1915873014.0,0.25577020197991507,0.9035415076443163,2.048535655174123,5843465.0,0.7314273022848143,1.3751772278947507,0.035433070866141676,0.009538950715421324,0.03161172409124746,2.0,3.0,-0.007874015748031482,0.0,1333.33,1326.09,-0.004377139768154348,0.0011021945750886442,0.01775188800884142,0.07284042108442007,0.004377139768154348,0.02309135381200811,-0.01775188800884142,-0.017442255050562183,1.1782391739533251,0.40489688732510615,12.7,12.4,-0.023622047244094446,-0.006146397381559421,-0.017475649862535025,12.7,12.6,12.7,10.45,-0.17716535433070868,-0.1188856543839274,-0.05827969994678128,12.7,12.25,-0.03543307086614167,-0.07739935745637194,0.04196628659023027,-0.0024160603,0.005,4
2025-03-27,12.7,12.8,12.6,12.6,1988900,-0.007874015748031482,-0.007874015748031482,0.020242914979757165,0.016129032258064502,0.020242914979757165,-0.049056603773584895,12.54,12.5475,12.3125,12.539469508094863,12.521533520665209,0.017935987429654077,0.017701424332856205,0.00023456309679787193,0.0014234910658455617,1.86161187934819e-05,52.785330355725584,12.5475,0.16179502952902666,12.871090059058053,12.223909940941946,0.05157841148564317,0.5811211570479385,0.3269091427889927,0.02594517006261847,16.68189349244745,24.048475306919784,13.097048906451414,44.444444444444464,55.55555555555558,1917562574.0,1914987969.0,0.19948551078180973,0.2046826731087134,1.359875012753492,5227640.0,-1.3688412565343808,0.3804584860472412,0.01587301587301596,0.004184100418409997,0.023350253807106647,3.0,3.0,-0.027450980392156876,0.0,1325.98,1323.81,-0.001719340316268081,-9.063923319219125e-05,0.012241933017280937,0.0725992827459318,-0.006154675431763401,0.016219671491256693,-0.06129853679086583,-0.060557199609531875,1.381712303118322,0.4667029687065939,12.75,11.55,-0.09411764705882353,-0.07141239183944681,-0.02270525521937672,12.75,12.4,12.75,11.15,-0.12549019607843137,-0.07698464233400282,-0.04850555374442855,12.75,12.45,-0.02352941176470591,-0.07187297080986399,0.04834355904515808,-0.0024160603,0.005,4
2025-03-28,12.75,12.75,12.4,12.4,2941600,-0.015873015873015817,-0.023622047244094446,-0.023622047244094446,0.004048582995951566,-0.004016064257028051,-0.0461538461538461,12.55,12.5175,12.310833333333333,12.518012660695653,12.512531037652971,0.00548162304268196,0.015257464074821358,-0.009775841032139397,0.00044206637440983546,-0.0007883742767854353,46.455848921755,12.5175,0.12489469248882337,12.767289384977646,12.267710615022354,0.039910426998625285,0.26480185494969105,0.32855848973263607,0.02649665239779323,16.55622890970629,22.218627954132675,16.448492379442154,22.22222222222233,40.7407407407408,1914620974.0,1914212864.0,0.1964742490142063,0.23591949720177252,1.5278216031472884,5117700.0,-0.8989311916695688,0.5747894562010278,0.028225806451612875,-0.009386858398242492,0.0072429432072023125,4.0,3.0,-0.004081632653061273,0.0,1324.42,1317.46,-0.0047967608644744475,-0.003343722576935937,0.009269473555187924,0.0746461517436196,-0.011076255008541369,0.007392305572887503,-0.055423319709034025,-0.05491429312114571,1.411333635923062,0.47639198370945435,12.25,11.0,-0.10204081632653061,-0.0782940365889867,-0.02374677973754391,12.25,12.2,12.25,11.4,-0.06938775510204076,-0.054868253762818675,-0.014519501339222085,12.25,13.3,0.08571428571428585,-0.06601396258878889,0.15172824830307474,-0.0024160603,0.005,4
2025-03-31,12.25,12.4,12.15,12.2,6287900,-0.016129032258064613,-0.031746031746031744,-0.03937007874015752,-0.012145748987854255,-0.02008032128514059,-0.03937007874015752,12.52,12.4925,12.314166666666667,12.469087635973246,12.489380590419417,-0.020292954446171407,0.008147380370622804,-0.028440334816794213,-0.0016633569218173286,-0.0023311749849831325,41.1429126846124,12.4925,0.1359905182502929,12.764481036500586,12.220518963499414,0.043543091695110815,-0.037721312786030047,0.3229471690374478,0.026471079429299,15.386947728208723,20.990064116124085,21.068415854717937,5.263157894736734,23.97660818713453,1908333074.0,1913571659.0,0.18809241393868276,0.39378661212085053,1.8789281220171474,4983800.0,0.5755558275594943,1.261667803683936,0.020491803278688527,-0.023414048429057477,-0.009271164647763452,0.0,3.0,0.004081632653061273,1.0,1313.51,1306.86,-0.008045785071273626,-0.01763485477178428,-0.0019169524275033378,0.07976641272073286,-0.008083247186790987,0.005489105783930026,-0.037453126312654184,-0.03752506006764311,1.4632804806132316,0.5295554637239843,12.25,10.25,-0.16326530612244894,-0.13727028323800672,-0.02599502288444222,12.25,12.3,12.25,12.15,-0.008163265306122436,-0.06491854717713985,0.056755281871017416,12.25,13.1,0.06938775510204076,-0.06605332703746303,0.1354410821395038,-0.0024160603,0.005,4
2025-04-01,12.25,12.35,12.2,12.3,2473900,0.00819672131147553,-0.008064516129032251,-0.023809523809523725,-0.03149606299212593,-0.015999999999999903,-0.02766798418972327,12.44,12.475,12.319166666666666,12.443074153515823,12.475352398536497,-0.03227824502067378,6.225529236348789e-05,-0.032340500313037264,-0.0026242475626564047,-0.0026293089685396147,44.55715542834433,12.475,0.1371706582146342,12.749341316429268,12.200658683570731,0.043982575780243414,0.18105423878958807,0.3105937998204873,0.02525152844069002,14.301186631103837,20.26598802628806,20.34163693271337,15.789473684210575,14.424951267056565,1910806974.0,1913582999.0,0.19128759202540563,0.2414825623943797,1.4810457218387199,4578645.0,-1.1022566997502117,0.5403126907633153,0.01219512195121954,-0.014028056112224352,-0.0015558411689101659,1.0,4.0,0.004048582995951566,1.0,1313.03,1317.33,0.008011569716725564,-0.010954111358039587,0.004131380963632969,0.08457625935762558,0.000185151594749966,-0.02054195163408634,-0.03179936515335624,-0.03166853038975781,1.4560938502246425,0.532931269227177,12.35,9.81,-0.20566801619433195,-0.17194463992493547,-0.03372337626939648,12.35,12.4,12.35,12.5,0.012145748987854255,-0.08416759362254356,0.09631334261039781,12.35,13.4,0.08502024291497978,-0.06165580804068016,0.14667605095565994,-0.0024160603,0.005,4
2025-04-02,12.35,12.4,12.25,12.4,2052900,0.008130081300812941,0.016393442622950838,0.0,-0.023622047244094446,0.0,-0.008000000000000007,12.379999999999999,12.47,12.325,12.436447360667236,12.469770739385645,-0.03332337871840885,-0.00661487150979098,-0.026708507208617865,-0.0026873692514845842,-0.002153911871662731,47.817088040397,12.47,0.1380312702987956,12.746062540597592,12.19393745940241,0.04427626954251662,0.3732171343339961,0.29912281411902397,0.024122807590243867,13.478134895453287,20.734047514024784,19.613019456192053,26.31578947368423,15.789473684210533,1912859874.0,1913883244.0,0.18985400101770292,0.03659176453682276,1.5467090495907856,4495030.0,-1.2309204607143718,0.45670440464246065,0.012096774193548416,-0.005613472333600655,0.006085192697768749,2.0,4.0,-0.025316455696202445,0.0,1321.53,1317.83,0.0003795556162844438,-0.006228838163322203,0.010055874485517702,0.08184465956686683,0.0077505256845284975,-0.017393209080772243,-0.01805587448551771,-0.017876114521599762,1.4834536511016232,0.5385955810546265,11.85,10.45,-0.11814345991561181,-0.08212150494551684,-0.03602195497009497,11.85,11.55,11.85,12.4,0.04641350210970474,-0.04369652831789572,0.09011003042760046,11.85,12.8,0.08016877637130815,-0.024291561589164568,0.10446033796047272,-0.0024160603,0.005,4
2025-04-03,11.85,12.0,11.55,11.55,14686100,-0.06854838709677413,-0.060975609756097504,-0.05327868852459006,-0.08333333333333326,-0.06854838709677413,-0.07968127490039845,12.17,12.42,12.3125,12.300070843641507,12.401639573505227,-0.10156872986372001,-0.025605643180576787,-0.07596308668314322,-0.008793829425430303,-0.006576890621917162,31.085815026917345,12.42,0.2462348045031822,12.912469609006365,11.927530390993635,0.07930267455819084,-0.38330323748846246,0.3384711845390937,0.029304864462259193,14.581855103293247,17.014815442632077,30.867181426298963,0.0,14.035087719298287,1898173774.0,1913203814.0,0.30663011891263664,-1.933953736345216,6.357767934780986,4983965.0,3.208861537137654,2.9466699705957002,0.0389610389610389,-0.07004830917874394,-0.0619289340101522,3.0,4.0,0.023255813953488413,1.0,1272.87,1229.84,-0.06676885485988326,-0.07098450684010549,-0.06704495455993698,0.24801149140100054,-0.0017795322368908684,-0.012348826493227771,-0.012636320340461471,-0.013544404312108127,1.1462210782834612,0.6822086967395666,10.75,11.15,0.037209302325581506,0.05445386559478327,-0.017244563269201763,10.75,11.0,10.75,12.4,0.15348837209302335,0.051572891238905294,0.10191548085411806,10.75,13.15,0.22325581395348837,0.07852811537698501,0.14472769857650336,-0.0019106518,0.005,4
2025-04-04,10.75,11.2,10.75,11.0,17736500,-0.04761904761904767,-0.11290322580645162,-0.10569105691056913,-0.11290322580645162,-0.10931174089068818,-0.12350597609561753,11.89,12.3425,12.298333333333334,12.100059944619737,12.297814419912246,-0.1977544752925091,-0.060035409602963254,-0.13771906568954587,-0.017977679572046282,-0.012519915062685988,24.992157334714932,12.3425,0.399432162742225,13.14136432548445,11.54363567451555,0.12944935393711973,-0.3402553206928322,0.37143752850058703,0.03376704804550791,17.003819322152385,14.397214652331566,41.50274318977279,10.638297872340427,12.318029115341572,1880437274.0,1911637559.0,0.3429141409062176,-1.4968820758461236,3.0778251640419403,5636925.0,2.9134551010316367,3.1464850073399946,0.040909090909090846,-0.10877050840591451,-0.10556986041469041,4.0,4.0,-0.004854368932038944,0.0,1159.33,1210.67,-0.015587393482078826,-0.0810574894114432,-0.08701029372949731,0.2490940920702049,-0.032031654136968846,-0.03184573639500843,-0.03649568236612022,-0.03997381582230808,1.1755974199411434,0.6876166291299584,10.3,11.4,0.10679611650485432,0.05821982031130135,0.04857629619355297,10.3,10.25,10.3,12.0,0.16504854368932032,0.02892237925567276,0.13612616443364756,10.3,13.0,0.26213592233009697,0.08239425814480783,0.17974166418528914,-0.0019106518,0.005,4
2025-04-08,10.3,10.7,10.25,10.25,4804300,-0.06818181818181823,-0.11255411255411263,-0.17338709677419362,-0.1598360655737704,-0.17004048582995945,-0.1832669322709164,11.5,12.2275,12.275833333333333,11.815435337755162,12.14612446288171,-0.3306891251265487,-0.11416615270768034,-0.21652297241886836,-0.0322623536708828,-0.02112419243110911,19.405781101741695,12.2275,0.6113993870847998,13.4502987741696,11.004701225830399,0.20000797778280116,-0.3085958384047753,0.3984777050362594,0.03887587366207409,19.827819259218614,12.461650010629159,44.88578648700481,0.0,3.546099290780161,1875632974.0,1909831089.0,0.40582555375951307,-1.284428532778266,1.3139107159663075,5679980.0,-0.2115703064791983,0.8458304430649404,0.04390243902439017,-0.16172561848292777,-0.16502613536080368,1.0,4.0,0.028301886792452935,1.0,1173.14,1132.79,-0.06432801671801569,-0.13319712899621994,-0.1484574676008058,0.3253591770294131,-0.003853801463802542,-0.026638936577550454,-0.03480946467011059,-0.04087812803904933,1.121090251495444,0.7577721550848499,9.54,12.15,0.2735849056603774,0.14360894552025427,0.12997596014012314,9.54,9.81,9.54,11.85,0.24213836477987427,0.11505108931548724,0.12708727546438703,9.54,13.0,0.3626834381551365,0.18041001853559502,0.18227341961954147,-0.0019106518,0.005,4
2025-04-09,9.54,10.4,9.54,9.81,13231800,-0.04292682926829261,-0.10818181818181816,-0.1506493506493507,-0.20243902439024386,-0.22755905511811014,-0.21519999999999995,11.002,12.093,12.245166666666666,11.506906824254367,11.973078206371953,-0.4661713821175866,-0.18456719858966159,-0.281604183527925,-0.047520018564483846,-0.02870582910580275,17.004386649133735,12.093,0.8114515908000182,13.715903181600037,10.470096818399963,0.268403734656419,-0.20336913066778448,0.43144358324795523,0.043979977904990336,23.048915316570664,10.687370852197802,50.24954415993796,7.584269662921385,6.074189178420624,1862401174.0,1907511274.0,0.421717262540148,-1.0143423110275365,0.38660242770749637,6193325.0,1.5952448610671588,2.1364614322678044,0.08766564729867495,-0.18878690151327204,-0.19886758040587438,2.0,4.0,0.0,0.0,1073.61,1094.3,-0.03397805418480038,-0.16930457819984357,-0.17878637789484741,0.33602265373026213,-0.008948775083492233,-0.03313444619040029,-0.03641362210515253,-0.04434123001005208,1.1332920016563448,0.7761998163604633,10.45,12.5,0.19617224880382778,0.0379130255812159,0.15825922322261188,10.45,10.45,10.45,12.0,0.14832535885167464,0.03851332229930793,0.10981203655236671,10.45,13.15,0.2583732057416268,0.10048109494121382,0.157892110800413,-0.0019106518,0.005,4
2025-04-10,10.45,10.45,10.45,10.45,244300,0.06523955147808347,0.019512195121951237,-0.050000000000000044,-0.15725806451612911,-0.17716535433070868,-0.17716535433070868,10.612,11.980500000000001,12.221833333333333,11.34430577436908,11.860257598492549,-0.5159518241234693,-0.2508441236964231,-0.2651077004270462,-0.04937338029889659,-0.02536915793560251,30.480144968210425,11.980500000000001,0.8762508352732933,13.733001670546587,10.227998329453415,0.29255902016553326,0.06333850468665866,0.4463404701588155,0.042712006713762254,25.87008196343426,10.392925969164258,45.10297517881316,25.56179775280899,11.04868913857681,1862645474.0,1904807989.0,0.4945425792931202,-0.053215875910556834,1.1481190749701964,5809855.0,-1.2139468343860709,0.04204924219279139,0.0,-0.1277492592128877,-0.14497279458891876,3.0,4.0,0.0,0.0,1166.09,1168.34,0.06765969112674775,-0.11343648270262474,-0.12445200500595777,0.43304313939616096,-0.0024201396486642768,-0.04382158181350437,-0.05271334932475091,-0.060206121910095445,1.0821294407189095,0.815651996139414,11.15,12.4,0.11210762331838575,0.02647024100652695,0.0856373823118588,11.15,11.15,11.15,12.25,0.09865470852017943,0.0316141871721789,0.06704052134800054,11.15,13.5,0.21076233183856496,0.09071053918675065,0.12005179265181432,-0.0036730613,0.005,4
2025-04-11,11.15,11.15,10.85,11.15,10407200,0.06698564593301448,0.13659531090723753,0.08780487804878057,-0.03463203463203468,-0.115079365079365,-0.09716599190283393,10.532,11.9205,12.208499999999999,11.314412578312298,11.807645924530139,-0.4932333462178402,-0.29932196820070656,-0.19391137801713365,-0.04423617454868522,-0.017391154979115125,41.64124158882678,11.9205,0.8905851122192747,13.70167022443855,10.139329775561452,0.2988415292040684,0.2837096114036846,0.4644590080046145,0.041655516412969905,26.416512945849384,20.039318060449265,40.24754397805098,45.22471910112362,26.123595505618017,1873052674.0,1902835169.0,0.5578957436408769,0.11660785052223435,0.72105402558103,6120110.0,0.916214342086343,1.7004923114127033,0.02690582959641262,-0.06463655048026506,-0.08670188802883227,4.0,4.0,0.004405286343612369,1.0,1185.86,1222.46,0.04632213225602144,-0.006000780589344834,-0.07827214669712801,0.47157568605648076,0.02066351367699304,-0.028631254042689847,-0.018893845205705917,-0.020498290398844654,1.129988213959515,0.8422694363331693,11.35,12.4,0.09251101321585908,-0.012866292580626992,0.10537730579648608,11.35,11.4,11.35,12.45,0.09691629955947123,-0.00468012404757856,0.10159642360704979,11.35,13.6,0.19823788546255505,0.0605015344005313,0.13773635106202375,-0.0036730613,0.005,4
2025-04-14,11.35,11.45,11.15,11.4,5118600,0.022421524663677195,0.09090909090909105,0.1620795107033639,0.036363636363636376,-0.08064516129032262,-0.0843373493975903,10.612,11.867999999999999,12.204333333333333,11.32757987395656,11.777449930120499,-0.44987005616393816,-0.3294315857933529,-0.12043847037058525,-0.039462285628415625,-0.010564778102682916,45.035220592893886,11.867999999999999,0.8886749450142567,13.645349890028513,10.090650109971484,0.2995196983533054,0.36834331196529624,0.45271193600428483,0.03971157333370919,26.197752720279222,23.824160138045208,38.34247520833762,52.24719101123598,41.011235955056215,1878171274.0,1900961519.0,0.5644670041984788,0.0682317376727059,0.5386020961368975,6219280.0,-0.2375566801787937,0.8230213143643638,0.026315789473684115,-0.039433771486349745,-0.06590555267254794,0.0,4.0,0.0474137931034484,1.0,1235.01,1241.44,0.015526070382670953,0.025415678921588913,-0.06387663537307242,0.47637073149033815,0.006895454281006241,0.010947957442047462,-0.02046071402451788,-0.02185685647603941,1.1273921937418836,0.843367132729305,11.6,12.0,0.034482758620689724,-0.02074409397715482,0.055226852597844545,11.6,12.15,11.6,13.3,0.14655172413793105,-0.004737798546209926,0.15128952268414098,11.6,13.2,0.13793103448275867,0.06535565939771537,0.0725753750850433,-0.0024160603,0.005,4
2025-04-15,11.6,12.15,11.5,12.15,10987700,0.06578947368421062,0.08968609865470856,0.16267942583732076,0.18536585365853653,-0.004098360655737654,-0.02409638554216864,10.992,11.853,12.210166666666668,11.454106047194013,11.805046231593055,-0.3509401843990414,-0.3337333055144906,-0.017206878884550802,-0.028883965794159784,-0.0014162040234198192,53.729156974997046,11.853,0.8808315449208612,13.614663089841722,10.091336910158278,0.2972518501378085,0.5842953461739057,0.4739467977182645,0.03900796689039214,24.57957638999128,31.680961206894253,34.00852637322753,73.31460674157306,56.9288389513109,1889158974.0,1899637254.0,0.6162612378758873,0.10596571773354779,-0.02691846759114246,6616320.0,0.9326405344283101,1.660696580576514,0.0534979423868313,0.02505694760820054,-0.004927587666016087,1.0,4.0,0.0,0.0,1232.64,1227.79,-0.010995295785539483,0.08386373467279906,-0.08117432236241451,0.47551767237985837,0.0767847694697501,0.10150211898573747,0.05707793682024587,0.06212052863716244,1.0784747031210806,0.7626483726900687,12.5,11.85,-0.052000000000000046,-0.022982314390878722,-0.029017685609121324,12.5,12.5,12.5,13.1,0.04800000000000004,0.0008242946567751375,0.047175705343224905,12.5,13.3,0.06400000000000006,0.062107745921373914,0.0018922540786261433,-0.002727776,0.005,4
2025-04-16,12.5,12.8,12.35,12.5,10367100,0.028806584362139898,0.0964912280701753,0.12107623318385641,0.27420998980631994,0.016260162601625883,0.0,11.530000000000001,11.853,12.226,11.615012809164165,11.856524288512087,-0.24151147934792228,-0.31528894028117693,0.07377746093325466,-0.019320918347833782,0.005902196874660373,57.136465157644004,11.853,0.8808315449208612,13.614663089841722,10.091336910158278,0.2972518501378085,0.6836332962104946,0.4865220264526742,0.03892176211621393,23.594225612282447,38.200615405624774,30.763108468076545,90.79754601226993,72.11978125502634,1899526074.0,1898644709.0,0.6248947181494381,0.020687421325368792,-0.2062305670747138,6948040.0,0.7263772873703637,1.492089855556387,0.03600000000000009,0.054585337045473636,0.022411254703091688,2.0,4.0,0.016393442622950838,1.0,1225.29,1210.3,-0.014245107062282658,0.10600383806999902,-0.09066320052292698,0.47696415789785895,0.043051691424422556,0.16820615173632092,0.09066320052292698,0.09970255308601184,1.0410015935732622,0.737023154184842,12.2,12.0,-0.016393442622950727,0.007797741401263103,-0.02419118402421383,12.2,12.4,12.2,13.4,0.09836065573770503,0.03197323635395244,0.06638741938375259,12.2,12.8,0.049180327868852514,0.07877632882001939,-0.02959600095116688,-0.0024160603,0.005,4
2025-04-17,12.2,12.5,12.2,12.4,5110000,-0.008000000000000007,0.020576131687242816,0.08771929824561409,0.18660287081339733,0.0,0.0,11.92,11.853,12.2385,11.735780069292755,11.896781748622303,-0.1610016793295479,-0.28443148809085117,0.12342980876130327,-0.012984006397544184,0.009954016835588973,55.87055287948246,11.853,0.8808315449208612,13.614663089841722,10.091336910158278,0.2972518501378085,0.6552510247714692,0.4731990245631975,0.038161211658322376,22.4161743599115,36.4707204283677,31.634241084286007,87.73006134969324,83.94740470117877,1894416074.0,1897649974.0,0.6248947181494381,0.02068742132536879,-0.2062305670747149,6950230.0,-0.39103150697515876,0.7352274672924494,0.024193548387096833,0.046148654349110085,0.013196061608857335,3.0,4.0,-0.01195219123505975,0.0,1201.63,1217.25,0.005742377922829167,0.04186281390691082,-0.08106414621441471,0.47828764328924067,-0.013742377922829174,0.1447400569064865,0.08106414621441471,0.08821523926884378,1.0357944776817452,0.7329459384068865,12.55,12.25,-0.02390438247011961,-0.004086716543061142,-0.01981766592705847,12.55,12.4,12.55,12.8,0.019920318725099584,0.01105530092724516,0.008865017797854424,12.55,13.1,0.043824701195219085,0.07064646645554684,-0.026821765260327757,-0.0024160603,0.005,4
2025-04-18,12.55,12.55,12.3,12.4,6010300,0.0,-0.008000000000000007,0.020576131687242816,0.11210762331838575,0.07359307359307365,0.0,12.17,11.853,12.249333333333334,11.837967750940024,11.934057174650281,-0.0960894237102572,-0.2467630752147324,0.1506736515044752,-0.007749147073407838,0.012151100927780259,55.87055287948246,11.853,0.8808315449208612,13.614663089841722,10.091336910158278,0.2972518501378085,0.6552510247714692,0.4572562370943977,0.036875502991483684,21.400528263893644,35.82749244416702,30.398834945686364,87.73006134969324,88.75255623721883,1894416074.0,1896655239.0,0.6248947181494381,0.02068742132536879,-0.2062305670747149,7028960.0,-0.2179008576769082,0.8550767112062098,0.020161290322580645,0.046148654349110085,0.012299989115053922,4.0,4.0,-0.024390243902439046,0.0,1228.37,1219.12,0.0015362497432735989,-0.002732195736465881,-0.0791658169238556,0.4785301584564212,-0.0015362497432735989,0.11483981905485163,0.0791658169238556,0.08597184854649265,1.0349772803084427,0.7324142128090416,12.3,12.45,0.012195121951219301,0.007251839590947107,0.004943282360272194,12.3,12.0,12.3,13.15,0.06910569105691056,0.024574312918926644,0.04453137813798391,12.3,13.3,0.08130081300813008,0.0841295334240153,-0.002828720415885222,-0.0024160603,0.005,4
2025-04-21,12.3,12.35,11.85,12.0,9676500,-0.032258064516129115,-0.032258064516129115,-0.040000000000000036,0.05263157894736836,0.09090909090909083,-0.028340080971659853,12.290000000000001,11.8355,12.252666666666666,11.862895789256942,11.93894182837989,-0.07604603912294827,-0.21261966799637558,0.1365736288734273,-0.006337169926912356,0.011381135739452276,50.663252079575265,11.8355,0.8738871118238797,13.58327422364776,10.08772577635224,0.2953443831942478,0.5470598541202519,0.4638807915876551,0.03865673263230459,20.079205203975643,32.793289137498796,34.75350064132164,75.46012269938649,83.640081799591,1884739574.0,1895347554.0,0.63569025403222,0.10456697742024966,-0.38567955561289996,7341910.0,0.5042668624230764,1.317981288247881,0.041666666666666664,0.013898863588357013,-0.020621361336307764,0.0,4.0,0.004237288135593209,1.0,1220.38,1207.07,-0.009884178751886519,-0.027685590926665893,-0.08685357218506984,0.4789519992063768,-0.022373885764242596,0.08031716987403426,0.058513491213409985,0.06407897948352814,1.0476947539888581,0.7319623914788967,11.8,13.3,0.1271186440677965,0.021159000482777968,0.10595964358501853,11.8,11.85,11.8,13.0,0.10169491525423724,0.056951172817925944,0.044743742436311296,11.8,13.15,0.11440677966101687,0.09360901629792395,0.020797763363092914,-0.0024160603,0.005,4
2025-04-22,11.8,12.25,11.2,11.85,15375700,-0.012500000000000067,-0.04435483870967749,-0.04435483870967749,-0.024691358024691468,0.15609756097560967,-0.04048582995951422,12.23,11.810500000000001,12.2535,11.86091182167895,11.932353544796195,-0.0714417231172444,-0.18438407902054935,0.11294235590330495,-0.006028837393860287,0.009531000498169195,48.82547788022021,11.810500000000001,0.8655054805392401,13.541510961078481,10.07948903892152,0.2931308515437077,0.5114095175848536,0.5057464493313941,0.04267902526003326,19.806690207673878,27.930186907984556,38.77991466251765,70.85889570552146,78.01635991820042,1869363874.0,1893271084.0,0.6370612405536663,0.1543145720685268,-0.4023162028563811,7809765.0,1.5282933087888138,1.9687788300928388,0.08860759493670892,0.0033444816053509463,-0.032929367119598596,1.0,4.0,-0.012345679012345734,0.0,1201.38,1197.13,-0.008234816539222978,-0.02497169711432723,-0.10011876841662148,0.47751727769552443,-0.004265183460777089,0.0002803390896357616,0.059632938457107265,0.06626756550103918,1.049771880144981,0.7329650085982232,12.15,13.1,0.07818930041152261,0.008760745280302684,0.06942855513121993,12.15,12.0,12.15,13.0,0.06995884773662553,0.04248755809649141,0.027471289640134122,12.15,13.8,0.1358024691358024,0.08128161888701513,0.05452085024878728,-0.0024160603,0.005,4
2025-04-23,12.15,12.15,11.95,12.0,3748800,0.012658227848101333,0.0,-0.032258064516129115,-0.040000000000000036,0.2232415902140672,-0.055118110236220375,12.129999999999999,11.775500000000001,12.254333333333333,11.882310002959112,11.93736439332981,-0.0550543903706977,-0.15851814129057903,0.10346375091988133,-0.004587865864224809,0.008621979243323445,50.74943328757956,11.775500000000001,0.8414616043411032,13.458423208682207,10.092576791317795,0.28583469214593116,0.5666994188569635,0.4910502743791518,0.04092085619826265,19.55364056825081,26.71136261157661,37.08762730479176,75.46012269938649,73.92638036809815,1873112674.0,1890949144.0,0.6297744655653836,0.20378183062824828,-0.2593134937341863,7564295.0,-0.7589380968631095,0.4955914596138834,0.016666666666666757,0.019065007855292748,-0.020754563011723737,2.0,4.0,0.02083333333333326,1.0,1215.65,1211.0,0.01158604328686108,0.0005783689994216523,-0.09078623340741188,0.4806688354875507,0.0010721845612402525,-0.04057836899942169,0.0356681231711915,0.03922963386802092,1.0513706399475053,0.7368128777024238,12.0,13.4,0.1166666666666667,0.020802120548576664,0.09586454611809003,12.0,12.25,12.0,13.15,0.09583333333333344,0.056372347256293365,0.03946098607704007,12.0,13.65,0.13749999999999996,0.09691466767645163,0.04058533232354833,-0.0024160603,0.005,4
2025-04-24,12.0,12.6,11.95,12.25,6758900,0.02083333333333326,0.03375527426160341,0.02083333333333326,-0.012096774193548376,0.1722488038277512,-0.03543307086614167,12.1,11.753,12.256833333333333,11.938877694811557,11.960522586416491,-0.021644891604934102,-0.13114349135345005,0.10949859974851595,-0.0017669299269333961,0.008938661203960486,53.8627704224152,11.753,0.8212128386217215,13.395425677243443,10.110574322756557,0.27949045813723183,0.6513006058314119,0.5024038262092124,0.04101255724156836,18.492378149464088,30.640702326632013,33.66025381834917,83.12883435582822,76.48261758691207,1879871574.0,1888965149.0,0.6350089589950036,0.12295000930315206,-0.3797540417421575,7500450.0,-0.1474483915232427,0.901132598710744,0.053061224489795944,0.04228707564026202,-0.0005575121360873458,3.0,4.0,0.012195121951219301,1.0,1214.78,1223.35,0.010198183319570564,0.005011295953994521,-0.0774758877602576,0.48341830619646126,0.010635150013762695,-0.017108070147542898,0.04204281689411593,0.04557367806034107,1.0586167524243908,0.7412906829005139,12.3,12.8,0.04065040650406493,0.012052218129665171,0.028598188374399758,12.3,12.45,12.3,13.5,0.09756097560975596,0.054002738029270914,0.04355823758048505,12.3,13.75,0.11788617886178865,0.0917973206427849,0.026088858219003752,-0.0024160603,0.005,4
2025-04-25,12.3,12.6,12.2,12.45,8448500,0.01632653061224487,0.03749999999999987,0.05063291139240511,0.004032258064516014,0.11659192825112097,-0.011904761904761973,12.11,11.7455,12.261,12.017511895609779,11.996780172607863,0.020731723001915725,-0.1007684484823769,0.12150017148429262,0.0016651986346920263,0.009759049918417079,56.24569543296414,11.7455,0.8137209854161433,13.372941970832287,10.118058029167713,0.2771175294082477,0.7164439693169866,0.4950892671942687,0.03976620620034287,17.50692018916213,28.87243810457556,31.71773233506735,89.26380368098155,82.61758691206542,1888320074.0,1887503024.0,0.6373619415896418,0.026125019437422584,-0.43505416440547634,7823430.0,0.12858222373771758,1.0798971806483857,0.03212851405622493,0.05998041803243792,0.015414729630535806,4.0,4.0,0.07258064516129026,1.0,1227.16,1229.23,0.00480647402623946,0.008292866986022718,-0.07144529804125965,0.4843058172671222,0.011520056586005412,-0.004260608921506703,0.05954053613649768,0.06412173242017927,1.0666326176897558,0.7417587111468821,12.4,13.15,0.06048387096774199,0.01301952523697647,0.04746434573076552,12.4,13.3,12.4,13.6,0.09677419354838701,0.06111156120878225,0.03566263233960476,12.4,14.1,0.13709677419354827,0.08715061168273519,0.049946162510813075,-0.0024160603,0.005,4
2025-04-28,12.4,13.3,12.3,13.3,28110600,0.0682730923694781,0.08571428571428585,0.10833333333333339,0.10833333333333339,0.16666666666666674,0.07258064516129026,12.370000000000001,11.7905,12.279333333333334,12.21481775782366,12.093314974636911,0.12150278318674879,-0.05631420214855177,0.17781698533530055,0.009135547608026224,0.01336969814551132,64.61129615685732,11.7905,0.8744410244633504,13.5393820489267,10.041617951073299,0.2966595223148638,0.9315614083083504,0.5311543195375352,0.0399364150028222,17.059078356882086,34.40319043863943,27.452395075605292,100.0,90.79754601226993,1916430674.0,1887593509.0,0.6779685948437338,-0.06754117762148058,-0.6960158183199096,9081880.0,2.923281698936146,3.09524019255925,0.07518796992481203,0.12802680123828525,0.08312069059123739,0.0,4.0,-0.022388059701492602,0.0,1234.3,1226.8,-0.0019768472946478655,0.016345365223226604,-0.06881423344921289,0.484290178294399,0.07024993966412596,0.09198796811010679,0.14139487861050315,0.1518439002072005,1.0620019239851903,0.6989227659496414,13.4,13.0,-0.02985074626865669,0.034671012426156,-0.06452175869481269,13.4,13.1,13.4,13.2,-0.014925373134328401,0.07003463027093093,-0.08496000340525933,13.4,13.9,0.03731343283582089,0.09338765532695037,-0.05607422249112948,-0.002727776,0.005,4
2025-04-29,13.4,13.65,13.1,13.1,7890200,-0.015037593984962516,0.052208835341365445,0.06938775510204076,0.10548523206751059,0.07818930041152261,0.07377049180327866,12.620000000000001,11.8355,12.300166666666666,12.350999641235404,12.167884235774917,0.18311540546048732,-0.008428280626743953,0.19154368608723127,0.0139782752259914,0.014621655426506204,61.625680966726655,11.8355,0.9186630732246827,13.672826146449365,9.998173853550634,0.3104771486543645,0.8441141907340859,0.5325004395705685,0.04064888851683729,17.123426104772022,36.55989493044557,25.427069142975977,82.81249999999999,90.69210122699387,1908540474.0,1887603879.0,0.6775417325104243,-0.07094968114046128,-0.6891653134667066,9161995.0,-0.1961744791803751,0.8611879836214711,0.04198473282442754,0.10683959275062316,0.06502621915692197,1.0,4.0,0.015151515151515138,1.0,1227.25,1226.3,-0.0004075643951744201,0.024366610142591005,-0.06164394043738419,0.48401735789604944,-0.014630029589788096,0.08111862192491959,0.13541443224066285,0.14431028697548132,1.051862119769887,0.695905735723304,13.2,13.0,-0.015151515151515138,0.02701038112757992,-0.04216189627909506,13.2,13.4,13.2,13.3,0.007575757575757791,0.05463666053469707,-0.04706090295893928,13.2,14.0,0.06060606060606055,0.07992900961935856,-0.019322949013298008,-0.0024160603,0.005,4
2025-05-05,13.2,13.7,13.1,13.4,7315100,0.022900763358778775,0.007518796992481258,0.0763052208835342,0.1166666666666667,0.07200000000000006,0.08943089430894302,12.9,11.8905,12.325166666666666,12.512384311814573,12.25915207016196,0.25323224165261315,0.04390382382912747,0.20932841782348569,0.018897928481538293,0.015621523718170573,64.29117023636522,11.8905,0.9788902148008909,13.84828042960178,9.932719570398218,0.3293016155084784,0.8855130987051081,0.5373218367440993,0.040098644533141735,17.250672802384692,34.308525825360206,23.398989396018,89.47368421052634,90.76206140350878,1915855574.0,1887856309.0,0.6806294381903308,-0.1225158532768329,-0.7300888937892467,9404055.0,-0.3311523213728847,0.7778665692618769,0.044776119402985044,0.12695008620327153,0.08720639342267189,0.0,5.0,-0.048327137546468335,0.0,1233.97,1240.05,0.011212590720052207,0.0239884393063583,-0.05866411605292521,0.48509189859254737,0.011688172638726568,0.0926782273603084,0.14809501036186823,0.15732430143945808,1.0611824207930964,0.6993536880956601,13.45,13.15,-0.022304832713754608,0.031310777143775725,-0.05361560985753033,13.45,12.8,13.45,12.8,-0.048327137546468335,0.04178252832918106,-0.09010966587564939,13.45,13.7,0.018587360594795488,0.0739371534195934,-0.055349792824797905,-0.0024160603,0.005,4
2025-05-06,13.45,13.5,12.75,12.8,15134300,-0.04477611940298509,-0.022900763358778553,-0.03759398496240607,0.044897959183673564,0.032258064516129004,0.032258064516129004,13.01,11.910499999999999,12.3385,12.556632879227715,12.299214879779592,0.2574179994481227,0.08660665895292652,0.1708113404951962,0.020110781206884587,0.013344635976187203,55.92449340396841,11.910499999999999,0.9938202474350589,13.898140494870116,9.922859505129882,0.3337627295025595,0.72375776763849,0.5525131341195207,0.043165088603087556,16.69030083411184,30.981986369292347,25.65501307030402,64.70588235294122,78.99735552115585,1900721274.0,1887249379.0,0.7031094961809597,0.004347290809269226,-0.9838309176068011,10058125.0,0.8210231315611214,1.5046840241098614,0.05859375,0.07468200327442198,0.0374032499898691,1.0,5.0,0.02734375,1.0,1244.3,1241.95,0.0015321962824079716,0.01520415253198193,-0.05757950570255643,0.4852021537165267,-0.046308315685393064,0.029693806651691634,0.08983757021868544,0.09532641826264365,1.05625205599014,0.6792503361451341,12.8,13.5,0.0546875,0.04216420916928554,0.012523290830714462,12.8,13.15,12.8,13.1,0.0234375,0.05966481347192021,-0.03622731347192021,12.8,13.05,0.01953125,0.08552896623962614,-0.06599771623962614,-0.0024160603,0.005,4
2025-05-07,12.8,13.15,12.75,13.15,8420800,0.02734375,-0.018656716417910446,0.003816793893129722,0.05622489959839361,0.06048387096774199,0.1385281385281385,13.15,11.9905,12.357666666666665,12.647920128577297,12.362235999795919,0.2856841287813783,0.1264221529186169,0.1592619758627614,0.02172502880466755,0.01211117687169288,59.25547618292305,11.9905,1.027113866491051,14.044727732982103,9.936272267017898,0.34264254751379886,0.7822228473950074,0.5416193388252692,0.04118778242017256,16.169955435001338,29.347628902531394,24.301663363428556,78.00000000000004,77.39318885448921,1909142074.0,1887797794.0,0.6553253098998302,-0.07252550979665064,-0.8477476509336828,9744860.0,-0.21727272714216794,0.8641273450824332,0.03041825095057037,0.0967015553980235,0.06411674264289391,2.0,5.0,-0.018867924528301883,0.0,1241.1,1250.37,0.006779661016949046,0.017197757946031178,0.01669322838743259,0.42216158522994557,0.020564088983050954,0.03902714165236243,0.12183491014070591,0.11983448570218869,1.0633257363398037,0.6797288824140855,13.25,13.6,0.026415094339622636,0.0433269074513678,-0.016911813111745166,13.25,13.0,13.25,13.3,0.0037735849056603765,0.05393757866394755,-0.05016399375828717,13.25,13.2,-0.0037735849056603765,0.07201236318447601,-0.07578594809013639,-0.0024160603,0.005,4
2025-05-08,13.25,13.25,12.8,13.0,6307100,-0.011406844106463865,0.015625,-0.02985074626865669,-0.022556390977443663,0.08333333333333326,0.18181818181818188,13.09,12.0905,12.369333333333334,12.702086262642329,12.409477777588814,0.2926084850535151,0.15965941934559655,0.13294906570791856,0.022508345004116546,0.010226851208301429,57.25827758527491,12.0905,1.0229548274233435,14.136409654846688,10.044590345153313,0.3384325966414436,0.7222727669927718,0.53507510033775,0.041159623102903845,15.85366553798486,28.919593793318935,22.84182175739713,72.00000000000003,71.56862745098044,1902834974.0,1888917679.0,0.6270618804094613,-0.08462824560626622,-0.5933813092085451,9173390.0,-0.49117698164931195,0.6875429911951852,0.03461538461538456,0.0752243496960423,0.050986310229599985,3.0,5.0,0.0,0.0,1255.34,1269.8,0.015539400337500231,0.035050537985001684,0.048840724557476234,0.42023520271771087,-0.026946244443964096,-0.05760692896244535,0.13297745726070564,0.12678517733644545,1.0360177849481622,0.6691295858072447,13.0,13.2,0.01538461538461533,0.030364848960376722,-0.014980233575761392,13.0,13.0,13.0,13.15,0.011538461538461497,0.030867006669281993,-0.019328545130820496,13.0,13.0,0.0,0.05303256178893667,-0.05303256178893667,-0.0024160603,0.005,4
2025-05-09,13.0,13.25,13.0,13.0,8820200,0.0,-0.011406844106463865,0.015625,-0.007633587786259555,0.09704641350210963,0.2682926829268293,13.069999999999999,12.228,12.378499999999999,12.74791914531274,12.453220164434086,0.2946989808786533,0.18666733165220792,0.1080316492264454,0.022669152375281023,0.008310126863572723,57.25827758527491,12.228,0.9443438267703388,14.116687653540676,10.339312346459323,0.30891194856733345,0.7043747145147983,0.5147125931707679,0.03959327639775138,15.55996777646956,27.916274028872245,22.049360722537802,72.00000000000003,74.00000000000004,1902834974.0,1890277779.0,0.558537110675935,0.17547924983638583,-0.7039451109988661,9374185.0,-0.09641721845468679,0.9409031291786966,0.019230769230769232,0.06313379129865893,0.05020802197358343,4.0,5.0,-0.011278195488721776,0.0,1274.5,1267.3,-0.001968813986454543,0.03343390687433745,0.11874222053513894,0.3386553668098782,0.001968813986454543,-0.041067494660597004,0.14955046239169034,0.1336773205181747,1.0463852600666936,0.6751804371145466,13.3,13.3,0.0,0.022365898878169865,-0.022365898878169865,13.3,13.15,13.3,13.8,0.03759398496240607,0.032633629764635685,0.004960355197770383,13.3,13.15,-0.011278195488721776,0.04475536561606397,-0.056033561104785745,-0.0024160603,0.005,4
2025-05-12,13.3,13.35,13.0,13.15,4917400,0.011538461538461497,0.011538461538461497,0.0,-0.018656716417910446,0.09583333333333344,0.34046890927624873,13.02,12.395,12.3885,12.809777738341548,12.504833485587117,0.3049442527544315,0.21032271587265264,0.09462153688177885,0.02318967701554612,0.007195554135496491,58.866185282325674,12.395,0.7742398649142297,13.943479729828459,10.84652027017154,0.24985554333658078,0.7437874986208698,0.5029474079442845,0.0382469511744703,15.470331251964142,27.948839786852492,20.953353447509734,78.00000000000004,74.00000000000006,1907752374.0,1892545339.0,0.5188582863726248,0.22618786419083042,-0.48120264883868763,8958465.0,-0.7024655569270061,0.5489110020522489,0.02661596958174902,0.060911657926583374,0.061468297211123124,0.0,5.0,0.018867924528301883,1.0,1272.92,1283.26,0.012593703148425783,0.03484536913834124,0.17267659691126758,0.30467803960901196,-0.0010552416099642858,-0.05350208555625169,0.16779231236498116,0.14308489894565324,1.0442078143092546,0.6757565780520446,13.25,12.8,-0.03396226415094339,0.00273834848191834,-0.03670061263286173,13.25,13.5,13.25,13.65,0.030188679245283012,0.030756140011603206,-0.0005674607663201936,13.25,12.75,-0.037735849056603765,0.013784567781860435,-0.0515204168384642,-0.0024160603,0.005,4
2025-05-13,13.25,13.8,13.15,13.5,13551700,0.026615969581748944,0.03846153846153855,0.03846153846153855,0.0546875,0.1020408163265305,0.29186602870813405,13.160000000000002,12.5475,12.4085,12.915965778596695,12.578549523691775,0.33741625490491955,0.23574142367910603,0.10167483122581353,0.02499379665962367,0.007531468979689891,62.41874840273972,12.5475,0.6634191736763047,13.874338347352609,11.22066165264739,0.21149047178363967,0.8589359630359222,0.5134511645196927,0.038033419594051314,16.142291550794035,31.681738146697633,19.05865666925655,88.46153846153844,79.48717948717952,1921304074.0,1895478269.0,0.4866221192434603,0.2339409104920432,-0.05588709149404634,9623835.0,0.7202408197474606,1.408139270883177,0.048148148148148176,0.07591153616258217,0.08796389571664576,1.0,5.0,-0.003663003663003761,0.0,1292.75,1293.43,0.00792512818914326,0.041450944079874485,0.10706643614016476,0.20861068487264808,0.018690841392605684,0.013236555920125515,0.1847995925679693,0.16692728325526796,1.049269374000908,0.6787340308833972,13.65,13.1,-0.04029304029304037,0.015324635219640337,-0.05561767551268071,13.65,13.6,13.65,13.75,0.0073260073260073,0.03436269590056362,-0.027036688574556322,13.65,12.95,-0.05128205128205132,0.01615841889909686,-0.06744047018114818,-0.0024160603,0.005,4
2025-05-14,13.65,13.75,13.45,13.6,7633000,0.007407407407407307,0.034220532319391594,0.04615384615384621,0.034220532319391594,0.09236947791164662,0.21973094170403584,13.25,12.67,12.428499999999998,13.021201812658742,12.654212521936829,0.36698929072191255,0.2619909970876673,0.10499829363424523,0.026984506670728863,0.007720462767223915,63.39158604864525,12.67,0.6163133174486076,13.902626634897215,11.437373365102784,0.19457405444312795,0.8772431868947685,0.4982046527682862,0.03663269505649163,16.766254685421792,30.31905639516136,18.23891365099989,92.30769230769226,86.25641025641026,1928937074.0,1898272489.0,0.4435335143065284,0.25095385052961994,0.5637912073581747,9485125.0,-0.33873111451974347,0.8047337278106509,0.022058823529411818,0.07340173638516179,0.09425916240897947,2.0,5.0,-0.02941176470588236,0.0,1295.3,1309.73,0.012602150870166806,0.047473947711477615,0.07138883889861436,0.14506638566869126,-0.005194743462759499,-0.013253415392086021,0.14834210280542148,0.1384577638104918,1.0443869283184632,0.6781036010798009,13.6,13.3,-0.022058823529411686,0.006741795326398625,-0.02880061885581031,13.6,13.2,13.6,14.1,0.03676470588235303,0.021062403457642986,0.015702302424710046,13.6,13.0,-0.044117647058823484,0.0007685342302101716,-0.044886181289033655,-0.0024160603,0.005,4
2025-05-15,13.6,13.7,13.1,13.2,8860100,-0.02941176470588236,-0.022222222222222254,0.0038022813688212143,0.01538461538461533,-0.007518796992481258,0.1578947368421051,13.290000000000001,12.760000000000002,12.441833333333333,13.048709226095857,12.694641224015582,0.35406800208027533,0.28040639808618895,0.07366160399408639,0.02682333349092995,0.005580424545006545,57.031953138835966,12.760000000000002,0.548826499284737,13.857652998569476,11.662347001430527,0.17204592454066994,0.7004276399615504,0.5054757489991228,0.0382936173484184,16.452372179215324,27.7484323171634,21.63834928268434,67.56756756756752,82.77893277893276,1920076974.0,1900367774.0,0.4625713006862598,0.36581104321690877,0.2726672463926813,9672200.0,-0.15112293357266965,0.9160377163416803,0.04545454545454543,0.0344827586206895,0.06093689300880101,3.0,5.0,0.007575757575757791,1.0,1314.19,1313.2,0.0026494010215847297,0.034178610804851184,0.05780384070112121,0.13792545679108695,-0.03206116572746709,-0.018793995420235854,0.10009089614098388,0.09462141494461096,1.0420929266293464,0.6694008155617919,13.2,13.15,-0.0037878787878786735,-0.0003119649990489526,-0.003475913788829721,13.2,13.3,13.2,13.9,0.053030303030303205,0.02100817957009693,0.032022123460206275,13.2,13.25,0.0037878787878788955,0.0066501807114323075,-0.002862301923553412,-0.0024160603,0.005,4
2025-05-16,13.2,13.4,13.1,13.3,7320700,0.007575757575757791,-0.022058823529411686,-0.014814814814814725,0.023076923076923217,0.01526717557251911,0.094650205761317,13.35,12.8175,12.455999999999998,13.087369345158033,12.739482614829242,0.34788673032879025,0.2939024645347092,0.053984265794081054,0.026156897017202273,0.004058967352938425,58.16199894722178,12.8175,0.5417503309218937,13.901000661843788,11.733999338156213,0.16906583371855474,0.7226579165992073,0.4907989097848999,0.03690217366803758,16.160909852023604,26.536919308302366,20.693606122183855,72.972972972973,77.6160776160776,1927397674.0,1902279709.0,0.408723905033047,0.23911291482325905,0.877888027680576,9488850.0,-0.4023242981592078,0.7715055038281773,0.02255639097744366,0.03764384630388151,0.06775850995504196,4.0,5.0,-0.030303030303030165,0.0,1314.25,1301.39,-0.008993298812062123,0.026899708040716508,0.05994510461886815,0.13542043273362375,0.016569056387819914,-0.003822784963793291,0.034705101142448846,0.032742357119454724,1.035102159645194,0.6660949487906749,13.2,13.8,0.045454545454545636,0.016117686165073142,0.029336859289472494,13.2,12.8,13.2,14.0,0.06060606060606055,0.030140459643942075,0.030465600962118478,13.2,12.8,-0.030303030303030165,0.016913907591932675,-0.04721693789496284,-0.0024160603,0.005,4
2025-05-19,13.2,13.2,12.75,12.8,12402400,-0.03759398496240607,-0.030303030303030165,-0.05882352941176461,-0.026615969581749055,-0.04477611940298509,0.02400000000000002,13.280000000000001,12.8325,12.459333333333335,13.043158676672181,12.74396538410115,0.2991932925710312,0.2949606301419736,0.004232662429057621,0.023374475982111814,0.00033067675227012663,50.94718237966304,12.8325,0.5366256658644903,13.90575133172898,11.759248668271018,0.16727080954279855,0.4848590916967966,0.4950275590859785,0.03867402805359207,15.055033305588585,24.430931851979853,24.10157174223484,37.50000000000006,59.34684684684688,1914995274.0,1903053169.0,0.4247388824626253,0.3535628861390126,0.7488182068545552,9590615.0,0.5182430212733763,1.2931808856887697,0.035156249999999944,-0.0025326319890901505,0.027342286906736568,0.0,5.0,0.01945525291828787,1.0,1293.61,1296.29,-0.003918886728805471,0.01015382697193079,0.07104850037180865,0.12236140673139045,-0.0336750982336006,-0.036769796553679845,-0.04704850037180863,-0.043927516219364526,1.0414591803888151,0.6606119205216334,12.85,13.65,0.0622568093385214,0.02609693366804766,0.03615987567047374,12.85,13.1,12.85,13.7,0.06614785992217898,0.02901541636506444,0.037132443557114536,12.85,12.95,0.0077821011673151474,0.030409203616146296,-0.02262710244883115,-0.0024160603,0.005,4
2025-05-20,12.85,13.15,12.8,13.1,8741400,0.0234375,-0.015037593984962516,-0.007575757575757569,-0.029629629629629672,0.0234375,0.056451612903225756,13.2,12.867500000000001,12.465166666666669,13.051903495645691,12.770338318612175,0.28156517703351547,0.292281539520282,-0.01071636248676655,0.021493524964390495,-0.0008180429379211107,54.58717437311672,12.867500000000001,0.5297156635515661,13.926931327103134,11.80806867289687,0.1646677796157967,0.6097286789865546,0.4846684477226943,0.03699759142921331,14.028147941041782,23.170743987122282,22.858372816480514,53.33333333333326,54.602102102102116,1923736674.0,1904519199.0,0.4300154286524339,0.18055211137870458,0.49250954809803205,9772185.0,-0.19347827477230373,0.8945184725831531,0.026717557251908372,0.01806877792889039,0.05092858766429087,1.0,5.0,0.01526717557251911,1.0,1298.62,1315.15,0.01454921352475158,0.016792559319019906,0.08042719244197993,0.12837980936057516,0.00888828647524842,-0.04642218894864958,-0.023975579538754177,-0.022190833131998988,1.046011585787665,0.6632015018918913,13.1,13.75,0.04961832061068705,0.007504718648248199,0.04211360196243885,13.1,13.3,13.1,13.05,-0.003816793893129722,0.013099418722693823,-0.016916212615823545,13.1,12.9,-0.015267175572518998,0.01343028808193547,-0.02869746365445447,-0.0024160603,0.005,4
2025-05-21,13.1,13.3,12.85,13.3,6438800,0.01526717557251911,0.0390625,0.0,-0.022058823529411686,0.011406844106463865,0.07258064516129026,13.14,12.9125,12.474333333333334,13.090072188623276,12.809572517233496,0.28049967138978005,0.28992516589418166,-0.00942549450440161,0.02109020085637444,-0.0007086837973234293,56.88420252286059,12.9125,0.5261266107389603,13.96475322147792,11.860246778522079,0.16298210594043303,0.6841286831394756,0.4821921300282162,0.03625504737054257,13.423498239308048,23.848180712474207,21.33463701449779,52.380952380952415,47.73809523809526,1930175474.0,1906307169.0,0.431967830520208,0.08989825435076834,0.40404807147836563,9793610.0,-0.6314855481693664,0.6574490918057795,0.033834586466165495,0.030009680542110395,0.06618924191005537,2.0,5.0,-0.014981273408239626,0.0,1329.83,1323.05,0.006006919362810281,0.010170035045391046,0.08525001640527607,0.12826591557017947,0.009260256209708828,-0.03222885857480273,-0.012669371243985816,-0.011674149783430732,1.0490146006644456,0.6640837798903426,13.35,14.1,0.05617977528089879,0.016591286165594576,0.039588489115304215,13.35,13.15,13.35,13.2,-0.011235955056179803,0.019523170981158744,-0.030759126037338547,13.35,13.15,-0.014981273408239626,0.020348947324560385,-0.03533022073280001,-0.0024160603,0.005,4
2025-05-22,13.35,13.6,13.1,13.15,10435500,-0.011278195488721776,0.003816793893129722,0.02734375,-0.0037878787878786735,0.011538461538461497,0.09583333333333344,13.13,12.969999999999999,12.477666666666666,13.099291851912003,12.834789367808792,0.2645024841032111,0.28484062953598754,-0.020338145432776455,0.020114257346251795,-0.0015466270291084757,54.651475488919424,12.969999999999999,0.48215524907634866,13.934310498152696,12.005689501847302,0.14869861189710057,0.5933309345614418,0.4834641207404865,0.0367653323757024,13.508099575783477,26.51877476017391,19.75861246736216,38.0952380952381,47.936507936507944,1919739974.0,1908057189.0,0.4147794121390689,0.11073138653094414,0.8085930718862526,9831560.0,0.11364221918906228,1.0614287051088536,0.03802281368821293,0.013878180416345476,0.05388293751502693,3.0,5.0,0.049429657794676896,1.0,1319.97,1313.84,-0.006961188163712606,0.00048735912275343907,0.08845385934535699,0.12439133851495865,-0.00431700732500917,-0.0042752379106321126,0.007379473987976448,0.00677977658365303,1.0491420229400417,0.6654878388156572,13.15,13.9,0.057034220532319324,0.021256840166523183,0.03577738036579614,13.15,13.8,13.15,13.0,-0.011406844106463865,0.021431887543476247,-0.03283873164994011,13.15,12.95,-0.015209125475285301,0.029004589285578364,-0.044213714760863665,-0.0024160603,0.005,4
2025-05-23,13.15,13.9,13.1,13.8,16991700,0.049429657794676896,0.03759398496240607,0.05343511450381677,0.03759398496240607,0.06153846153846154,0.16455696202531644,13.23,13.0675,12.491000000000001,13.207093105464002,12.906286451674807,0.3008066537891949,0.28803383438662905,0.01277281940256586,0.021797583607912674,0.0009255666233743377,61.67196359917848,13.0675,0.4389805774402443,13.945461154880489,12.189538845119513,0.1343732396985633,0.9171596863529293,0.5060738264018804,0.03667201640593336,14.156956299248755,27.758709632116126,17.52758705039672,91.304347826087,60.59351276742586,1936731674.0,1911425579.0,0.43791340433948983,-0.0211959760027268,0.34652831139161366,9912360.0,1.3074852553353034,1.7141931891093545,0.05797101449275367,0.05605509852687973,0.10479545272596269,4.0,5.0,-0.010869565217391353,0.0,1313.93,1314.46,0.00047189916580414604,0.010043107754016845,0.09800940582894091,0.11635684029394963,0.04895775862887275,0.027550877208389224,0.06654755619637553,0.0606074554945506,1.0503936722624438,0.6502949558324868,13.8,14.0,0.014492753623188248,0.011783642603334643,0.002709111019853605,13.8,13.65,13.8,13.15,-0.047101449275362306,0.0097260606796854,-0.056827509955047706,13.8,13.0,-0.05797101449275366,0.024501169253196453,-0.08247218374595011,-0.002727776,0.005,4
2025-05-26,13.8,13.8,13.3,13.65,5811300,-0.010869565217391353,0.03802281368821303,0.026315789473684292,0.06640625,0.03802281368821303,0.13749999999999996,13.4,13.15,12.501833333333334,13.27523262770031,12.961376344143341,0.3138562835569694,0.29319832422069714,0.020657959336272236,0.0229931343265179,0.0015134036143789184,59.38710723334456,13.15,0.3787097208059598,13.90741944161192,12.392580558388081,0.11519687324896108,0.8300681052864934,0.5056399816588889,0.0370432220995523,14.759466113895083,25.798060706355173,16.289581207294344,78.26086956521739,69.22015182884752,1930920374.0,1914315964.0,0.4425369590269051,0.10178978660614149,0.20834480715128614,10015485.0,-0.7918196124584381,0.5802315115044354,0.03663003663003663,0.03802281368821303,0.0918398634866886,0.0,5.0,0.0036496350364965124,1.0,1317.08,1332.51,0.013731874686182977,0.02794127857192441,0.10033856317093304,0.11827192558097391,-0.02460143990357433,0.03846497142807559,0.03716143682906692,0.03377272966056544,1.0326976076407646,0.6412772782608451,13.7,13.7,0.0,-0.0013377276565851304,0.0013377276565851304,13.7,13.75,13.7,12.75,-0.06934306569343063,-0.020566628552638466,-0.04877643714079216,13.7,12.9,-0.058394160583941535,0.01501393777698068,-0.07340809836092221,-0.0024160603,0.005,4
2025-05-27,13.7,14.05,13.6,13.75,12324700,0.0073260073260073,-0.0036231884057971175,0.04562737642585546,0.04961832061068705,0.0185185185185186,0.12244897959183665,13.530000000000001,13.225,12.519333333333332,13.348273761900263,13.019792911243835,0.32848085065642785,0.3002548295078433,0.028226021148584524,0.02388951641137657,0.0020528015380788744,60.43937837262407,13.225,0.33736595778921297,13.899731915578425,12.550268084421575,0.1020388530175312,0.8890434021858411,0.5016656972546827,0.03648477798215874,15.777172136607764,27.704690781126992,15.24587085490559,76.92307692307688,82.16276477146044,1943245074.0,1917484639.0,0.4394541756372943,0.17771439457905103,0.326402877877648,10293775.0,0.3849653756626929,1.1972964242952657,0.032727272727272806,0.03969754253308122,0.09830129399861565,1.0,5.0,0.021739130434782483,1.0,1338.09,1339.81,0.005478382901441536,0.01875071284644325,0.09519761311153796,0.11659938125387799,0.0018476244245657636,0.0308676077642438,0.02725136648029869,0.024882602147821897,1.0320011473955295,0.6448319959237672,13.8,13.05,-0.05434782608695654,0.002358490566037874,-0.056706316652994415,13.8,14.1,13.8,12.95,-0.061594202898550776,-0.020720492827807857,-0.04087371007074292,13.8,12.9,-0.0652173913043479,0.016881435628831598,-0.08209882693317949,-0.0024160603,0.005,4
2025-05-28,13.8,14.25,13.8,14.1,11635100,0.025454545454545396,0.03296703296703285,0.021739130434782483,0.06015037593984962,0.03676470588235303,0.1325301204819278,13.690000000000001,13.307500000000001,12.5335,13.463923952377145,13.099808251151698,0.36411570122544745,0.31302700385136417,0.05108869737408328,0.025823808597549465,0.0036233118705023605,63.959127858844106,13.307500000000001,0.33961084540564657,13.986721690811294,12.628278309188708,0.10208103562822358,1.0833883183658353,0.5015467188793482,0.035570689282223275,17.060122656426213,28.58021876258698,14.160238415933971,89.99999999999999,81.72798216276477,1954880174.0,1920812644.0,0.44343326361717567,0.13497243206449594,0.19160912775037683,10453105.0,0.22449831474330292,1.1130759712066414,0.031914893617021226,0.05955288371219236,0.12498504009255185,2.0,5.0,-0.027972027972028024,0.0,1344.08,1341.87,0.0015375314410250862,0.014224708060919689,0.09163460052227812,0.11709247650832949,0.02391701401352031,0.04592566787892993,0.040895519959649684,0.03746264541274513,1.02701363637896,0.6491417459386226,14.3,13.2,-0.07692307692307698,-0.0006980128909614969,-0.07622506403211549,14.3,13.9,14.3,13.0,-0.09090909090909094,-0.023376006178156716,-0.06753308473093422,14.3,13.1,-0.08391608391608396,0.014903317788932835,-0.0988194017050168,-0.0024160603,0.005,4
2025-05-29,14.3,14.3,13.85,13.9,6370700,-0.014184397163120477,0.01090909090909098,0.01831501831501825,0.057034220532319324,0.053030303030303205,0.045112781954887105,13.84,13.3375,12.548499999999999,13.531012575088354,13.15908171402935,0.3719308610590044,0.32480777529289223,0.04712308576611218,0.026757615903525496,0.0033901500551159845,60.63905433343371,13.3375,0.36450218395314393,14.066504367906289,12.608495632093712,0.10931649378163648,0.885800157559761,0.49786481038796626,0.03581761225812707,18.33485695477997,27.452388436083254,13.246033372686421,74.19354838709675,80.37220843672456,1948509474.0,1922416584.0,0.38396320417969904,-0.2242611503770325,-0.34389458204211837,9366110.0,-0.9054444523020294,0.6801863313584828,0.03237410071942454,0.04217432052483594,0.10770211579073208,3.0,5.0,0.0035842293906811484,1.0,1346.68,1341.86,-7.452286734155322e-06,0.021326797783596252,0.09378871861754146,0.11586796021686316,-0.014176944876386322,0.03570742274872307,-0.04867593666265435,-0.044502138149840054,1.0252464502267724,0.6490413242925249,13.95,13.0,-0.06810035842293904,-0.000595730104476333,-0.06750462831846271,13.95,14.0,13.95,13.25,-0.05017921146953397,-0.014818786348844704,-0.035360425120689265,13.95,12.95,-0.07168458781362008,0.01696341472495888,-0.08864800253857896,-0.0024160603,0.005,4
2025-05-30,13.95,14.05,13.75,14.0,8927700,0.007194244604316502,-0.007092198581560294,0.018181818181818077,0.014492753623188248,0.05263157894736836,0.06870229007633588,13.88,13.382499999999999,12.570166666666667,13.603164486613224,13.221371957434583,0.38179252917864126,0.33620472607004204,0.04558780310859922,0.02727089494133152,0.0032562716506142303,61.70932321585965,13.382499999999999,0.3884093743804485,14.159318748760896,12.605681251239101,0.11609471305972686,0.8974543617703454,0.48373160964596873,0.03455225783185491,19.1660948680919,26.23628956067993,14.135870078476414,80.64516129032255,81.61290322580645,1957437174.0,1924861419.0,0.3785771213001306,-0.36580459435329554,-0.11273861682830295,9417985.0,-0.14893435566945423,0.947941624455762,0.02142857142857148,0.0461423500840652,0.11374816032669943,4.0,5.0,-0.007246376811594346,0.0,1342.89,1332.6,-0.006900868943108818,0.013800343867443665,0.0866835195302944,0.12167568636555315,0.01409511354742532,0.000692409755744583,-0.017981229453958525,-0.016546887047418135,1.0238448181880957,0.6528789866048891,13.8,13.15,-0.047101449275362306,-0.0006162123978927792,-0.04648523687746953,13.8,13.7,13.8,12.8,-0.07246376811594202,-0.011437503287718642,-0.061026264828223376,13.8,12.9,-0.0652173913043479,0.030607720690458473,-0.09582511199480637,-0.0024160603,0.005,4
2025-06-02,13.8,13.8,13.45,13.7,9703100,-0.021428571428571463,-0.014388489208633115,-0.028368794326241176,0.00366300366300365,0.07031249999999978,0.02238805970149249,13.889999999999997,13.397499999999999,12.587666666666667,13.618062257903498,13.256825886513502,0.361236371389996,0.3412110551340328,0.020025316255963155,0.026367618349634744,0.001461701916493661,56.72603779109437,13.397499999999999,0.39486006848700045,14.187220136974,12.607779863025998,0.11789067168859878,0.6915235447579571,0.48846506609982815,0.03565438438684877,18.95687128949479,24.126187022891703,17.385886302665725,61.29032258064509,72.04301075268815,1947734074.0,1926455344.0,0.3812917218091392,-0.14603542171678777,-0.2910780491392495,9537385.0,0.050914601061587794,1.0173753078018766,0.025547445255474557,0.022578839335696932,0.08836692000105906,0.0,6.0,-0.04744525547445244,0.0,1330.71,1336.3,0.0027765270898993943,0.0028442563282826683,0.07761783799040356,0.11887323543601303,-0.024205098518470858,0.0008187473347209817,-0.05522977828891107,-0.05125172982650916,1.0213879170079958,0.6479738356155416,13.7,12.75,-0.06934306569343063,-0.022917893700934222,-0.046425171992496406,13.7,13.05,13.7,12.95,-0.054744525547445244,-0.002385727385913805,-0.05235879816153144,13.7,12.95,-0.054744525547445244,0.025914963729488427,-0.08065948927693367,-0.0024160603,0.005,4
2025-06-03,13.7,13.9,13.05,13.05,19345100,-0.04744525547445244,-0.06785714285714284,-0.0611510791366906,-0.050909090909090904,-0.003816793893129722,0.01953125,13.75,13.41,12.596833333333334,13.530668064379883,13.241505450475465,0.2891626139044181,0.3308013668881099,-0.041638752983691796,0.022158054705319393,-0.003190709040895923,47.73205770591699,13.41,0.3785707192520736,14.167141438504148,12.652858561495853,0.11292191476571924,0.26226370550313804,0.5142889899498404,0.03940911800381919,17.66871310464883,21.277974751719025,20.888919079903335,19.354838709677455,53.76344086021504,1928388974.0,1927838729.0,0.38566987172728995,-0.1964820812432986,-0.20432116852645452,9747925.0,2.5685497867631097,1.9845351703054752,0.0651340996168582,-0.02684563758389258,0.03597464971355224,1.0,6.0,0.011494252873563093,1.0,1341.31,1347.25,0.008194267754246809,0.005553026175353359,0.08478602198156127,0.11955919771866969,-0.05563952322869925,-0.05646211708444426,-0.06525477198156127,-0.060154510345147516,0.9974095468949931,0.6192879292385114,13.05,12.95,-0.00766283524904221,-0.025390220063382984,0.017727384814340774,13.05,13.2,13.05,12.9,-0.011494252873563204,-0.0020954891449218582,-0.009398763728641346,13.05,13.2,0.011494252873563093,0.02022924503154333,-0.008734992157980237,-0.0024160603,0.005,4
2025-06-04,13.05,13.4,12.9,13.2,16558600,0.011494252873563093,-0.03649635036496346,-0.05714285714285716,-0.06382978723404253,-0.007518796992481258,0.0038022813688212143,13.569999999999999,13.4125,12.607666666666665,13.479796054475285,13.238430972662467,0.2413650818128179,0.3129141098730515,-0.07154902806023361,0.018285233470668023,-0.005420380913654062,49.713508945236306,13.4125,0.37692488432365506,14.16634976864731,12.65865023135269,0.11241003073958025,0.35905679829198245,0.5132683478105661,0.038883965743224704,16.70493800495961,19.797408741861116,21.52288715631861,29.03225806451607,36.559139784946225,1944947574.0,1929629004.0,0.37541350369413956,-0.17509958864609218,0.0325335448227488,10154815.0,1.5942259181885785,1.630615624213735,0.03787878787878788,-0.01584342963653307,0.04698199508235734,2.0,6.0,-0.015151515151515138,0.0,1350.52,1345.74,-0.0011208016329560255,0.002884034966129434,0.07627342306677232,0.12049970668855381,0.012615054506519119,-0.06671382220017197,-0.0724711416979511,-0.06733525156781184,0.9997900152896761,0.6187279316406348,13.2,13.0,-0.015151515151515138,-0.02312211716295398,0.007970602011438843,13.2,13.0,13.2,13.15,-0.0037878787878786735,0.0003713799737063983,-0.004159258761585072,13.2,13.2,0.0,0.02841799558800595,-0.02841799558800595,-0.0024160603,0.005,4
2025-06-05,13.2,13.2,12.9,13.0,4725000,-0.015151515151515138,-0.003831417624521105,-0.05109489051094884,-0.06474820143884896,-0.011406844106463865,0.0,13.389999999999997,13.4125,12.615166666666665,13.405981276863702,13.220769419131914,0.1852118577317885,0.2873736594447989,-0.10216180171301043,0.014247065979368347,-0.007858600131770033,47.1470970256201,13.4125,0.37692488432365506,14.16634976864731,12.65865023135269,0.11241003073958025,0.22640437315502546,0.49803489439552556,0.038310376491963505,15.810003983819625,18.94560058122914,20.596838138532366,16.12903225806451,21.50537634408603,1940222574.0,1931498384.0,0.37721394308698614,-0.15563354481469227,-0.03278427735563276,10075710.0,-1.3015286162374065,0.4689495827093078,0.023076923076922995,-0.03075489282385835,0.030505608328599276,3.0,6.0,-0.0037878787878786735,0.0,1346.33,1342.09,-0.0027122623983830696,0.00017140387223713027,0.05693022523232005,0.11397356652356486,-0.012439252753132068,-0.06491960531108609,-0.05693022523232005,-0.05386374982303721,1.0037558724721705,0.6192708872562646,13.2,13.25,0.0037878787878788955,-0.012052601315779676,0.015840480103658572,13.2,13.15,13.2,12.95,-0.018939393939393923,0.009640587545645118,-0.02857998148503904,13.2,13.2,0.0,0.03198345194267915,-0.03198345194267915,-0.0024160603,0.005,4
2025-06-06,13.2,13.75,13.1,13.15,13108800,0.011538461538461497,-0.0037878787878786735,0.00766283524904221,-0.06071428571428572,-0.047101449275362306,0.011538461538461497,13.219999999999999,13.420000000000002,12.625166666666667,13.366599541961595,13.215527239936957,0.1510723020246374,0.2601133879607666,-0.10904108593612921,0.01148838798666444,-0.008292097789819711,49.26265826723883,13.420000000000002,0.3697082776023062,14.159416555204615,12.680583444795388,0.11019620792915248,0.3174236172428637,0.5160324019387024,0.039242007751992575,15.698331772674976,24.59181296894932,18.458596355670963,23.33333333333331,22.831541218637984,1953331374.0,1934023204.0,0.37932252080000217,-0.22741416333242268,-0.08419928736986558,10290140.0,0.6785760132677517,1.2739185278334406,0.04942965779467683,-0.020119225037257937,0.04157040831144143,4.0,6.0,-0.03041825095057038,0.0,1339.13,1329.89,-0.009090299458307416,-0.0020336184901694754,0.04938846366290561,0.12053722375293734,0.020628760996768913,-0.058680667224116245,-0.037850002124444115,-0.03606862800104371,0.9949672742163628,0.6144408804589511,13.15,12.8,-0.026615969581749055,-0.010656859648331185,-0.01595910993341787,13.15,12.75,13.15,13.0,-0.011406844106463865,0.014808296857843128,-0.026215140964306993,13.15,13.35,0.015209125475285079,0.04310124392701886,-0.027892118451733783,-0.0024160603,0.005,4
2025-06-09,13.15,13.3,12.75,12.75,8014300,-0.03041825095057038,-0.019230769230769273,-0.03409090909090906,-0.06934306569343063,-0.06593406593406592,-0.03041825095057038,13.030000000000001,13.4,12.629333333333333,13.271738073967503,13.181043740682368,0.09069433328513554,0.2262295770256404,-0.13553524374050485,0.007113281041971415,-0.010630215195333715,44.18372508476357,13.4,0.3950349751354879,14.190069950270976,12.609930049729025,0.1179208881001456,0.0886440183068186,0.5184586589430809,0.04066342423082987,14.712560064402782,22.728391611429025,21.8818989215379,0.0,13.154121863799295,1945317074.0,1935901439.0,0.3926394287380527,-0.044444516066639114,-0.4256724862331858,10444985.0,-0.6080128494119296,0.7672868845670913,0.04313725490196084,-0.04850746268656714,0.009554476351351315,0.0,6.0,0.011718749999999778,1.0,1329.66,1310.57,-0.014527517313462135,-0.019254658385093215,0.021281735579695482,0.12842459557851307,-0.015890733637108245,-0.05008840730833741,-0.05169998653026586,-0.050622648706157625,1.0078740109873665,0.6199646278872966,12.8,12.95,0.011718749999999778,0.02322327068071628,-0.011504520680716501,12.8,12.95,12.8,12.9,0.0078125,0.03857035802223696,-0.03075785802223696,12.8,13.55,0.05859375,0.07212442840319944,-0.013530678403199436,-0.0024160603,0.005,4
2025-06-10,12.8,13.15,12.8,12.95,4881900,0.015686274509803866,-0.015209125475285301,-0.0038461538461539435,-0.00766283524904221,-0.05818181818181822,-0.040740740740740744,13.01,13.372499999999999,12.6335,13.222239908741733,13.16392938952071,0.05831051922102226,0.1926457654647168,-0.13433524624369453,0.004502742796990136,-0.01037337808831618,47.11938563038835,13.372499999999999,0.4066794289069527,14.185858857813905,12.559141142186093,0.12164649210153766,0.24027454429182227,0.5099973261614322,0.039382032908218706,13.797200621007173,21.455085685774332,20.656015804170256,12.90322580645156,12.078853046594977,1950198974.0,1937346184.0,0.3841761039662384,-0.04140807089673488,-0.2606152596972038,10011495.0,-1.2475975028392823,0.487629469924322,0.027027027027027,-0.0315946905963731,0.025052439941425586,1.0,6.0,0.007751937984496138,1.0,1307.74,1316.23,0.0043187315442898555,-0.023024679903507095,0.017627548456429665,0.12650040439184,0.01136754296551401,0.015361844654464885,-0.05836828919717041,-0.057357221987263673,1.0091621034049187,0.6210799347016099,12.9,12.9,0.0,0.019378701581610702,-0.019378701581610702,12.9,13.0,12.9,12.9,0.0,0.03381061517166262,-0.03381061517166262,12.9,13.6,0.05426356589147274,0.07063922485193674,-0.016375658960464,-0.0024160603,0.005,4
2025-06-11,12.9,13.15,12.9,13.0,3171700,0.0038610038610038533,0.019607843137254832,-0.011406844106463865,-0.015151515151515138,-0.07801418439716312,-0.044117647058823484,12.969999999999999,13.342500000000001,12.644333333333332,13.188049153550697,13.151786471778436,0.03626268177226066,0.16136914872622557,-0.1251064669539649,0.0027894370594046666,-0.009623574381074224,47.8577310826147,13.342500000000001,0.4111201002668852,14.164740200533771,12.520259799466231,0.12325129481488024,0.2917275269576567,0.4914260885784728,0.03780200681372868,12.947223994996966,20.67546380771864,19.90543004234909,16.12903225806451,9.677419354838708,1953370674.0,1938567864.0,0.38325411968070067,-0.019713894475071266,-0.23142101142402263,9788430.0,-1.5172952095951928,0.3240254055042535,0.019230769230769232,-0.025669851976766078,0.02812854243007412,2.0,6.0,0.0,0.0,1322.07,1315.2,-0.0007825380062754794,-0.02269383387578583,0.004176433310682404,0.1187700737768254,0.004643541867279333,0.007542318724270691,-0.04829408036950589,-0.048093222234149136,1.0021715568553624,0.6209991133924633,13.25,13.15,-0.007547169811320753,0.019360454115420866,-0.02690762392674162,13.25,13.25,13.25,13.1,-0.01132075471698113,0.03443708609271523,-0.04575784080969636,13.25,13.6,0.026415094339622636,0.08330747398297067,-0.056892379643348034,-0.0024160603,0.005,4
2025-06-12,13.25,13.35,13.05,13.25,6747400,0.019230769230769162,0.02316602316602312,0.03921568627450989,0.019230769230769162,-0.046762589928057596,0.0037878787878788955,13.02,13.344999999999999,12.657666666666666,13.197580053004437,13.159061547942997,0.03851850506143961,0.13679901999326838,-0.09828051493182877,0.0029070569857690275,-0.007417397353345567,51.50380496989531,13.344999999999999,0.41035927775968917,14.165718555519376,12.524281444480621,0.12300015818949082,0.44212388682995,0.48132422510858186,0.036326356611968445,12.65982236399153,22.569581713736753,18.871541189265777,32.25806451612902,20.430107526881713,1960118074.0,1940569919.0,0.3758932666796346,-0.23156471899586648,-0.017854175608607685,9682795.0,-0.6656441941943023,0.6968442479676581,0.022641509433962183,-0.007118771075309005,0.04679640797408702,3.0,6.0,-0.019157088122605415,0.0,1321.25,1322.99,0.005923053527980615,-0.014231534397842083,0.00745507158087122,0.12021241745979165,0.013307715702788547,0.033462303628611245,-0.0036671927929923243,-0.0036400559155832513,1.0057412376538466,0.6221074863288074,13.05,12.95,-0.00766283524904221,0.029670697901118093,-0.0373335331501603,13.05,12.8,13.05,12.95,-0.00766283524904221,0.04005087275718178,-0.04771370800622399,13.05,13.55,0.03831417624521083,0.10095348341304433,-0.0626393071678335,-0.0024160603,0.005,4
2025-06-13,13.05,13.1,12.7,12.8,15562300,-0.03396226415094339,-0.01538461538461533,-0.011583011583011449,-0.026615969581749055,-0.08571428571428563,-0.03759398496240607,12.95,13.320000000000002,12.6635,13.136413891003754,13.132464396243517,0.00394949476023676,0.11022911494666206,-0.1062796201864253,0.0003085542781434969,-0.008303095327064476,45.355907829644934,13.320000000000002,0.4280924641897885,14.176184928379579,12.463815071620425,0.12855629555248896,0.19632728703589883,0.4862296376008261,0.03798669043756454,12.043407289437432,20.74603565609833,22.488387816272862,6.2500000000000835,18.21236559139789,1944555774.0,1941427824.0,0.3939432641631417,-0.07891423931190415,-0.4437846719133111,10094875.0,1.1989902682095774,1.5416040317487834,0.03125000000000003,-0.03903903903903916,0.01077901054210928,4.0,6.0,0.015686274509803866,1.0,1313.08,1315.49,-0.0056689770897738745,-0.01082796321500279,0.01083456919140291,0.11731183738046212,-0.028293287061169514,-0.015788006366746266,-0.04842855415380898,-0.04790947562522363,1.0175085548111342,0.6216733218787052,12.75,13.0,0.019607843137254832,0.027371707019948177,-0.007763863882693345,12.75,12.95,12.75,12.9,0.0117647058823529,0.04419065022080093,-0.03242594433844803,12.75,13.4,0.050980392156862786,0.10991320237551383,-0.058932810218651044,-0.0024160603,0.005,4
2025-06-16,12.75,13.0,12.75,12.95,3259000,0.011718749999999778,-0.02264150943396237,-0.0038461538461539435,0.015686274509803866,-0.054744525547445244,0.011718749999999778,12.99,13.3275,12.671,13.10773483084933,13.118948515040293,-0.011213684190963136,0.08594055511913702,-0.09715423931010016,-0.0008659215591477325,-0.007502257861783796,47.6011959640228,13.3275,0.41973519221086997,14.16697038442174,12.488029615578261,0.12597567201976953,0.2751558559983993,0.46935609205790996,0.03624371367242548,11.47102186306577,19.95673105624535,21.632793608256346,15.624999999999986,18.044354838709715,1947814774.0,1943068799.0,0.3725252314916268,-0.22350842047578048,-0.034549522594907074,9637705.0,-1.3372516657026334,0.3381510432203517,0.019305019305019305,-0.02832489214031153,0.02201878304790461,0.0,6.0,-0.0038610038610037423,0.0,1313.4,1338.11,0.01719511360785697,0.021013757372746245,0.03226129955488344,0.1298765054219736,-0.005476363607857193,-0.005327482862942379,-0.02054254955488366,-0.019900532514143143,1.0132975210422164,0.622759757126822,12.95,12.9,-0.0038610038610037423,0.010776214928927663,-0.014637218789931405,12.95,12.9,12.95,12.95,0.0,0.024090198705068122,-0.024090198705068122,12.95,14.1,0.08880308880308885,0.09430676490288015,-0.005503676099791299,-0.0024160603,0.005,4
2025-06-17,12.95,13.15,12.85,12.9,3854700,-0.0038610038610037423,0.0078125,-0.026415094339622636,-0.0038610038610037423,-0.011494252873563204,-0.015267175572518998,12.98,13.3175,12.679333333333334,13.07577562610328,13.10273010651879,-0.026954480415509963,0.06336154801220763,-0.09031602842771759,-0.0020894946058534853,-0.007001242513776557,46.909283593857225,13.3175,0.427746543252551,14.172993086505103,12.462006913494898,0.12847652885377925,0.2559886768310487,0.4572592283394879,0.035446451809262626,10.778521409121444,21.364650885106755,20.619014477504937,12.500000000000055,11.458333333333394,1943960074.0,1944079969.0,0.3630493315621477,-0.09916792167267291,0.2186623057537899,9393370.0,-1.1210861512114219,0.41036390560576236,0.023255813953488427,-0.03134972780176459,0.017403648982596387,1.0,6.0,0.019379844961240345,1.0,1343.7,1347.69,0.0071593516228114495,0.023901597745074943,0.024742424818461783,0.12256283135479694,-0.011020355483815192,-0.027762601606078685,-0.04000960039098078,-0.03904356784883645,1.0083415416356734,0.6203567003858647,12.9,12.9,0.0,0.01229474806876163,-0.01229474806876163,12.9,13.15,12.9,13.2,0.02325581395348819,0.02049371560618285,0.0027620983473053418,12.9,13.65,0.058139534883721034,0.08182673292992737,-0.023687198046206337,-0.0024160603,0.005,4
2025-06-18,12.9,13.3,12.8,13.15,8037200,0.019379844961240345,0.015444015444015635,0.02734375,0.011538461538461497,-0.0037878787878786735,-0.011278195488721776,13.01,13.309999999999999,12.691833333333333,13.087194760548929,13.10623158010999,-0.019036819561060625,0.04688187449755398,-0.06591869405861461,-0.0014476668867726711,-0.005012828445522023,50.7629979437788,13.309999999999999,0.4293814400436752,14.16876288008735,12.451237119912648,0.12904025245489875,0.40684273638858054,0.46031214060095305,0.03500472552098502,10.53326808947845,22.034642611002294,19.019244866311936,33.33333333333338,20.486111111111157,1951997274.0,1945171059.0,0.3657050836348095,-0.10790513950296597,0.1390781317092461,9473290.0,-0.2929047338811184,0.8484064142446817,0.03802281368821293,-0.012021036814425123,0.03609932896481993,2.0,6.0,-0.02264150943396237,0.0,1350.17,1346.83,-0.0006381289465678952,0.024049574209245694,0.017973621556252484,0.12140723845782207,0.02001797390780824,-0.012511112670784197,-0.02925181704497426,-0.028735338937618815,1.0072883775277026,0.6178282411898928,13.25,13.1,-0.01132075471698113,0.015167158126165203,-0.026487912843146333,13.25,12.95,13.25,13.2,-0.0037735849056603765,0.02841799558800595,-0.03219158049366633,13.25,13.6,0.026415094339622636,0.09592001960886276,-0.06950492526924013,-0.0024160603,0.005,4
2025-06-19,13.25,13.4,12.95,12.95,4532000,-0.015209125475285301,0.003875968992248069,0.0,-0.02264150943396237,-0.0038461538461539435,-0.015209125475285301,12.95,13.3,12.701833333333333,13.066087874310632,13.094658870472212,-0.028570996161580098,0.031791300365727165,-0.06036229652730726,-0.0022062545298517453,-0.004661181199019866,47.775284853277434,13.3,0.4355879269523111,14.171175853904623,12.428824146095378,0.1310038878052064,0.29912207252341966,0.45957555912945647,0.0354884601644368,10.564391791175737,22.04776198718882,17.68903298154397,20.833333333333314,22.222222222222268,1947465274.0,1946557324.0,0.36752979395978824,-0.0873686962655221,0.07105616826948104,9178115.0,-0.9258350220791994,0.4937833095357816,0.03474903474903483,-0.026315789473684292,0.019537861988426775,3.0,6.0,-0.018867924528301883,0.0,1346.33,1352.04,0.0038683427010091087,0.021957837927724322,0.02907507763502415,0.11812601186456836,-0.01907746817629441,-0.04459934736168669,-0.04428420311030945,-0.043033014862318364,1.0036374783510826,0.6143006235490034,13.25,12.95,-0.02264150943396237,0.008105175353771088,-0.030746684787733458,13.25,13.0,13.25,13.2,-0.0037735849056603765,0.020130066657316315,-0.02390365156297669,13.25,13.9,0.049056603773584895,0.09989001173700252,-0.05083340796341762,-0.0024160603,0.005,4
2025-06-20,13.25,13.25,12.9,13.0,5976800,0.0038610038610038533,-0.011406844106463865,0.007751937984496138,0.015625,-0.011406844106463865,-0.05797101449275366,12.99,13.26,12.712666666666667,13.055920509032074,13.087647102289086,-0.031726593257012325,0.019087721641179268,-0.05081431489819159,-0.002440507173616333,-0.003908793453707046,48.58992268787221,13.26,0.4238296579390325,14.107659315878065,12.412340684121935,0.12785208384284544,0.3466364993991286,0.45174873347735245,0.03474990257518096,10.429799476524082,20.827627853249176,17.500691629171335,25.000000000000036,26.388888888888925,1953442074.0,1947392844.0,0.31760922011014603,-0.6629050937531957,-0.34985576966384274,8627370.0,-0.5626771125022352,0.6927719571549614,0.026923076923076897,-0.019607843137254832,0.022602129110073976,4.0,6.0,0.0,0.0,1354.69,1349.35,-0.001989586106919905,0.025739458300709117,0.02654321926874914,0.11872082576690395,0.005850589967923758,-0.010114458300709117,-0.0845142337615028,-0.0823289581725608,1.0051255209294183,0.6147442344477821,12.9,12.9,0.0,0.01947607861794176,-0.01947607861794176,12.9,12.9,12.9,13.35,0.0348837209302324,0.031020487050637868,0.00386323387959453,12.9,14.85,0.15116279069767447,0.11302072492640725,0.03814206577126722,-0.0019106518,0.005,4
2025-06-23,12.9,13.0,12.85,12.9,3251500,-0.007692307692307665,-0.0038610038610037423,-0.019011406844106515,-0.0038610038610037423,0.0117647058823529,-0.05494505494505497,12.98,13.2225,12.716,13.031932738411754,13.07374731693434,-0.041814578522584966,0.006907261608426422,-0.048721840131011385,-0.003241440195549222,-0.0037768868318613477,47.010501148253255,13.2225,0.42067458357322574,14.06384916714645,12.38115083285355,0.1272602256980829,0.30834354356479476,0.43019525251468443,0.033348469187184836,10.136130461767241,20.308902566844697,17.89501361631256,19.047619047619136,21.626984126984183,1950190574.0,1948356354.0,0.31673616125601795,-0.6919263446921354,-0.28952528000249844,8499380.0,-1.0877383286162858,0.3825573159453984,0.011627906976744214,-0.024390243902439046,0.014469959106637287,0.0,6.0,-0.011494252873563204,0.0,1345.24,1358.18,0.006543891503316468,0.014998766917518225,0.019264395764384545,0.11127598848634045,-0.014236199195624133,-0.018859770778521967,-0.07420945070943952,-0.07280687034475197,0.9996789288886876,0.6158045550381607,13.05,12.95,-0.00766283524904221,0.007600553566329049,-0.01526338881537126,13.05,12.9,13.05,13.55,0.03831417624521083,0.026631226705914113,0.011682949539296716,13.05,14.6,0.11877394636015315,0.08739904370684415,0.031374902653309,-0.0019106518,0.005,4
2025-06-24,13.05,13.05,12.9,12.9,3271900,0.0,-0.007692307692307665,-0.0038610038610037423,0.0,-0.0038610038610037423,-0.06181818181818177,12.98,13.180000000000001,12.719333333333335,13.011635394040715,13.060877145309574,-0.04924175126885899,-0.004322540967030662,-0.04491921030182833,-0.003817190020841782,-0.003482109325723126,47.010501148253255,13.180000000000001,0.4073017761358946,13.99460355227179,12.365396447728212,0.12361207166491488,0.3281372581674059,0.4101813059064927,0.03179700045786765,10.016452450262037,20.64911181209467,17.427580591000787,19.047619047619136,21.03174603174612,1950190574.0,1948703629.0,0.31474306795617946,-0.6508329565756302,-0.2732214455108854,8046740.0,-0.9802103953495499,0.40661187014865646,0.011627906976744214,-0.02124430955993939,0.014204098747313765,1.0,6.0,0.007692307692307665,1.0,1365.69,1366.77,0.006324640327497022,0.014157558488969935,0.020122256140796102,0.11176939548560764,-0.006324640327497022,-0.014157558488969935,-0.08194043795897787,-0.08032413513745407,0.9988956702934524,0.6154485727886913,13.0,13.2,0.01538461538461533,0.006420510573025062,0.008964104811590268,13.0,13.1,13.0,13.6,0.04615384615384621,0.03389941930535789,0.01225442684848832,13.0,15.0,0.15384615384615374,0.10261860414155799,0.051227549704595754,-0.0019106518,0.005,4
2025-06-25,13.0,13.2,12.95,13.1,4522400,0.015503875968992276,0.015503875968992276,0.007692307692307665,-0.0038022813688213253,0.007692307692307665,-0.07092198581560283,12.969999999999999,13.13,12.727666666666666,13.025229948803682,13.063775134545901,-0.03854518574221899,-0.011167069922068328,-0.027378115820150664,-0.0029423805910090833,-0.0020899325053550127,50.72561735326086,13.13,0.3450400434446656,13.820080086889332,12.43991991311067,0.10511501704331017,0.47826339248881106,0.40231121262745745,0.030710779589882248,10.355141960480548,22.21244781737013,16.499323699818238,38.0952380952381,25.396825396825477,1954712974.0,1948695269.0,0.3046325115929328,-0.7695479047666576,-0.20832654827392996,7691105.0,-0.6526565555179662,0.5880039344151458,0.019083969465648856,-0.0022848438690024064,0.0292538564282534,2.0,6.0,-0.011450381679389388,0.0,1369.05,1366.75,-1.4633039940870063e-05,0.014790285336679476,0.01854128939465083,0.1118098906968158,0.015518509008933146,-0.0185925667055008,-0.08946327521025366,-0.0878347064981767,0.9976074275953646,0.6137909488599939,13.1,13.2,0.007633587786259444,0.011587383925244499,-0.003953796138985055,13.1,12.95,13.1,13.6,0.03816793893129766,0.0457285220605963,-0.007560583129298637,13.1,14.5,0.10687022900763354,0.10490016292475501,0.00197006608287853,-0.0019106518,0.005,4
2025-06-26,13.1,13.15,12.95,12.95,2611000,-0.011450381679389388,0.003875968992248069,0.003875968992248069,0.0,-0.02264150943396237,-0.06834532374100732,12.969999999999999,13.0825,12.736833333333333,13.013656110526192,13.05534734680176,-0.041691236275568144,-0.017271903192768293,-0.02441933308279985,-0.003219400484599857,-0.001885662786316591,48.007088746597326,13.0825,0.29525858426182444,13.673017168523648,12.491982831476351,0.09027589046797609,0.38781020513657255,0.3878604117254963,0.029950610944053768,10.669639362826308,21.394316671441604,15.89161892470462,35.71428571428566,30.95238095238098,1952101974.0,1948874894.0,0.30351253989927496,-0.7959235378398768,-0.13608554166441886,7503120.0,-0.9823374266135361,0.34798857008817663,0.015444015444015528,-0.010128033632715527,0.01673623742165109,3.0,6.0,-0.007692307692307665,0.0,1368.73,1365.67,-0.0007901957197731235,0.010081062690453058,0.017744026947669855,0.11193255356812513,-0.010660185959616264,-0.010081062690453058,-0.08608935068867718,-0.08458841163319719,0.9952999196272121,0.6126932477429459,13.0,13.2,0.01538461538461533,0.00937091437628279,0.006013701008332539,13.0,12.9,13.0,13.55,0.04230769230769238,0.055882202566593264,-0.013574510258900885,13.0,14.0,0.07692307692307687,0.11093906349287486,-0.034015986569797985,-0.0019106518,0.005,4
2025-06-27,13.0,13.05,12.9,12.9,3809700,-0.0038610038610037423,-0.015267175572518998,0.0,-0.007692307692307665,0.0078125,-0.07857142857142851,12.95,13.0275,12.7485,12.996170555060624,13.043840135927555,-0.04766958086693052,-0.02335143872760074,-0.024318142139329778,-0.0036953163462736835,-0.0018851272976224632,47.100939846131496,13.0275,0.20357010948327828,13.434640218966557,12.620359781033443,0.06250473520883622,0.34342003803550475,0.3708703823165323,0.028749642040041264,10.749317815537177,20.776244071392103,16.395502546669125,28.57142857142868,34.12698412698416,1948292274.0,1948417649.0,0.30094095827896944,-0.7293650841614857,-0.13728429789879484,7247220.0,-0.6828299159252369,0.5256774321739922,0.011627906976744214,-0.00978698906160047,0.011883751029532874,4.0,6.0,0.003875968992248069,1.0,1369.13,1371.44,0.004225032401678375,0.016370845221773456,0.029146030316674176,0.10856024618596279,-0.008086036262682117,-0.02406315291408112,-0.10771745888810269,-0.10466683610969907,0.9901193253436131,0.6100564261371708,12.9,13.35,0.0348837209302324,0.008778820277838273,0.026104900652394125,12.9,12.95,12.9,13.4,0.03875968992248069,0.06026620117826753,-0.021506511255786842,12.9,14.05,0.08914728682170536,0.11363008218779558,-0.024482795366090215,-0.0019106518,0.005,4
2025-06-30,12.9,13.1,12.9,12.95,3490200,0.003875968992248069,0.0,-0.011450381679389388,0.003875968992248069,0.0,-0.054744525547445244,12.959999999999999,12.99,12.759333333333334,12.989067392743605,13.036889014747736,-0.04782162200413076,-0.028245475382906744,-0.019576146621224016,-0.0036927893439483214,-0.0015116715537624723,48.15481058533277,12.99,0.12834985084477568,13.246699701689552,12.733300298310448,0.039522663847506086,0.42208794997281257,0.3586653550082085,0.02769616640990027,10.994328034595492,20.944477132004543,15.7424663342726,35.71428571428566,33.33333333333335,1951782474.0,1948620069.0,0.2947449274405728,-0.9504194405847556,0.3846480807572637,6936575.0,-0.680255872361435,0.5031589797558593,0.01544401544401539,-0.003079291762894565,0.0149433094728042,0.0,6.0,0.011494252873563093,1.0,1374.9,1376.07,0.003376013533220368,0.013172039052260942,0.029761281149442542,0.1086774847168301,0.0004999554590277011,-0.009296070060012873,-0.08450580669688779,-0.08206349203823293,0.9901857497890068,0.6096624626117566,13.05,13.55,0.03831417624521083,0.01735672718301462,0.02095744906219621,13.05,13.2,13.05,14.1,0.08045977011494254,0.0669598154033697,0.013499954711572837,13.05,14.2,0.08812260536398453,0.13008837999042178,-0.04196577462643725,-0.0019106518,0.005,4
2025-07-01,13.05,13.3,13.0,13.2,13661100,0.019305019305019266,0.02325581395348819,0.019305019305019266,0.02325581395348819,0.02325581395348819,0.011494252873563093,13.02,12.997499999999999,12.772666666666664,13.021518563090742,13.048971309951607,-0.027452746860864963,-0.02808692967849839,0.0006341828176334267,-0.0020797535500655276,4.804415285101718e-05,53.17762902181628,12.997499999999999,0.13618389270735645,13.269867785414712,12.725132214585285,0.04191079598610714,0.8717399979804314,0.3580464010790509,0.027124727354473552,11.863530294194375,23.47196937196011,14.64327456144446,71.42857142857132,45.23809523809524,1965443574.0,1950472799.0,0.25236903183135806,-0.7620667925259038,-0.10705389420723697,6652375.0,1.5727723987520494,2.053567334974351,0.022727272727272783,0.015579919215233717,0.0334568610052719,1.0,7.0,-0.014925373134328401,0.0,1378.14,1377.84,0.0012862717739650087,0.008099387607278352,0.022705511226572606,0.10575206169083738,0.018018747531054258,0.01515642634620984,-0.011211258353009512,-0.010962352534468534,0.9907082853555608,0.6084048468347248,13.4,13.6,0.014925373134328401,0.02773622990575486,-0.01281085677142646,13.4,13.2,13.4,13.65,0.018656716417910557,0.0605477542366728,-0.041891037818762245,13.4,13.3,-0.007462686567164201,0.08433411265846691,-0.09179679922563111,-0.0019106518,0.005,4
2025-07-02,13.4,13.45,13.2,13.2,8195300,0.0,0.019305019305019266,0.02325581395348819,0.007633587786259444,0.0038022813688212143,0.0,13.040000000000001,12.997499999999999,12.800166666666666,13.048977245692166,13.060158620325563,-0.011181374633396857,-0.024705818669478085,0.013524444036081228,-0.0008470738358633983,0.0010245790936425174,53.17762902181628,12.997499999999999,0.13618389270735645,13.269867785414712,12.725132214585285,0.04191079598610714,0.8717399979804314,0.35032880100197583,0.02654006068196787,13.098507049479316,25.33389525230276,13.896869912462702,66.66666666666667,57.9365079365079,1965443574.0,1951497599.0,0.2491211495342998,-0.6892081797316338,-0.07651562922781156,6234210.0,0.5126299040769716,1.3145691274435733,0.01893939393939394,0.015579919215233717,0.031236572440463073,2.0,7.0,-0.014925373134328401,0.0,1377.26,1384.59,0.0048989723044765565,0.013052862630327455,0.02886887511703584,0.10619981330962992,-0.0048989723044765565,-0.005419274844068012,-0.02886887511703584,-0.028058847745541904,0.976433540824597,0.552179063869827,13.4,13.6,0.014925373134328401,0.03595726817405387,-0.021031895039725468,13.4,13.2,13.4,13.6,0.014925373134328401,0.06791204655337135,-0.05298667341904295,13.4,13.65,0.018656716417910557,0.09118873223126145,-0.07253201581335089,-0.0019106518,0.005,4
2025-07-03,13.4,13.45,13.1,13.2,10431800,0.0,0.0,0.019305019305019266,0.019305019305019266,0.019305019305019266,0.01538461538461533,13.089999999999998,13.007499999999999,12.836833333333335,13.072211515585678,13.070517241042188,0.0016942745434906925,-0.01942580002688433,0.021120074570375024,0.00012835413208262824,0.0016000056492708353,53.17762902181628,13.007499999999999,0.1435224171057473,13.294544834211493,12.720455165788504,0.044135281062693744,0.8353134720727406,0.3503053152161204,0.0265382814557667,13.75630404900968,23.525908465357134,14.944139110327452,64.28571428571425,67.46031746031743,1965443574.0,1952758649.0,0.24252211691848827,-0.8540628033982894,0.4329489780553503,6519550.0,0.9983418463723566,1.6000797601061423,0.026515151515151488,0.014799154334038223,0.02829098557536236,3.0,7.0,0.0,0.0,1381.64,1381.96,-0.0018994792682309747,0.011928211061237315,0.029707396672354447,0.10581629013485543,0.0018994792682309747,0.0073768082437819515,-0.014322781287739117,-0.013909564342283298,0.9370981183765815,0.539212200537046,13.35,13.55,0.014981273408239737,0.043640222640937365,-0.028658949232697628,13.35,13.35,13.35,13.9,0.04119850187265928,0.07567192948259804,-0.03447342760993877,13.35,13.95,0.04494382022471899,0.08470318151300549,-0.0397593612882865,-0.0019106518,0.005,4
2025-07-04,13.35,13.5,13.2,13.35,8733000,0.011363636363636465,0.011363636363636465,0.011363636363636465,0.0348837209302324,0.026923076923076827,0.015209125475285079,13.179999999999998,13.017500000000002,12.888499999999999,13.114948205495574,13.091219667631655,0.02372853786391893,-0.01079493244872368,0.03452347031264261,0.0017774185665856877,0.002586027738774727,56.346900212828,13.017500000000002,0.1599958881092764,13.337491776218554,12.69750822378145,0.04916332263776492,1.0195446019414298,0.346712078414969,0.025970942203368465,14.52110325983911,23.101972404343538,14.020515238242776,78.5714285714285,69.84126984126982,1974176574.0,1953800909.0,0.24242094046912852,-0.8541878533521922,0.436066951904851,6300760.0,0.6674604955703999,1.3860232733828934,0.022471910112359605,0.025542538889955724,0.035807114869845336,4.0,7.0,-0.00367647058823517,0.0,1385.19,1386.97,0.0036252858259284704,0.011323863967800163,0.04292084307724697,0.09832092454592162,0.007738350537707994,0.023559856962432235,-0.027711717601961894,-0.026571256856076975,0.878993524695988,0.44989886384928274,13.6,13.4,-0.014705882352941124,0.0462342285443611,-0.060940110897302224,13.6,13.55,13.6,14.85,0.09191176470588225,0.07459772919746799,0.01731403550841426,13.6,13.9,0.02205882352941191,0.07311209037277333,-0.05105326684336142,-0.0019106518,0.005,4
2025-07-07,13.6,13.8,13.35,13.55,8671800,0.014981273408239737,0.026515151515151603,0.026515151515151603,0.04633204633204646,0.050387596899224896,0.06274509803921569,13.3,13.0575,12.950833333333334,13.181879250803947,13.125203395955237,0.056675854848709406,0.0026992250107629383,0.05397662983794647,0.004182719915033904,0.003983515117191621,60.21379160456078,13.0575,0.1872761822079957,13.432052364415991,12.682947635584007,0.057369690126899034,1.157451463119069,0.35408978709961414,0.02613208760882761,16.05158338761297,27.056601414166316,12.747788842874279,75.0,72.6190476190476,1982848374.0,1955677474.0,0.2169382609536638,-0.98494269130661,1.337705129966518,6333635.0,0.6382833002918651,1.3691663633916384,0.03321033210332111,0.037717786712617496,0.04626471913004315,0.0,7.0,0.0,0.0,1393.34,1402.06,0.010879831575304477,0.018887120567994353,0.06980931960902503,0.08111580780308555,0.00410144183293526,0.027444925764052108,-0.007064221569809348,-0.006603252972586793,0.8207864176188586,0.40309681886643495,13.6,14.1,0.03676470588235303,0.04502263568976672,-0.008257929807413689,13.6,13.6,13.6,14.6,0.07352941176470584,0.05542012835182342,0.018109283412882426,13.6,13.95,0.025735294117646967,0.08607958381601488,-0.060344289698367914,-0.0019106518,0.005,4
2025-07-08,13.6,13.75,13.4,13.6,10570100,0.0036900369003689537,0.01872659176029967,0.030303030303030276,0.030303030303030276,0.05426356589147274,0.050193050193050315,13.379999999999999,13.09,13.003333333333334,13.246205519911031,13.160373514773369,0.08583200513766265,0.01932578103614288,0.06650622410151977,0.006311176848357548,0.004890163536876453,61.14055354052665,13.09,0.22100250058428647,13.532005001168573,12.647994998831427,0.0675332316529523,1.0769165491925,0.3537976594496417,0.02601453378306189,17.47274350626012,25.144731684992944,11.847006396863726,78.94736842105254,77.50626566416037,1993418474.0,1957838449.0,0.21185361416380633,-0.9562794307730247,1.5375299870123917,6618045.0,1.049963483557577,1.597163512789653,0.025735294117647033,0.03896103896103886,0.045885670340938045,1.0,7.0,-0.007299270072992692,0.0,1407.07,1415.46,0.009557365590630917,0.027303605643616224,0.07538955957545412,0.08399007641041288,-0.005867328690261964,0.0029994246594140517,-0.02519650938240381,-0.023430122747658988,0.7208555514998121,0.27887813899445135,13.7,13.65,-0.0036496350364962904,0.02781608871875707,-0.03146572375525336,13.7,13.6,13.7,15.0,0.0948905109489051,0.06221853186219328,0.03267197908671182,13.7,14.9,0.08759124087591252,0.08868357351947775,-0.0010923326435652303,-0.0019106518,0.005,4
2025-07-09,13.7,14.05,13.6,13.6,14882300,0.0,0.0036900369003689537,0.01872659176029967,0.030303030303030276,0.03816793893129766,0.04615384615384621,13.459999999999999,13.120000000000001,13.044166666666666,13.300635439924719,13.192938439604971,0.10769700031974772,0.03700002489286385,0.07069697542688386,0.00791889708233439,0.005198307016682636,61.14055354052665,13.120000000000001,0.24730122267831928,13.61460244535664,12.625397554643362,0.07539671423119498,0.9852381993925331,0.3606692552032388,0.026519798176708735,19.478189977307675,28.845168040897114,10.79120075584693,62.49999999999994,72.14912280701752,1993418474.0,1959840839.0,0.21197678938944992,-0.9068773700513983,1.4593230890105058,7203575.0,1.8747422393616737,2.065960304432174,0.033088235294117724,0.03658536585365835,0.0426116399412253,2.0,7.0,-0.0073260073260073,0.0,1421.12,1431.32,0.011204838003193274,0.03375006319560314,0.08829075425790744,0.0863376448467772,-0.011204838003193274,-0.0034470328925728655,-0.04213690810406123,-0.03871842881987353,0.2927214924519815,0.09708649586758111,13.65,13.6,-0.003663003663003761,0.02667817107707715,-0.030341174740080912,13.65,13.55,13.65,14.5,0.06227106227106227,0.05231259524190568,0.009958467029156592,13.65,15.2,0.11355311355311337,0.0950366355166199,0.018516478036493478,-0.0019106518,0.005,4
2025-07-10,13.65,13.75,13.45,13.55,8040400,-0.00367647058823517,-0.00367647058823517,0.0,0.026515151515151603,0.04633204633204646,0.02264150943396226,13.530000000000001,13.135,13.080000000000002,13.33899921839784,13.219387444078677,0.11961177431916248,0.053522374778123584,0.0660893995410389,0.008827437219126382,0.004877446460593277,59.532288651898824,13.135,0.2641271623595089,13.663254324719018,12.606745675280981,0.08043461358492857,0.8928032205138519,0.35633573697443605,0.02629784036711705,20.563936483854654,27.110537804306915,13.149057316532366,58.33333333333338,66.59356725146198,1985378074.0,1961103839.0,0.20318604510426608,-0.8710172990929068,1.7156192893067326,7268225.0,0.18840395491329318,1.1062398315957473,0.022140221402214073,0.0315949752569471,0.03593272171253803,3.0,7.0,-0.007407407407407418,0.0,1437.13,1445.64,0.010004750859346823,0.04607948131639117,0.0927066720081029,0.08857138860820327,-0.013681221447581993,-0.019564329801239566,-0.07006516257414064,-0.06412074197861317,0.21188717465338253,0.0694607129133137,13.5,13.9,0.029629629629629672,0.026799988974034017,0.0028296406555956555,13.5,13.4,13.5,14.0,0.03703703703703698,0.04816968961905288,-0.0111326525820159,13.5,15.1,0.11851851851851847,0.09006146976128782,0.028457048757230652,-0.0019106518,0.005,4
2025-07-11,13.5,13.6,13.15,13.4,11729400,-0.011070110701107083,-0.014705882352941124,-0.014705882352941124,0.0037453183520599342,0.03875968992248069,0.046875,13.540000000000001,13.165000000000001,13.100833333333332,13.348383954028941,13.232766151924702,0.11561780210423933,0.06594146024334674,0.04967634186089259,0.008628194186883532,0.0037071896911113874,54.86930778298103,13.165000000000001,0.2580799549737333,13.681159909947468,12.648840090052534,0.078413962772118,0.7276426311604838,0.363026041476262,0.027091495632556865,20.239099997197957,24.710131100241732,17.887584792339027,43.478260869565204,54.7705314009662,1973648674.0,1962558484.0,0.16290034632330788,0.18880528013187559,-0.8361971088084079,7076580.0,1.2353408611792345,1.6574955698939318,0.03358208955223875,0.017850360805165222,0.022835697474715477,4.0,7.0,0.048327137546468446,1.0,1451.12,1457.76,0.008383829999169867,0.05103931591887356,0.10814981489787079,0.08098358976295295,-0.01945394070027695,-0.04729399756681363,-0.06127481489787079,-0.05529470300323791,0.4758529192248276,0.16275455633350572,13.45,14.85,0.10408921933085513,0.017588691042544458,0.08650052828831067,13.45,14.1,13.45,14.05,0.04460966542750944,0.04059399211635184,0.004015673311157597,13.45,16.15,0.2007434944237918,0.07717140138643463,0.12357209303735717,-0.0024160603,0.005,4
2025-07-14,13.45,14.3,13.1,14.1,18737600,0.052238805970149294,0.040590405904058935,0.03676470588235303,0.040590405904058935,0.08880308880308885,0.08880308880308885,13.65,13.2225,13.1275,13.464017191870642,13.297005696226575,0.1670114956440667,0.08615546732349073,0.08085602832057597,0.011844786925111114,0.00573447009365787,67.61674788853978,13.2225,0.32665570157242074,13.87581140314484,12.56918859685516,0.09881813622913074,1.1715786650714988,0.4228098956565291,0.029986517422448872,21.486793343011243,31.526406670995215,14.261317835534927,85.71428571428564,62.508626639061426,1992386274.0,1964787059.0,0.23937774481786225,1.7133451452771085,4.4027141242903856,7850510.0,2.4377672564030246,2.3868003480028688,0.08510638297872349,0.06636415201361312,0.07408112740430406,0.0,7.0,-0.03191489361702127,0.0,1471.4,1470.42,0.008684557128745496,0.04875682923697999,0.09887826860273075,0.0689492560450137,0.0435542488414038,-0.008166423332921058,-0.010075179799641898,-0.009168604100664335,0.7812980457897107,0.2472692421020934,14.1,14.6,0.03546099290780136,0.007633328809879325,0.027827664097922034,14.1,13.65,14.1,14.2,0.007092198581560183,0.05673768489618691,-0.04964548631462673,14.1,16.0,0.13475177304964547,0.08349843940833224,0.05125333364131324,-0.002727776,0.005,4
2025-07-15,14.1,14.25,13.65,13.65,11309600,-0.03191489361702127,0.018656716417910557,0.007380073800737907,0.003676470588235281,0.03409090909090917,0.058139534883721034,13.66,13.26,13.148333333333333,13.49262993158285,13.323153422432014,0.16947650915083656,0.1028196756889599,0.06665683346187666,0.012415861476251762,0.004883284502701587,56.5571857401613,13.26,0.3307089673020388,13.921417934604078,12.598582065395922,0.09976137776833753,0.7948211558803988,0.43546633168106275,0.03190229536125002,22.64536573555215,28.423682955810737,12.857766535830123,53.571428571428555,60.92132505175982,1981076674.0,1966642889.0,0.2708184315237839,0.9018828578147348,3.093521181219113,8223255.0,0.6973407684140182,1.3753191406565892,0.04395604395604393,0.02941176470588247,0.03815439219165939,1.0,7.0,-0.007299270072992692,0.0,1473.8,1460.65,-0.0066443601147970766,0.03192601698387798,0.08381749512128156,0.07916416308473402,-0.02527053350222419,-0.0282495463956427,-0.025677960237560526,-0.02369214406774922,0.8793926997158704,0.27757625112714496,13.7,15.0,0.0948905109489051,0.03402357744182716,0.06086693350707795,13.7,13.6,13.7,13.3,-0.029197080291970656,0.022974648427599886,-0.05217172871957054,13.7,16.2,0.18248175182481763,0.10161863727592202,0.08086311454889561,-0.0024160603,0.005,4
2025-07-16,13.7,13.8,13.45,13.6,10726300,-0.003663003663003761,-0.03546099290780147,0.014925373134328401,0.0,0.030303030303030276,0.034220532319391594,13.660000000000002,13.282499999999999,13.168333333333333,13.509148403647028,13.34366057632594,0.1654878273210887,0.11535330601538567,0.05013452130570302,0.012168222597138874,0.0036863618607134575,55.471520584756725,13.282499999999999,0.33805753169866143,13.958615063397321,12.606384936602677,0.10180539256876678,0.7347973127566753,0.4293615937038441,0.031570705419400304,22.945753527755205,26.768686131885655,15.436309380394214,49.999999999999936,63.09523809523807,1970350374.0,1967560544.0,0.2645755273629948,1.1385223600733785,4.02541375056692,8357710.0,0.5309980290692208,1.2834017930748973,0.025735294117647165,0.02390363259928474,0.032780660675863826,2.0,7.0,0.014598540145985384,1.0,1459.87,1475.47,0.010146167802005834,0.03084565296369801,0.09551316795735176,0.07995529243908846,-0.013809171465009595,-0.03084565296369801,-0.06129263563796017,-0.05594878950861348,0.8519219197872968,0.27089755704315027,13.7,14.5,0.05839416058394176,0.020555386847521673,0.037838773736420084,13.7,13.9,13.7,13.65,-0.0036496350364962904,0.017397172453352372,-0.021046807489848662,13.7,16.2,0.18248175182481763,0.0875594695819415,0.09492228224287613,-0.0024160603,0.005,4
2025-07-17,13.7,14.1,13.55,13.9,15976000,0.02205882352941191,0.01831501831501825,-0.014184397163120477,0.025830258302582898,0.053030303030303205,0.07335907335907343,13.73,13.330000000000002,13.2,13.569279418470563,13.3848709040055,0.1844085144650638,0.1291643477053213,0.0552441667597425,0.01326679960180315,0.00397440048631241,60.38514656623483,13.330000000000002,0.3551871263688925,14.040374252737786,12.619625747262218,0.10658278360656928,0.9011969731470538,0.437978622724998,0.031509253433453094,23.81490593184115,29.260200856706117,14.051706551673906,71.42857142857142,58.33333333333332,1986326374.0,1969503599.0,0.26584109948777884,0.9145683793056326,3.3545160832636776,8929910.0,1.507828419580082,1.7890437865555195,0.03956834532374093,0.042760690172543026,0.053030303030303205,3.0,7.0,0.05319148936170204,1.0,1481.85,1490.01,0.00985448704480607,0.030692288536565027,0.10204579746161357,0.08204135510533238,0.012204336484605838,-0.004862030233982129,-0.02868672410254014,-0.02603042828947344,0.7767422362573512,0.24472483432739475,14.1,14.0,-0.007092198581560294,0.01568582933230056,-0.022778027913860854,14.1,14.85,14.1,13.95,-0.010638297872340496,0.0033321536129493623,-0.013970451485289859,14.1,15.9,0.12765957446808507,0.09559741708012526,0.03206215738795981,-0.0024160603,0.005,4
2025-07-18,14.1,14.85,13.95,14.85,37130400,0.06834532374100721,0.09191176470588225,0.08791208791208782,0.10820895522388052,0.1123595505617978,0.14230769230769225,14.02,13.4225,13.25,13.766313354090476,13.493398985190277,0.2729143689001994,0.1579143519442969,0.11500001695590248,0.018378071979811405,0.007744108885919359,71.21671997574052,13.4225,0.48272117919504515,14.38794235839009,12.457057641609909,0.14385432794041206,1.2392984094774997,0.47455157824464095,0.031956335235329356,25.702814732326015,36.36507497819205,12.042423045778508,100.0,73.80952380952381,2023456774.0,1973004334.0,0.35125350193878446,1.366991036293973,2.833289775142719,10487590.0,3.420242219460244,3.5404130024152356,0.06060606060606063,0.10635127584280135,0.12075471698113205,4.0,7.0,-0.02341137123745818,0.0,1497.53,1497.28,0.004879161884819627,0.027110086708374448,0.10963056286360096,0.07792988110348077,0.06346616185618759,0.08109886851550607,0.03267712944409129,0.0294486566409653,0.7767100483595764,0.223739670156621,14.95,14.05,-0.06020066889632103,0.014934376242874414,-0.07513504513919544,14.95,14.6,14.95,13.9,-0.07023411371237454,-0.008875778867824424,-0.06135833484455011,14.95,15.9,0.06354515050167242,0.08047196075831908,-0.016926810256646663,-0.002727776,0.005,4
2025-07-21,14.95,15.1,14.5,14.6,14010800,-0.01683501683501687,0.050359712230215736,0.07352941176470584,0.03546099290780136,0.07749077490774892,0.13178294573643412,14.12,13.507499999999999,13.293333333333333,13.894572838076558,13.575369430731739,0.3192034073448191,0.19017216302440135,0.12903124432041777,0.02186324707841227,0.008837756460302586,66.09513837213521,13.507499999999999,0.5329350212206504,14.573370042441299,12.441629957558698,0.15781899573441432,1.0124921221623353,0.4835121797985952,0.033117272588944875,27.730402344034918,36.83499296962267,10.975016956785963,75.0,82.14285714285715,2009445974.0,1975967104.0,0.357731220995619,1.3092370126370285,2.5881699593596355,11025555.0,0.39106280296225493,1.270756891603189,0.04109589041095888,0.0808809920414586,0.09829488465396197,0.0,7.0,0.020408163265306145,1.0,1508.6,1485.05,-0.008168144902756969,0.009949538227173038,0.09341177163557113,0.0910278594003091,-0.0086668719322599,0.02551145468062832,0.03837117410086299,0.03509306840867987,0.8174860863759108,0.237434053789578,14.7,14.2,-0.03401360544217691,0.04858408628792277,-0.08259769173009968,14.7,15.0,14.7,13.95,-0.05102040816326536,0.028904030270794356,-0.07992443843405972,14.7,16.65,0.13265306122448983,0.10173976273514396,0.030913298489345875,-0.0024160603,0.005,4
2025-07-22,14.7,15.15,14.45,15.0,22003400,0.027397260273972712,0.010101010101010166,0.07913669064748197,0.09890109890109877,0.10294117647058831,0.16279069767441867,14.39,13.612499999999997,13.339166666666667,14.064638555295549,13.680897621047906,0.38374093424764233,0.22888591726904955,0.15485501697859277,0.02558272894984282,0.010323667798572852,69.83327338371802,13.612499999999997,0.6084654987419131,14.829430997483824,12.39556900251617,0.17879610615005723,1.0700816245411002,0.49897559552726706,0.0332650397018178,29.613162269193186,33.1439313926833,9.875262073464596,92.68292682926827,89.22764227642278,2031449374.0,1980030044.0,0.3643428501988207,1.0858356229387391,1.8555043948065453,11962130.0,1.2906534942340144,1.839421574585797,0.04666666666666674,0.10192837465564764,0.12450802773786473,1.0,7.0,-0.046052631578947345,0.0,1485.26,1509.54,0.01649102723814022,0.03347139971930302,0.10445795561798987,0.10041372095044089,0.010906233035832491,0.06542969918179575,0.0583327420564288,0.05281571992823331,0.8491286045802121,0.25102457806194217,15.2,13.3,-0.12499999999999989,-0.01722186393608749,-0.1077781360639124,15.2,14.5,15.2,14.9,-0.019736842105263053,0.018143171139393788,-0.03788001324465684,15.2,16.65,0.09539473684210531,0.08859026836362682,0.006804468478478487,-0.0024160603,0.005,4
2025-07-23,15.2,15.2,14.35,14.5,23707100,-0.033333333333333326,-0.006849315068493178,-0.023569023569023573,0.06617647058823528,0.06617647058823528,0.10687022900763354,14.569999999999999,13.6825,13.373333333333335,14.131617239096233,13.741571871340653,0.3900453677555795,0.2611178073663556,0.12892756038922393,0.026899680534867552,0.008891555888911995,60.808216121981,13.6825,0.6266609508895314,14.935821901779063,12.429178098220936,0.18320071650342606,0.8261332937849315,0.5240487672753193,0.03614129429484961,30.980664761161357,29.30400227552759,10.094165806127448,66.66666666666669,78.11653116531167,2007742274.0,1982681509.0,0.3909427216067912,0.936028798205494,1.4702404012398125,12921365.0,1.349200033986321,1.834721022121115,0.05862068965517239,0.05974785309702191,0.08424725822532397,2.0,7.0,-0.041095890410958846,0.0,1519.58,1512.31,0.0018349960915244878,0.024968315180925238,0.10650082312054132,0.0993983477332998,-0.035168329424857814,0.04120815540731004,0.00036940588709222233,0.0003338505307663997,0.8639635139433326,0.2511103582784877,14.6,13.65,-0.06506849315068486,-0.00830126623910532,-0.05676722691157954,14.6,14.0,14.6,15.2,0.041095890410958846,0.03516526887025173,0.005930621540707115,14.6,16.3,0.11643835616438358,0.0947936194704817,0.021644736693901878,-0.0024160603,0.005,4
2025-07-24,14.6,14.6,13.95,14.0,23902600,-0.03448275862068961,-0.06666666666666665,-0.041095890410958846,0.007194244604316502,0.03321033210332103,0.08108108108108114,14.59,13.735,13.385,14.111368433081427,13.76071469568579,0.3506537373956373,0.2790249933722119,0.0716287440234254,0.025046695528259808,0.0051163388588161,53.379004645317146,13.735,0.6056966411116892,14.946393282223378,12.523606717776621,0.17639509024002595,0.6093781862128302,0.5330452838985109,0.03807466313560792,30.872355823622513,26.751605689553113,14.574995542641885,42.857142857142875,67.40224545102596,1983839674.0,1984268394.0,0.41206628881924223,0.7515650592007836,1.0566368297411275,13985945.0,1.2447901087395172,1.709044329861157,0.04642857142857145,0.019293775027302562,0.045946955547254476,3.0,7.0,0.0035714285714285587,1.0,1520.25,1521.02,0.0057594011809747325,0.020811940859457367,0.11375368866563651,0.09694672084965537,-0.040242159801664346,-0.013617696255140865,-0.03267260758455537,-0.029335577441453542,0.970367863963736,0.2941485601142253,14.0,13.95,-0.0035714285714286698,-0.012513473014537646,0.008942044443108976,14.0,14.05,14.0,15.1,0.07857142857142851,0.03959751833644409,0.03897391023498442,14.0,16.85,0.20357142857142874,0.10938773364178878,0.09418369492963996,-0.0024160603,0.005,4
2025-07-25,14.0,14.25,13.95,14.05,16002600,0.0035714285714285587,-0.03103448275862064,-0.06333333333333324,-0.05387205387205385,0.04850746268656714,0.08914728682170536,14.430000000000001,13.792499999999999,13.400833333333333,14.101927135684285,13.782143236746101,0.3197838989381836,0.2871767744854063,0.0326071244527773,0.0227604198532515,0.0023207917759983845,53.984442854759905,13.792499999999999,0.5761201903123703,14.94474038062474,12.640259619375257,0.16708216503530782,0.6117388369345232,0.5163991921914745,0.03675439090330779,30.771783238765014,25.641517405110147,13.970189536398545,45.2380952380953,51.587301587301646,1999842274.0,1986845894.0,0.4109759848525416,0.7114893437519169,1.0527545412098402,14595590.0,0.18500790594453567,1.0963996659264887,0.021352313167259836,0.018669566793547476,0.0484422610534172,4.0,7.0,0.010676156583629748,1.0,1521.56,1531.13,0.006646855399666141,0.02260766189356711,0.11643965466954453,0.09693227328298867,-0.003075426828237582,-0.07647971576562096,-0.027292367847839172,-0.02444589614287518,0.952304591594416,0.2894846617399657,14.05,13.9,-0.01067615658362997,-0.030230506803647583,0.019554350220017613,14.05,14.2,14.05,16.15,0.14946619217081825,0.02797343399359198,0.12149275817722627,14.05,16.1,0.14590747330960863,0.06722574619605415,0.07868172711355448,-0.0024160603,0.005,4
2025-07-28,14.05,14.45,14.05,14.2,14120700,0.010676156583629748,0.014285714285714235,-0.020689655172413834,-0.0273972602739726,0.007092198581560183,0.09652509652509655,14.35,13.854999999999999,13.414166666666667,14.117015268655933,13.813095589579724,0.3039196790762091,0.2905253554035669,0.013394323672642205,0.021402794301141486,0.000943262230467761,55.837332360684734,13.854999999999999,0.5469773400495371,14.948954680099073,12.761045319900925,0.1579147860121363,0.6576847772015362,0.5080849641777976,0.03578063128012659,31.030817862867856,27.01128170564304,13.184595982937571,52.38095238095238,46.825396825396865,2013962974.0,1989954919.0,0.4115272137437327,0.6656693517009789,0.9838628860346471,15127115.0,-0.14084137364281682,0.9334694685668747,0.028169014084506942,0.024900757849152022,0.058582344536249,0.0,7.0,-0.06338028169014076,0.0,1541.82,1557.42,0.017170325184667545,0.048732365913605635,0.13178835379014164,0.10488836530289061,-0.0064941686010377975,-0.07612962618757824,-0.03526325726504509,-0.03115711267654875,0.9013855375475655,0.28154192553532476,14.2,13.95,-0.017605633802816878,-0.022020990656597905,0.004415356853781027,14.2,13.3,14.2,16.0,0.12676056338028174,0.021924996800204877,0.10483556658007687,14.2,17.2,0.21126760563380276,0.03291309356201211,0.17835451207179065,0.0012468749,0.005,5
2025-07-29,14.2,14.25,13.3,13.3,24380600,-0.06338028169014076,-0.053380782918149516,-0.04999999999999993,-0.11333333333333329,-0.02564102564102566,0.007575757575757791,14.01,13.86,13.422500000000001,13.991320611939637,13.775088508870114,0.21623210306952245,0.275666704936758,-0.05943460186723554,0.016258052862370108,-0.004468767057686882,44.308868754189845,13.86,0.5411002436569048,14.942200487313809,12.77779951268619,0.15616168648106915,0.24126790434644588,0.5396503238793834,0.04057521232175815,29.156827237422767,23.614807506798645,21.453791138673925,9.523809523809577,35.71428571428577,1989582374.0,1991161859.0,0.47326054135969703,0.1929162938404439,1.0076793052069466,15663090.0,1.1738404961832614,1.5565638708581768,0.07142857142857137,-0.04040404040404033,-0.009126466753585416,1.0,7.0,0.018656716417910557,1.0,1562.6,1493.41,-0.04110002439932714,-0.010685374352451649,0.08387766358938631,0.19798227294679302,-0.02228025729081362,-0.10264795898088164,-0.07630190601362852,-0.07039715696414106,1.1008784531856723,0.42883470709480576,13.4,14.9,0.11194029850746268,0.03127520446864818,0.0806650940388145,13.4,13.65,13.4,16.2,0.20895522388059695,0.07198229604793926,0.1369729278326577,13.4,17.35,0.2947761194029852,0.11158289062343774,0.18319322877954747,-0.009593531,0.005,5
2025-07-30,13.4,13.7,13.25,13.65,11153300,0.026315789473684292,-0.03873239436619713,-0.028469750889679735,-0.05862068965517242,0.003676470588235281,0.03409090909090917,13.84,13.882500000000002,13.430833333333334,13.938809748564308,13.765822693398254,0.17298705516605395,0.2551307749826172,-0.08214371981656327,0.012673044334509446,-0.0060178549316163565,48.741136264677564,13.882500000000002,0.5212017994892427,14.924903598978487,12.840096401021517,0.1501751988443702,0.3884788961646704,0.5332467293165702,0.03906569445542639,27.300162936278504,22.19136251892235,20.830358741767714,26.19047619047623,29.365079365079414,2000735674.0,1992926464.0,0.481813251318142,0.07297568267322915,0.6983024186743692,15810990.0,-0.6381897500707119,0.7054143984658772,0.03296703296703291,-0.016747703943814307,0.01631817335732455,2.0,7.0,-0.017605633802816878,0.0,1500.23,1507.63,0.00952183258448791,-0.0030946036196281,0.08886385139283126,0.19890435453442193,0.016793956889196382,-0.05552608603554432,-0.05477294230192209,-0.050302838350137824,1.1079899551472054,0.43314126650324436,14.2,15.2,0.07042253521126751,0.034002207679571184,0.03642032753169633,14.2,13.95,14.2,16.2,0.14084507042253525,0.0588977371284396,0.08194733329409565,14.2,16.7,0.176056338028169,0.09909590265184365,0.07696043537632535,-0.009104304,0.005,5
2025-07-31,14.2,14.25,13.7,13.95,13891500,0.0219780219780219,0.04887218045112762,-0.017605633802816878,-0.0035714285714286698,0.003597122302158251,0.05681818181818188,13.830000000000002,13.920000000000002,13.446666666666667,13.94053132570826,13.779465456850236,0.16106586885802443,0.23631779375769868,-0.07525192489967425,0.011545940419930067,-0.005394403218614642,52.249132242205405,13.920000000000002,0.495877743847671,14.911755487695343,12.92824451230466,0.14249360455392834,0.5151246957401325,0.5380148200796724,0.03856737061503028,26.65310157447641,27.725620914373998,19.171055638873128,40.47619047619047,25.396825396825445,2014627174.0,1995385644.0,0.48682409499605955,-0.032841490821419156,0.5344641552294158,15983975.0,-0.2904410754949338,0.8690891971490196,0.03942652329749109,0.0021551724137929273,0.0374318294496776,3.0,7.0,-0.014184397163120477,0.0,1521.96,1502.52,-0.003389425787494349,-0.012162890691772676,0.0872384150047758,0.19959353640416191,0.02536744776551625,0.008591462120344007,-0.030420233186593926,-0.027979358314395353,1.1392338558851884,0.43834750574176257,14.1,15.1,0.07092198581560294,0.04972526014015699,0.02119672567544595,14.1,13.9,14.1,15.9,0.12765957446808507,0.08879937354002965,0.03886020092805542,14.1,16.35,0.15957446808510656,0.11545710341898485,0.044117364666121706,-0.011124407,0.005,5
2025-08-01,14.1,14.15,13.8,13.9,7879400,-0.0035842293906809264,0.01831501831501825,0.045112781954887105,-0.01067615658362997,-0.0639730639730639,0.04119850187265928,13.8,13.9475,13.461666666666668,13.93429573713776,13.788393941527996,0.14590179560976324,0.2182345941281116,-0.07233279851834837,0.010496532058256349,-0.005203798454557437,51.615115900817386,13.9475,0.4775141221403369,14.902528244280674,12.992471755719325,0.13694615440482874,0.4751316255385848,0.5245851900739815,0.03773994173194112,26.052258881374463,26.404309264760716,18.257426356078778,33.33333333333336,33.33333333333337,2006747774.0,1997014204.0,0.4863961523794509,0.04665837084833991,0.5493559349795684,15941295.0,-1.1116695078051178,0.49427602964501943,0.02517985611510789,-0.0034056282487900935,0.03256159465147945,4.0,8.0,0.01086956521739113,1.0,1506.88,1495.21,-0.004865159864760549,-0.023459797665776327,0.07804062092186559,0.20221385331883251,0.0012809304740796223,0.012783641082146358,-0.03684211904920631,-0.03417507497788119,1.1373088579407304,0.43906441356606657,13.8,16.15,0.17028985507246364,0.06132438712442334,0.1089654679480403,13.8,13.95,13.8,15.9,0.15217391304347827,0.09149105713922201,0.06068285590425626,13.8,16.5,0.19565217391304346,0.12645225228844836,0.0691999216245951,-0.0074058333,0.005,5
2025-08-04,13.8,14.15,13.75,13.95,7951500,0.003597122302158251,0.0,0.0219780219780219,-0.017605633802816878,-0.044520547945205546,0.02952029520295185,13.75,13.967499999999998,13.475,13.936711777578104,13.80036476067407,0.1363470169040344,0.20185707868329616,-0.06551006177926177,0.009773979706382394,-0.004696061776291167,52.23924897919884,13.967499999999998,0.4682765152537478,14.904053030507493,13.030946969492502,0.13410460433255705,0.49065722952681307,0.5156862479258401,0.03696675612371614,25.357924032784485,24.94138711166791,17.938438024414722,35.89743589743588,36.56898656898659,2014699274.0,1998606749.0,0.48418456983435865,0.10547770845663586,0.6293800003950748,15905280.0,-1.0907927561594564,0.4999283256880734,0.028673835125448056,-0.001252908537676678,0.03525046382189245,0.0,8.0,0.06049822064056931,1.0,1493.37,1528.19,0.02205710234682745,-0.018768219234374772,0.08996048671240886,0.21107120791260062,-0.0184599800446692,0.0011625854315578943,-0.06044019150945701,-0.05545172714632951,1.067004665140521,0.42380036162664936,14.05,16.0,0.1387900355871885,0.032103361578086576,0.10668667400910192,14.05,14.9,14.05,16.65,0.185053380782918,0.05763997957587619,0.1274134012070418,14.05,16.4,0.16725978647686812,0.08667972259386358,0.08058006388300454,-0.006452354,0.005,5
2025-08-05,14.05,14.9,13.95,14.9,48656000,0.06810035842293916,0.07194244604316546,0.06810035842293916,0.12030075187969924,-0.006666666666666599,0.09558823529411775,14.069999999999999,14.032500000000002,13.498333333333333,14.08490996564301,13.88181922284636,0.2030907427966504,0.202103811505967,0.0009869312906833905,0.013630251194406067,6.623699937472419e-05,62.21281232118112,14.032500000000002,0.5034813015932005,15.039462603186404,13.0255373968136,0.14351863220187447,0.930750852740165,0.5467086587882801,0.03669185629451544,25.949790098987307,31.644576333096182,15.711930117342943,84.61538461538466,51.282051282051306,2063355274.0,2002103589.0,0.5383053778739566,0.19435101481252542,0.07318012620320591,17809575.0,3.0202813959983508,2.732013537661623,0.06375838926174504,0.06182077320505952,0.10383998024447472,1.0,8.0,-0.009771986970684043,0.0,1547.19,1547.15,0.012406834228728236,0.035984759710997016,0.09303689260028536,0.21223353291156122,0.05569352419421092,0.08431599216870223,0.0025513426938323924,0.0023341780237287058,1.1492046841034598,0.43495499539315413,15.35,16.2,0.055374592833876246,0.031862745098039325,0.02351184773583692,15.35,15.2,15.35,16.65,0.08469055374592838,0.06136433631044058,0.023326217435487795,15.35,16.45,0.07166123778501632,0.08837003387742537,-0.01670879609240905,-0.019359708,0.005,5
2025-08-06,15.35,15.6,15.05,15.2,14548400,0.020134228187919323,0.08960573476702516,0.09352517985611497,0.11355311355311337,0.04827586206896539,0.11764705882352944,14.379999999999999,14.1125,13.525,14.25646227862101,13.97946224337626,0.27700003524475036,0.2170830562537237,0.05991697899102666,0.018223686529259892,0.003941906512567543,64.71840109284855,14.1125,0.5555639619259203,15.223627923851842,13.00137207614816,0.15746719912869314,0.9893675951505504,0.5576580403034029,0.036688028967329145,27.315420317807632,37.773370210945934,14.303187753582295,82.9787234042553,67.8305146390253,2077903674.0,2006327849.0,0.540506856696995,0.09861557848412283,-0.004225100855714849,17792880.0,-0.31751335356282795,0.8176529038581725,0.03618421052631572,0.07705934455270147,0.12384473197781887,2.0,8.0,-0.006578947368421018,0.0,1558.56,1573.71,0.017167049090262676,0.04383038278622742,0.0994815974065899,0.21574158714563915,0.002967179097656647,0.06972273076688595,0.018165461416939532,0.016521842166151268,1.1640324356575458,0.44325535868642135,15.2,16.2,0.06578947368421062,0.01496372430471582,0.0508257493794948,15.2,15.1,15.2,16.3,0.07236842105263164,0.048191253526803646,0.02417716752582799,15.2,16.5,0.08552631578947367,0.04983499596936736,0.035691319820106315,-0.008310922,0.005,5
2025-08-07,15.2,15.25,14.9,15.1,14435400,-0.006578947368421018,0.01342281879194629,0.08243727598566308,0.08243727598566308,0.07857142857142851,0.11439114391143912,14.61,14.190000000000001,13.556666666666667,14.386237312679317,14.062465040163204,0.32377227251611274,0.23842089950620152,0.08535137300991122,0.021441872352060447,0.005652408808603392,63.213735103988924,14.190000000000001,0.5805170109491642,15.351034021898329,13.028965978101674,0.16364115882992633,0.8918920474492726,0.5428253231388741,0.03594869689661418,28.18753597510774,36.03370513818725,15.618249610794857,78.72340425531915,82.10583742498638,2063468274.0,2010232359.0,0.5413024488247673,0.11073317663620176,-0.021884066148969646,18112630.0,-0.3679150271822672,0.7969797870325844,0.023178807947019844,0.06412966878083148,0.11384312761249071,3.0,8.0,0.05555555555555536,1.0,1587.84,1581.81,0.005147072840612221,0.05277134414184159,0.09419357516394111,0.21488720350971072,-0.011726020209033239,0.02966593184382149,0.020197568747498007,0.01845886249557971,1.157025542733066,0.44636247370482846,15.3,15.9,0.03921568627450989,0.03215314737226205,0.007062538902247839,15.3,16.15,15.3,16.85,0.10130718954248374,0.06191572616666052,0.03939146337582322,15.3,15.35,0.0032679738562091387,0.021986939946400996,-0.018718966090191858,-0.0003987506,0.005,5
2025-08-08,15.3,16.15,15.2,16.15,40806500,0.06953642384105962,0.0625,0.08389261744966436,0.16187050359712218,0.14946619217081825,0.2052238805970148,15.059999999999999,14.3275,13.604166666666666,14.65758541842096,14.217097259410373,0.44048815901058624,0.27883435140707846,0.16165380760350778,0.027274808607466644,0.010009523690619677,70.8715335036909,14.3275,0.697453073313923,15.722406146627847,12.932593853372154,0.1947173123891602,1.1532697573976034,0.5790520857718116,0.03585461831404406,29.852743481785012,42.468434646571595,13.59534225998494,100.00000000000001,87.23404255319151,2104274774.0,2016763664.0,0.5817408588041804,0.03203124925412938,-0.3695274617848814,19566485.0,1.918018464081585,2.0855304363558402,0.05882352941176467,0.12720293142558003,0.18713629402756493,4.0,8.0,-0.030303030303030276,0.0,1589.58,1584.95,0.0019850677388562055,0.06001832518509098,0.08725030183294913,0.21459267626587467,0.06755135610220342,0.1018521784120312,0.11797357876406567,0.10850636561349214,1.184309462428297,0.42546888179042636,16.5,15.9,-0.036363636363636376,0.024525763994519112,-0.06088940035815549,16.5,16.0,16.5,16.1,-0.024242424242424176,0.03424933060126456,-0.05849175484368874,16.5,15.4,-0.06666666666666665,0.029126701781291953,-0.0957933684479586,-0.013617363,0.005,5
2025-08-11,16.5,16.55,15.75,16.0,20169000,-0.009287925696594312,0.0596026490066226,0.05263157894736836,0.1469534050179213,0.12676056338028174,0.13475177304964547,15.469999999999999,14.4225,13.657499999999999,14.86411073866389,14.349164129083679,0.5149466095802104,0.32605680304170487,0.18888980653850557,0.03218416309876315,0.011805612908656598,68.6722257663959,14.4225,0.788315158724629,15.999130317449257,12.845869682550742,0.21863481607894025,1.0002758042075932,0.5948340796452537,0.037177129977828356,31.69892354269823,43.191956007872434,12.289302933801945,83.33333333333331,87.35224586288417,2084105774.0,2021349639.0,0.563203050165083,0.21706435054371206,-0.03883318705926639,19638055.0,0.04794984955300908,1.027036536968656,0.050000000000000044,0.10937770844167094,0.1715174812374154,0.0,8.0,0.012499999999999956,1.0,1590.98,1596.86,0.007514432631944068,0.04493551194550416,0.08598903714584938,0.21431409545288696,-0.01680235832853838,0.10201789307241715,0.048762735903796095,0.04490168338342748,1.1240560500255274,0.410250029714,16.0,16.65,0.04062499999999991,0.020498908637355706,0.020126091362644205,16.0,16.2,16.0,17.2,0.07499999999999996,0.00656688493919555,0.0684331150608044,16.0,15.2,-0.050000000000000044,0.024795759276582396,-0.07479575927658244,-0.0010243579,0.005,5
2025-08-12,16.0,16.45,15.75,16.2,18667000,0.012499999999999956,0.003095975232198178,0.07284768211920523,0.08724832214765099,0.2180451127819547,0.18681318681318682,15.729999999999999,14.55,13.709166666666667,15.06963216348483,14.486263082484887,0.5833690809999421,0.37751925863335234,0.20584982236658977,0.03601043709876186,0.012706779158431467,70.00861837538295,14.55,0.8597735319938284,16.26954706398766,12.830452936012344,0.23636385759280512,0.9797775049476172,0.6023459310991641,0.03718184759871384,33.4132335992605,39.60664449683961,11.26918290814025,89.39393939393936,90.90909090909092,2102772774.0,2027434444.0,0.5443205539802995,0.10953508563273318,0.2841560434407906,20005925.0,-0.12280815891612937,0.9330735769528278,0.04320987654320983,0.11340206185566992,0.18169108260895994,1.0,8.0,-0.024096385542168752,0.0,1603.5,1608.22,0.007113961148754511,0.039472578612287146,0.10103036319446823,0.21059511977252537,0.005386038851245445,0.047775743535363846,0.08578282361871858,0.07791140597597424,1.1119654145665712,0.4031269043831341,16.6,16.65,0.0030120481927708997,0.023911065444394364,-0.020899017251623464,16.6,16.2,16.6,17.35,0.04518072289156616,0.032223920969069786,0.012956801922496375,16.6,15.55,-0.06325301204819278,0.026108432318005415,-0.0893614443661982,0.0029570442,0.005,5
2025-08-13,16.6,16.8,15.7,16.2,27896900,0.0,0.012499999999999956,0.003095975232198178,0.06578947368421062,0.18681318681318682,0.19117647058823528,15.929999999999998,14.679999999999998,13.7575,15.243534907564086,14.613206557856378,0.6303283497077086,0.4280810768482236,0.20224727285948496,0.03890915738936473,0.012484399559227467,70.00861837538295,14.679999999999998,0.9039969725154743,16.487993945030947,12.872006054969049,0.24632070095789502,0.9203553900657511,0.6378926503063668,0.03937608952508437,35.26064480331507,38.64731279934554,9.881118945496928,83.09859154929575,85.2752880921895,2102772774.0,2034055564.0,0.5433310418650441,0.09424935080480086,0.30830607728676246,20864455.0,0.6506078576593357,1.337053855468547,0.06790123456790133,0.10354223433242526,0.17753952389605665,2.0,8.0,-0.012422360248447228,0.0,1615.57,1611.6,0.0021017025033887027,0.024076862954419687,0.09226212664439126,0.20987629626004212,-0.0021017025033887027,0.04171261072979093,0.09891434394384402,0.09055916298015854,1.1080909917866077,0.4021283708913568,16.1,16.3,0.012422360248447228,0.02536995280868415,-0.01294759256023692,16.1,15.9,16.1,16.7,0.03726708074534146,0.030557301100309298,0.006709779645032166,16.1,15.6,-0.03105590062111807,0.02715656920366194,-0.05821246982478001,0.004918579,0.005,5
2025-08-14,16.1,16.2,15.75,15.9,15954700,-0.01851851851851849,-0.01851851851851849,-0.006249999999999978,0.052980132450331174,0.13978494623655924,0.14388489208633093,16.09,14.780000000000001,13.803333333333335,15.344529537169612,14.708524590607757,0.6360049465618545,0.4696658507909498,0.16633909577090467,0.04000031110451915,0.010461578350371363,65.17216195759926,14.780000000000001,0.9235799911222384,16.62715998224448,12.932840017755524,0.24995398947827838,0.803168109629327,0.6244717467130548,0.03927495262346257,36.97609806422288,36.65805538169093,9.372517241178945,74.64788732394366,82.38013942239294,2086818074.0,2039080149.0,0.5497825059200563,0.25315361230193617,0.2047767621726837,20863390.0,-0.45410695519417404,0.7647223198147568,0.028301886792452786,0.0757780784844384,0.15189567737261522,3.0,8.0,0.00952380952380949,1.0,1623.18,1640.69,0.018050384710846412,0.03722318103944233,0.10112683807491218,0.21460927661996826,-0.0365689032293649,0.015756951410888842,0.042758054011418745,0.038831179599774446,0.9950237035321939,0.3633736308623737,15.75,16.85,0.06984126984127004,0.01794673871092245,0.05189453113034759,15.75,15.9,15.75,16.35,0.03809523809523818,0.013640968737938852,0.02445426935729933,15.75,15.8,0.0031746031746031633,0.016077286761868148,-0.012902683587264985,0.01029713,0.005,5
2025-08-15,15.75,16.35,15.6,15.9,19200200,0.0,-0.01851851851851849,-0.01851851851851849,-0.015479876160990558,0.14388489208633093,0.07070707070707072,16.04,14.8325,13.838333333333333,15.42998653145121,14.796782028340516,0.6332045031106937,0.5023735812548986,0.13083092185579503,0.03982418258557822,0.008228359865144341,65.17216195759926,14.8325,0.9570067095410655,16.74651341908213,12.918486580917868,0.2580837241304071,0.7788642935721742,0.6334380505192654,0.03983887110184059,38.68127463030377,35.24924228104502,8.579860188908873,74.64788732394366,77.46478873239438,2086818074.0,2042248214.0,0.5004578427805259,0.2732826925213659,0.9482372059177544,19966880.0,-0.07583137821568525,0.9616024135969164,0.047169811320754824,0.07197033541210196,0.14898229555582332,4.0,8.0,0.03738317757009324,1.0,1658.24,1630.0,-0.006515551383869056,0.02842360957758916,0.08864073519982907,0.21841318905240778,0.006515551383869056,-0.04390348573857972,-0.01793366449275835,-0.016473446117617918,1.0115711298800962,0.3834283735858479,16.05,16.1,0.0031152647975078995,0.0043335754438864615,-0.001218310646378562,16.05,16.65,16.05,16.5,0.028037383177569986,0.02675830245915156,0.0012790807184184239,16.05,15.95,-0.006230529595015688,0.025958727271617743,-0.03218925686663343,0.004529948,0.005,5
2025-08-18,16.05,16.7,15.85,16.65,18657200,0.047169811320754595,0.047169811320754595,0.02777777777777768,0.04062499999999991,0.19354838709677424,0.1404109589041096,16.169999999999998,14.935000000000002,13.888333333333332,15.617680911227946,14.934057433648626,0.6836234775793208,0.5386235605197831,0.14499991705953774,0.04105846712188114,0.008708703727299564,70.98410242003433,14.935000000000002,1.0372154016765456,17.009430803353094,12.86056919664691,0.2777945501644582,0.9133664032629782,0.6489067611964607,0.03897337905083849,40.51187138415984,35.8038172284119,7.77709450044916,95.7746478873239,81.69014084507043,2105475274.0,2047049679.0,0.5166118086802771,0.07219085627889935,0.5119802083619497,20199200.0,-0.1539039671291622,0.9236603429838806,0.05105105105105103,0.11483093404753908,0.19884795391815668,0.0,8.0,-0.011869436201780603,0.0,1638.37,1636.37,0.003907975460122559,0.024742306777050027,0.10189555907208514,0.21338448535981083,0.043261835860632036,0.015882693222949884,0.038515399832024455,0.03495376627568825,1.062317907880503,0.3895869409794478,16.85,17.2,0.020771513353115667,-0.019857535843763152,0.04062904919687882,16.85,16.65,16.85,16.4,-0.02670623145400608,0.020993119697825247,-0.047699351151831326,16.85,15.6,-0.07418397626112772,0.014720081616294012,-0.08890405787742173,-0.004859182,0.005,5
2025-08-19,16.85,17.3,16.6,16.65,26227800,0.0,0.047169811320754595,0.047169811320754595,0.02777777777777768,0.11744966442952998,0.10999999999999988,16.259999999999998,15.017500000000002,13.936666666666666,15.776499232577493,15.061164290415395,0.715334942162098,0.5739658368482461,0.14136910531385194,0.0429630595893152,0.008490636955786904,70.98410242003433,15.017500000000002,1.1059974064884819,17.229494812976967,12.805505187023037,0.2945889546165426,0.869010811061291,0.6525562782538563,0.03919256926449588,42.56939285773969,39.62804436016421,7.1811999577394126,81.9444444444444,84.12232655190401,2105475274.0,2050750974.0,0.5114563150278114,0.20094598224829488,0.6939049311700309,20410420.0,0.5757817535300405,1.285020102477068,0.042042042042042004,0.10870650907274815,0.19469026548672574,1.0,8.0,-0.02102102102102088,0.0,1646.73,1654.2,0.010896068737510589,0.028590615711780787,0.09583051790611719,0.2102725876516298,-0.010896068737510589,-0.0008128379340031078,0.01416948209388269,0.01293035908596285,1.0455963868111775,0.38532905305278164,16.65,17.35,0.042042042042042205,0.0033210798322615975,0.03872096220978061,16.65,16.3,16.65,16.45,-0.012012012012011963,0.020564222584546155,-0.03257623459655812,16.65,15.6,-0.06306306306306297,0.0018470498342468833,-0.06491011289730986,0.0068173464,0.005,5
2025-08-20,16.65,16.65,15.55,16.3,37125600,-0.02102102102102088,-0.02102102102102088,0.02515723270440251,0.006172839506172867,0.07236842105263164,0.12413793103448278,16.28,15.107500000000002,13.973333333333333,15.857037812180955,15.152929898532772,0.7041079136481834,0.5999942522082335,0.10411366143994982,0.043196804518293455,0.006387341192634958,65.10407984631539,15.107500000000002,1.1345385103998458,17.376577020799694,12.83842297920031,0.3003908020254432,0.7627720410256779,0.6845165440928664,0.04199488000569732,41.950781370695466,35.07938577223149,17.313552375393154,71.83098591549296,83.18335941575377,2068349674.0,2053781344.0,0.5007420360801323,0.22441256814323068,0.9107984905513082,21081345.0,1.4913509919529495,1.761064106678203,0.06748466257668698,0.07893430415356595,0.16650763358778642,2.0,8.0,0.015060240963855387,1.0,1662.11,1664.36,0.0061419417240962115,0.03273765202283441,0.10054155563343481,0.2100579307276458,-0.027162962745117092,-0.02656481251666154,0.023596375401047975,0.021440694610996847,1.042243853940577,0.3837534762414867,16.6,16.7,0.0060240963855420215,-0.0011822589505362524,0.007206355336078274,16.6,16.85,16.6,16.5,-0.006024096385542244,-0.004651412739735794,-0.0013726836458064495,16.6,15.4,-0.07228915662650603,-0.009637201748310287,-0.06265195487819575,0.0072785225,0.005,5
2025-08-21,16.6,17.05,16.2,16.85,24576000,0.033742331288343586,0.012012012012012185,0.012012012012012185,0.05974842767295607,0.11589403973509937,0.20357142857142874,16.47,15.25,14.0225,16.00980122569158,15.278638794937752,0.7311624307538267,0.6262278879173522,0.10493454283647452,0.04339242912485618,0.0062275693078026415,69.3944729814939,15.25,1.1666416037413978,17.583283207482797,12.916716792517205,0.30600435507971097,0.8428645084464736,0.6963367909433761,0.04132562557527454,41.74937258196326,36.12388466435609,15.803966813750252,87.32394366197184,80.36645800730308,2092925674.0,2059235644.0,0.4853026469301896,0.05428459623765535,1.1890526021514671,21115015.0,0.3213976427317424,1.1639110841266274,0.05044510385756685,0.10491803278688527,0.20164022107327506,3.0,8.0,-0.027190332326283984,0.0,1674.76,1688.0,0.014203657862481789,0.028835428996336843,0.10978159393038878,0.2126462904280121,0.019538673425861797,0.03091299867661923,0.09378983464103996,0.08451197528774568,1.0714314391398785,0.39481974949265086,16.55,16.35,-0.012084592145015116,0.00026183930207923645,-0.012346431447094353,16.55,16.1,16.55,15.35,-0.0725075528700907,-0.033259542257292884,-0.03924801061279781,16.55,15.3,-0.07552870090634445,-0.027356256174051685,-0.04817244473229276,-0.0038072644,0.005,5
2025-08-22,16.55,16.8,15.7,16.1,25870300,-0.04451038575667654,-0.012269938650306678,-0.033033033033032844,0.012578616352201255,-0.003095975232197956,0.14590747330960863,16.51,15.352500000000001,14.0575,16.023677960200565,15.339480365683103,0.6841975945174621,0.6378218292373742,0.04637576528008791,0.0424967450010846,0.0028804823155334103,58.78130754069803,15.352500000000001,1.1455261948813078,17.64355238976262,13.061447610237385,0.2984598455968235,0.6631346370209916,0.7287413058759923,0.045263435147577157,40.60690931644924,32.05204315694716,18.923380472378597,64.17910447761199,74.44467801835894,2067055374.0,2062596299.0,0.5220395784899466,0.025485912047614984,0.4925038984332953,21608400.0,0.3965290005411678,1.1972334832750227,0.06832298136645971,0.048689138576779145,0.1452961052818782,4.0,8.0,0.05846153846153834,1.0,1680.42,1645.47,-0.025195497630331687,0.009490797546012342,0.07467687263654943,0.2384601481270845,-0.019314888126344854,0.0030878188061889134,0.0712306006730592,0.06628094684712638,1.1780774007343295,0.44993019799750644,16.25,16.5,0.01538461538461533,0.013562692052780712,0.0018219233318346184,16.25,17.2,16.25,15.4,-0.05230769230769228,-0.013484364644212876,-0.0388233276634794,16.25,15.25,-0.06153846153846154,-0.014725552810748943,-0.0468129087277126,-0.008973038,0.005,5
2025-08-25,16.25,17.2,16.25,17.2,43313800,0.06832298136645942,0.020771513353115667,0.05521472392638027,0.033033033033033066,0.07499999999999996,0.21126760563380276,16.619999999999997,15.502500000000001,14.115833333333335,16.204650581708172,15.477296634891763,0.7273539468164092,0.6557282527531813,0.07162569406322794,0.04228802016374472,0.004164284538559764,66.80105124748023,15.502500000000001,1.182490124583793,17.86748024916759,13.137519750832414,0.30510953061346063,0.8588824897369597,0.755259784027707,0.04391045255975041,39.95171074039237,32.50058820705141,16.954737273628705,95.83333333333327,82.44546049097238,2110369174.0,2067416609.0,0.5652374119106616,0.043318310669149505,-0.055688508855951856,23068055.0,1.7416874672938079,1.877652884042456,0.05523255813953484,0.10949846798903384,0.21848987543538567,0.0,8.0,0.0,0.0,1659.7,1614.03,-0.019107002862404077,-0.013652169130453307,0.03634857649189027,0.24596390431927656,0.0874299842288635,0.04668520216348637,0.17491902914191249,0.16878397202418638,0.8622332586371156,0.3288381607058943,17.35,16.4,-0.05475504322766589,0.043242471813900396,-0.09799751504156629,17.35,17.35,17.35,15.2,-0.12391930835734877,0.019638746346820835,-0.1435580547041696,17.35,15.65,-0.09798270893371763,0.028449811058506747,-0.12643251999222438,-0.0155164385,0.005,5
2025-08-26,17.35,17.4,16.7,17.35,23986100,0.008720930232558155,0.07763975155279512,0.029673590504450953,0.042042042042042205,0.07098765432098775,0.30451127819548884,16.76,15.705000000000002,14.1875,16.3808581845223,15.616015402677558,0.7648427818447416,0.6775511585714934,0.08729162327324824,0.04408315745502833,0.005031217479726123,67.7232805621619,15.705000000000002,1.1311265925714968,17.967253185142994,13.442746814857008,0.28809336964571697,0.8635755738578004,0.7513126565971565,0.04330332314681017,39.53705584189027,32.23910188700066,15.826396287705476,98.00000000000011,86.0041459369818,2134355274.0,2074655254.0,0.49418421541664226,0.44998069450331313,-0.20320427594037158,23048330.0,0.08068780464469545,1.0406871126888586,0.04034582132564837,0.10474371219356882,0.22290748898678414,1.0,8.0,-0.04022988505747127,0.0,1611.61,1667.63,0.03320880033208806,0.008118728086083937,0.11665918937197417,0.21286079759676002,-0.024487870099529907,0.03392331395595827,0.18785208882351467,0.16822687764667532,0.8116862946816777,0.3396551195466418,17.4,16.45,-0.054597701149425304,0.010574666078854156,-0.06517236722827946,17.4,16.7,17.4,15.55,-0.10632183908045967,-0.012385763818556605,-0.09393607526190306,17.4,15.75,-0.09482758620689646,-0.007417160151083735,-0.08741042605581273,-0.002457276,0.005,5
2025-08-27,17.4,17.5,16.6,16.7,32215300,-0.03746397694524506,-0.029069767441860517,0.03726708074534146,0.024539877300613355,0.030864197530864113,0.22344322344322332,16.839999999999996,15.857499999999998,14.245833333333334,16.429956925365023,15.696310558034776,0.7336463673302465,0.6887702003232441,0.044876167007002365,0.043930920199415954,0.0026871956291618184,59.951485806964854,15.857499999999998,1.0415417468962385,17.940583493792474,13.77441650620752,0.2627253342320639,0.7022242513347702,0.761933181125931,0.04562474138478629,39.25012597827176,30.45649415695937,14.491093908013253,65.2173913043478,86.35024154589375,2102139974.0,2079725469.0,0.5237847906564941,0.4782564644131246,-0.3239527801813508,24101430.0,0.7092259905106422,1.336655127932243,0.053892215568862194,0.053129434021756294,0.1722725943258261,2.0,8.0,-0.023880597014925287,0.0,1678.54,1672.78,0.0030882150117230722,0.0050590016582952035,0.109542792329683,0.21252046443343423,-0.04055219195696813,0.01948087564231815,0.11390043111354031,0.10265528459194084,0.8217999374407685,0.33655919758183955,16.75,16.5,-0.014925373134328401,-0.007360078126395608,-0.007565295007932793,16.75,16.35,16.75,15.6,-0.06865671641791049,-0.0071873902091905695,-0.06146932620871992,16.75,15.9,-0.05074626865671639,-0.011093709991484624,-0.03965255866523176,0.0033730385,0.005,5
2025-08-28,16.75,16.9,16.2,16.35,17812000,-0.020958083832335217,-0.057636887608069176,-0.049418604651162656,-0.029673590504451064,0.028301886792452935,0.17204301075268824,16.740000000000002,15.977500000000001,14.301666666666668,16.41765585992425,15.744731998180349,0.6729238617439002,0.6856009326073753,-0.012677070863475137,0.04115742273662998,-0.0007753560161146872,56.210870736583836,15.977500000000001,0.9438826588541407,17.865265317708282,14.08973468229172,0.2363029657591339,0.5986616282505417,0.7575093824740787,0.04633084908098341,38.18568879601831,28.446189409479786,17.306356941161475,41.02564102564108,68.08101077666302,2084327974.0,2083210509.0,0.5335424556012566,0.6148656107280959,-0.33683857439775855,24297455.0,-0.5744987389889755,0.7330808926284667,0.04281345565749231,0.02331403536222809,0.14322340053606797,3.0,8.0,0.0,0.0,1679.33,1680.86,0.004830282523702989,-0.004229857819905258,0.11869392753507446,0.21005360549525362,-0.025788366356038206,-0.025443732684545806,0.05334908321761378,0.04768872155689885,0.8056196398828268,0.32806269376135033,16.5,15.35,-0.0696969696969697,-0.038802208140298555,-0.030894761556671146,16.5,16.5,16.5,15.8,-0.042424242424242364,-0.003082639591505787,-0.03934160283273658,16.5,16.4,-0.0060606060606061,-0.013981338492760731,0.007920732432154631,-0.0031313268,0.005,5
2025-08-29,16.5,16.75,16.3,16.5,12059000,0.00917431192660545,-0.0119760479041916,-0.04899135446685887,0.024844720496894235,0.037735849056603765,0.18705035971223016,16.82,16.1075,14.357499999999998,16.430324189166672,15.800677776092915,0.6296464130737576,0.6744100287006518,-0.04476361562689424,0.03816038867113682,-0.0027129464016299536,57.43658004012739,16.1075,0.8126103163984204,17.73272063279684,14.48227936720316,0.20179675713758685,0.6207528356702395,0.7355444265830731,0.04457845009594382,37.197282841068684,27.203107728207208,16.550079361291566,48.7179487179487,51.65366034931255,2096386974.0,2087692469.0,0.5316300469020931,0.5607663505632766,-0.3475018270729049,24506435.0,-1.1311676051514077,0.49207483667045004,0.02727272727272723,0.02436753065342212,0.1492251436531431,4.0,8.0,0.012345679012345734,1.0,1690.11,1682.21,0.0008031602869960075,0.022327967085391975,0.12506604423458922,0.2072142540760948,0.008371151639609442,0.0025167534115022594,0.06198431547764094,0.05509393496966708,0.8345713848822486,0.33626667810091854,16.2,15.4,-0.0493827160493826,-0.026627271700423893,-0.02275544434895871,16.2,16.4,16.2,15.95,-0.015432098765432056,-0.000719334645177705,-0.014712764120254351,16.2,16.3,0.006172839506172867,-0.012133570337254929,0.018306409843427796,-0.0026378059,0.005,5
2025-09-03,16.2,16.65,16.2,16.4,10170600,-0.0060606060606061,0.003058103975535076,-0.017964071856287456,-0.04651162790697683,-0.01501501501501501,0.17562724014336917,16.660000000000004,16.23,14.418333333333331,16.425658929294876,15.845072014900847,0.5805869143940292,0.6556454058393273,-0.07505849144529808,0.03540164112158715,-0.004576737283249884,56.30506057984744,16.23,0.6356513443549837,17.501302688709966,14.958697311290033,0.15666083656315055,0.5668605523726626,0.7151483961128535,0.04360660951907644,36.07213384608401,25.980444557455254,16.805017886867187,43.5897435897435,44.44444444444445,2086216374.0,2091268324.0,0.5340635999755513,0.5958574325344238,-0.3617648652626865,24617390.0,-1.3329402882882886,0.4131469664330784,0.02743902439024386,0.010474430067775709,0.13744075829383884,2.0,9.0,0.0030487804878049918,1.0,1682.11,1681.3,-0.0005409550531741969,0.04167828355111114,0.10019042134813083,0.19935162652152502,-0.005519651007431903,-0.08818991145808797,0.07543681879523834,0.06856705651263617,0.7868791934381059,0.3137190268993675,16.4,15.2,-0.07317073170731703,-0.0262682286574345,-0.04690250304988253,16.4,16.45,16.4,15.6,-0.04878048780487798,-0.009848363642827929,-0.03893212416205005,16.4,16.9,0.030487804878048808,-0.013356324699719702,0.04384412957776851,-0.0012950642,0.005,5
2025-09-04,16.4,16.85,16.4,16.45,9678300,0.0030487804878049918,-0.00303030303030305,0.006116207951070152,-0.05187319884726238,-0.012012012012011963,0.10402684563758391,16.479999999999997,16.307499999999997,14.476666666666667,16.429403709403356,15.889881495278562,0.5395222141247942,0.6324207674964207,-0.09289855337162656,0.03279770298630968,-0.005647328472439305,56.763705522074844,16.307499999999997,0.5542360792841784,17.415972158568355,15.19902784143164,0.13594630183269754,0.5642776631323095,0.6962092249619356,0.042322749237807634,35.29596989113239,26.832897655424027,16.029157312410902,46.1538461538461,46.15384615384611,2095894674.0,2092895294.0,0.4857544027297913,0.7184024733697237,0.3585382575733043,22668505.0,-1.3341499681356659,0.42694919669382697,0.027355623100304125,0.008738310593285448,0.1363113055491596,3.0,9.0,-0.009009009009008917,0.0,1687.59,1696.29,0.008915719978588088,0.017186066453589666,0.09639660020036822,0.1979792623389485,-0.005866939490783096,-0.06905926530085205,0.007630245437215688,0.006959384437913441,0.7833498592412317,0.3132545912035765,16.65,15.55,-0.06606606606606591,-0.027786737668095696,-0.038279328397970214,16.65,16.5,16.65,15.6,-0.06306306306306297,-0.023429298645851082,-0.03963376441721189,16.65,16.75,0.006006006006006093,-0.030742524030425877,0.03674853003643197,-0.00078901893,0.005,5
2025-09-05,16.65,16.95,16.45,16.5,13652600,0.003039513677811634,0.0060975609756097615,0.0,-0.0119760479041916,0.012269938650306678,0.08552631578947367,16.439999999999998,16.3725,14.535,16.440264677187457,15.93507545859126,0.5051892185961968,0.6069744577163759,-0.10178523912017912,0.030617528399769504,-0.006168802370919947,57.24698339793238,16.3725,0.4900255095414425,17.352551019082885,15.392448980917113,0.1197191655621177,0.5650476340095608,0.6821942803217974,0.04134510789829075,34.70950116679684,26.475181289043483,15.189997676325067,48.7179487179487,46.15384615384611,2109547274.0,2094477474.0,0.4826561118551009,0.8193734636184986,0.5629121639437019,22623715.0,-0.9174811808006705,0.6034641083482531,0.030303030303030304,0.00778744846541457,0.1351909184726523,4.0,9.0,-0.061162079510703515,0.0,1705.13,1666.97,-0.01728478031468672,-0.0034732600820190918,0.05926123618709922,0.2067480229260354,0.020324293992498355,-0.008502787822172508,0.026265079602374453,0.024795658242831475,0.7403198889203025,0.3052443615401605,16.35,15.6,-0.04587155963302758,0.003823205351283221,-0.0496947649843108,16.35,15.35,16.35,15.4,-0.05810397553516822,-0.0013787622447936076,-0.05672521329037461,16.35,16.5,0.00917431192660545,-0.009085380905648144,0.018259692832253593,-0.012264704,0.005,5
2025-09-08,16.35,16.4,15.35,15.35,28350300,-0.0696969696969697,-0.06686930091185406,-0.06402439024390238,-0.061162079510703515,-0.08902077151335319,0.01655629139072845,16.240000000000002,16.384999999999998,14.57,16.27253164992785,15.89173653573265,0.38079511419519996,0.5617385890121408,-0.18094347481694084,0.02480749929610423,-0.011787848522276276,44.83417280492196,16.384999999999998,0.4579990806716615,17.300998161343323,15.469001838656675,0.11180935750299954,-0.0649574658982709,0.7156089745845262,0.046619477171630376,32.377977578797605,23.436165413481312,24.426037584647187,0.0,31.623931623931615,2081196974.0,2095363909.0,0.5493403798319944,0.28514128400751443,0.49466116029775165,23319460.0,0.5208441271385346,1.2157356988540902,0.0684039087947882,-0.06316753127860841,0.053534660260809774,0.0,9.0,0.0,0.0,1660.91,1624.53,-0.025459366395316096,-0.03351260664183808,0.027007036243291038,0.2297277507509072,-0.044237603301653605,-0.027649472868865432,-0.010450744852562588,-0.01017592332258066,0.9211329949588707,0.3792703730639909,15.4,15.8,0.025974025974025983,0.033947397488923725,-0.007973371514897742,15.4,15.4,15.4,15.3,-0.00649350649350644,0.002988500104321501,-0.009482006597827941,15.4,16.7,0.08441558441558428,0.040452141042477185,0.04396344337310709,-0.014803871,0.005,5
2025-09-09,15.4,15.55,14.95,15.4,9681200,0.0032573289902280145,-0.06666666666666665,-0.06382978723404253,-0.06666666666666665,-0.0434782608695653,-0.046439628482972006,16.02,16.3475,14.613333333333333,16.13829601147741,15.85531160715986,0.2829844043175509,0.5059877520732229,-0.223003347755672,0.018375610669970836,-0.014480736867251428,45.388616625001234,16.3475,0.5063998316301402,17.36029966326028,15.33470033673972,0.12390881336721586,0.03223720624574229,0.7073511906856316,0.04593189549906698,30.789602545750398,22.01621008948499,26.985321712223143,17.64705882352945,22.121669180492734,2090878174.0,2094694079.0,0.48714389247925066,0.12985003836056586,1.1999142627358046,21763195.0,-1.3147981410223062,0.44484277239624054,0.03896103896103905,-0.057959932711423745,0.053832116788321116,1.0,9.0,-0.012987012987013102,0.0,1629.58,1637.32,0.007873046358023439,-0.02668513443624765,0.03304205179974118,0.2308633780674886,-0.004615717367795424,-0.039981532230419004,-0.07948168028271319,-0.07693944321457402,0.8864283023585765,0.36876839455028937,15.4,15.95,0.03571428571428559,0.020948609398630857,0.01476567631565473,15.4,15.2,15.4,15.25,-0.009740259740259716,-0.006772310663808012,-0.0029679490764517036,15.4,16.7,0.08441558441558428,0.023621090736815065,0.06079449367876921,-0.016185427,0.005,5
2025-09-10,15.4,15.45,15.15,15.2,6003700,-0.012987012987013102,-0.009771986970684043,-0.07878787878787885,-0.07317073170731703,-0.11627906976744184,-0.050000000000000044,15.780000000000001,16.307499999999997,14.650833333333335,15.993942778942426,15.8067700066295,0.18717277231292506,0.44222475612116335,-0.2550519838082383,0.012313998178481913,-0.016779735776857783,43.50508835830781,16.307499999999997,0.5636523284523636,17.434804656904724,15.18019534309527,0.1382559750917954,0.008784074821045613,0.6782546770652292,0.04462201822797561,29.31468287220656,21.320636661918943,26.13275568741453,9.803921568627448,9.15032679738565,2084874474.0,2094732514.0,0.4880613186997091,0.1472521641733548,1.1694327722172164,21054930.0,-1.5293881589099598,0.28514461933618396,0.019736842105263087,-0.06791353671623479,0.037483647119048724,2.0,9.0,0.023026315789473673,1.0,1646.41,1643.26,0.0036278797058608703,-0.02262534943198713,0.029057024410405585,0.2299817323592325,-0.016614892692873973,-0.0505453822753299,-0.07905702441040563,-0.07682472645838168,0.8925478582601181,0.3663127627137842,15.2,15.6,0.026315789473684292,0.01966132723112124,0.006654462242563053,15.2,15.55,15.2,15.65,0.029605263157894912,0.011417238749046543,0.01818802440884837,15.2,16.75,0.10197368421052633,0.036051868802440934,0.0659218154080854,-0.012632403,0.005,5
2025-09-11,15.2,15.6,15.0,15.55,10523600,0.023026315789473673,0.009740259740259827,0.013029315960912058,-0.054711246200607855,-0.10374639769452454,-0.04012345679012341,15.6,16.275,14.695,15.92564388987436,15.787750006138427,0.13789388373593248,0.3813585816441172,-0.2434646979081847,0.008867773873693406,-0.015656893756153357,47.602927889436664,16.275,0.5883742096044539,17.451748419208908,15.098251580791091,0.1446081006708336,0.19194774848841784,0.6726650572748557,0.04325820304018364,27.945114603915854,19.962246536933257,24.467773640801834,23.52941176470593,16.993464052287628,2095398074.0,2094363779.0,0.4936395521653784,0.11072034778343116,0.9758894372362832,20647760.0,-1.0013880071822958,0.5096727199463768,0.03858520900321541,-0.04454685099846378,0.05818305546104119,3.0,9.0,-0.006369426751592355,0.0,1638.75,1657.75,0.008817837712839172,-0.022720171668759503,0.030798025145813313,0.230608811968867,0.014208478076634501,-0.03199107453184835,-0.07092148193593673,-0.06880250078661565,0.9073545987895507,0.371405035836254,15.7,15.6,-0.006369426751592355,0.0019013008267048104,-0.008270727578297166,15.7,15.6,15.7,15.75,0.0031847133757962887,0.0024488273305975916,0.000735886045198697,15.7,17.1,0.0891719745222932,0.03276133861205044,0.05641063591024276,-0.01781704,0.005,5
2025-09-12,15.7,15.7,15.45,15.6,5330000,0.003215434083601254,0.026315789473684292,0.01298701298701288,-0.054545454545454564,-0.06586826347305386,-0.03703703703703698,15.419999999999998,16.245,14.735833333333334,15.87554482989369,15.773842598276321,0.10170223161736835,0.3254273116387674,-0.22372508002139907,0.006519373821626177,-0.014341351283423018,48.18118335765967,16.245,0.607388716254203,17.459777432508407,15.030222567491595,0.14955708618139804,0.23451926964590766,0.6424746960409374,0.04118427538723958,26.475964723780233,20.519182130398857,23.78770867950071,25.490196078431378,19.607843137254935,2100728074.0,2094261544.0,0.49390842300108745,0.09352228106109495,0.9634985635452514,19519415.0,-1.3501007909379894,0.2730614621391061,0.016025641025641028,-0.03970452446906747,0.058643895266640156,4.0,9.0,0.009584664536741228,1.0,1662.02,1667.26,0.005736691298446672,0.00017396833776239795,0.03453710598163329,0.23107040653984978,-0.002521257214845418,-0.05471942288321696,-0.07157414301867027,-0.06918470357885931,0.9173167282785516,0.37619048159584134,15.65,15.4,-0.015974440894568676,-0.008352315869400218,-0.007622125025168458,15.65,15.8,15.65,15.9,0.015974440894568787,-0.007108735553841616,0.023083176448410403,15.65,17.15,0.09584664536741205,0.04481672137224302,0.051029923995169035,-0.013256364,0.005,5
2025-09-15,15.65,15.85,15.55,15.8,5845100,0.012820512820512997,0.016077170418006492,0.03947368421052633,0.02931596091205213,-0.033639143730886945,-0.0062893081761006275,15.51,16.240000000000002,14.783333333333333,15.863922548371583,15.775780183589186,0.08814236478239756,0.27797032226749346,-0.1898279574850959,0.005578630682430225,-0.012014427688930119,50.532842422125945,16.240000000000002,0.6107803464260266,17.461560692852053,15.018439307147949,0.15043850897192762,0.3199025220053923,0.618012217752299,0.03911469732609487,24.812976833087692,21.54138168138679,22.962908457241944,33.33333333333338,27.450980392156918,2106573174.0,2095249299.0,0.4920471369371499,-0.058589351462626824,1.0221372191456786,19013935.0,-1.2053556345337113,0.30741138012725927,0.01898734177215183,-0.027093596059113323,0.06877113866967322,0.0,9.0,-0.015432098765432056,0.0,1672.59,1684.9,0.010580233436896513,0.03716151748505725,0.026945980044981166,0.22555827011191878,0.0022402793836164836,-0.007845556573005119,-0.033235288221081793,-0.03236322929043067,0.9203587327982454,0.3796221638766054,16.2,15.3,-0.05555555555555547,-0.036785375426520495,-0.018770180129034975,16.2,15.95,16.2,16.4,0.012345679012345734,-0.01790944503703873,0.030255124049384463,16.2,17.15,0.058641975308642014,0.04022111299038822,0.018420862318253794,-0.014197333,0.005,5
2025-09-16,16.2,16.5,15.9,15.95,11975700,0.009493670886075778,0.022435897435897356,0.025723472668810254,0.03571428571428559,-0.033333333333333326,0.0031446540880502027,15.62,16.2425,14.832500000000001,15.877165233237493,15.788685355175172,0.08847987806232105,0.240072233426459,-0.15159235536413795,0.005547327778201947,-0.009504222906842505,52.28194604398689,16.2425,0.609416243544662,17.461332487089322,15.023667512910675,0.15007941968161595,0.38000812125605765,0.623868487912849,0.03911401178136984,23.946324017402382,27.256990223688945,21.12254394916555,39.21568627450979,32.679738562091536,2118548874.0,2096835839.0,0.4931635202030123,-0.10753356925334619,0.9877639067112914,18652710.0,-0.6049308596576971,0.6420353932484878,0.03761755485893415,-0.01800831152839777,0.07534131130962396,1.0,9.0,-0.025000000000000022,0.0,1696.87,1680.9,-0.002374028132233419,0.026616666259497324,0.031226993865030694,0.22409853082416253,0.011867699018309197,0.009097619454788264,-0.02808233977698049,-0.027231967301135196,0.9155148787568163,0.3775994442678302,16.0,15.25,-0.046875,-0.025523064913085647,-0.021351935086914353,16.0,15.6,16.0,16.3,0.018750000000000044,-0.009767056594103929,0.028517056594103973,16.0,16.3,0.018750000000000044,0.0494431168769256,-0.030693116876925552,-0.010836251,0.005,5
2025-09-17,16.0,16.0,15.6,15.6,4255700,-0.021943573667711602,-0.012658227848101333,0.0,0.026315789473684292,-0.04878048780487798,-0.06306306306306297,15.7,16.189999999999998,14.877500000000001,15.834524428124032,15.774708662199233,0.059815765924799535,0.20402093992612713,-0.1442051740013276,0.0038343439695384318,-0.009243921410341513,48.01572329755099,16.189999999999998,0.6176355593809961,17.42527111876199,14.954728881238005,0.15259680281185833,0.26118602991734124,0.6078778816333599,0.03896653087393333,22.569906503984292,25.975859304505455,23.65488791771146,25.490196078431378,32.679738562091536,2114293174.0,2097276734.0,0.46695743852348165,0.008630152019533639,1.5556939876299274,17932635.0,-1.1895555918092895,0.23731593265574188,0.025641025641025664,-0.03644224830142051,0.048563266677869255,2.0,9.0,-0.0031948881789137795,0.0,1678.09,1670.97,-0.005907549527039091,0.01686282146464957,0.021144362216369172,0.22548145492538008,-0.01603602414067251,0.009452968009034723,-0.08420742527943215,-0.08246378121959363,0.9405716350433487,0.38776106611721134,15.65,15.65,0.0,-0.010973535817644708,0.010973535817644708,15.65,15.6,15.65,16.9,0.07987220447284327,-0.006444490855386786,0.08631669532823005,15.65,16.3,0.04153354632587858,0.048990064743264616,-0.007456518417386038,-0.0076525277,0.005,5
2025-09-18,15.65,15.8,15.45,15.6,3923300,0.0,-0.021943573667711602,-0.012658227848101333,0.003215434083601254,-0.05167173252279633,-0.06306306306306297,15.709999999999999,16.1375,14.922499999999998,15.798443746874181,15.761767279814105,0.03667646706007588,0.1705520453529169,-0.13387557829284102,0.002351055580774095,-0.00858176783928468,48.01572329755099,16.1375,0.6210930517633553,17.37968610352671,14.895313896473288,0.15395025295451095,0.2836475555176579,0.5894580329452629,0.03778577134264506,21.016380547997333,24.874175306124958,24.469290889008935,32.500000000000014,32.40196078431375,2114293174.0,2097717629.0,0.46695743852348165,0.008630152019533639,1.5556939876299274,16817410.0,-1.0992469749794178,0.23328800332512556,0.022435897435897526,-0.03330751355538342,0.045401239738649846,3.0,9.0,-0.015974440894568676,0.0,1675.85,1665.18,-0.0034650532325535277,0.0044819785854322,0.0066376496191513645,0.22299107000123514,0.0034650532325535277,-0.0012665445018309462,-0.06970071268221434,-0.0692411144254188,0.9402961759050994,0.38859534941208984,15.65,15.75,0.006389776357827559,-0.003081544242598322,0.009471320600425881,15.65,15.4,15.65,16.75,0.07028753993610226,-0.011087575692300344,0.0813751156284026,15.65,16.3,0.04153354632587858,0.05720901845336401,-0.015675472127485435,-0.0068510245,0.005,5
2025-09-19,15.65,15.7,15.4,15.4,4834200,-0.012820512820512775,-0.012820512820512775,-0.03448275862068961,-0.012820512820512775,-0.06666666666666665,-0.05521472392638038,15.669999999999998,16.092499999999998,14.960833333333335,15.737144708893538,15.73496970353158,0.002175005361959137,0.13687663735472536,-0.13470163199276622,0.00014123411441293096,-0.008746859220309494,45.55233031753299,16.092499999999998,0.64098505607121,17.37447011214242,14.810529887857577,0.15932516540530323,0.2299078997860975,0.5687824591634584,0.03693392591970509,19.550585574925307,23.93705420879357,24.175331242776736,22.500000000000053,26.83006535947717,2109458974.0,2099773094.0,0.46361778590726926,-0.02620728662297874,1.6944202962431318,15202840.0,-0.9437784469930957,0.3179800616200657,0.01948051948051941,-0.04303246854124576,0.029354425444215293,4.0,9.0,-0.019230769230769162,0.0,1671.24,1658.62,-0.003939514046529591,-0.005182155152765655,-0.0034487731019731127,0.22243356432918007,-0.008880998773983184,-0.00763835766774712,-0.05176595082440727,-0.05194509768006561,0.9549052648152013,0.39517768357397376,15.6,15.9,0.019230769230769384,0.002438641604191494,0.01679212762657789,15.6,15.3,15.6,16.5,0.05769230769230771,-0.006543285888474526,0.06423559358078224,15.6,16.2,0.03846153846153855,0.04498810860405866,-0.006526570142520116,-0.0076420726,0.005,5
2025-09-22,15.6,15.7,14.95,15.3,9206200,-0.00649350649350644,-0.019230769230769162,-0.019230769230769162,-0.03164556962025311,-0.0032573289902279035,-0.09198813056379829,15.569999999999999,16.015,15.0,15.669891676756071,15.702749725492202,-0.03285804873613074,0.10292970013655414,-0.13578774887268488,-0.0021475848847144273,-0.008875016266188553,44.32776831586819,16.015,0.6382748129477254,17.291549625895453,14.73845037410455,0.15941924769221993,0.21994821607563617,0.5817265692232113,0.03802134439367394,18.98758305462471,21.732681471496857,27.47443907961732,17.50000000000007,24.166666666666732,2100252774.0,2100139449.0,0.4435470197915451,0.08345894587877466,2.492077997900918,14434350.0,-0.48262974784504103,0.6377980303927784,0.049019607843137254,-0.044645644708086185,0.020000000000000018,0.0,9.0,-0.006514657980456029,0.0,1656.66,1634.45,-0.014572355331540554,-0.02994242981779338,-0.03172393364928905,0.22137673287445267,0.008078848838034114,-0.00170313980245973,-0.06026419691450924,-0.06223865177380261,0.9344178901707331,0.3942425864496782,15.35,16.4,0.0684039087947883,0.019179020500024624,0.04922488829476368,15.35,15.25,15.35,16.7,0.08794788273615639,0.036926953373452864,0.051020929362703527,15.35,15.3,-0.0032573289902279035,0.0008011644405303553,-0.004058493430758259,-0.008598525,0.005,5
2025-09-23,15.35,15.45,15.2,15.25,3205100,-0.0032679738562092497,-0.009740259740259716,-0.022435897435897467,-0.043887147335423204,-0.009740259740259716,-0.052795031055900665,15.430000000000001,15.9725,15.039166666666667,15.605292957255138,15.669212708789075,-0.06391975153393759,0.0695598098024558,-0.13347956133639338,-0.0041914591169795136,-0.008752758120419238,43.695270112633544,15.9725,0.66023819465823,17.29297638931646,14.65202361068354,0.16534373320600534,0.22642449124970704,0.5580318142786962,0.03659225011663582,18.46479500005987,21.037230804034586,26.59525088458805,15.000000000000036,18.333333333333403,2097047674.0,2101639064.0,0.41752748293551184,0.044928756886653244,3.684767156515794,13301090.0,-0.9384112267369261,0.24096521412906763,0.01639344262295082,-0.04523399593050559,0.014018950518091655,1.0,9.0,0.03300330033003296,1.0,1635.12,1635.26,0.0004955795527548101,-0.027152120887619757,-0.006204914097491909,0.20294883446596967,-0.00376355340896406,-0.016735026447803447,-0.046590116958408756,-0.04688100959575414,0.9367880665244406,0.3953943095883035,15.15,16.3,0.07590759075907583,0.016106545347813306,0.05980104541126252,15.15,15.65,15.15,16.7,0.10231023102310233,0.03053761862831439,0.07177261239478794,15.15,15.3,0.00990099009900991,0.01716441639761279,-0.007263426298602882,-0.0068159695,0.005,5
2025-09-24,15.15,15.65,15.05,15.65,4363000,0.02622950819672143,0.02287581699346397,0.016233766233766156,0.0032051282051281937,0.029605263157894912,-0.09011627906976738,15.440000000000001,15.895000000000001,15.084166666666667,15.61217096383127,15.66778954517507,-0.0556185813438006,0.04452413157320452,-0.10014271291700512,-0.003553902961265214,-0.006398895394057835,49.85909469069837,15.895000000000001,0.5964588484514959,17.08791769690299,14.70208230309701,0.15009974166756726,0.3973106021328797,0.5610295418302179,0.035848533024295075,17.542942528272906,21.976532183717936,24.56363511126523,35.00000000000006,22.50000000000007,2101410674.0,2101191139.0,0.3430893591325344,-1.504958324396554,3.4520086161322774,11353550.0,-0.8443145642124209,0.3842850914471685,0.038338658146964834,-0.015413652091852859,0.037511739682890566,2.0,9.0,0.006389776357827559,1.0,1635.36,1657.46,0.0135758228049363,-0.008085124209291639,0.026907802209376497,0.19566500682732607,0.01265368539178513,0.011290252414419832,-0.11702408127914388,-0.11395772924051051,0.9527472121250138,0.4025252572462482,15.65,16.9,0.07987220447284327,0.0023900113179378124,0.07748219315490545,15.65,15.75,15.65,16.75,0.07028753993610226,0.02212416018494001,0.04816337975116225,15.65,15.85,0.012779552715654896,0.010487152936643707,0.0022923997790111894,-0.008826174,0.005,5
2025-09-25,15.65,16.2,15.55,15.75,8967200,0.006389776357827559,0.032786885245901676,0.02941176470588225,0.009615384615384581,0.012861736334405016,-0.09221902017291073,15.469999999999999,15.815000000000001,15.126666666666667,15.633375430934151,15.673879208495435,-0.04050377756128398,0.02751854974630682,-0.06802232730759081,-0.002571668416589459,-0.00431887792429148,51.29460768725967,15.815000000000001,0.4885801124863109,16.792160224972623,14.83783977502738,0.12357385077111874,0.4667403572419137,0.5673845745566308,0.036024417432167034,16.944178848320277,27.10221336142698,22.553614856132416,51.61290322580648,33.87096774193554,2110377874.0,2099992269.0,0.34199747303013084,-1.507330708501768,3.495676446903852,10602605.0,-0.2113798812922697,0.8457544160138004,0.04126984126984118,-0.004110022130888513,0.04120758043190831,3.0,9.0,0.006329113924050667,1.0,1661.08,1666.09,0.005206762154139399,0.0005464874668204001,-0.0009234662365154023,0.1566451545707944,0.0011830142036881597,0.009068897148564181,-0.09129555393639532,-0.09137994022588869,0.9569644039857057,0.40534085882301996,15.8,16.75,0.06012658227848089,-0.008381932944536485,0.06850851522301737,15.8,15.9,15.8,17.1,0.08227848101265822,0.029873761009911792,0.05240472000274643,15.8,15.65,-0.009493670886076,0.012227902176782601,-0.0217215730628586,-0.005313812,0.005,5
2025-09-26,15.8,16.35,15.75,15.9,17259700,0.00952380952380949,0.015974440894568787,0.042622950819672045,0.032467532467532534,0.019230769230769384,-0.0479041916167664,15.569999999999999,15.775,15.171666666666665,15.67439459540582,15.690628896755033,-0.016234301349213,0.01876797952720286,-0.03500228087641585,-0.0010210252420888679,-0.002201401312982129,53.44755497174533,15.775,0.44292686814830085,16.660853736296602,14.889146263703399,0.11231109176502078,0.5705534079037555,0.5697142478025858,0.03583108476745823,16.643463745219538,26.94407292752637,20.85700379618016,61.29032258064521,49.30107526881727,2127637574.0,2101267149.0,0.32220946780086734,-1.9221559186041064,5.898842553849705,9854825.0,1.2170684855434444,1.751395889830616,0.03773584905660386,0.007923930269413626,0.0480061518180821,4.0,9.0,0.03144654088050314,1.0,1666.68,1660.7,-0.003235119351295501,0.0012540545754906596,-0.007221511495833277,0.1566000409917327,0.012758928875104991,0.031213477892041874,-0.04068268012093312,-0.04097860760684924,0.9488591242562913,0.4026939454198032,15.9,16.5,0.037735849056603765,-0.008088040307610789,0.045823889364214554,15.9,16.4,15.9,17.15,0.07861635220125773,0.05322316241170655,0.025393189789551185,15.9,15.35,-0.03459119496855345,0.014428292471251991,-0.04901948743980544,-0.004283667,0.005,5
2025-09-29,15.9,16.65,15.9,16.4,16255200,0.03144654088050314,0.04126984126984112,0.047923322683705916,0.07189542483660127,0.037974683544303556,0.003058103975535076,15.790000000000001,15.777499999999998,15.225,15.786026196112617,15.743174904402808,0.04285129170980895,0.023584641963724076,0.01926664974608487,0.002612883640842009,0.0011747957162246874,59.82283249178057,15.777499999999998,0.4464700732603875,16.67044014652077,14.884559853479223,0.11319158884750748,0.848567595726036,0.5825918015309725,0.03552389033725442,16.85116678114985,28.14461276134963,18.939126671674014,85.29411764705883,66.06578115117019,2143892774.0,2104245389.0,0.33528514925400904,-1.8435666649265359,5.937048998879101,9776985.0,1.0821918703826248,1.6625984390893511,0.045731707317073066,0.039454919980985714,0.07717569786535305,0.0,9.0,-0.015105740181268867,0.0,1659.24,1666.48,0.0034804600469682256,0.019596806265104405,-0.008555144390371527,0.15608417964752877,0.027966080833534912,0.05229861857149687,0.011613248365906603,0.011713458696364754,0.9505141818458513,0.3996633922553653,16.55,16.7,0.009063444108761143,0.016572134351804158,-0.007508690243043015,16.55,16.3,16.55,17.15,0.03625377643504524,0.05831424699914867,-0.02206047056410343,16.55,15.6,-0.05740181268882183,-0.009185423236962253,-0.048216389451859576,-0.009239572,0.005,5
2025-09-30,16.55,16.7,15.8,16.3,12129200,-0.0060975609756096505,0.02515723270440251,0.03492063492063502,0.06885245901639347,0.021943573667711602,-0.012121212121212088,16.0,15.767499999999998,15.274166666666668,15.865099089018369,15.784421207780378,0.08067788123799069,0.0350032898185774,0.04567459141941329,0.004949563266134398,0.00280212217297014,58.10882248639443,15.767499999999998,0.4314220671237695,16.630344134247537,14.90465586575246,0.10944590255240697,0.8085725328969063,0.6052638157073315,0.03713274942989763,16.811097986098623,25.155343474627472,18.107704804562427,77.14285714285722,74.5757657901871,2131763574.0,2106014219.0,0.3343472030286823,-1.7441857694161054,5.718986381731664,9780495.0,0.39225973393167773,1.2401417310678038,0.05521472392638028,0.03377199936578412,0.0671613290414097,1.0,9.0,0.043209876543209846,1.0,1667.86,1661.7,-0.0028683212519802215,0.016168682655969047,-0.012192294660000824,0.1562580180689167,-0.003229239723629429,0.05268377636042443,7.108253878873594e-05,7.195989503272493e-05,0.9530982187532072,0.40140790841073004,16.2,16.7,0.030864197530864113,0.012222589266944972,0.01864160826391914,16.2,16.9,16.2,16.3,0.006172839506172867,0.05772545722093758,-0.051552617714764715,16.2,15.85,-0.021604938271604923,0.009339619808402588,-0.03094455808000751,-0.0025782601,0.005,5
2025-10-01,16.2,17.2,16.05,16.9,19492500,0.03680981595092003,0.030487804878048808,0.06289308176100628,0.07987220447284327,0.08333333333333326,0.030487804878048808,16.25,15.7925,15.33,16.024314613784775,15.86705667387072,0.15725793991405368,0.05945421983767266,0.09780372007638102,0.009305203545210278,0.005787202371383493,64.65274320842079,15.7925,0.4815749927950546,16.75564998559011,14.829350014409892,0.12197561951434029,1.0749364151843113,0.6441735431568076,0.03811677770158625,17.539655023199686,27.49182065845737,15.798670810932355,86.66666666666664,83.03454715219425,2151256074.0,2109266204.0,0.3584703935060736,-1.4701972914008268,4.6145363724293205,10246590.0,1.451433233068132,1.9023401931764616,0.06804733727810643,0.07012822542346031,0.10241356816699265,2.0,10.0,-0.01179941002949847,0.0,1664.95,1665.05,0.0020160077029547363,0.004579296031276714,-0.00966514007018382,0.15652700774088107,0.0347938082479653,0.07529290844156655,0.04015294494823263,0.040544816276666396,0.9458598795817168,0.3930818569291616,16.95,16.75,-0.01179941002949847,0.017859283950025118,-0.029658693979523587,16.95,16.75,16.95,16.3,-0.03834808259587008,0.053901585093882654,-0.09224966768975273,16.95,16.95,0.0,0.010665211865422908,-0.010665211865422908,-0.004435938,0.005,5
2025-10-02,16.95,16.95,16.4,16.75,11890300,-0.008875739644970349,0.027607361963190247,0.021341463414634276,0.06349206349206349,0.07371794871794868,0.01823708206686936,16.45,15.807500000000001,15.382499999999999,16.135958519356347,15.93245988321363,0.2034986361427169,0.08826310309868152,0.11523553304403539,0.012149172307027875,0.006879733316061815,62.043373842234466,15.807500000000001,0.5071268397356758,16.821753679471353,14.793246320528649,0.12832562764148056,0.9646273506699269,0.63744686150275,0.0380565290449403,18.21617227193639,25.797505607574355,14.825002094281745,80.00000000000003,81.26984126984132,2139365774.0,2111439759.0,0.36039110873915775,-1.3652593186043753,4.2627162175033275,10357190.0,0.2403369111634446,1.148023740029873,0.03283582089552243,0.05962359639411674,0.0888997237120106,3.0,10.0,-0.04347826086956519,0.0,1668.04,1652.71,-0.007411188853187589,-0.008030778649412595,-0.025691361736495444,0.15429840579309473,-0.0014645507917827594,0.07152284214147608,0.0439284438033648,0.04508678469859184,0.9549285176780709,0.3975441514573105,17.25,17.1,-0.008695652173912993,0.03940922495594612,-0.048104877129859114,17.25,16.5,17.25,16.3,-0.05507246376811592,0.06991685791969182,-0.12498932168780774,17.25,17.1,-0.008695652173912993,0.011008907647496846,-0.01970455982140984,0.01556089,0.005,5
2025-10-03,17.25,17.35,16.5,16.5,15672300,-0.014925373134328401,-0.023668639053254337,0.012269938650306678,0.037735849056603765,0.0714285714285714,0.0,16.57,15.807500000000001,15.430833333333334,16.19196490099383,15.974499891864472,0.2174650091293593,0.11410348430481708,0.10336152482454221,0.013179697522991472,0.006264334837851043,57.85250378507996,15.807500000000001,0.5071268397356758,16.821753679471353,14.793246320528649,0.12832562764148056,0.8413840215797604,0.652629228538268,0.03955328657807685,19.39806613603793,27.775452157501235,13.445827865626539,64.5833333333333,77.08333333333334,2123693474.0,2112147069.0,0.36475945414142114,-1.2064869991908558,3.667317426410493,10458175.0,0.8084522088360185,1.4985693010491792,0.051515151515151604,0.04380831883599545,0.0692876815898904,4.0,10.0,0.012121212121211977,1.0,1651.39,1645.82,-0.004168910456159969,-0.008960077075931938,-0.012687690840267107,0.14282378943930982,-0.010756462678168432,0.0466959261325357,0.012687690840267107,0.012850737018629044,0.9767195346669243,0.40453478019007594,16.5,17.15,0.039393939393939315,0.04446078079801086,-0.005066841404071543,16.5,16.7,16.5,16.2,-0.018181818181818188,0.0346828755169859,-0.05286469369880409,16.5,17.1,0.036363636363636376,-0.02002797102488707,0.056391607388523446,0.0143258935,0.005,5
2025-10-06,16.5,16.7,16.4,16.7,19690900,0.012121212121211977,-0.0029850746268657025,-0.011834319526627168,0.018292682926829285,0.0915032679738561,0.08794788273615639,16.630000000000003,15.875,15.483333333333333,16.27012414699478,16.028240640615252,0.24188350637952993,0.13965948871975967,0.10222401765977027,0.014484042298175445,0.006121198662261693,60.17037689032035,15.875,0.5322494468626128,16.939498893725226,14.810501106274774,0.13411009684727254,0.8875062740144813,0.6274414264998204,0.03757134290418086,20.227951113528103,26.82685642349282,14.125032032664418,72.9166666666666,72.49999999999999,2143384374.0,2115256439.0,0.2560798243313291,0.44067143341082093,-0.4838267726712699,10025205.0,1.7937443247552332,1.9641393866758834,0.01796407185628747,0.051968503937007915,0.07857911733046286,0.0,10.0,-0.0029850746268657025,0.0,1673.16,1695.5,0.03018556099694991,0.017413950362440644,0.0436864816285325,0.1507259004271215,-0.018064348875737934,0.0008787325643886401,0.04426140110762389,0.042408713619208616,0.933098725384271,0.4020334466910461,16.75,17.15,0.023880597014925398,0.03592933857620739,-0.012048741561281995,16.75,16.7,16.75,15.3,-0.08656716417910448,-0.03959739421327546,-0.04696976996582902,16.75,16.45,-0.017910447761194104,-0.05100064557779216,0.033090197816598055,-0.001523613,0.005,5
2025-10-07,16.75,17.2,16.5,16.7,13154200,0.0,0.012121212121211977,-0.0029850746268657025,0.024539877300613355,0.09508196721311468,0.08441558441558428,16.71,15.940000000000001,15.538333333333332,16.33625889361097,16.07800059316227,0.258258300448702,0.16337925106554815,0.09487904938315386,0.015464568889143835,0.005681380202584064,60.17037689032035,15.940000000000001,0.5502630949696312,17.040526189939264,14.839473810060738,0.1380835871943868,0.8452893747317098,0.6326241817498331,0.03788168752993013,21.640090068401964,30.351991589975917,13.008647894960838,72.9166666666666,70.13888888888884,2143384374.0,2117881749.0,0.25652415664987166,0.4708624815625809,-0.481951971497415,10198855.0,0.5439951493917738,1.289772234236098,0.04191616766467062,0.04767879548306131,0.07476134291537062,1.0,10.0,-0.0029761904761904656,0.0,1703.9,1685.3,-0.006015924506045489,0.014202322922308497,0.029303984560134833,0.15183024277025553,0.006015924506045489,0.010337554378304858,0.055111599855449445,0.05354258866393202,0.9419813457814876,0.4076235776464945,16.8,16.3,-0.029761904761904767,0.03527212444005512,-0.06503402920195989,16.8,16.75,16.8,15.3,-0.0892857142857143,-0.02212150071132113,-0.06716421357439317,16.8,16.9,0.005952380952380931,-0.028852597791964918,0.03480497874434585,-0.0008747282,0.005,5
2025-10-08,16.8,17.0,16.5,16.75,9411500,0.0029940119760478723,0.0029940119760478723,0.015151515151515138,-0.008875739644970349,0.07028753993610226,0.10197368421052633,16.68,16.017500000000002,15.5825,16.399911371516975,16.1277783270021,0.27213304451487375,0.18513000975541327,0.08700303475946047,0.016246748926261118,0.005194211030415551,60.79549662304008,16.017500000000002,0.5497068596809527,17.116913719361907,14.918086280638096,0.13727656867325178,0.8331320989996094,0.6231510259105594,0.03720304632301847,22.95136195507055,28.612445870608713,12.263090961955232,74.99999999999996,73.61111111111107,2152795874.0,2121277819.0,0.24848301919389443,0.42491679151426337,-0.2998201302155719,10369245.0,-0.1791205199095666,0.907635994713212,0.029850746268656716,0.04573123146558444,0.0749237927161881,2.0,10.0,0.014836795252225476,1.0,1701.06,1697.83,0.0074348780632527145,0.019687096483589128,0.03320837846719327,0.1531375523142961,-0.004440866087204842,-0.028562836128559477,0.06876530574333306,0.06655511818956517,0.9107063511957877,0.4034629728163732,16.85,16.3,-0.03264094955489616,0.03241208391082706,-0.06505303346572322,16.85,17.1,16.85,15.85,-0.05934718100890213,-0.014247457069698655,-0.04509972393920347,16.85,17.25,0.023738872403560762,-0.02811318095327575,0.051852053356836514,-0.0031128305,0.005,5
2025-10-09,16.85,17.2,16.65,17.1,22552300,0.020895522388059806,0.023952095808383422,0.023952095808383422,0.020895522388059806,0.08571428571428585,0.09967845659163999,16.75,16.095000000000002,15.639999999999999,16.507617314360516,16.199794747224168,0.30782256713634837,0.2096685212316003,0.09815404590474808,0.018001319715575927,0.005740002684488191,64.94323685389824,16.095000000000002,0.5882400154620743,17.271480030924153,14.918519969075854,0.14619198893123939,0.9271215718003093,0.6179259526312337,0.03613602062170957,24.413089103590554,29.10524125132798,11.483443682633714,89.58333333333334,79.16666666666664,2175348174.0,2125275324.0,0.24653830080088793,0.4291125786277908,-0.23424151303651508,10970680.0,1.9297450270689454,2.055688434992179,0.03216374269005852,0.062441752096924485,0.09335038363171377,3.0,10.0,-0.0029069767441860517,0.0,1702.76,1716.47,0.010978719895395894,0.038579061057293806,0.035421505052028346,0.15465822879646457,0.009916802492663912,-0.017683538669234,0.06425695153961164,0.06205873765040537,0.8922104569511616,0.399042721306733,17.2,16.3,-0.05232558139534871,0.024100575562086002,-0.07642615695743471,17.2,17.15,17.2,15.65,-0.09011627906976738,-0.022147258110324808,-0.06796902095944257,17.2,16.7,-0.029069767441860517,-0.04789395283057141,0.01882418538871089,-0.0026347295,0.005,5
2025-10-10,17.2,17.25,17.05,17.15,7140000,0.0029239766081869956,0.023880597014925398,0.026946107784431073,0.039393939393939315,0.07861635220125773,0.09935897435897423,16.88,16.1725,15.699166666666665,16.606445419843514,16.270180321503858,0.33626509833965557,0.23498783665321135,0.10127726168644421,0.019607294363828316,0.005905379690171675,65.5047011539152,16.1725,0.6207963900475617,17.414092780095125,14.930907219904876,0.15354370444830723,0.8936475854527389,0.5880740988718599,0.03429003491964198,25.83145145081202,29.005515207105148,11.204483606376487,91.30434782608683,85.29589371980673,2182488174.0,2129363329.0,0.24656650362686608,0.4320481883586906,-0.23374907630541664,11061180.0,-0.661773579560547,0.6455007512760844,0.011661807580174887,0.06044210851754506,0.09241467169170337,4.0,10.0,0.01780415430267035,1.0,1725.27,1747.55,0.018106928754944684,0.06181113365981705,0.048156856159207395,0.16475258051988084,-0.015182952146757689,-0.022417194265877738,0.05120211819976683,0.04884967159150988,0.8792906875665801,0.39730633336266974,16.85,16.2,-0.03857566765578646,-0.004050096937689429,-0.03452557071809703,16.85,17.15,16.85,15.35,-0.08902077151335319,-0.03167014721872252,-0.05735062429463067,16.85,15.9,-0.05637982195845703,-0.08004119132680954,0.023661369368352503,-0.0028186443,0.005,5
2025-10-13,16.85,17.25,16.7,17.15,15338200,0.0,0.0029239766081869956,0.023880597014925398,0.026946107784431073,0.0457317073170731,0.08544303797468333,16.97,16.24,15.753333333333334,16.69006920140605,16.335352149540608,0.35471705186544256,0.2589336796956576,0.09578337216978494,0.020683210021308605,0.005585036278121572,65.5047011539152,16.24,0.6508294303193182,17.541658860638634,14.938341139361363,0.16030281534958568,0.8495539528511813,0.5853545203810129,0.03413145891434478,26.095139968398904,27.058827612731466,14.723417494475914,91.30434782608683,90.73067632850235,2182488174.0,2133159079.0,0.24527380166184787,0.5674774664639527,-0.06573666896621136,11535835.0,0.6482756838546032,1.3296133309812423,0.03206997084548109,0.056034482758620774,0.08865848497672446,0.0,10.0,-0.05232558139534871,0.0,1738.23,1765.12,0.010054075705988375,0.04106163373636096,0.047611134191940074,0.16441654763329852,-0.010054075705988375,-0.014115525951929886,0.03783190378274326,0.03611254457688107,0.8627689688150484,0.3911945458440611,17.2,15.3,-0.11046511627906974,-0.08218870760584862,-0.02827640867322112,17.2,16.3,17.2,15.6,-0.09302325581395343,-0.07315322187137197,-0.019870033942581466,17.2,15.8,-0.08139534883720922,-0.11353528101987143,0.0321399321826622,-0.0029661853,0.005,5
2025-10-14,17.2,17.2,16.2,16.3,24599000,-0.04956268221574334,-0.04956268221574334,-0.04678362573099415,-0.0239520958083832,0.0,0.021943573667711602,16.89,16.2575,15.7775,16.630058555035887,16.33273347179686,0.29732508323902707,0.2666119604043315,0.030713122834695572,0.018240802652701046,0.0018842406647052497,49.78437147304457,16.2575,0.6473173385932532,17.55213467718651,14.962865322813494,0.15926614512520462,0.5164138968115547,0.614972054639512,0.03772834691039951,25.082793378626135,23.915963825136508,18.820767730542762,41.66666666666665,74.75845410628011,2157889174.0,2135126094.0,0.3095843828563482,-0.43677712194395374,1.4912323641840572,12167000.0,1.8968723256689228,2.0217802251993096,0.06134969325153374,0.002614178071659312,0.03311678022500408,1.0,10.0,-0.003058103975535187,0.0,1782.97,1761.06,-0.002300126903553301,0.04495342075594855,0.047688738175976964,0.16438842042205312,-0.047262555312190035,-0.06890551656433175,-0.02574516450826536,-0.024573295073389456,0.8751731829617676,0.4040444786164028,16.35,15.3,-0.06422018348623859,-0.05814440694856515,-0.0060757765376734385,16.35,16.3,16.35,15.85,-0.030581039755351758,-0.04847915203949893,0.017898112284147172,16.35,16.25,-0.006116207951070374,-0.09767739451452906,0.09156118656345869,-0.0032846613,0.005,5
2025-10-15,16.35,16.55,16.3,16.3,8290400,0.0,-0.04956268221574334,-0.04956268221574334,-0.02686567164179099,-0.035502958579881505,0.044871794871794934,16.8,16.2925,15.805833333333332,16.579280315799597,16.330308770182278,0.24897154561731938,0.26308387744692907,-0.014112331829609692,0.015274327951982783,-0.0008657872288104105,49.784371473044565,16.2925,0.6285478250876377,17.549595650175277,15.035404349824725,0.1543158692865154,0.5029830665625776,0.5889026221652611,0.036128995224862646,24.142757259551423,23.190766200745774,18.25007042780416,34.375000000000014,55.78200483091785,2157889174.0,2137305894.0,0.2973196519983411,-0.5773076978142792,2.342499976118513,12368735.0,-0.641576162099501,0.670270646108919,0.015337423312883436,0.0004603345097438094,0.03126482838614453,2.0,10.0,0.0,0.0,1766.12,1757.95,-0.0017659818518391823,0.03540990558536494,0.052053597610968394,0.16226189336584404,0.0017659818518391823,-0.06227557722715593,-0.00718180273917346,-0.006826460890853925,0.8633571021168243,0.3980656266813948,16.3,15.85,-0.027607361963190247,-0.048744410629579904,0.021137048666389657,16.3,16.3,16.3,16.95,0.039877300613496924,-0.04459028285473021,0.08446758346822714,16.3,16.5,0.012269938650306678,-0.07517667794458527,0.08744661659489195,-0.000767989,0.005,5
2025-10-16,16.3,16.45,16.0,16.3,12077800,0.0,0.0,-0.04956268221574334,-0.04678362573099415,-0.02686567164179099,0.044871794871794934,16.639999999999997,16.3275,15.827499999999999,16.53631411336889,16.3280636760947,0.20825043727418802,0.25211718941238087,-0.043866752138192855,0.012776100446269202,-0.0026912117876191936,49.784371473044565,16.3275,0.6070799392443518,17.541659878488705,15.113340121511296,0.14872575452319148,0.4886752970151551,0.5789810062963139,0.03552030713474318,22.57922136654638,21.903301712415953,20.937978527249985,32.25806451612902,36.099910394265244,2157889174.0,2139485694.0,0.2973196519983411,-0.5773076978142792,2.342499976118513,12776460.0,-0.11566888045780592,0.9453166213489496,0.02760736196319014,-0.0016842749961720749,0.029853103775075107,3.0,10.0,-0.012195121951219523,0.0,1764.51,1766.85,0.005062715094285908,0.029350935349874874,0.061056462364428965,0.16085894927367875,-0.005062715094285908,-0.07613456108086902,-0.01618466749263403,-0.01525335179295606,0.8421895279783493,0.3873445414976512,16.4,15.65,-0.0457317073170731,-0.047724950751011797,0.001993243433938696,16.4,16.2,16.4,17.1,0.04268292682926855,-0.05759732672540796,0.10028025355467651,16.4,16.5,0.0060975609756097615,-0.07912012237456312,0.08521768335017288,-0.0017563123,0.005,5
2025-10-17,16.4,16.55,16.2,16.2,7699100,-0.00613496932515345,-0.00613496932515345,-0.00613496932515345,-0.055393586005830886,-0.018181818181818188,0.051948051948051965,16.45,16.3675,15.855833333333331,16.484573480542906,16.318577477865464,0.16599600267744208,0.23489295206539312,-0.06889694938795105,0.01024666683194087,-0.004252898110367349,48.088603345525904,16.3675,0.567838700226597,17.503177400453193,15.231822599546806,0.13877224994082096,0.42625546659061836,0.5626252201322915,0.034729951860017996,21.337376831918487,22.199596946810395,20.00760881673795,25.80645161290312,30.813172043010734,2150190074.0,2141522249.0,0.2937161736760413,-0.6323885464989961,2.6607049725891634,12919705.0,-0.8888285703285631,0.5959191792691861,0.021604938271605027,-0.010233694822055939,0.021705996741472777,4.0,10.0,-0.05555555555555547,0.0,1771.61,1731.19,-0.02018281121770371,-0.009361677777459776,0.0437532406458383,0.17943523127515354,0.014047841892550261,-0.04603190822837111,0.008194811302213667,0.007851291840917263,0.8140592957148493,0.3900458595488426,16.2,15.35,-0.05246913580246915,-0.023445250900736125,-0.02902388490173302,16.2,15.3,16.2,17.1,0.05555555555555558,-0.04870067707517445,0.10425623263073003,16.2,17.65,0.08950617283950613,-0.051131649638255006,0.14063782247776113,-4.292862e-05,0.005,5
2025-10-20,16.2,16.4,15.1,15.3,14144400,-0.05555555555555547,-0.06134969325153372,-0.06134969325153372,-0.10787172011661794,-0.0838323353293412,0.0,16.080000000000002,16.3675,15.8775,16.302331406613227,16.243127294319873,0.05920411229335443,0.1997551841109854,-0.14055107181763096,0.0038695498230950603,-0.009186344563243853,36.15298768077172,16.3675,0.567838700226597,17.503177400453193,15.231822599546806,0.13877224994082096,0.03001618259991273,0.6152948472656993,0.04021534949449015,21.416293282058003,18.84934762451954,29.757883004271566,8.888888888888928,22.317801672640375,2136045674.0,2143311894.0,0.35855498111358597,-0.9834328336834933,1.8218792023743737,13166615.0,0.16821423359421164,1.0742624433083219,0.08496732026143783,-0.06522071177638611,-0.03637222484648084,0.0,10.0,-0.00649350649350644,0.0,1723.59,1636.43,-0.054736915069980796,-0.07290722443799846,0.0012114166845116348,0.2653240945431465,-0.0008186404855746732,-0.03496449567861948,-0.0012114166845116348,-0.0012099509297678335,0.8766318266086475,0.47296185185715645,15.4,15.6,0.01298701298701288,0.007155046318868763,0.005831966668144117,15.4,15.3,15.4,16.45,0.06818181818181812,-0.014505119453924853,0.08268693763574297,15.4,18.85,0.22402597402597402,0.008300828863968768,0.21572514516200525,-0.0040121884,0.005,5
2025-10-21,15.4,15.7,15.05,15.3,10201100,0.0,-0.05555555555555547,-0.06134969325153372,-0.06134969325153372,-0.0838323353293412,0.003278688524590123,15.88,16.37,15.898333333333333,16.148126574826577,16.17326601325914,-0.025139438432564276,0.15477625960227548,-0.17991569803483975,-0.0016431005511479918,-0.011759195949989526,36.15298768077172,16.37,0.5627470217848005,17.4954940435696,15.2445059564304,0.13750690819420894,0.02465319291855009,0.6177737867467207,0.0403773716827922,21.55991091522855,17.432731540538988,28.09955246085526,10.869565217391301,15.18830190639447,2136045674.0,2145261794.0,0.35831780001037256,-1.0092970481319727,1.8717158695809843,13516415.0,-0.6167108907211039,0.7547193542074582,0.04248366013071886,-0.06536346976175933,-0.037634972219310114,1.0,10.0,0.019292604501607746,1.0,1640.8,1663.43,0.016499330860470618,-0.05543820199198202,0.017226618397074622,0.2715719625669383,-0.016499330860470618,-0.005911491259551704,-0.013947929872484499,-0.013711723248515995,0.8604548757577287,0.467817486349799,15.55,15.85,0.019292604501607746,0.0010007028746381597,0.018291901626969587,15.55,15.85,15.55,16.9,0.08681672025723453,-0.015987419735290165,0.10280413999252469,15.55,18.85,0.212218649517685,-0.011257907339679019,0.223476556857364,-0.003725961,0.005,5
2025-10-22,15.55,16.2,15.15,15.85,10343300,0.035947712418300526,0.035947712418300526,-0.021604938271604923,-0.027607361963190247,-0.05373134328358209,0.012779552715654896,15.790000000000001,16.38,15.925833333333333,16.10226094793018,16.149320382647353,-0.04705943471717333,0.11440912073838572,-0.16146855545555905,-0.002969049508969926,-0.010187290565019498,45.70419898595118,16.38,0.5509322243169485,17.481864448633896,15.278135551366102,0.13453778371598257,0.25949854782178566,0.6486470876933834,0.04092410647907782,20.63279457265358,20.923032736431097,24.850533888894375,34.782608695652115,18.1803542673108,2146388974.0,2147510709.0,0.3691040847891534,-0.8643154841937359,1.6364666026991828,13815430.0,-0.6954656291729551,0.7486773846344269,0.06624605678233432,-0.03235653235653235,-0.00476165559102093,2.0,10.0,-0.009493670886076,0.0,1678.82,1678.5,0.009059593731025606,-0.045194686993373034,0.012694122331760704,0.26926056375981766,0.02688811868727492,0.017587325030182788,8.543038389419166e-05,8.435951390484142e-05,0.8825591374146922,0.47067620769711105,15.8,16.95,0.07278481012658222,0.0030343957685052825,0.06975041435807694,15.8,15.65,15.8,17.25,0.09177215189873422,-0.015374271893760394,0.10714642379249462,15.8,17.65,0.11708860759493667,-0.01887870151660287,0.13596730911153954,-0.0132305985,0.005,5
2025-10-23,15.8,16.0,15.65,15.65,3576300,-0.012618296529968376,0.02287581699346397,0.02287581699346397,-0.039877300613496924,-0.08479532163742698,-0.006349206349206327,15.66,16.375,15.965,16.032682340556306,16.11233368763644,-0.07965134708013366,0.07559702717468185,-0.15524837425481552,-0.005089542944417486,-0.00992002391404572,43.174894313059205,16.375,0.557366930072272,17.489733860144543,15.260266139855457,0.1361507004756694,0.1748102726932545,0.6273151528581418,0.040084035326398836,19.771900825976825,20.08920014681874,23.86018104249526,27.272727272727266,24.30830039525691,2142812674.0,2149132449.0,0.37151010768139275,-0.7242001054941847,1.3525906086595418,13545885.0,-1.8471827352841168,0.2640137576836065,0.022364217252396144,-0.04427480916030535,-0.019730660820544865,3.0,10.0,-0.019169329073482455,0.0,1680.73,1687.06,0.005099791480488447,-0.045159464583863884,0.01258635487878812,0.26923745255100745,-0.017718088010456823,0.00528216397036696,-0.018935561227994446,-0.018700193950629607,0.768218303265682,0.398192145012604,15.65,17.1,0.09265175718849838,-0.009086700536536818,0.1017384577250352,15.65,15.35,15.65,16.7,0.06709265175718837,-0.02507003466122215,0.09216268641841052,15.65,17.7,0.1309904153354633,-0.017146621717867183,0.14813703705333048,0.00086289126,0.005,5
2025-10-24,15.65,15.7,15.3,15.35,6457800,-0.019169329073482455,-0.03154574132492116,0.0032679738562091387,-0.05246913580246915,-0.10495626822157433,-0.03459119496855345,15.49,16.3475,15.993333333333334,15.927654288163028,16.055864525589296,-0.12821023742626814,0.03483557425449185,-0.16304581168076,-0.008352458464251996,-0.010621876982459935,39.63193425926604,16.3475,0.5943760549838706,17.53625210996774,15.15874789003226,0.14543533995629188,0.08044238507090021,0.6110783562254173,0.03980966490067865,19.55344161877385,19.149914470596507,26.835708686567564,13.636363636363592,25.230566534914345,2136354874.0,2149568314.0,0.3756359265018408,-0.5329418499537009,0.9800524473064572,13005790.0,-1.1809998454345982,0.49653269812906403,0.02605863192182401,-0.061018504358464676,-0.0402250937890789,4.0,10.0,0.0,0.0,1684.88,1683.18,-0.0022998589261792324,-0.027732369064054185,0.013536460528692729,0.2690735906604969,-0.016869470147303223,-0.02473676673841496,-0.04812765549724618,-0.04748487831620907,0.7633574615953215,0.3953947239389398,15.6,17.1,0.09615384615384626,-0.03348168233664417,0.12963552849049043,15.6,15.6,15.6,15.9,0.019230769230769384,-0.05738453830056889,0.07661530753133827,15.6,17.8,0.1410256410256412,-0.02447463821509621,0.1655002792407374,-0.0019458992,0.005,5
2025-10-27,15.6,16.2,15.25,15.6,10929400,0.016286644951140072,-0.0031948881789137795,-0.01577287066246058,0.019607843137254832,-0.09037900874635563,-0.04878048780487798,15.55,16.3075,16.020833333333332,15.877245936137946,16.022096782953053,-0.14485084681510685,-0.001101709959427887,-0.14374913685567897,-0.00928531069327608,-0.009214688259979422,43.772744206792055,16.3075,0.6171400506421623,17.541780101284324,15.073219898715676,0.15137575977732012,0.21339568738740305,0.6352870450664588,0.04072352852990121,18.34691906988977,22.726203499530758,23.96929651563059,24.99999999999996,21.969696969696958,2147284274.0,2149737889.0,0.3615980126708865,-0.6354825839330606,1.3211782324232388,12739500.0,-0.3286344807044317,0.8579143608461871,0.060897435897435855,-0.04338494557718853,-0.02626788036410921,0.0,10.0,0.01602564102564097,1.0,1696.45,1652.54,-0.01820363835121619,0.009844600746747423,-0.008364936872929829,0.2771098664788328,0.03449028330235626,0.00976324239050741,-0.04041555093194815,-0.04075647628322032,0.7228487437754274,0.3815674349552398,15.6,16.45,0.054487179487179516,-0.018727319068367443,0.07321449855554696,15.6,15.85,15.6,15.8,0.012820512820512997,-0.04085298508368429,0.05367349790419729,15.6,18.0,0.15384615384615397,0.01220977510225385,0.14163637874390012,-0.0029119228,0.005,5
2025-10-28,15.6,15.85,15.25,15.85,9441400,0.01602564102564097,0.032573289902280145,0.012779552715654896,0.035947712418300526,-0.027607361963190247,-0.027607361963190247,15.66,16.285,16.053333333333335,15.873054253655186,16.009348873104678,-0.13629461944949206,-0.028140291857440724,-0.10815432759205133,-0.008599029618264484,-0.006823616882779264,47.6404930826371,16.285,0.6255734211621411,17.536146842324282,15.033853157675718,0.15365635152892623,0.3261594941198541,0.6327665418474261,0.03992217929636758,17.226576703068837,21.186962585913147,22.345861177288555,36.363636363636324,24.999999999999982,2156725674.0,2150985994.0,0.36696175772880246,-0.7384976945398836,1.227080263814891,12605110.0,-0.5694021049954936,0.7490136936528122,0.03785488958990534,-0.026711697881486085,-0.012666112956810749,1.0,10.0,0.07278481012658222,1.0,1647.86,1680.5,0.016919408909920497,0.010261928665468378,0.011313714870313518,0.28348031003758634,-0.0008937678842795282,0.025685783752832148,-0.038921076833503765,-0.03848566103792517,0.7258130599763708,0.38544850181839774,15.8,16.9,0.06962025316455689,-0.020119817308262733,0.08974007047281962,15.8,16.95,15.8,16.25,0.028481012658227778,-0.054742274156237114,0.08322328681446489,15.8,18.6,0.17721518987341778,-0.015149178480337033,0.1923643683537548,-0.0036137633,0.005,5
2025-10-29,15.8,16.95,15.8,16.95,24979400,0.06940063091482651,0.08653846153846145,0.10423452768729646,0.06940063091482651,0.039877300613496924,0.002958579881656931,15.88,16.2875,16.10333333333333,16.038738214631312,16.079026734356184,-0.04028851972487146,-0.030569937430926872,-0.00971858229394459,-0.0023769038185764875,-0.000573367686958383,60.51165319115394,16.2875,0.6282546835239421,17.544009367047884,15.030990632952117,0.15429124998285604,0.7636271632246223,0.6697117888583242,0.03951101999164155,17.52915926101633,30.320421661771107,19.605051006469782,86.36363636363633,49.24242424242422,2181705074.0,2152508444.0,0.4252692519508241,0.2239683955331079,2.187614413284479,12879455.0,2.006799274595489,1.9394764762949985,0.06784660766961643,0.04067536454336129,0.05257710618919487,2.0,10.0,0.00884955752212413,1.0,1685.9,1685.83,0.0031716750966974683,0.004366994340184727,0.012480105702531441,0.2835802337504889,0.06622895581812904,0.06503363657464178,-0.00952152582087451,-0.009404160898813685,0.758684318444649,0.3762485703684407,16.95,17.25,0.017699115044247815,-0.020096753373637255,0.03779586841788507,16.95,17.1,16.95,16.5,-0.02654867256637161,-0.03373341307295585,0.007184740506584242,16.95,18.5,0.09144542772861364,-0.0050153064547645565,0.0964607341833782,-0.020447167,0.005,5
2025-10-30,16.95,17.25,16.7,17.1,12974800,0.00884955752212413,0.07886435331230301,0.09615384615384626,0.09265175718849838,0.04907975460122693,0.020895522388059806,16.169999999999998,16.305,16.14,16.202009258534186,16.154654383663132,0.047354874871054164,-0.014984974970530666,0.06233984984158483,0.002769290928131822,0.0036456052538938496,61.88750843421432,16.305,0.6464274290699453,17.59785485813989,15.01214514186011,0.1585838525777234,0.8074591068729158,0.6611609467970153,0.038664382853626625,18.17231352725883,31.759855925154195,18.440132787799662,93.18181818181824,71.96969696969698,2194679874.0,2155274149.0,0.4247471367810697,0.11863305272993535,2.1869770589664075,12933680.0,0.006824912755164142,1.0031792962250496,0.03216374269005852,0.048758049678012894,0.059479553903345694,3.0,10.0,-0.002915451895043608,0.0,1688.83,1669.57,-0.009645100632922676,-0.010367147582184377,0.010201426747584286,0.28454469357599965,0.018494658155046806,0.10301890477068276,0.01069409564047552,0.010586102293387079,0.6896279196496595,0.35899538523082186,17.15,16.7,-0.026239067055393583,-0.016153472966740634,-0.01008559408865295,17.15,17.1,17.15,16.5,-0.03790087463556846,-0.022861626367834287,-0.015039248267734173,17.15,18.0,0.04956268221574356,0.008810440761614968,0.04075224145412859,-0.009303996,0.005,5
2025-10-31,17.15,17.55,16.8,17.1,16352400,0.0,0.00884955752212413,0.07886435331230301,0.1140065146579805,0.05555555555555558,0.036363636363636376,16.52,16.335,16.171666666666667,16.34016168029816,16.22467998487327,0.11548169542489006,0.01110835910855348,0.10437333631633658,0.006753315521923395,0.006103703878148337,61.88750843421432,16.335,0.6694656156425537,17.67393123128511,14.996068768714894,0.16393403505174264,0.7856756128041585,0.6675065934543714,0.03903547330142522,19.110671496420974,32.421177167599815,16.96020095465172,82.00000000000003,87.1818181818182,2194679874.0,2158823469.0,0.4204329294123376,0.041994954397484574,2.402904986208714,12967685.0,0.5600914012889604,1.261011506679874,0.043859649122807015,0.046831955922865154,0.05740492631145022,4.0,10.0,-0.04081632653061218,0.0,1669.61,1639.65,-0.017920781997759816,-0.02586176166541898,-0.003748891130257115,0.29173792028550183,0.017920781997759816,0.1398682763233995,0.04011252749389349,0.04026347086268389,0.6624847158426836,0.34771028833838935,17.15,15.9,-0.0728862973760932,-0.027642652137957913,-0.04524364523813529,17.15,16.45,17.15,17.65,0.029154518950437414,-0.005533394950624992,0.034687913901062406,17.15,17.4,0.014577259475218707,0.028232475555771686,-0.013655216080552979,-0.0025544555,0.005,5
2025-11-03,17.15,17.15,16.4,16.45,12055100,-0.03801169590643283,-0.03801169590643283,-0.029498525073746285,0.054487179487179516,0.07516339869281041,-0.014970059880239472,16.69,16.322499999999998,16.194166666666668,16.35705988332921,16.24137035636414,0.1156895269650704,0.03202459267985686,0.08366493428521354,0.007032797991797593,0.005086014242262221,52.66557315092126,16.322499999999998,0.6646081156364017,17.6517162312728,14.993283768727196,0.1628691966638447,0.5479605939952722,0.673398979636202,0.04093610818457155,19.181234251539344,29.84195024662346,19.853820817569193,55.99999999999994,77.06060606060609,2182624774.0,2160785489.0,0.44173723014787675,0.15919340766283546,1.6521338265701,12585895.0,-0.09098912471986517,0.9578262014739516,0.04559270516717325,0.007811303415530713,0.015797869603252135,0.0,11.0,0.03680981595092003,1.0,1644.56,1617.0,-0.013813923703229425,-0.021506287291079174,-0.04629902683574172,0.2724776151671767,-0.024197772203203405,0.07599346677825869,0.031328966955502247,0.032849884646291905,0.7052886830566912,0.3664766832858197,16.3,15.8,-0.030674846625766916,-0.02316411416422537,-0.007510732461541547,16.3,16.9,16.3,18.85,0.15644171779141103,0.022496631685640534,0.1339450861057705,16.3,17.45,0.07055214723926362,0.05169899012373147,0.01885315711553215,0.0051551857,0.005,5
2025-11-04,16.3,16.9,16.0,16.9,18782000,0.027355623100303816,-0.011695906432748648,-0.011695906432748648,0.06624605678233442,0.10457516339869266,0.011976047904191489,16.9,16.3325,16.206666666666667,16.440589132047794,16.290157737374205,0.15043139467358912,0.055705953078603314,0.0947254415949858,0.008901265957017108,0.005605055715679634,57.39848048982807,16.3325,0.6720500842874891,17.67660016857498,14.98839983142502,0.1645920916669192,0.7111077780020164,0.6895847668050447,0.04080383235532809,18.524429558924663,27.059970162911288,22.1462522642629,73.99999999999991,70.66666666666664,2201406774.0,2163686609.0,0.4525938122593197,0.04184256779329215,1.2075402842207499,12867285.0,0.9864537316742755,1.4596707852511233,0.0532544378698224,0.03474667074850757,0.04278074866310155,1.0,11.0,0.023738872403560762,1.0,1618.02,1651.98,0.021632653061224527,-0.01697113954180307,-0.01977096065982309,0.2847729750453195,0.005722970039079289,0.08321719632413749,0.03174700856401458,0.03238733733636834,0.7171867190700103,0.3987005832566986,16.85,16.25,-0.035608308605341366,-0.03268668131547969,-0.0029216272898616724,16.85,17.25,16.85,18.85,0.11869436201780403,0.007563157830842604,0.11113120418696143,16.85,17.55,0.041543026706231334,0.04224685273087059,-0.0007038260246392536,0.004318895,0.005,5
2025-11-05,16.85,17.65,16.8,17.25,19341800,0.020710059171597628,0.04863221884498481,0.008771929824561209,0.017699115044247815,0.0883280757097793,0.029850746268656803,16.96,16.357499999999998,16.227500000000003,16.56511388096352,16.361257164235376,0.20385671672814354,0.08533610580851136,0.11852061091963217,0.011817780679892378,0.00687076005331201,60.69068334517064,16.357499999999998,0.6972266489466301,17.75195329789326,14.963046702106737,0.170497117272598,0.820017888497374,0.7010429977475413,0.04064017378246616,18.848863764791744,32.358098964119826,20.22826165342548,84.61538461538466,71.5384615384615,2220748574.0,2167084244.0,0.4579755583259974,-0.04331418749369895,1.0029254517659791,13363800.0,0.9792174586237015,1.447327855849384,0.04927536231884046,0.05456212746446587,0.06301032198428569,2.0,11.0,-0.04022988505747127,0.0,1647.46,1654.89,0.0017615225365925635,-0.018352977465106113,-0.025291106883492342,0.28329404957467724,0.018948536635005064,0.03605209250935393,0.055141853152149145,0.05657263778094812,0.7275816847248746,0.40235502991668465,17.4,16.5,-0.051724137931034364,-0.01497582499834016,-0.036748312932694205,17.4,16.7,17.4,17.65,0.014367816091954033,-0.004629769356600977,0.01899758544855501,17.4,17.75,0.02011494252873569,0.045331900740642306,-0.025216958211906615,0.0036579436,0.005,5
2025-11-06,17.4,17.4,16.7,16.7,6000900,-0.03188405797101457,-0.011834319526627168,0.015197568389057725,-0.023391812865497186,0.06709265175718837,-0.023391812865497186,16.880000000000003,16.3375,16.235833333333332,16.585865591584515,16.386349226143867,0.19951636544064755,0.10817215773493861,0.09134420770570893,0.01194708775093698,0.005469713036269996,53.67152898021903,16.3375,0.6803395050315766,17.69817901006315,14.976820989936845,0.16657126366496128,0.6332055530066482,0.7009684979084312,0.041974161551403065,18.970451443138007,30.049999594414142,19.80438045295481,63.46153846153846,74.02564102564102,2214747674.0,2169054219.0,0.4671194593287412,0.1549075578393002,0.7722970542111508,12536230.0,-1.1053318348881516,0.47868458061155544,0.04191616766467062,0.02218821729150733,0.028589026330647194,3.0,11.0,-0.04216867469879526,0.0,1656.67,1642.64,-0.007402304684903549,-0.016129901711218975,-0.04301269465822288,0.2803756130160471,-0.02448175328611102,-0.007261911154278211,0.019620881792725697,0.020502760781887508,0.7422498152698875,0.4058137587993531,16.6,16.5,-0.006024096385542244,-0.002933554979709596,-0.0030905414058326475,16.6,15.9,16.6,17.7,0.06626506024096379,0.012070356426929996,0.054194703814033796,16.6,18.05,0.08734939759036142,0.061726886031389094,0.025622511558972327,0.0033368217,0.005,5
2025-11-07,16.6,16.95,15.9,15.9,20703900,-0.0479041916167664,-0.07826086956521738,-0.05917159763313595,-0.07017543859649134,0.03583061889250816,-0.0728862973760932,16.64,16.275,16.230833333333333,16.48034780826382,16.350323357540617,0.13002445072320157,0.11254261633259122,0.01748183439061035,0.008177638410264249,0.0010994864396610283,45.439477530367874,16.275,0.6588466797137019,17.592693359427404,14.957306640572595,0.16192852343193911,0.35770589290859256,0.7258993194864003,0.045654045250717,17.79407842594992,26.94523022891086,25.630198258248026,32.69230769230771,60.256410256410284,2194043774.0,2169631999.0,0.49575166822703653,0.20034933460542212,0.26000700772408736,13214425.0,1.240472512211295,1.566765107070493,0.06603773584905653,-0.02304147465437778,-0.02038301586486624,4.0,11.0,0.006369426751592355,1.0,1636.24,1599.1,-0.026506112112209768,-0.02473088768944598,-0.08494749792566736,0.28255999354781874,-0.021398079504556633,-0.045444550907045356,0.012061200549574158,0.013180883634799745,0.8028057565694942,0.4391281995657838,15.7,17.65,0.12420382165605082,0.023428993379306817,0.100774828276744,15.7,15.8,15.7,17.8,0.13375796178343968,0.035612820865821515,0.09814514091761817,15.7,18.0,0.14649681528662417,0.08967347092026379,0.056823344366360384,-0.0067513837,0.005,5
2025-11-10,15.7,16.2,15.7,15.8,6212000,-0.0062893081761006275,-0.053892215568862145,-0.08405797101449275,-0.03951367781155002,0.012820512820512997,-0.07871720116618064,16.509999999999998,16.207500000000003,16.229166666666668,16.37567891468477,16.30955866438946,0.06612025029530955,0.10325814312513489,-0.03713789282982534,0.004184825968057566,-0.002350499546191477,44.52026373541326,16.207500000000003,0.6331365114306805,17.473773022861366,14.941226977138642,0.1562576613125234,0.33909473208266455,0.7097636538088002,0.044921750241063305,16.62811738093091,25.589385017806592,26.353266003839895,26.00000000000003,40.71794871794875,2187831774.0,2169899179.0,0.4956968414379432,0.23386532492704878,0.272487056122342,12758115.0,-1.0539517857266552,0.4869057850630755,0.03164556962025316,-0.02514268085762783,-0.0264441591784339,0.0,11.0,0.015625,1.0,1598.02,1580.54,-0.011606528672378214,-0.022547928262213968,-0.10457079405366199,0.2784209306425807,0.005317220496277586,-0.01696574954933605,0.025853592887481347,0.02887284970804349,0.8495542197347558,0.46255815215823937,16.0,18.85,0.1781250000000001,0.043587414528297286,0.1345375854717028,16.0,16.25,16.0,18.0,0.125,0.05214089269043476,0.07285910730956524,16.0,18.05,0.12812500000000004,0.10623722655362955,0.021887773446370495,-0.006606313,0.005,5
2025-11-11,16.0,16.3,15.85,16.25,5502000,0.028481012658227778,0.022012578616352085,-0.026946107784431073,-0.038461538461538436,0.025236593059936974,-0.0030674846625767804,16.380000000000003,16.205000000000002,16.235,16.35634369704096,16.305146911471724,0.05119678556923546,0.09284587161395501,-0.04164908604471955,0.003150571419645259,-0.0025630206796750494,49.47360982140574,16.205000000000002,0.6328506932929354,17.470701386585873,14.939298613414131,0.15621121710408772,0.5177767048677184,0.6947805356796003,0.042755725272590785,15.483486883716417,25.302069983429835,24.99861079513419,41.66666666666669,33.45299145299149,2193333774.0,2171671409.0,0.47682759398050106,0.10771873967267594,0.4032924367574675,11803265.0,-1.096762203451214,0.46614220726214317,0.02769230769230776,0.002776920703486452,0.0009239297813365965,1.0,11.0,0.00917431192660545,1.0,1585.32,1593.61,0.008269325673504024,-0.03533335754670164,-0.09508477848568475,0.2824595158406377,0.020211686984723753,-0.003128180914836798,0.09201729382310797,0.10168609349848623,0.8662112417943724,0.46798714650370987,16.35,18.85,0.15290519877675846,0.037689965804592385,0.11521523297216607,16.35,16.5,16.35,18.6,0.13761467889908263,0.037965029413051576,0.09964964948603106,16.35,18.0,0.10091743119266039,0.09223382907297317,0.008683602119687217,-0.0059147268,0.005,5
2025-11-12,16.35,16.5,16.05,16.5,8338500,0.01538461538461533,0.044303797468354444,0.037735849056603765,-0.04347826086956519,-0.02654867256637161,0.012269938650306678,16.23,16.215,16.2325,16.378444666726967,16.319580473584928,0.058864193142039056,0.08604953591957182,-0.02718534277753276,0.0035675268570932762,-0.0016475965319716825,52.035700908457706,16.215,0.6360031446473743,17.487006289294747,14.94299371070525,0.15689254262038216,0.612027747975215,0.677296211702486,0.041048255254696124,14.719979763739781,26.21052125931818,23.812236559350268,52.083333333333364,39.91666666666671,2201672274.0,2173860564.0,0.4798278763152678,0.028166898604460498,0.301241309406048,11805670.0,-0.6036374045372443,0.7063131529172,0.02727272727272723,0.01757631822386685,0.016479285384259912,2.0,11.0,-0.009009009009008917,0.0,1599.63,1631.86,0.02400210842050443,-0.013916332807618725,-0.07172558946500196,0.3004069504246613,-0.008617493035889101,-0.029561928061946463,0.08399552811530864,0.09048566583549245,0.8418943771947255,0.47608838040526996,16.65,17.65,0.06006006006006004,0.010020580164641357,0.05003947989541868,16.65,16.5,16.65,18.5,0.11111111111111116,0.029228733829870457,0.0818823772812407,16.65,18.0,0.08108108108108114,0.05288367306938446,0.02819740801169668,-0.0005790502,0.005,5
2025-11-13,16.65,17.0,16.3,16.5,8192100,0.0,0.01538461538461533,0.044303797468354444,-0.0119760479041916,-0.03508771929824572,0.012269938650306678,16.190000000000005,16.225,16.23,16.39714548723051,16.332944882949008,0.06420060428150265,0.08167974959195799,-0.017479145310455343,0.0038909457140304635,-0.0010593421400275965,52.035700908457706,16.225,0.6389753310461675,17.502950662092335,14.947049337907666,0.15752858700675923,0.607594138082668,0.6789179108665941,0.04114654005252086,14.70430065257405,29.540677191685276,22.05854615155446,52.083333333333364,48.61111111111115,2201672274.0,2176049719.0,0.4798278763152678,0.028166898604460498,0.301241309406048,11611385.0,-0.5895773195142344,0.7055230706758927,0.04242424242424238,0.016949152542372836,0.01663585951940849,3.0,11.0,0.06969696969696959,1.0,1632.64,1631.44,-0.0002573750199158509,-0.006818292504748524,-0.0766392166850609,0.29897598779280493,0.0002573750199158509,-0.005157755399443076,0.08890915533536758,0.0962886413869306,0.8498366628689057,0.4783749044584158,16.5,17.7,0.07272727272727275,0.017536637070263206,0.055190635657009546,16.5,17.65,16.5,18.0,0.09090909090909083,0.03494423791821544,0.05596485299087539,16.5,18.1,0.09696969696969715,0.043903038495806346,0.053066658473890804,-0.0013930752,0.005,5
2025-11-14,16.5,17.65,16.5,17.65,38260900,0.06969696969696959,0.06969696969696959,0.08615384615384603,0.11006289308176087,0.03216374269005828,0.08950617283950613,16.54,16.2975,16.2525,16.589892335348893,16.43050452124908,0.15938781409981218,0.09722136249352883,0.06216645160628334,0.009030471053813723,0.0035221785612625125,62.248368893789525,16.2975,0.7138618103049602,17.72522362060992,14.869776379390078,0.17520768468905307,0.9736560985879793,0.7125666315189801,0.04037204711155695,15.452526814562814,32.65098494167461,19.515693420093108,100.0,68.05555555555559,2239933174.0,2180536874.0,0.5368898140748507,0.13446358619754636,-0.040943728083130126,13139475.0,3.0520345825273463,2.911904775495216,0.06515580736543902,0.0829881883724497,0.085986771265959,4.0,11.0,0.0589887640449438,1.0,1627.45,1635.46,0.002464080812043301,0.022737790006879033,-0.05529722329726949,0.29327797023230634,0.06723288888492629,0.08732510307488184,0.14480339613677562,0.15327931674148232,0.8767026552777437,0.4690535292394328,17.8,17.8,0.0,0.008814547050540522,-0.008814547050540522,17.8,18.85,17.8,17.4,-0.022471910112359716,0.03079605235085059,-0.053267962463210305,17.8,17.15,-0.036516853932584414,0.003913512590903778,-0.04043036652348819,-0.012164766,0.005,5
2025-11-17,17.8,18.85,17.55,18.85,25228100,0.06798866855524088,0.14242424242424256,0.14242424242424256,0.19303797468354444,0.14589665653495465,0.23202614379084974,17.15,16.475,16.285833333333333,16.93760120683368,16.609726408563965,0.3278747982697148,0.14335204964876602,0.18452274862094875,0.017393888502372137,0.00978900523188057,69.53721532947412,16.475,0.8757703375953517,18.226540675190705,14.723459324809298,0.212630127489008,1.1779745493896154,0.7545261578390531,0.040027912882708384,17.210433821948925,39.99274684180309,17.113958883737453,100.0,84.0277777777778,2265161274.0,2186992654.0,0.531653447891017,0.2513070551438761,-0.2623096034915028,13693660.0,1.331306299844404,1.8423197304446,0.06896551724137934,0.14415781487101675,0.15744767947602734,0.0,11.0,0.0,0.0,1640.47,1654.42,0.011593068616780666,0.04674351803813903,0.01099344304369887,0.2232632813968782,0.05639559993846022,0.1462944566454054,0.22103270074715087,0.21862921294693005,0.9064490523438301,0.4666327936129418,18.85,18.0,-0.04509283819628651,0.006365276361596006,-0.05145811455788252,18.85,18.85,18.85,17.45,-0.07427055702917784,0.026691926657536058,-0.1009624836867139,18.85,16.9,-0.10344827586206906,-0.006890185407528615,-0.09655809045454045,0.02472216,0.005,5
2025-11-18,18.85,19.0,18.35,18.85,16208900,0.0,0.06798866855524088,0.14242424242424256,0.16000000000000014,0.11538461538461564,0.23202614379084974,17.67,16.652499999999996,16.331666666666667,17.231816405782343,16.77567260052219,0.4561438052601545,0.20591040077104375,0.2502334044891108,0.024198610358628886,0.013274981670509856,69.53721532947412,16.652499999999996,0.9787848266311941,18.610069653262386,14.694930346737609,0.2351082003617942,1.061282710001598,0.7470600037076921,0.03963183043542133,18.954430242425808,38.941455743306314,16.05035400793669,95.4545454545455,98.4848484848485,2265161274.0,2193448434.0,0.531653447891017,0.2513070551438761,-0.2623096034915028,13994050.0,0.25632895734419897,1.1582708365340983,0.03448275862068958,0.13196216784266657,0.1541994081028677,1.0,11.0,-0.058666666666666756,0.0,1657.43,1659.92,0.003324427896181037,0.04160992965656596,-0.002110097809946865,0.21561847671375572,-0.003324427896181037,0.11839007034343418,0.2341362416007966,0.23463133667044977,0.8546491865920947,0.4393010740054385,18.75,18.6,-0.007999999999999896,0.0006689769474159668,-0.008668976947415863,18.75,17.65,18.75,17.55,-0.06399999999999995,0.034841042639746744,-0.09884104263974669,18.75,17.9,-0.04533333333333345,0.012011450956757708,-0.057344784290091155,0.023854768,0.005,5
2025-11-19,18.75,18.75,17.55,17.65,48094500,-0.06366047745358105,-0.06366047745358105,0.0,0.06969696969696959,0.023188405797101463,0.11356466876971605,17.9,16.7425,16.339166666666667,17.29615234335429,16.8404375930761,0.4557147502781902,0.25587127067247306,0.19984347960571713,0.02581953259366517,0.011322576748199272,56.815174346320056,16.7425,0.98385319294319,18.71020638588638,14.77479361411362,0.23505526485129227,0.7305984283298453,0.7865557177285714,0.04456406332739781,19.25593443608339,34.34420695657875,21.420470331623033,59.09090909090906,84.84848484848486,2217066774.0,2196982324.0,0.5846240005299952,0.13703388150441617,-0.1517469504380941,15881610.0,2.8100466727912816,3.028313880015943,0.06798866855524076,0.05420337464536362,0.08022644973733861,2.0,11.0,0.0,0.0,1659.25,1649.0,-0.006578630295435928,0.0105033520032356,-0.017575215966636915,0.214026032738258,-0.05708184715814513,0.05919361769373399,0.13113988473635296,0.13348592876286758,1.0257876220852309,0.5206891752668665,17.7,18.5,0.04519774011299438,0.01721017234386446,0.027987567769129917,17.7,17.7,17.7,17.75,0.0028248587570622874,0.048331345759202726,-0.04550648700214044,17.7,17.5,-0.011299435028248594,0.01315431041266879,-0.024453745440917385,0.006631442,0.005,5
2025-11-20,17.7,18.1,17.6,17.7,10971300,0.0028328611898016387,-0.0610079575596818,-0.0610079575596818,0.07272727272727275,0.05988023952095811,0.1309904153354633,18.139999999999997,16.845,16.345,17.358282752069016,16.90410888247787,0.4541738695911448,0.2955317904562074,0.15864207913493739,0.02565954065486694,0.00896282932965748,57.16681036392625,16.845,0.9707430686152285,18.786486137230455,14.903513862769541,0.2305118595702531,0.7201921465222679,0.7660874521765305,0.04328177695912602,19.535902615908288,32.74311191658954,20.42186789350128,60.606060606060595,71.71717171717172,2228038074.0,2201243594.0,0.5806455275718249,0.07716799681271655,-0.07455363450848533,16251360.0,-0.4730834542709839,0.6751004223646513,0.02824858757062147,0.050756901157613665,0.08289996940960531,3.0,11.0,0.017142857142857126,1.0,1651.93,1655.99,0.004238932686476682,0.01504805570538914,-0.018416653823811746,0.2137329184947197,-0.0014060714966750432,0.05767921702188361,0.14940706915927504,0.1522102730667736,1.104213264346108,0.5348963760071189,17.5,18.0,0.02857142857142847,0.023056925581282472,0.005514502990145997,17.5,17.8,17.5,18.05,0.03142857142857136,0.05520056366772774,-0.02377199223915638,17.5,17.5,0.0,0.01859860540829472,-0.01859860540829472,0.0061843134,0.005,5
2025-11-21,17.5,17.9,17.35,17.8,9651500,0.005649717514124353,0.008498583569405138,-0.0557029177718833,0.008498583569405138,0.11949685534591192,0.1596091205211727,18.169999999999998,16.9675,16.363333333333333,17.426239251750705,16.97047118747951,0.45576806427119365,0.32757904521920467,0.12818901905198898,0.025604947430965936,0.0072016302838196055,57.90506587146816,16.9675,0.9256967503915973,18.818893500783197,15.116106499216807,0.2182282010647644,0.7248306477385348,0.750652634163921,0.042171496301343876,19.399181940062952,31.029487690101586,21.731963367375077,63.63636363636367,61.111111111111114,2237689574.0,2206310329.0,0.5725473428221145,-0.012408153524648321,0.0985909097222408,16411045.0,-0.6125220041004452,0.5881100198067826,0.03089887640449422,0.049064387800206166,0.08779792218374416,4.0,11.0,0.011235955056179803,1.0,1646.36,1654.93,-0.000640100483698558,0.011904907487801708,-0.016783707030739392,0.21366404208658674,0.006289817997822911,-0.00340632391839657,0.1763928275519121,0.17940388987983025,1.116193267812359,0.5492810297378321,17.8,17.4,-0.022471910112359716,0.021110728670374446,-0.04358263878273416,17.8,18.0,17.8,18.0,0.011235955056179803,0.051502690168656384,-0.04026673511247658,17.8,18.05,0.014044943820224809,0.02915406121869779,-0.015109117398472982,0.000638444,0.005,5
2025-11-24,17.8,18.4,17.65,18.0,10970500,0.011235955056179803,0.016949152542372836,0.019830028328611915,-0.04509283819628651,0.13924050632911378,0.15384615384615397,18.0,17.0875,16.390833333333333,17.51451013609675,17.046732580999546,0.46777755509720365,0.35561874719480446,0.11215880790239918,0.025987641949844646,0.006231044883466621,59.41181379871283,17.0875,0.8941145281646179,18.875729056329234,15.299270943670763,0.20930259620532388,0.7551406926227684,0.7506060174379267,0.04170033430210704,19.79306700493874,33.5729453012553,20.180933537869993,69.6969696969697,64.64646464646466,2248660074.0,2211379119.0,0.5718634251644855,0.010255416834507612,0.11578175244234121,16413100.0,-0.4932337518295231,0.6683990227318423,0.041666666666666664,0.05340160936356986,0.09817479282119068,0.0,11.0,0.027624309392265234,1.0,1656.03,1667.98,0.007885529901566768,0.008196225867675544,0.009343192903046305,0.20532045911995345,0.003350425154613035,-0.053289064063962055,0.14450296094310766,0.14316533955858168,1.1294019504331922,0.55945515322437,18.1,17.45,-0.035911602209944826,0.018915261544357298,-0.054826863754302124,18.1,18.6,18.1,18.05,-0.002762430939226568,0.0500934086989846,-0.052855839638211166,18.1,18.25,0.00828729281767937,0.048470731940984946,-0.040183439123305575,-0.0034383126,0.005,5
2025-11-25,18.1,19.25,17.75,18.6,50503100,0.03333333333333344,0.04494382022471921,0.05084745762711873,-0.01326259946949604,0.1446153846153848,0.17350157728706628,17.95,17.225,16.425833333333333,17.68150857669725,17.16178942685143,0.5197191498458196,0.3884388277250075,0.1312803221208121,0.027941889776656965,0.007058081834452262,63.61899657372709,17.225,0.9051751793241525,19.035350358648305,15.414649641351696,0.2102003319185259,0.8797607444966185,0.8041341590495034,0.043233019303736735,20.906748637150205,36.649953361795745,17.492025406404345,81.69014084507047,71.6744913928013,2299163174.0,2218500994.0,0.5784304895102388,-0.04980726237600002,-0.028949106476012555,18466185.0,2.4153521512417475,2.734896244134888,0.08064516129032258,0.07982583454281578,0.13236264015017007,1.0,11.0,-0.005376344086021612,0.0,1670.08,1660.36,-0.004568400100720682,0.00026507301556688567,-0.011984528414162532,0.19657242289338311,0.03790173343405412,-0.013527672485062925,0.1854861057012288,0.18773603352942447,1.1139103780341606,0.5465876284823364,18.6,17.55,-0.05645161290322587,0.029838482345814432,-0.0862900952490403,18.6,18.5,18.6,18.0,-0.032258064516129115,0.04789751156053779,-0.0801555760766669,18.6,18.25,-0.018817204301075363,0.06287972842482814,-0.0816969327259035,-0.0067314594,0.005,5
2025-11-26,18.6,18.6,18.1,18.5,12814100,-0.005376344086021612,0.02777777777777768,0.0393258426966292,0.04815864022662897,0.1212121212121211,0.09144542772861364,18.119999999999997,17.3025,16.460833333333333,17.807430334128444,17.26091613597355,0.5465141981548953,0.42005390181098506,0.12646029634391026,0.02954130800837272,0.006835691694265419,62.45699621470786,17.3025,0.9458322706547287,19.194164541309455,15.41083545869054,0.21865794437907324,0.8165201794106325,0.7824102905459674,0.04229244813761986,21.940881581346563,34.97701152859842,16.693575794181147,78.87323943661971,76.75344999288664,2286349074.0,2223733194.0,0.5334326105076224,-0.040682828149724425,0.420333262971638,17857920.0,-0.38128849771071865,0.7175583718596567,0.02702702702702703,0.06920965178442429,0.12387991697463674,2.0,11.0,-0.024390243902438935,0.0,1667.31,1680.36,0.012045580476523154,0.01901758641600959,-0.003244692525343651,0.2012565934784727,-0.017421924562544766,0.029141053810619377,0.09469012025395729,0.0949983607249214,1.090241002329901,0.5386160873159392,18.45,17.75,-0.03794037940379402,0.027128817399453053,-0.06506919680324708,18.45,18.0,18.45,18.0,-0.024390243902438935,0.019542950006820714,-0.04393319390925965,18.45,18.5,0.0027100271002711285,0.05740704495175053,-0.0546970178514794,-0.0015509179,0.005,5
2025-11-27,18.45,18.55,17.55,18.0,15801100,-0.027027027027026973,-0.032258064516129115,0.0,0.016949152542372836,0.09090909090909083,0.05263157894736836,18.18,17.3475,16.486666666666668,17.837056436570222,17.315663088864397,0.5213933477058248,0.44032179098995305,0.08107155671587174,0.028966297094768043,0.0045039753731039855,56.8643867318703,17.3475,0.9570342071658487,19.2615684143317,15.433431585668302,0.22067368950358243,0.6704484529169303,0.797952412649827,0.044330689591657056,21.985016533222655,31.846050425251473,20.122568694236747,64.7887323943662,75.11737089201881,2270547974.0,2227526599.0,0.5450028960317268,0.0889802196798645,0.14927580883469252,17999235.0,-0.16667081618966073,0.8778761986273306,0.05555555555555555,0.03761348897535677,0.09179134654266075,3.0,11.0,-0.03333333333333344,0.0,1686.03,1684.32,0.002356637863315081,0.01710759122941563,0.008834610109189844,0.19818153537255184,-0.029383664890342054,-0.0001584386870427945,0.04379696883817852,0.04341342812717164,1.090624782699662,0.5319977737464165,18.0,18.05,0.002777777777777768,0.03175611870980011,-0.02897834093202234,18.0,17.4,18.0,18.1,0.005555555555555536,0.008985787845133375,-0.003430232289577839,18.0,18.25,0.01388888888888884,0.035087927686085374,-0.021199038797196534,-0.0044351355,0.005,5
2025-11-28,18.0,18.1,17.1,17.4,23574200,-0.03333333333333344,-0.05945945945945952,-0.06451612903225823,-0.022471910112359716,-0.014164305949008527,0.01754385964912264,18.1,17.3625,16.50166666666667,17.76981698479019,17.321910267467036,0.44790671732315346,0.4418387762565932,0.006067941066560278,0.025741765363399626,0.00034873224520461376,50.96664954954779,17.3625,0.9553003110079472,19.273100622015896,15.451899377984105,0.2200835849694336,0.5098136679031412,0.8123843831748393,0.0466887576537264,21.35155035783267,29.04599919995804,22.309906875257212,45.58823529411761,63.083402375034524,2246973774.0,2230141294.0,0.5601714106203806,0.17504665577166922,-0.12950967327478838,18360325.0,0.3938036515373923,1.283975093033484,0.0574712643678161,0.002159827213822796,0.05443894556105433,4.0,11.0,-0.008522727272727404,0.0,1683.77,1690.99,0.003960055096418724,0.021789441245249064,0.031311560393986415,0.18603377424441725,-0.03729338842975216,-0.04426135135760878,-0.013767700744863776,-0.013349700782568696,1.1102303448295299,0.5273708898303439,17.6,18.0,0.022727272727272707,0.024920834853853435,-0.002193562126580728,17.6,17.45,17.6,17.15,-0.02556818181818199,-0.030659572213916575,0.005091390395734585,17.6,17.9,0.017045454545454364,0.01814029594227118,-0.0010948413968168147,-0.003964088,0.005,5
2025-12-01,17.6,17.7,17.4,17.45,5576800,0.00287356321839094,-0.030555555555555558,-0.05675675675675684,-0.030555555555555558,-0.07427055702917784,0.0607902735562309,17.99,17.4125,16.536666666666665,17.720614371745544,17.33139839580281,0.38921597594273294,0.43131421619382115,-0.042098240251088215,0.022304640455170943,-0.002412506604646889,51.41883482857983,17.4125,0.930884553869562,19.274269107739126,15.550730892260876,0.21384282644526917,0.5100710662359031,0.7757854986623508,0.04445762169984818,20.763331766399116,28.243697185233962,21.693667677868838,43.749999999999964,51.37565589616127,2252550574.0,2233637584.0,0.5404134833702996,0.08569147164062466,0.21146476499252176,18036410.0,-0.9243553554017806,0.30919678583487514,0.01719197707736394,0.00215362526920293,0.05523080024188687,0.0,12.0,0.0028571428571428914,1.0,1698.98,1701.67,0.006315826823340309,0.020198083909878983,0.052362399505256674,0.17742418472095306,-0.0034422636049493693,-0.05075363946543454,0.008427874050974227,0.008008528293044659,0.9957005274543771,0.4855461672295635,17.5,18.05,0.03142857142857136,0.02868304357007112,0.0027455278585002407,17.5,17.55,17.5,16.9,-0.034285714285714364,-0.03450763708031246,0.00022192279459809505,17.5,17.6,0.005714285714285783,0.029328265409070742,-0.02361397969478496,-0.0076571372,0.005,5
2025-12-02,17.5,17.65,17.15,17.55,8855800,0.005730659025787954,0.008620689655172598,-0.02499999999999991,-0.05645161290322587,-0.06896551724137934,0.03846153846153855,17.78,17.445,16.5725,17.694366006861614,17.347591107224826,0.3467748996367881,0.41440635288241456,-0.06763145324562647,0.019759253540557725,-0.0038536440595798556,52.364997310887375,17.445,0.9233662670680847,19.29173253413617,15.598267465863831,0.21172055421452213,0.5284285888885136,0.7560865344721829,0.0430818538160788,19.83502002044427,26.909586041983168,23.030737436400965,42.372881355932215,43.9037055500166,2261406374.0,2236637564.0,0.5331572087949437,0.17565915834175727,0.4208889659853754,17540100.0,-0.6370422609270062,0.5048887976693406,0.02849002849002849,0.006018916595012858,0.058983255392970335,1.0,12.0,0.008522727272727293,1.0,1704.84,1717.06,0.009044056720750815,0.03414922065094328,0.03939515006234928,0.16469787085938437,-0.0033133976949628607,-0.09060083355416915,-0.0009336116008107354,-0.0008982258583318803,0.9960407619821681,0.4860879892941415,17.6,18.0,0.022727272727272707,0.012324004867025895,0.010403267860246812,17.6,17.75,17.6,17.9,0.017045454545454364,-0.02706993452691353,0.044115389072367894,17.6,17.75,0.008522727272727293,0.023755721652471085,-0.015232994379743792,-0.0086801695,0.005,5
2025-12-03,17.6,17.9,17.5,17.75,6326400,0.01139601139601143,0.017191977077363862,0.02011494252873569,-0.04054054054054057,0.0056657223796034994,0.02898550724637672,17.630000000000003,17.470000000000002,16.615,17.70292508272906,17.37739917335632,0.3255259093727396,0.3966302641804796,-0.07110435480773997,0.01833948785198533,-0.004005879144098026,54.28274988894325,17.470000000000002,0.924576716808569,19.31915343361714,15.620846566382864,0.21169472622978097,0.575710320979771,0.730651782009884,0.041163480676613184,19.2922865112871,28.301314626332665,22.130142808681914,45.45454545454545,43.859142270159225,2267732774.0,2238986774.0,0.5299352114468211,0.21690855589255234,0.525300199261666,16889330.0,-0.7626335506048961,0.3745796902541427,0.022535211267605555,0.016027475672581337,0.06831176647607595,2.0,12.0,0.019774011299435124,1.0,1725.9,1731.77,0.008566969121638124,0.03059463448308697,0.04645625993268432,0.16633877504995728,0.0028290422743733057,-0.07113517502362754,-0.0174707526863076,-0.01669515808279598,1.0018081875354818,0.4911614109167429,17.7,18.0,0.016949152542372836,-0.009467503356555551,0.026416655898928387,17.7,18.05,17.7,17.5,-0.011299435028248594,-0.035582369584132856,0.02428293455588426,17.7,17.55,-0.008474576271186307,0.028281501201445236,-0.03675607747263154,-0.009531092,0.005,5
2025-12-04,17.7,18.2,17.7,18.05,11035900,0.016901408450704203,0.028490028490028463,0.03438395415472795,0.002777777777777768,0.019774011299435124,0.08083832335329344,17.64,17.5375,16.656666666666666,17.756321223847667,17.427221456811406,0.3290997670362614,0.38312416475163596,-0.05402439771537454,0.0182326740740311,-0.0029930414246744897,57.07438619352027,17.5375,0.9146289152617765,19.366757830523554,15.70824216947645,0.20861101417232242,0.6400841345184557,0.7141766547234637,0.03956657366888995,19.157781438278985,29.88649092510257,21.02346669719064,44.1860465116279,44.00449110736853,2278768674.0,2242187824.0,0.516746232996513,0.055031751911141166,0.8085851696148654,17141080.0,-0.4460547436333613,0.6438275767921274,0.027700831024930747,0.029223093371347098,0.08365019011406849,3.0,12.0,-0.005524861878453136,0.0,1735.41,1737.24,0.0031586180612899195,0.03141920775149609,0.057590220620464594,0.16232305649798615,0.013742790389414283,-0.028641429973718324,0.023248102732828846,0.021982146089805754,0.9947768244719437,0.48753921945138257,18.1,18.1,0.0,-0.032362791333469976,0.032362791333469976,18.1,18.0,18.1,17.5,-0.03314917127071826,-0.04484769781058484,0.011698526539866583,18.1,16.85,-0.06906077348066297,0.018613446335406625,-0.0876742198160696,-0.010412797,0.005,5
2025-12-05,18.1,18.2,17.95,18.0,10603200,-0.0027700831024931594,0.014084507042253502,0.02564102564102555,0.034482758620689724,0.011235955056179803,0.13207547169811318,17.76,17.642500000000002,16.696666666666665,17.793810266332642,17.469649497047598,0.32416076928504367,0.37133148565831753,-0.04717071637327386,0.018008931626946872,-0.00262059535407077,56.455630183343885,17.642500000000002,0.8337100025922727,19.309920005184548,15.975079994815456,0.18902309822128904,0.6072015445683797,0.6810211793860734,0.037834509965892965,19.032883870485737,29.102833449971815,20.472207706240386,41.86046511627903,43.8336856941508,2268165474.0,2245893909.0,0.4796648440823675,0.12183231081272375,1.5780497631380017,16636045.0,-0.4392331422390187,0.6373630270896719,0.013888888888888888,0.020263568088422668,0.07805949291275716,4.0,12.0,0.002777777777777768,1.0,1755.72,1741.32,0.002348552876977328,0.02976362958976697,0.08893752735913951,0.11986418609965044,-0.005118635979470487,0.004719129030922753,0.043137944338973666,0.0396147099857882,0.9958909481704707,0.4873741622198101,18.0,17.15,-0.047222222222222276,-0.06289333227117022,0.015671110048947945,18.0,18.05,18.0,18.05,0.002777777777777768,-0.03022043677663855,0.032998214554416316,18.0,16.9,-0.06111111111111123,0.03348658829420392,-0.09459769940531515,-0.0047911247,0.005,5
2025-12-08,18.0,18.15,17.6,18.05,9450900,0.002777777777777768,0.0,0.016901408450704203,0.03438395415472795,0.002777777777777768,0.14240506329113933,17.880000000000003,17.755,16.734166666666667,17.833224071512234,17.51263842319222,0.32058564832001224,0.3611823181906565,-0.04059666987064425,0.017760977746261064,-0.0022491229845232274,56.95815068763353,17.755,0.7154130202023437,19.185826040404685,16.324173959595313,0.1611744342894605,0.6030873047000759,0.6716625237156394,0.03721122015045093,18.29753191604455,27.400601213616813,22.996890321959395,44.1860465116279,43.410852713178286,2277616374.0,2250383139.0,0.47749506714365697,0.07778964853426067,1.6615790731945612,16797990.0,-0.5392667651879428,0.562620884998741,0.030470914127423664,0.016615038017459893,0.07863154225387192,0.0,12.0,0.0,0.0,1757.42,1753.74,0.00713252015712218,0.030599352400876745,0.10958280081491134,0.10434114095707936,-0.004354742379344412,0.0037846017538512022,0.03282226247622799,0.02958072390102151,0.9915091402101489,0.48447415707169605,18.0,16.9,-0.06111111111111123,-0.07111617749135168,0.010005066380240457,18.0,18.0,18.0,18.25,0.01388888888888884,-0.0118508151667861,0.02573970405567494,18.0,17.05,-0.0527777777777777,0.05053526181836654,-0.10331303959614424,-0.004656298,0.005,5
2025-12-09,18.0,18.5,17.5,18.0,23581300,-0.0027700831024931594,0.0,-0.0027700831024931594,0.02564102564102555,-0.032258064516129115,0.10769230769230775,17.97,17.842499999999998,16.768333333333334,17.858881906664198,17.54873928073354,0.3101426259306592,0.3509743797386571,-0.04083175380799786,0.017230145885036623,-0.0022684307671109924,56.25895598520187,17.842499999999998,0.6226587728200541,19.087817545640107,16.59718245435989,0.13959002893541927,0.5632368830550144,0.6951152005930937,0.038617511144060764,18.094979692727932,28.18149939936248,20.633778392317296,41.86046511627903,42.635658914728666,2254035074.0,2253418204.0,0.471791810534297,0.23216516865337183,1.9367447632766428,17701955.0,0.43765525557849666,1.3321296997986944,0.05555555555555555,0.008827238335435084,0.07345194314680437,1.0,12.0,0.0,0.0,1772.03,1747.17,-0.003746279380067663,0.01753578791655519,0.09635983709941587,0.1083441595556448,0.0009761962775745037,0.00810523772447036,0.011332470592891886,0.01033645178290521,0.9950417011437931,0.48658529579671317,18.0,17.9,-0.005555555555555647,-0.03982113653777963,0.034265580982223987,18.0,18.0,18.0,18.25,0.01388888888888884,0.013340423828638759,0.0005484650602500807,18.0,17.2,-0.04444444444444451,0.061035441040244276,-0.10547988548468878,-0.0073976098,0.005,5
2025-12-10,18.0,18.05,17.7,18.0,4734800,0.0,-0.0027700831024931594,0.0,0.014084507042253502,-0.027027027027026973,0.09090909090909083,18.02,17.917499999999997,16.808333333333334,17.880592382562014,17.5821660006792,0.29842638188281256,0.3404647801674882,-0.04203839828467565,0.01657924343793403,-0.0023354665713708695,56.25895598520189,17.917499999999997,0.5368708067675585,18.991241613535113,16.84375838646488,0.11985395435022925,0.5384170637330454,0.6704641148364443,0.03724800637980246,17.9068954853625,27.13067882687601,19.864394247225846,41.86046511627903,42.635658914728666,2254035074.0,2256036344.0,0.4706947112597952,0.3177685815053696,2.022379656350988,17521770.0,-0.9409652823334155,0.27022384154112283,0.019444444444444525,0.004604437002930339,0.07089737233515114,2.0,12.0,0.0027700831024930483,1.0,1748.82,1718.98,-0.016134663484377643,-0.007385507313326767,0.05338693270256045,0.10683588987322112,0.016134663484377643,0.02147001435558027,0.037522158206530376,0.03562048952920249,0.9600691748221499,0.47853325786738904,18.05,17.5,-0.030470914127423865,-0.021411698669223656,-0.00905921545820021,18.05,18.1,18.05,18.5,0.024930747922437657,0.042414107631499,-0.01748335970906134,18.05,16.6,-0.08033240997229918,0.09216034801319095,-0.17249275798549013,-0.0073865373,0.005,5
2025-12-11,18.05,18.9,18.0,18.1,23496100,0.005555555555555536,0.005555555555555536,0.0027700831024930483,0.0027700831024930483,0.005555555555555536,0.09696969696969715,18.03,17.9975,16.85,17.914347400629396,17.620524074702963,0.29382332592643223,0.331136489319277,-0.037313163392844795,0.016233332924112276,-0.0020615007399361765,57.469937821021254,17.9975,0.4212996808140083,18.840099361628017,17.15490063837198,0.09363515617480407,0.5608236871921898,0.6868595352052697,0.03794804061907567,18.769966458949856,33.43082213447864,18.00521240933477,46.51162790697678,43.410852713178286,2277531174.0,2259829289.0,0.47036035799242454,0.2874417277148366,2.0241226170918467,18286970.0,0.3868204326981282,1.2848547353662199,0.04972375690607726,0.005695235449368008,0.0741839762611276,3.0,12.0,-0.06027397260273981,0.0,1710.28,1698.9,-0.01168134591443759,-0.022069489535124664,0.04134997302996135,0.11803348045582594,0.017236901469993127,0.024839572637617713,0.0556197239397358,0.053411173361729736,0.9433462706593777,0.4732552399405051,18.25,17.5,-0.04109589041095896,-0.015116989287727867,-0.02597890112323109,18.25,17.15,18.25,18.25,0.0,0.023568173275700044,-0.023568173275700044,18.25,17.1,-0.06301369863013695,0.10254768840443518,-0.16556138703457213,-0.008057941,0.005,5
2025-12-12,18.25,18.3,17.15,17.15,19518300,-0.05248618784530401,-0.047222222222222276,-0.047222222222222276,-0.047222222222222276,-0.014367816091954033,-0.028328611898017053,17.86,17.9725,16.879166666666666,17.79675549284026,17.58567043953978,0.21108505330047933,0.3071262021155175,-0.09604114881503817,0.012308166373205793,-0.005600066986299602,44.78497703753283,17.9725,0.4563802085303394,18.885260417060678,17.059739582939322,0.10157300509786374,0.049443652120311085,0.719940996976322,0.041979066879085834,18.12135929798309,29.616477266921297,24.384108735491388,2.3255813953487063,30.23255813953485,2258012874.0,2260733274.0,0.44701363646128206,-0.13644717192047107,1.9963044564879404,17349840.0,0.17169757083536363,1.1249844378968337,0.06705539358600596,-0.04576436222005853,0.016045420883732397,4.0,12.0,-0.014577259475218707,0.0,1702.72,1646.89,-0.030613926658425994,-0.05422897571956897,0.006988859403470604,0.16540455976877194,-0.021872261186878017,0.007006753497346696,-0.03531747130148766,-0.03507235553967236,1.0102975612389677,0.5121342575005762,17.15,18.05,0.05247813411078739,0.035507057057969416,0.016971077052817973,17.15,16.9,17.15,17.9,0.0437317784256559,0.05099430696227536,-0.007262528536619461,17.15,17.3,0.008746355685131268,0.15618487486861055,-0.14743851918347928,-0.015680322,0.005,5
2025-12-15,17.15,17.3,16.9,16.9,14468100,-0.014577259475218707,-0.06629834254143663,-0.06111111111111123,-0.06371191135734089,-0.03151862464183386,-0.10344827586206906,17.630000000000003,17.875,16.905833333333334,17.65879310932637,17.534880036610907,0.12391307271546381,0.2704835762355068,-0.14657050352004297,0.00733213448020496,-0.008672810859174141,42.148456472141014,17.875,0.4672145906171651,18.80942918123433,16.94057081876567,0.10455151678146334,-0.021708878307974626,0.6970880686208706,0.04124781471129412,17.149789089775513,28.402591815627762,25.94635820399081,0.0,16.279069767441836,2243544774.0,2259652449.0,0.3667348332113137,-1.2177101373672015,1.5845382840586881,16811840.0,-0.18742676374877973,0.8605899175818946,0.023668639053254566,-0.054545454545454675,-0.000345048553260785,0.0,12.0,0.04678362573099393,1.0,1645.87,1646.01,-0.000534340484185436,-0.06142871805398753,-0.005083352473978842,0.16003487535548946,-0.01404291899103327,-0.002283193303353359,-0.09836492338809022,-0.09886750174769543,1.0195168285386185,0.5106464629475671,17.1,18.25,0.067251461988304,0.06289228005001757,0.004359181938286438,17.1,17.9,17.1,17.6,0.029239766081871288,0.06520498719209411,-0.03596522111022282,17.1,17.35,0.014619883040935644,0.1499435480933824,-0.13532366505244675,-0.008302208,0.005,5
2025-12-16,17.1,18.05,16.9,17.9,16552900,0.059171597633136175,0.0437317784256559,-0.011049723756906271,-0.005555555555555647,0.019943019943019724,-0.050397877984085016,17.61,17.8275,16.95,17.6959018617377,17.561925959824915,0.13397590191278397,0.24318204137096222,-0.10920613945817825,0.007484687257697429,-0.006100901645708283,53.85154839054722,17.8275,0.4073260041853029,18.642152008370605,17.012847991629396,0.0913927368807297,0.5444975273215162,0.7294389208622372,0.04075077770180096,17.148915543926876,32.548343747222305,23.024512475209985,50.0,17.441860465116246,2260097674.0,2259399269.0,0.4321458486990247,-0.3357159921107033,1.457564037615038,16829040.0,-0.022083789455616443,0.9835914585739888,0.06424581005586605,0.004066750806338337,0.05604719764011801,1.0,12.0,-0.008498583569405027,0.0,1647.42,1679.18,0.02015176092490334,-0.03891435864855741,0.01160296881777434,0.17537055917715566,0.039019836708232836,0.033358803093001765,-0.062000846801859355,-0.061289704274313905,1.0828663009535862,0.5329914607604901,17.65,18.25,0.03399433427762055,0.054738182813746095,-0.020743848536125542,17.65,17.5,17.65,17.75,0.0056657223796034994,0.05161351759930488,-0.04594779521970138,17.65,17.75,0.0056657223796034994,0.10988108416955322,-0.10421536178994972,-0.020468932,0.005,5
2025-12-17,17.65,17.8,17.45,17.5,5532600,-0.022346368715083775,0.03550295857988184,0.020408163265306145,-0.02777777777777779,-0.014084507042253502,-0.008498583569405027,17.509999999999998,17.82,16.980833333333333,17.665763113778052,17.557338851689735,0.10842426208831668,0.21623048551443314,-0.10780622342611645,0.006195672119332382,-0.0061603556243495115,49.53494611909927,17.82,0.4121190425890471,18.644238085178095,16.995761914821905,0.0925070802669018,0.305881331041105,0.7094789979435059,0.040541657025343195,17.148104394210282,31.07374511028439,21.981389821234632,30.00000000000007,26.6666666666667,2254565074.0,2261274184.0,0.3754076642557249,0.18514155367059962,1.8399493635505295,14700945.0,-0.8869379749088818,0.3763431534503394,0.02000000000000008,-0.017957351290684653,0.030573686018550372,2.0,12.0,-0.005681818181818232,0.0,1680.18,1673.66,-0.0032873188103716977,-0.026364471954298474,0.014954517889630203,0.17395832109554235,-0.019059049904712078,-0.001413305823479316,-0.02345310145903523,-0.023107539348463324,1.0788513384580576,0.5268810138654981,17.6,18.5,0.051136363636363535,0.06402711961516894,-0.012890755978805402,17.6,17.5,17.6,17.55,-0.0028409090909091717,0.0650238132184251,-0.06786472230933427,17.6,17.75,0.008522727272727293,0.12150709621972622,-0.11298436894699893,-0.009605243,0.005,5
2025-12-18,17.6,17.7,17.45,17.5,3436700,0.0,-0.022346368715083775,0.03550295857988184,-0.03314917127071826,-0.030470914127423865,-0.011299435028248594,17.389999999999997,17.81,17.01,17.640261096273736,17.553091529342346,0.08716956693139011,0.19041830179782454,-0.10324873486643443,0.004981118110365149,-0.0058999277066533965,49.53494611909927,17.81,0.41757444971404395,18.645148899428087,16.97485110057191,0.09378426720135742,0.3144043533959707,0.6766590695189698,0.03866623254394113,17.147351183759163,30.25370392479454,21.401297370075472,30.00000000000007,36.66666666666672,2254565074.0,2262600534.0,0.3752426213543585,0.2052412288340368,1.8551818290750264,14324215.0,-1.0257934490738234,0.2399223971435782,0.014285714285714285,-0.017405951712521017,0.028806584362139898,3.0,12.0,0.028490028490028463,1.0,1675.54,1676.98,0.0019836764934335616,-0.012902466301724647,0.012675197313993358,0.17355071275154468,-0.0019836764934335616,-0.020246704968993612,-0.023974632342241953,-0.023674552715255537,1.0787354227946209,0.5263864412819796,17.55,18.25,0.03988603988603989,0.03820172512390396,0.00168431476213593,17.55,18.05,17.55,16.85,-0.03988603988603989,0.06533549370949299,-0.10522153359553288,17.55,17.55,0.0,0.12978340640487973,-0.12978340640487973,-0.008415653,0.005,5
2025-12-19,17.55,18.1,17.5,18.05,16872000,0.03142857142857136,0.03142857142857136,0.008379888268156499,0.05247813411078739,0.002777777777777768,0.014044943820224809,17.57,17.822499999999998,17.045833333333334,17.70329785069316,17.589899564205876,0.11339828648728556,0.17501429873571675,-0.06161601224843119,0.00628245354500197,-0.003413629487447711,55.25453636918406,17.822499999999998,0.42098724821453865,18.664474496429076,16.98052550357092,0.0944844434202921,0.6350991039306175,0.6711834216961864,0.03718467710228179,17.625527555863744,32.57878451474188,20.03475816623218,57.50000000000011,39.166666666666764,2271437074.0,2264287909.0,0.3914728081899576,0.13013091523769268,1.1563733598484007,14685240.0,0.20690024841500215,1.1489087001642466,0.033240997229916976,0.012764763641464505,0.05890980200439988,4.0,12.0,0.005509641873278293,1.0,1678.72,1704.31,0.016297153215899973,0.034865716593093454,0.029838120041330907,0.18203872883760128,0.015131418212671388,0.017612417517693935,-0.015793176221106098,-0.015335591015481431,1.0987849214937364,0.5373808471721162,18.15,17.9,-0.01377410468319562,0.007208487149328535,-0.020982591832524156,18.15,18.25,18.15,16.9,-0.06887052341597799,0.057557266131755824,-0.12642778954773382,18.15,17.95,-0.011019283746556474,0.10268891709657502,-0.11370820084313149,-0.010494652,0.005,5
2025-12-22,18.15,18.35,17.9,18.25,6317500,0.011080332409972193,0.04285714285714293,0.04285714285714293,0.0798816568047338,0.011080332409972193,0.01388888888888884,17.839999999999996,17.835,17.076666666666664,17.787405873663445,17.638795892783218,0.14860998088022725,0.16973343516461886,-0.021123454284391607,0.008143012650971357,-0.001157449549829677,57.15611802709703,17.835,0.4301468537497727,18.695293707499545,16.974706292500457,0.09647252116619498,0.7411966961877489,0.6553846058607448,0.03591148525264355,18.350490892767375,33.70566339252548,19.05216815134598,67.50000000000007,51.666666666666764,2277754574.0,2265742634.0,0.39141915058664406,0.13104789387625693,1.1590241268411825,14452590.0,-0.7598942482570288,0.437118883189795,0.024657534246575498,0.023268853378188847,0.06870974038649247,0.0,12.0,-0.002732240437158473,0.0,1717.42,1751.03,0.027412853295468498,0.06380277155059799,0.04979076487727663,0.20305832581747776,-0.016332520885496304,0.01607888525413581,-0.03590187598838779,-0.034199077749159645,1.0477043439862155,0.5322212293136249,18.3,17.6,-0.03825136612021851,-0.0057563739376771395,-0.03249499218254137,18.3,18.25,18.3,17.05,-0.06830601092896171,0.05471954674220969,-0.1230255576711714,18.3,17.85,-0.024590163934426146,0.06823796033994345,-0.0928281242743696,-0.008227864,0.005,5
2025-12-23,18.3,18.7,18.15,18.25,13468700,0.0,0.011080332409972193,0.04285714285714293,0.019553072625698498,0.01388888888888884,-0.018817204301075363,17.91,17.817500000000003,17.109166666666667,17.858574200792145,17.68407027109557,0.17450392969657358,0.1706875340710098,0.0038163956255637677,0.009561859161456087,0.00020911756852404206,57.15611802709703,17.817500000000003,0.40369184443646206,18.624883688872927,17.010116311127078,0.09062816768603053,0.767840436932625,0.6478571340135488,0.035499021041838295,19.39635160347272,35.520645240245905,17.89685474161279,67.50000000000007,64.16666666666676,2277754574.0,2264672204.0,0.3722903692188419,0.23604382779966585,1.9811803858020693,12600870.0,0.1328871389778231,1.068870641471581,0.030136986301369902,0.024273888031429713,0.06667965515561836,1.0,12.0,0.013698630136986356,1.0,1765.0,1772.15,0.012061472390535899,0.05536630974642387,0.06732877207352628,0.2039474974508863,-0.012061472390535899,-0.03581323712072537,-0.08614597637460164,-0.08071175314354517,1.0340049037585435,0.5279038017348664,18.25,17.75,-0.0273972602739726,-0.008868520398718771,-0.01852873987525383,18.25,18.5,18.25,17.2,-0.05753424657534245,0.0408647508568416,-0.09839899743218405,18.25,17.85,-0.021917808219177992,0.05610559204806154,-0.07802340026723953,-0.008783799,0.005,5
2025-12-24,18.25,18.5,18.15,18.5,13060500,0.013698630136986356,0.013698630136986356,0.024930747922437657,0.05714285714285716,0.02777777777777768,0.0,18.11,17.817500000000003,17.135833333333334,17.95725509297797,17.744509510273677,0.21274558270429367,0.1790991437976666,0.03364643890662708,0.011499761227259117,0.0018187264273852475,59.64250945969458,17.817500000000003,0.40369184443646206,18.624883688872927,17.010116311127078,0.09062816768603053,0.9226614987433919,0.6265816244411526,0.03386927699681906,20.367507977699113,34.103405895255264,17.18278756969504,80.00000000000007,71.66666666666674,2290815074.0,2264895504.0,0.37525021192266445,0.1095755944054845,1.7836042026355619,12613190.0,0.06848781149200385,1.035463669381021,0.018918918918918996,0.038305037182545076,0.07960900646792779,2.0,12.0,-0.018817204301075363,0.0,1782.71,1782.82,0.006020935022430285,0.06522232711542353,0.06097502916041808,0.20164564243938543,0.007677695114556071,-0.008079469972566367,-0.06097502916041808,-0.05747074858931367,1.0343806893722338,0.5347001269988737,18.6,17.55,-0.05645161290322587,0.0029788836493009896,-0.05943049655252686,18.6,18.25,18.6,16.6,-0.10752688172043012,0.04985976764707534,-0.15738664936750546,18.6,17.95,-0.034946236559139865,0.05148410231622247,-0.08643033887536233,-0.008652779,0.005,5
2025-12-25,18.6,19.1,18.25,18.25,17835300,-0.013513513513513487,0.0,0.0,0.04285714285714293,0.00828729281767937,0.01388888888888884,18.259999999999998,17.830000000000002,17.160833333333336,18.00229277098136,17.781953250253405,0.22033952072795415,0.1873472191837241,0.03299230154423005,0.012073398396052282,0.001807797344889318,56.134237916158824,17.830000000000002,0.4133941664361749,18.656788332872352,17.00321166712765,0.09274125999689854,0.7539948758957891,0.6425400798382133,0.03520767560757333,21.87038850556533,37.55089567195101,15.559167959635817,61.363636363636346,69.62121212121217,2272979774.0,2265017094.0,0.36514435769061,0.10609708499915335,2.241404259237385,12714900.0,0.7759380183315284,1.402708633178397,0.046575342465753504,0.023555804823331306,0.06346816879522144,3.0,12.0,-0.016483516483516536,0.0,1779.19,1742.85,-0.022419537586520266,0.039278941907476383,0.0347499287546309,0.22100936810447147,0.00890602407300678,0.0035782009496665435,-0.02086103986574206,-0.020160465138518324,1.0165521976184686,0.5349728359596446,18.2,16.85,-0.07417582417582402,0.048060525436740775,-0.1222363496125648,18.2,17.9,18.2,17.1,-0.060439560439560336,0.10017639578291004,-0.16061595622247038,18.2,16.7,-0.08241758241758246,0.08047984341211567,-0.16289742582969813,-0.009297417,0.005,5
2025-12-26,18.2,18.4,17.35,17.9,22594600,-0.019178082191780854,-0.032432432432432545,-0.019178082191780854,-0.008310249307479367,0.0437317784256559,0.028735632183908066,18.23,17.854999999999997,17.184166666666666,17.98655542159961,17.79069745393834,0.19585796766127217,0.18904936887923374,0.006808598782038433,0.010941785902864367,0.0003803686470412533,51.561507310513335,17.854999999999997,0.40095281255540643,18.65690562511081,17.053094374889184,0.08982420891748112,0.5280581645712881,0.6716443598497692,0.037522031276523427,21.56239690044782,33.357728359377646,23.393126146637695,45.454545454545396,62.27272727272727,2250385174.0,2265187664.0,0.3506929915848411,0.18714556902914767,2.847839945278296,12665920.0,1.5234423991330464,1.7838893661100024,0.05865921787709482,0.002520302436292532,0.04165656369720172,4.0,12.0,-0.011235955056179692,0.0,1706.39,1729.8,-0.007487735605473778,0.014956199282994298,0.022951052342119027,0.22325102072263572,-0.011690346586307077,-0.023266448590473665,0.005784579841789039,0.005654796315566424,1.020106588783867,0.5368588283319055,17.8,16.9,-0.05056179775280911,0.04781382147122115,-0.09837561922403026,17.8,17.6,17.8,17.3,-0.028089887640449396,0.09780834088116341,-0.1258982285216128,17.8,16.7,-0.061797752808988804,0.056023168473338325,-0.11782092128232713,-0.008929357,0.005,5
2025-12-29,17.8,17.85,17.45,17.6,7249800,-0.016759776536312665,-0.03561643835616435,-0.048648648648648596,-0.03561643835616435,0.04142011834319548,0.008595988538682153,18.1,17.8625,17.199166666666667,17.927085356738132,17.776571716609574,0.15051364012855828,0.18134222312909865,-0.030828583000540366,0.00855191137094081,-0.0017516240341216116,47.95551930766217,17.8625,0.3943265411483044,18.65115308229661,17.073846917703392,0.0883026544208939,0.333577015108099,0.6558126198605,0.03726208067389204,21.27640469569584,31.72279077996085,22.24657621898282,31.818181818181905,46.212121212121225,2243135374.0,2264716904.0,0.3566574326274455,0.291478406594,2.510948530915062,12749570.0,-0.8551086723600454,0.5686309420631441,0.022727272727272846,-0.01469559132260323,0.02330539270313503,0.0,12.0,0.0056657223796034994,1.0,1733.39,1754.84,0.014475661926234284,0.0021758622068153155,0.03124577620807778,0.22755418769866834,-0.03123543846254695,-0.037792300562979664,-0.022649787669395627,-0.021963520425440808,1.0306752389813503,0.5266579257623873,17.65,17.05,-0.03399433427762033,0.05864824134891511,-0.09264257562653544,17.65,17.75,17.65,17.35,-0.016997167138810054,0.07733515311780259,-0.09433232025661265,17.65,16.9,-0.04249291784702547,0.02528363047001614,-0.06777654831704161,-0.0070575248,0.005,5
2025-12-30,17.65,17.9,17.6,17.75,7172000,0.008522727272727293,-0.008379888268156388,-0.0273972602739726,-0.0273972602739726,-0.008379888268156388,0.01139601139601143,18.0,17.8725,17.216666666666665,17.899841455701498,17.77460344130516,0.12523801439633786,0.1701213813825465,-0.04488336698620865,0.0070556627828922735,-0.0025286403935892198,49.84426698131664,17.8725,0.38847712118677497,18.649454242373547,17.09554575762645,0.08694410321707079,0.4211665286582589,0.630397432727607,0.035515348322682085,21.07414338503494,31.211000575481098,21.490367004286327,38.636363636363654,38.63636363636366,2250307374.0,2264161954.0,0.35732028153362433,0.2710055411242412,2.4584445580151675,12665380.0,-0.8456541860687425,0.5662680472279552,0.016901408450704064,-0.006854105469296323,0.030977734753146358,1.0,12.0,-0.014044943820224698,0.0,1758.45,1766.9,0.006872421417337238,-0.002962503174110509,0.029026359009003855,0.22674582468279067,0.0016503058553900551,-0.024434757099862092,-0.017630347612992425,-0.017133037903879544,1.0343158305575364,0.5280355291426333,17.8,17.2,-0.03370786516853941,0.05381046223045072,-0.08751832739899013,17.8,17.55,17.8,17.75,-0.002808988764045006,0.0590580471487554,-0.061867035912800405,17.8,17.1,-0.0393258426966292,0.030764250543783955,-0.07009009324041315,-0.008251404,0.005,5
2025-12-31,17.8,17.9,17.55,17.55,5528700,-0.011267605633802802,-0.0028409090909091717,-0.019553072625698165,-0.05135135135135127,0.0028571428571428914,-0.011267605633802802,17.810000000000002,17.8625,17.23,17.846019693285882,17.75796614935663,0.08805354392925224,0.15370781389188767,-0.06565426996263543,0.005017295950384743,-0.00374098404345501,47.375519508778886,17.8625,0.3943265411483044,18.65115308229661,17.073846917703392,0.0883026544208939,0.3018773989382126,0.6103690446756349,0.03477886294448062,20.789506158873834,29.932634607885735,21.19527288125456,29.545454545454604,33.3333333333334,2244778674.0,2263014249.0,0.3574681148637852,0.4234636532337415,2.5353988124190803,12625495.0,-1.0852552698965836,0.43789966254788426,0.01994301994301982,-0.017494751574527623,0.018572257690075533,2.0,12.0,-0.03988603988603989,0.0,1760.81,1784.49,0.009955288924104355,0.0009367182329118595,0.030442841716856073,0.22737006555256575,-0.021222894557907157,-0.05228806958426313,-0.041710447350658875,-0.04047817662662756,1.020734213660064,0.5210790630387477,17.55,16.6,-0.054131054131054124,0.045195369111368455,-0.09932642324242258,17.55,16.85,17.55,17.75,0.01139601139601143,0.051479187300308205,-0.040083175904296775,17.55,17.25,-0.017094017094017144,0.023451008040825227,-0.04054502513484237,-0.008514611,0.005,5
2026-01-05,17.55,17.75,16.65,16.85,14563700,-0.03988603988603989,-0.05070422535211261,-0.042613636363636354,-0.0767123287671232,-0.03714285714285703,-0.06648199445983372,17.53,17.8025,17.225833333333334,17.692785894318824,17.690709397552435,0.002076496766388658,0.12338155046678788,-0.12130505370039922,0.00012323422945926754,-0.007199112979252179,39.92250500311525,17.8025,0.4514523347239115,18.705404669447823,16.899595330552174,0.1014357162699424,-0.027464322774242933,0.6453426843416611,0.038299269100395314,19.602406460186792,26.288291967746602,28.576201920822374,8.163265306122556,25.44836116264695,2230214974.0,2260586564.0,0.37744466151121797,0.46819224569379564,2.040099127087545,12801885.0,0.2693193942117411,1.1376215299543777,0.06528189910979236,-0.05350372138744541,-0.021818005901988236,0.0,1.0,-0.002949852507374673,0.0,1787.13,1788.4,0.002191102219681884,0.026135353013742035,0.029449011075038722,0.22730793236973404,-0.042077142105721776,-0.10284768178086523,-0.09593100553487244,-0.09318674796209003,1.0078007743855308,0.5057032462566953,16.95,17.1,0.00884955752212413,0.04553428716229391,-0.03668472964016978,16.95,16.9,16.95,17.55,0.03539823008849563,0.05626068602170897,-0.020862455933213342,16.95,17.35,0.02359882005899716,0.006087203506407457,0.017511616552589704,-0.0071638515,0.005,5
2026-01-06,16.95,17.55,16.8,16.9,12015200,0.0029673590504448732,-0.0370370370370372,-0.04788732394366202,-0.05586592178770955,-0.06371191135734089,-0.06111111111111123,17.330000000000002,17.7475,17.221666666666668,17.57081883365439,17.63213833106707,-0.06131949741267917,0.08644134089089447,-0.14776083830357364,-0.003628372627969182,-0.008743244870033945,40.640832400488414,17.7475,0.4913662477979539,18.730232495595907,16.76476750440409,0.11074602006997131,0.06880432681423931,0.6528182068886853,0.038628296265602685,18.50009959712025,24.13102775459464,26.23118772867824,10.204081632653049,15.970933828076745,2242230174.0,2259289799.0,0.3780734012809212,0.4267062458948595,1.9768042759386335,12872485.0,-0.13139777414521103,0.9334017479919379,0.044378698224852076,-0.047753204676715066,-0.018678021871673445,1.0,1.0,0.0,0.0,1795.57,1816.27,0.015583762021919023,0.04998843796970753,0.04304206004640165,0.2327153527880663,-0.01261640297147415,-0.10585435975741708,-0.10415317115751288,-0.09985519774042428,1.0140942435016533,0.5071460686934322,17.05,17.3,0.014662756598240456,0.03858685863674327,-0.023924102038502815,17.05,17.05,17.05,17.95,0.05278592375366564,0.03359294411727776,0.019192979636387886,17.05,17.35,0.017595307917888547,-0.010277094032954293,0.02787240195084284,-0.0115103545,0.005,5
2026-01-07,17.05,17.2,16.8,17.05,9665800,0.00887573964497057,0.011869436201780381,-0.028490028490028463,-0.03125,-0.0657534246575342,-0.05540166204986152,17.220000000000002,17.6975,17.220000000000002,17.49069285924602,17.58901697321025,-0.09832411396422813,0.049488249919869956,-0.14781236388409807,-0.005766810203180536,-0.008669346855372321,42.84855140356996,17.6975,0.5095082768826068,18.716516553765214,16.67848344623479,0.11515937886879073,0.18229171665194116,0.6347597635394934,0.037229311644545064,17.476528938558463,23.04485629974208,25.05048512340507,16.326530612244966,11.5646258503402,2251895974.0,2258003779.0,0.37989876151428564,0.3842720784161261,1.8500027030964878,12883230.0,-0.4935774254534826,0.7502621625166981,0.023460410557184667,-0.03658708857183224,-0.009872241579558794,2.0,1.0,0.0,0.0,1832.23,1861.58,0.024946731488159735,0.06082605821613374,0.06149144114863092,0.24592746952250288,-0.016070991843189164,-0.09207605821613374,-0.11689310319849244,-0.11012156920643978,0.9906946196023616,0.505185559531132,17.2,17.35,0.008720930232558155,0.007246877675044283,0.0014740525575138719,17.2,17.2,17.2,17.85,0.03779069767441867,0.0024617053290869606,0.03532899234533171,17.2,17.35,0.008720930232558155,-0.047522078253518396,0.05624300848607655,-0.008844281,0.005,5
2026-01-08,17.2,17.45,16.95,17.2,9700100,0.008797653958944274,0.01775147928994092,0.020771513353115667,-0.030985915492957816,-0.05753424657534245,-0.04444444444444451,17.110000000000003,17.657500000000002,17.235,17.44597088090048,17.560200901120602,-0.11423002022012341,0.016744595891871283,-0.13097461611199468,-0.006641280245356013,-0.0076148032623252725,45.0495118208303,17.657500000000002,0.5158730463993613,18.689246092798726,16.62575390720128,0.11686208045292067,0.2782884746580505,0.6251340661438153,0.036345003845570656,16.371270178975553,24.584819894301923,23.619335820508287,22.44897959183674,16.326530612244927,2261596074.0,2258381829.0,0.3820327297319525,0.3039106762618567,1.6933486557536823,12189170.0,-0.4120240716945431,0.7957965964868814,0.029069767441860465,-0.025909670111850636,-0.0020307513780098985,3.0,1.0,-0.03206997084548091,0.0,1880.81,1855.56,-0.003233812138076275,0.050178278340596405,0.06203746630264928,0.24574484631836876,0.012031466097020549,-0.08116419383355422,-0.10648191074709379,-0.10026191554032204,0.9741902666981073,0.5102155312168377,17.15,17.75,0.03498542274052485,0.0020311442112390665,0.032954278529285785,17.15,16.6,17.15,17.85,0.04081632653061251,0.011665645721163687,0.029150680809448826,17.15,17.0,-0.008746355685131157,-0.0421596758766698,0.03341332019153864,-0.010555281,0.005,5
2026-01-09,17.15,17.35,16.35,16.6,15694100,-0.0348837209302324,-0.02639296187683282,-0.017751479289940697,-0.054131054131054124,-0.10270270270270265,-0.07777777777777772,16.919999999999998,17.5875,17.240000000000002,17.315821514608096,17.489074908445,-0.1732533938369052,-0.02125500205388401,-0.1519983917830212,-0.010436951435958143,-0.009156529625483203,38.639470482941086,17.5875,0.5600458157962006,18.7075916315924,16.467408368407597,0.12737360416118287,0.0591878502850267,0.6519102042763999,0.03927169905279517,16.026537471455807,21.89110755116123,27.60549657227634,9.090909090909092,15.955473098330275,2245901974.0,2257975174.0,0.3992928764478562,0.36696324116280393,1.14282355702275,12737135.0,0.5078589037310222,1.232153070529597,0.06024096385542168,-0.056147832267235076,-0.037122969837587005,4.0,1.0,0.036363636363636376,1.0,1861.02,1867.9,0.0066502834723749515,0.04674164607254738,0.08663277059651664,0.2351371855338518,-0.04153400440260735,-0.1008727002036015,-0.16441054837429436,-0.15130277019350313,0.9560766562775216,0.4942701809489259,16.5,17.75,0.07575757575757569,-0.0006647592507896816,0.07642233500836537,16.5,17.1,16.5,17.95,0.08787878787878789,-0.0051000329720589654,0.09297882085084685,16.5,16.1,-0.024242424242424176,-0.06641742626490399,0.04217500202247981,-0.005186616,0.005,5
2026-01-12,16.5,17.1,16.4,17.1,8352500,0.030120481927710774,-0.005813953488371992,0.0029325513196480912,0.014836795252225476,-0.06301369863013695,-0.05524861878453036,16.97,17.5375,17.253333333333334,17.28261820466839,17.460254544856483,-0.17763634018809427,-0.052531269680726064,-0.1251050705073682,-0.010388090069479196,-0.007316085994582934,45.587658949514946,17.5375,0.5565105096669603,18.650521019333922,16.42447898066608,0.12693040847713993,0.30346283115937084,0.6553451896852287,0.038324280098551385,15.706428528758897,20.220910844470218,25.499316729441468,27.272727272727273,19.604205318491044,2254254474.0,2256811339.0,0.41604716612367576,0.29155949247669943,0.547501203794335,11979955.0,-0.6828898948589804,0.6972062916763878,0.04093567251462005,-0.024946543121881715,-0.0088871715610509,0.0,1.0,0.011695906432748426,1.0,1880.38,1877.33,0.0050484501311631735,0.04972601207783489,0.1050267820354347,0.22746075073468122,0.0250720317965476,-0.034889216825609415,-0.16027540081996505,-0.1450420961967468,0.9655515889564011,0.4946931912270669,17.1,17.55,0.02631578947368407,0.012092233968184374,0.014223555505499696,17.1,17.3,17.1,16.7,-0.023391812865497186,-0.016121199831370503,-0.007270613034126683,17.1,16.25,-0.04970760233918137,-0.06356160582305648,0.01385400348387511,-0.0076104556,0.005,5
2026-01-13,17.1,17.5,16.85,17.3,9918600,0.011695906432748426,0.04216867469879504,0.005813953488372103,0.02366863905325456,-0.03351955307262555,0.008746355685131268,17.05,17.545,17.271666666666665,17.285292327027097,17.448383837830075,-0.16309151080297823,-0.0746433179051765,-0.08844819289780173,-0.009427254959709724,-0.005112612306231314,48.11836009130663,17.545,0.5520059114875021,18.649011822975005,16.440988177024998,0.12584916762325488,0.38904104335595135,0.654963390421998,0.03785915551572243,14.667181113673967,23.1497995147417,23.691739595412887,34.54545454545452,23.636363636363637,2264173074.0,2257119349.0,0.37405451213437335,0.5149672061258238,0.7636306558596474,11499970.0,-0.31497441954655475,0.8624892064935822,0.037572254335260034,-0.013964092333998313,0.0016404516066776953,1.0,1.0,-0.002873563218390607,0.0,1873.93,1902.93,0.013636387848700027,0.047713170398674176,0.1554687926941083,0.18570139312813064,-0.0019404814159516004,-0.024044531345419617,-0.14672243700897702,-0.12698087385543044,0.9877247406849993,0.499353699462104,17.4,17.95,0.031609195402298784,-0.008658235269483616,0.0402674306717824,17.4,17.35,17.4,16.7,-0.04022988505747127,-0.04178357552661327,0.0015536904691419995,17.4,15.9,-0.08620689655172409,-0.08181351815402649,-0.0043933783976976,-0.006252277,0.005,5
2026-01-14,17.4,17.45,17.05,17.35,9407800,0.0028901734104047616,0.014619883040935644,0.04518072289156616,0.017595307917888547,-0.014204545454545414,0.02662721893491149,17.11,17.5675,17.305833333333332,17.295247353638313,17.44109614613896,-0.1458487925006473,-0.08888441282427068,-0.05696437967637663,-0.008406270461132409,-0.003283249549070699,48.75997941786171,17.5675,0.5331818589732776,18.633863717946554,16.501136282053444,0.12140187481958783,0.39801791061551356,0.6367517196775695,0.03670038730130083,13.70216565680939,22.11105423484948,22.628677141610666,36.36363636363637,32.72727272727273,2273580874.0,2258621154.0,0.3697076531900634,0.4248284962768038,0.8659264043118378,11246955.0,-0.3685241584180918,0.8364752948687,0.02305475504322758,-0.012380816849295484,0.0025521259690857168,2.0,1.0,0.02898550724637672,1.0,1910.32,1894.44,-0.004461540886948057,0.017651672235412974,0.1509286091822042,0.18840691511527732,0.007351714297352818,-5.636431752442661e-05,-0.1243013902472927,-0.10800095614585115,0.9735342595579857,0.43848061241847325,17.25,17.85,0.034782608695652195,0.0009237139671922634,0.03385889472845993,17.25,17.75,17.25,16.9,-0.020289855072463836,-0.04288899506290811,0.022599139990444272,17.25,16.35,-0.05217391304347818,-0.04610606784519833,-0.006067845198279853,-0.0017255121,0.005,5
2026-01-15,17.25,17.85,17.1,17.75,11058500,0.023054755043227626,0.026011560693641522,0.03801169590643272,0.03197674418604657,0.0,-0.008379888268156388,17.22,17.56,17.346666666666668,17.36520929923242,17.46397791309163,-0.09876861385921032,-0.09086125303125861,-0.00790736082795171,-0.005564428949814666,-0.00044548511706770196,53.693740486370785,17.56,0.5292994376892918,18.61859887537858,16.501401124621417,0.1205693479930048,0.5897412629179548,0.6448408825577431,0.03632906380607003,13.345132578841875,24.704906671635502,20.748755142327127,50.90909090909086,40.60606060606059,2284639374.0,2259848239.0,0.31294595310635537,-0.37637135894485935,-0.36150629443315796,10972235.0,0.017853427302304527,1.0078621174263949,0.04225352112676056,0.010820045558086688,0.023251345119139177,3.0,1.0,0.0,0.0,1883.7,1864.8,-0.015645784506239324,0.004979628791308199,0.11054205028644937,0.19816371966939436,0.03870053954946695,0.02699711539473837,-0.11892193855460576,-0.10708458857900194,0.9251755785203701,0.41748464634158,17.75,17.85,0.005633802816901401,0.004047697771899728,0.0015861050450016734,17.75,17.75,17.75,17.1,-0.036619718309859106,-0.03208293780731042,-0.004536780502548687,17.75,16.45,-0.07323943661971832,-0.032557569034845524,-0.0406818675848728,-0.003876705,0.005,5
2026-01-16,17.75,17.9,17.4,17.75,8520300,0.0,0.023054755043227626,0.026011560693641522,0.06927710843373491,0.01139601139601143,0.014285714285714235,17.45,17.572499999999998,17.378333333333334,17.424407868581277,17.4851647343441,-0.0607568657628228,-0.08484037557757146,0.02408350981474866,-0.0034229220148069184,0.0013568174543520373,53.69374048637079,17.572499999999998,0.5307578990177906,18.63401579803558,16.510984201964416,0.12081556955875175,0.5836068574431391,0.63449510523219,0.035746203111672675,13.098065257422286,23.87720093530751,19.58085492803367,68.2926829268293,51.855136733185525,2284639374.0,2261351954.0,0.30186139916055416,-0.5235292641728302,0.12306990735212188,11121620.0,-0.5535686953305219,0.7661024203308511,0.028169014084507043,0.010101010101010166,0.021386784309964435,4.0,1.0,-0.02499999999999991,0.0,1875.14,1879.13,0.007684470184470271,0.006012099148776651,0.12276687021258792,0.1956467451551971,-0.007684470184470271,0.06326500928495826,-0.10848115592687368,-0.09661948424460864,0.8993707202514009,0.41055977020167767,18.0,17.95,-0.002777777777777768,-0.012603777966611607,0.009826000188833839,18.0,17.55,18.0,17.25,-0.04166666666666663,-0.03463927755229146,-0.007027389114375171,18.0,16.6,-0.07777777777777772,-0.037251869718737396,-0.04052590805904033,0.0103169475,0.005,5
2026-01-19,18.0,18.4,17.55,17.55,15255900,-0.011267605633802802,-0.011267605633802802,0.011527377521613813,0.02631578947368407,0.041543026706231334,0.0028571428571428914,17.540000000000003,17.575,17.41,17.443729734953386,17.489967346614907,-0.04623761166152107,-0.07711982279436139,0.030882211132840315,-0.0026346217470952175,0.001759670150019391,50.85428080680099,17.575,0.5305161339887889,18.636032267977576,16.513967732022422,0.12074335908706424,0.48821901993251776,0.6498883120013191,0.03703067304850821,13.656566673257947,27.141979409705737,17.751559649634817,58.5365853658537,59.24611973392464,2269383474.0,2262092874.0,0.3049322217477715,-0.42487050191266224,-0.07933644762376056,11712580.0,0.8022810913097641,1.3025225868254475,0.04843304843304831,-0.0014224751066855834,0.008041355542791617,0.0,1.0,0.019886363636363535,1.0,1894.67,1896.59,0.009291533848110545,0.010259251170545491,0.13095564645970725,0.19543672580504487,-0.020559139481913347,0.01605653830313858,-0.12809850360256436,-0.11326571824771214,0.8893464471253565,0.40713317267408833,17.6,16.7,-0.05113636363636376,-0.03195455165968342,-0.01918181197668034,17.6,17.95,17.6,17.35,-0.014204545454545414,-0.05149691795566469,0.037292372501119275,17.6,16.55,-0.05965909090909094,-0.023333228323304755,-0.036325862585786184,0.00459478,0.005,5
2026-01-20,17.6,17.95,17.55,17.95,9454500,0.022792022792022637,0.011267605633802802,0.011267605633802802,0.037572254335260125,0.062130177514792884,-0.005540166204986208,17.669999999999998,17.57,17.453333333333333,17.52161746803748,17.524043839458248,-0.0024263714207677367,-0.06218113251964266,0.059754761098874926,-0.0001351738953073948,0.0033289560500765975,55.879626123495115,17.57,0.5262578915535716,18.622515783107144,16.517484216892857,0.11980828492966912,0.6805198582762326,0.6320391468583677,0.0352110945324996,14.175175130819632,25.915021981758052,16.949097616892015,78.04878048780488,68.2926829268293,2278837974.0,2262462919.0,0.29461224494295973,-0.5651401943905311,-0.05296492402970712,11341705.0,-0.442021499581084,0.8336048239660615,0.022284122562674015,0.021627774615822437,0.02845683728036663,1.0,1.0,0.002808988764045006,1.0,1904.58,1893.78,-0.001481606462124141,-0.004808374454131292,0.111171089766533,0.19348659111475208,0.024273629254146778,0.04238062878939142,-0.11671125597151921,-0.10503446053122323,0.8718797632708628,0.39930856073135035,17.8,16.7,-0.061797752808988804,-0.024752791748359093,-0.03704496106062971,17.8,17.85,17.8,17.35,-0.0252808988764045,-0.03386326826357511,0.008582369387170607,17.8,16.4,-0.07865168539325851,-0.0049761316170829906,-0.07367555377617552,0.0050145006,0.005,5
2026-01-21,17.8,18.4,17.55,17.85,13414700,-0.0055710306406684396,0.017094017094017033,0.005633802816901401,0.028818443804034644,0.04692082111436946,-0.021917808219177992,17.770000000000003,17.55,17.490833333333335,17.572137857570176,17.54818874023912,0.02394911733105687,-0.044955082549502756,0.06890419988055962,0.0013416872454373595,0.0038601792650173458,54.38248092092321,17.55,0.506276396324224,18.56255279264845,16.53744720735155,0.11539063164084894,0.6481404239749889,0.6476077792256271,0.036280547855777424,15.296718209624624,28.448768051571058,15.360092067048587,73.17073170731717,69.91869918699193,2265423274.0,2261846354.0,0.2921401215713311,-0.4433825708034988,-0.058758209936104915,11696565.0,0.41678766018455865,1.1468922713634302,0.0476190476190475,0.017094017094017033,0.02053456572490342,2.0,1.0,-0.008333333333333304,0.0,1876.96,1885.44,-0.004403890631435536,-0.004750744283271047,0.07676053522783732,0.1776956774820885,-0.0011671400092329032,0.03356918808730569,-0.09867834344701532,-0.09164372227492112,0.9463791505417026,0.425079654793208,18.0,16.9,-0.06111111111111123,-0.048636469172805286,-0.012474641938305941,18.0,17.85,18.0,17.35,-0.03611111111111098,-0.05469426092829843,0.01858314981718745,18.0,16.4,-0.08888888888888902,-0.018030901070139493,-0.07085798781874952,-0.006538214,0.005,5
2026-01-22,18.0,18.2,17.75,17.85,8153400,0.0,-0.0055710306406684396,0.017094017094017033,0.005633802816901401,0.03779069767441867,-0.021917808219177992,17.79,17.53,17.524166666666666,17.614885879482458,17.570545129851038,0.044340749631420096,-0.02709591611331819,0.07143666574473828,0.0024840756096033666,0.0040020541033466825,54.38248092092321,17.53,0.4846051023921611,18.499210204784323,16.56078979521568,0.11057731942776057,0.6650828676897856,0.6334929378523679,0.03548980043990856,16.33815106851497,27.00530336122746,14.580734925852905,73.17073170731717,74.79674796747975,2265423274.0,2261229789.0,0.2921401215713311,-0.4433825708034988,-0.058758209936104915,11430800.0,-0.7853652560719229,0.7132834097351016,0.025210084033613404,0.01825442099258412,0.01859337105901382,3.0,1.0,0.0027932960893854997,1.0,1895.08,1882.73,-0.0014373302783435848,0.009614972114972087,0.062398781141551174,0.17578587461762488,0.0014373302783435848,-0.003981169298070686,-0.08431658936072917,-0.0793643506161883,0.946795047614864,0.4210954480368569,17.9,17.1,-0.04469273743016744,-0.039891239373885834,-0.004801498056281606,17.9,17.95,17.9,17.0,-0.05027932960893844,-0.05704113965901225,0.006761810050073813,17.9,16.2,-0.0949720670391061,-0.005686657250620231,-0.08928540978848587,-0.006725324,0.005,5
2026-01-23,17.9,18.0,17.55,17.95,9447500,0.0056022408963585235,0.0056022408963585235,0.0,0.011267605633802802,0.08132530120481918,-0.02972972972972976,17.830000000000002,17.5025,17.540833333333335,17.666441898023617,17.59865289801022,0.06778900001339849,-0.008118932887974854,0.07590793290137335,0.00377654596174922,0.004228854200633613,55.75722591849839,17.5025,0.440237675043465,18.38297535008693,16.622024649913072,0.10061138124118599,0.7541240932842791,0.6203862994343416,0.03456191083199675,16.793335134031583,25.6061306057509,16.128004666798333,78.04878048780488,74.79674796747975,2274870774.0,2260432574.0,0.288143536565153,-0.4156990869309028,0.059104499007348064,11250150.0,-0.4315627481144297,0.8397665808900325,0.025069637883008318,0.025567776031995226,0.023326523825359713,4.0,1.0,-0.0696378830083565,0.0,1890.39,1870.79,-0.006341854647241019,-0.004438224071777963,0.04934317541871858,0.17850780938766062,0.011944095543599542,0.015705829705580765,-0.07907290514844834,-0.0753546666150432,0.9258812802420324,0.43699286583189606,17.95,17.25,-0.03899721448467963,-0.025452762932848816,-0.013544451551830816,17.95,16.7,17.95,16.1,-0.10306406685236758,-0.06464159930946656,-0.03842246754290102,17.95,15.95,-0.11142061281337046,0.0018755228286293502,-0.1132961356419998,-0.0038057135,0.005,5
